<?xml version="1.0" encoding="UTF-8" standalone="no" ?>
<COLLADA version="1.4.1" xmlns="http://www.collada.org/2005/11/COLLADASchema">

  <asset>
    <contributor>
      <authoring_tool>ONSHAPE BY PTC INC, 1.201</authoring_tool>
    </contributor>
    <created>2025-07-25T15:49:45</created>
    <modified>2025-07-25T15:49:45</modified>
    <unit meter="1" name="meters"/>
    <up_axis>Z_UP</up_axis>
  </asset>

  <library_materials>
    <material id="ID11" name="ID11">
      <instance_effect url="#ID11-fx"/>
    </material>
    <material id="ID19" name="ID19">
      <instance_effect url="#ID19-fx"/>
    </material>
  </library_materials>

  <library_effects>
    <effect id="ID11-fx" name="ID11">
      <profile_COMMON>
        <technique sid="COMMON">
          <lambert>
            <diffuse>
              <color sid="diffuse">0.34902 0.372549 0.4 1</color>
            </diffuse>
            <transparent opaque="A_ONE">
              <color sid="transparent">1 1 1 1</color>
            </transparent>
            <transparency>
              <float sid="transparency">1</float>
            </transparency>
          </lambert>
        </technique>
        <extra>
          <technique profile="OTHER">
            <double_sided>1</double_sided>
          </technique>
        </extra>
      </profile_COMMON>
    </effect>
    <effect id="ID19-fx" name="ID19">
      <profile_COMMON>
        <technique sid="COMMON">
          <lambert>
            <diffuse>
              <color sid="diffuse">0.698039 0.698039 0.698039 1</color>
            </diffuse>
            <transparent opaque="A_ONE">
              <color sid="transparent">1 1 1 1</color>
            </transparent>
            <transparency>
              <float sid="transparency">1</float>
            </transparency>
          </lambert>
        </technique>
        <extra>
          <technique profile="OTHER">
            <double_sided>1</double_sided>
          </technique>
        </extra>
      </profile_COMMON>
    </effect>
  </library_effects>

  <library_geometries>
    <geometry id="ID5">
      <mesh>
        <source id="ID6">
          <float_array count="1908" id="ID7">0.0176932 -0.0126131 -0.04 0.0179729 -0.0123093 -0.04 0.04 -0.025 -0.04 0.0140271 -0.0123093 -0.04 0.0143068 -0.0126131 -0.04 -0.0143068 -0.0126131 -0.04 0.0146326 -0.0128667 -0.04 -0.0146326 -0.0128667 -0.04 -0.0149958 -0.0130632 -0.04 0.0149958 -0.0130632 -0.04 0.0153863 -0.0131972 -0.04 -0.0153863 -0.0131972 -0.04 -0.0140271 -0.0123093 -0.04 0.0138013 -0.0119636 -0.04 -0.0157936 -0.0132652 -0.04 0.0162064 -0.0132652 -0.04 0.0157936 -0.0132652 -0.04 -0.04 -0.025 -0.04 0.0170042 -0.0130632 -0.04 0.0166137 -0.0131972 -0.04 0.0173674 -0.0128667 -0.04 0.0181987 -0.0119636 -0.04 0.0183645 -0.0115855 -0.04 0.0184659 -0.0111852 -0.04 0.04 0 -0.04 0.0185 -0.0107737 -0.04 0.0183645 -0.009962 -0.04 0.0184659 -0.0103623 -0.04 -0.0157936 -0.00828229 -0.04 0.0157936 -0.00828229 -0.04 -0.0153863 -0.00835025 -0.04 0.0179729 -0.00923822 -0.04 0.0181987 -0.00958388 -0.04 0.0173674 -0.00868083 -0.04 0.0176932 -0.00893444 -0.04 0.0166137 -0.00835025 -0.04 0.0170042 -0.00848431 -0.04 0.0162064 -0.00828229 -0.04 0.0138013 -0.00958388 -0.04 -0.0138013 -0.00958388 -0.04 0.0140271 -0.00923822 -0.04 -0.0146326 -0.00868083 -0.04 -0.0149958 -0.00848431 -0.04 0.0149958 -0.00848431 -0.04 0.0136355 -0.009962 -0.04 -0.0135341 -0.0103623 -0.04 -0.0136355 -0.009962 -0.04 0.0135 -0.0107737 -0.04 -0.0135341 -0.0111852 -0.04 -0.0135 -0.0107737 -0.04 0.0135341 -0.0103623 -0.04 -0.0138013 -0.0119636 -0.04 0.0136355 -0.0115855 -0.04 -0.0136355 -0.0115855 -0.04 0.0135341 -0.0111852 -0.04 -0.04 0 -0.04 -0.0185 -0.0107737 -0.04 -0.0184659 -0.0111852 -0.04 -0.0183645 -0.0115855 -0.04 -0.0179729 -0.0123093 -0.04 -0.0181987 -0.0119636 -0.04 -0.0173674 -0.0128667 -0.04 -0.0176932 -0.0126131 -0.04 -0.0166137 -0.0131972 -0.04 -0.0170042 -0.0130632 -0.04 -0.0162064 -0.0132652 -0.04 -0.0140271 -0.00923822 -0.04 -0.0143068 -0.00893444 -0.04 0.0143068 -0.00893444 -0.04 0.0146326 -0.00868083 -0.04 0.0153863 -0.00835025 -0.04 -0.0166137 -0.00835025 -0.04 -0.0162064 -0.00828229 -0.04 -0.0173674 -0.00868083 -0.04 -0.0170042 -0.00848431 -0.04 -0.0179729 -0.00923822 -0.04 -0.0176932 -0.00893444 -0.04 -0.0183645 -0.009962 -0.04 -0.0181987 -0.00958388 -0.04 -0.0184659 -0.0103623 -0.04 -0.0138175 -0.00955451 0.04 0.0137219 -0.00974399 0.04 0.0139287 -0.00937381 0.04 0.04 0 0.04 0.0156825 -0.008294 0.04 0.0161061 -0.008276 0.04 0.0183572 -0.0116066 0.04 0.04 -0.025 0.04 0.018464 -0.0111962 0.04 0.013509 -0.0109858 0.04 0.013509 -0.0105617 0.04 -0.0135 -0.0107737 0.04 0.0183572 -0.0099409 0.04 0.018464 -0.0103512 0.04 0.0185 -0.0107737 0.04 0.0179451 -0.0092032 0.04 0.0181825 -0.00955451 0.04 0.0173108 -0.00864492 0.04 0.0176517 -0.00889707 0.04 0.0165267 -0.00832986 0.04 0.0169321 -0.00845402 0.04 -0.0143483 -0.00889707 0.04 0.0141951 -0.0090439 0.04 0.0145134 -0.00876375 0.04 -0.0154733 -0.00832986 0.04 -0.0158939 -0.008276 0.04 -0.0140549 -0.0092032 0.04 -0.0136428 -0.0099409 0.04 0.0135807 -0.0101438 0.04 -0.013536 -0.0103512 0.04 -0.013536 -0.0111962 0.04 -0.0136428 -0.0116066 0.04 0.0135807 -0.0114037 0.04 0.0148745 -0.0130061 0.04 -0.0146892 -0.0129026 0.04 -0.0150679 -0.0130935 0.04 0.0141951 -0.0125036 0.04 -0.0143483 -0.0126504 0.04 0.0145134 -0.0127837 0.04 0.0152679 -0.0131642 0.04 -0.0154733 -0.0132176 0.04 0.0156825 -0.0132535 0.04 0.0161061 -0.0132715 0.04 -0.04 -0.025 0.04 0.0169321 -0.0130935 0.04 0.0165267 -0.0132176 0.04 0.0176517 -0.0126504 0.04 0.0173108 -0.0129026 0.04 0.0181825 -0.011993 0.04 0.0179451 -0.0123443 0.04 0.0137219 -0.0118035 0.04 -0.0138175 -0.011993 0.04 0.0139287 -0.0121737 0.04 -0.0146892 -0.00864492 0.04 0.0148745 -0.00854143 0.04 -0.0150679 -0.00845402 0.04 0.0152679 -0.00838333 0.04 -0.04 0 0.04 -0.0180713 -0.00937381 0.04 -0.0178049 -0.0090439 0.04 -0.0167321 -0.00838333 0.04 -0.0163175 -0.008294 0.04 -0.0174866 -0.00876375 0.04 -0.0171255 -0.00854143 0.04 -0.0184193 -0.0101438 0.04 -0.0182781 -0.00974399 0.04 -0.018491 -0.0109858 0.04 -0.018491 -0.0105617 0.04 -0.0184193 -0.0114037 0.04 -0.0180713 -0.0121737 0.04 -0.0182781 -0.0118035 0.04 -0.0174866 -0.0127837 0.04 -0.0178049 -0.0125036 0.04 -0.0167321 -0.0131642 0.04 -0.0171255 -0.0130061 0.04 -0.0158939 -0.0132715 0.04 -0.0163175 -0.0132535 0.04 -0.0140549 -0.0123443 0.04 0.04 0 -0.04 0.04 0 0.04 0.04 -0.025 0.04 0.04 -0.025 -0.04 -0.04 0 -0.04 -0.04 -0.025 -0.04 -0.04 -0.025 0.04 -0.04 0 0.04 -0.0354994 -0.025 9.99569e-06 -0.04 -0.025 0.04 -0.04 -0.025 -0.04 0 -0.025 0.0355 0.04 -0.025 0.04 0.04 -0.025 -0.04 -1.14177e-17 -0.025 -0.0355 -0.0109726 -0.025 -0.0337617 -0.00555474 -0.025 -0.0350627 -0.0208704 -0.025 -0.028717 -0.0161201 -0.025 -0.0316289 -0.0287242 -0.025 -0.0208603 -0.0251066 -0.025 -0.0250977 -0.0337649 -0.025 -0.0109614 -0.0316341 -0.025 -0.0161092 -0.0350639 -0.025 -0.00554389 -0.0337586 -0.025 0.0109796 -0.0350606 -0.025 0.00556341 -0.0287139 -0.025 0.0208736 -0.0316255 -0.025 0.0161252 -0.0208597 -0.025 0.028724 -0.0250955 -0.025 0.0251079 -0.0109656 -0.025 0.0337634 -0.0161108 -0.025 0.031633 -0.00555474 -0.025 0.0350627 0.0354994 -0.025 -9.99569e-06 0.0109726 -0.025 0.0337617 0.00555474 -0.025 0.0350627 0.0208704 -0.025 0.028717 0.0161201 -0.025 0.0316289 0.0287242 -0.025 0.0208603 0.0251066 -0.025 0.0250977 0.0337649 -0.025 0.0109614 0.0316341 -0.025 0.0161092 0.0350639 -0.025 0.00554389 0.0337586 -0.025 -0.0109796 0.0350606 -0.025 -0.00556341 0.0287139 -0.025 -0.0208736 0.0316255 -0.025 -0.0161252 0.0208597 -0.025 -0.028724 0.0250955 -0.025 -0.0251079 0.0109656 -0.025 -0.0337634 0.0161108 -0.025 -0.031633 0.00555474 -0.025 -0.0350627 0.04 0 -0.04 -0.04 0 0.04 0.04 0 0.04 -0.04 0 -0.04 -0.0303958 -0.025 -0.00251867 -0.0303958 -0.025 0.00251867 -0.0303958 -0.05 0.00251867 3.73517e-18 -0.05 -0.0305 0.00502014 -0.025 -0.030084 3.73517e-18 -0.025 -0.0305 -0.0295667 -0.025 0.00748731 -0.0295667 -0.05 0.00748731 -0.0279311 -0.05 0.0122517 -0.0279311 -0.025 0.0122517 -0.0255336 -0.025 0.0166819 -0.0255336 -0.05 0.0166819 -0.0224396 -0.025 0.0206571 -0.0224396 -0.05 0.0206571 -0.0187335 -0.05 0.0240688 -0.0187335 -0.025 0.0240688 -0.0145164 -0.025 0.0268239 -0.0145164 -0.05 0.0268239 -0.00990333 -0.025 0.0288474 -0.00990333 -0.05 0.0288474 -0.00502014 -0.05 0.030084 -0.00502014 -0.025 0.030084 -7.47035e-18 -0.05 0.0305 -7.47035e-18 -0.025 0.0305 -0.0303958 -0.05 -0.00251867 -0.0295667 -0.025 -0.00748731 -0.0295667 -0.05 -0.00748731 -0.0279311 -0.05 -0.0122517 -0.0279311 -0.025 -0.0122517 -0.0255336 -0.05 -0.0166819 -0.0255336 -0.025 -0.0166819 -0.0224396 -0.025 -0.0206571 -0.0224396 -0.05 -0.0206571 -0.0187335 -0.05 -0.0240688 -0.0187335 -0.025 -0.0240688 -0.0145164 -0.05 -0.0268239 -0.0145164 -0.025 -0.0268239 -0.00990333 -0.025 -0.0288474 -0.00990333 -0.05 -0.0288474 -0.00502014 -0.05 -0.030084 -0.00502014 -0.025 -0.030084 0.00990333 -0.05 -0.0288474 0.00990333 -0.025 -0.0288474 0.00502014 -0.05 -0.030084 0.0224396 -0.05 -0.0206571 0.0224396 -0.025 -0.0206571 0.0187335 -0.05 -0.0240688 0.0145164 -0.05 -0.0268239 0.0187335 -0.025 -0.0240688 0.0145164 -0.025 -0.0268239 0.0279311 -0.05 -0.0122517 0.0295667 -0.05 -0.00748731 0.0295667 -0.025 -0.00748731 0.0255336 -0.025 -0.0166819 0.0255336 -0.05 -0.0166819 0.0279311 -0.025 -0.0122517 0.0295667 -0.025 0.00748731 0.0303958 -0.05 0.00251867 0.0295667 -0.05 0.00748731 0.0303958 -0.025 0.00251867 0.0303958 -0.025 -0.00251867 0.0303958 -0.05 -0.00251867 0.0224396 -0.05 0.0206571 0.0224396 -0.025 0.0206571 0.0255336 -0.05 0.0166819 0.0279311 -0.05 0.0122517 0.0255336 -0.025 0.0166819 0.0279311 -0.025 0.0122517 0.0145164 -0.025 0.0268239 0.0187335 -0.025 0.0240688 0.0187335 -0.05 0.0240688 0.0145164 -0.05 0.0268239 0.00990333 -0.025 0.0288474 0.00990333 -0.05 0.0288474 0.00502014 -0.025 0.030084 0.00502014 -0.05 0.030084 -0.0354994 -0.05 9.99569e-06 -0.0350606 -0.05 0.00556341 -0.0354994 -0.025 9.99569e-06 4.3475e-18 -0.05 -0.0355 -1.14177e-17 -0.025 -0.0355 0.00555474 -0.025 -0.0350627 -0.0350606 -0.025 0.00556341 -0.0337586 -0.05 0.0109796 -0.0316255 -0.05 0.0161252 -0.0337586 -0.025 0.0109796 -0.0287139 -0.05 0.0208736 -0.0316255 -0.025 0.0161252 -0.0287139 -0.025 0.0208736 -0.0250955 -0.05 0.0251079 -0.0208597 -0.05 0.028724 -0.0250955 -0.025 0.0251079 -0.0161108 -0.05 0.031633 -0.0208597 -0.025 0.028724 -0.0161108 -0.025 0.031633 -0.0109656 -0.05 0.0337634 -0.00555474 -0.05 0.0350627 -0.0109656 -0.025 0.0337634 -8.69499e-18 -0.05 0.0355 -0.00555474 -0.025 0.0350627 0 -0.025 0.0355 -0.0350639 -0.025 -0.00554389 -0.0337649 -0.025 -0.0109614 -0.0350639 -0.05 -0.00554389 -0.0316341 -0.025 -0.0161092 -0.0337649 -0.05 -0.0109614 -0.0316341 -0.05 -0.0161092 -0.0287242 -0.025 -0.0208603 -0.0251066 -0.025 -0.0250977 -0.0287242 -0.05 -0.0208603 -0.0208704 -0.025 -0.028717 -0.0251066 -0.05 -0.0250977 -0.0208704 -0.05 -0.028717 -0.0161201 -0.025 -0.0316289 -0.0109726 -0.025 -0.0337617 -0.0161201 -0.05 -0.0316289 -0.00555474 -0.025 -0.0350627 -0.0109726 -0.05 -0.0337617 -0.00555474 -0.05 -0.0350627 0.0109656 -0.05 -0.0337634 0.00555474 -0.05 -0.0350627 0.0109656 -0.025 -0.0337634 0.0250955 -0.05 -0.0251079 0.0208597 -0.05 -0.028724 0.0250955 -0.025 -0.0251079 0.0161108 -0.05 -0.031633 0.0161108 -0.025 -0.031633 0.0208597 -0.025 -0.028724 0.0316255 -0.05 -0.0161252 0.0337586 -0.025 -0.0109796 0.0337586 -0.05 -0.0109796 0.0287139 -0.025 -0.0208736 0.0316255 -0.025 -0.0161252 0.0287139 -0.05 -0.0208736 0.0350639 -0.025 0.00554389 0.0350639 -0.05 0.00554389 0.0354994 -0.05 -9.99569e-06 0.0354994 -0.025 -9.99569e-06 0.0350606 -0.05 -0.00556341 0.0350606 -0.025 -0.00556341 0.0287242 -0.05 0.0208603 0.0316341 -0.05 0.0161092 0.0287242 -0.025 0.0208603 0.0337649 -0.05 0.0109614 0.0337649 -0.025 0.0109614 0.0316341 -0.025 0.0161092 0.0208704 -0.05 0.028717 0.0251066 -0.05 0.0250977 0.0208704 -0.025 0.028717 0.0251066 -0.025 0.0250977 0.0161201 -0.025 0.0316289 0.0161201 -0.05 0.0316289 0.0109726 -0.025 0.0337617 0.0109726 -0.05 0.0337617 0.00555474 -0.05 0.0350627 0.00555474 -0.025 0.0350627 0.0350639 -0.05 0.00554389 0.0303958 -0.05 0.00251867 0.0354994 -0.05 -9.99569e-06 -7.47035e-18 -0.05 0.0305 0.00502014 -0.05 0.030084 0.00555474 -0.05 0.0350627 0.0109726 -0.05 0.0337617 0.00990333 -0.05 0.0288474 0.0316341 -0.05 0.0161092 0.0279311 -0.05 0.0122517 0.0337649 -0.05 0.0109614 0.0145164 -0.05 0.0268239 0.0208704 -0.05 0.028717 0.0161201 -0.05 0.0316289 0.0187335 -0.05 0.0240688 0.0251066 -0.05 0.0250977 0.0287242 -0.05 0.0208603 0.0224396 -0.05 0.0206571 -8.69499e-18 -0.05 0.0355 -0.00555474 -0.05 0.0350627 0.0255336 -0.05 0.0166819 0.0295667 -0.05 0.00748731 -0.0161108 -0.05 0.031633 -0.00990333 -0.05 0.0288474 -0.0109656 -0.05 0.0337634 -0.00502014 -0.05 0.030084 -0.0208597 -0.05 0.028724 -0.0145164 -0.05 0.0268239 0.0350606 -0.05 -0.00556341 0.0303958 -0.05 -0.00251867 -0.0250955 -0.05 0.0251079 -0.0187335 -0.05 0.0240688 0.0295667 -0.05 -0.00748731 0.0337586 -0.05 -0.0109796 -0.0224396 -0.05 0.0206571 -0.0287139 -0.05 0.0208736 0.0279311 -0.05 -0.0122517 0.0316255 -0.05 -0.0161252 0.0287139 -0.05 -0.0208736 0.0255336 -0.05 -0.0166819 0.0224396 -0.05 -0.0206571 0.0187335 -0.05 -0.0240688 0.0250955 -0.05 -0.0251079 -0.0316255 -0.05 0.0161252 -0.0255336 -0.05 0.0166819 -0.0279311 -0.05 0.0122517 -0.0337586 -0.05 0.0109796 -0.0350606 -0.05 0.00556341 -0.0295667 -0.05 0.00748731 0.0161108 -0.05 -0.031633 0.0208597 -0.05 -0.028724 0.0145164 -0.05 -0.0268239 -0.0303958 -0.05 -0.00251867 -0.0354994 -0.05 9.99569e-06 -0.0350639 -0.05 -0.00554389 -0.0303958 -0.05 0.00251867 -0.0109726 -0.05 -0.0337617 -0.00555474 -0.05 -0.0350627 -0.00502014 -0.05 -0.030084 -0.0337649 -0.05 -0.0109614 -0.0295667 -0.05 -0.00748731 -0.0161201 -0.05 -0.0316289 -0.0145164 -0.05 -0.0268239 -0.0208704 -0.05 -0.028717 -0.0251066 -0.05 -0.0250977 -0.0224396 -0.05 -0.0206571 -0.0287242 -0.05 -0.0208603 -0.00990333 -0.05 -0.0288474 -0.0187335 -0.05 -0.0240688 -0.0255336 -0.05 -0.0166819 -0.0316341 -0.05 -0.0161092 3.73517e-18 -0.05 -0.0305 -0.0279311 -0.05 -0.0122517 4.3475e-18 -0.05 -0.0355 0.00555474 -0.05 -0.0350627 0.0109656 -0.05 -0.0337634 0.00990333 -0.05 -0.0288474 0.00502014 -0.05 -0.030084 -7.47035e-18 -0.025 0.0305 0.0279311 -0.025 -0.0122517 0.0295667 -0.025 -0.00748731 0.00990333 -0.025 0.0288474 0.0303958 -0.025 -0.00251867 0.0303958 -0.025 0.00251867 0.0295667 -0.025 0.00748731 0.0145164 -0.025 0.0268239 0.00502014 -0.025 0.030084 0.0279311 -0.025 0.0122517 0.0255336 -0.025 0.0166819 0.0224396 -0.025 0.0206571 0.0187335 -0.025 0.0240688 -0.00502014 -0.025 0.030084 0.0255336 -0.025 -0.0166819 0.0224396 -0.025 -0.0206571 -0.00990333 -0.025 0.0288474 -0.0145164 -0.025 0.0268239 0.0187335 -0.025 -0.0240688 -0.0187335 -0.025 0.0240688 0.0145164 -0.025 -0.0268239 0.00990333 -0.025 -0.0288474 -0.0224396 -0.025 0.0206571 -0.0255336 -0.025 0.0166819 0.00502014 -0.025 -0.030084 -0.0279311 -0.025 0.0122517 -0.0295667 -0.025 0.00748731 3.73517e-18 -0.025 -0.0305 -0.00990333 -0.025 -0.0288474 -0.0303958 -0.025 -0.00251867 -0.0145164 -0.025 -0.0268239 -0.0303958 -0.025 0.00251867 -0.00502014 -0.025 -0.030084 -0.0224396 -0.025 -0.0206571 -0.0279311 -0.025 -0.0122517 -0.0255336 -0.025 -0.0166819 -0.0187335 -0.025 -0.0240688 -0.0295667 -0.025 -0.00748731 -0.0158939 -0.0132715 0.04 -0.0157936 -0.0132652 -0.04 -0.0162064 -0.0132652 -0.04 -0.018491 -0.0105617 0.04 -0.018491 -0.0109858 0.04 -0.0185 -0.0107737 -0.04 -0.0153863 -0.0131972 -0.04 -0.0154733 -0.0132176 0.04 -0.0150679 -0.0130935 0.04 -0.0149958 -0.0130632 -0.04 -0.0146892 -0.0129026 0.04 -0.0146326 -0.0128667 -0.04 -0.0143068 -0.0126131 -0.04 -0.0143483 -0.0126504 0.04 -0.0140549 -0.0123443 0.04 -0.0140271 -0.0123093 -0.04 -0.0138175 -0.011993 0.04 -0.0138013 -0.0119636 -0.04 -0.0136355 -0.0115855 -0.04 -0.0136428 -0.0116066 0.04 -0.013536 -0.0111962 0.04 -0.0135341 -0.0111852 -0.04 -0.0135 -0.0107737 0.04 -0.0135 -0.0107737 -0.04 -0.0163175 -0.0132535 0.04 -0.0166137 -0.0131972 -0.04 -0.0167321 -0.0131642 0.04 -0.0170042 -0.0130632 -0.04 -0.0171255 -0.0130061 0.04 -0.0174866 -0.0127837 0.04 -0.0173674 -0.0128667 -0.04 -0.0176932 -0.0126131 -0.04 -0.0178049 -0.0125036 0.04 -0.0179729 -0.0123093 -0.04 -0.0180713 -0.0121737 0.04 -0.0182781 -0.0118035 0.04 -0.0181987 -0.0119636 -0.04 -0.0183645 -0.0115855 -0.04 -0.0184193 -0.0114037 0.04 -0.0184659 -0.0111852 -0.04 -0.0180713 -0.00937381 0.04 -0.0182781 -0.00974399 0.04 -0.0181987 -0.00958388 -0.04 -0.0184193 -0.0101438 0.04 -0.0184659 -0.0103623 -0.04 -0.0183645 -0.009962 -0.04 -0.0173674 -0.00868083 -0.04 -0.0171255 -0.00854143 0.04 -0.0174866 -0.00876375 0.04 -0.0179729 -0.00923822 -0.04 -0.0176932 -0.00893444 -0.04 -0.0178049 -0.0090439 0.04 -0.0163175 -0.008294 0.04 -0.0162064 -0.00828229 -0.04 -0.0158939 -0.008276 0.04 -0.0167321 -0.00838333 0.04 -0.0170042 -0.00848431 -0.04 -0.0166137 -0.00835025 -0.04 -0.0146892 -0.00864492 0.04 -0.0150679 -0.00845402 0.04 -0.0149958 -0.00848431 -0.04 -0.0153863 -0.00835025 -0.04 -0.0154733 -0.00832986 0.04 -0.0157936 -0.00828229 -0.04 -0.0140271 -0.00923822 -0.04 -0.0140549 -0.0092032 0.04 -0.0143068 -0.00893444 -0.04 -0.0146326 -0.00868083 -0.04 -0.0143483 -0.00889707 0.04 -0.0138175 -0.00955451 0.04 -0.0138013 -0.00958388 -0.04 -0.0136355 -0.009962 -0.04 -0.0136428 -0.0099409 0.04 -0.0135341 -0.0103623 -0.04 -0.013536 -0.0103512 0.04 0.0161061 -0.0132715 0.04 0.0162064 -0.0132652 -0.04 0.0157936 -0.0132652 -0.04 0.013509 -0.0105617 0.04 0.013509 -0.0109858 0.04 0.0135 -0.0107737 -0.04 0.0166137 -0.0131972 -0.04 0.0165267 -0.0132176 0.04 0.0169321 -0.0130935 0.04 0.0170042 -0.0130632 -0.04 0.0173108 -0.0129026 0.04 0.0173674 -0.0128667 -0.04 0.0176932 -0.0126131 -0.04 0.0176517 -0.0126504 0.04 0.0179451 -0.0123443 0.04 0.0179729 -0.0123093 -0.04 0.0181825 -0.011993 0.04 0.0181987 -0.0119636 -0.04 0.0183645 -0.0115855 -0.04 0.0183572 -0.0116066 0.04 0.018464 -0.0111962 0.04 0.0184659 -0.0111852 -0.04 0.0185 -0.0107737 0.04 0.0185 -0.0107737 -0.04 0.0156825 -0.0132535 0.04 0.0153863 -0.0131972 -0.04 0.0152679 -0.0131642 0.04 0.0149958 -0.0130632 -0.04 0.0148745 -0.0130061 0.04 0.0145134 -0.0127837 0.04 0.0146326 -0.0128667 -0.04 0.0143068 -0.0126131 -0.04 0.0141951 -0.0125036 0.04 0.0140271 -0.0123093 -0.04 0.0139287 -0.0121737 0.04 0.0137219 -0.0118035 0.04 0.0138013 -0.0119636 -0.04 0.0136355 -0.0115855 -0.04 0.0135807 -0.0114037 0.04 0.0135341 -0.0111852 -0.04 0.0139287 -0.00937381 0.04 0.0137219 -0.00974399 0.04 0.0138013 -0.00958388 -0.04 0.0135807 -0.0101438 0.04 0.0135341 -0.0103623 -0.04 0.0136355 -0.009962 -0.04 0.0146326 -0.00868083 -0.04 0.0148745 -0.00854143 0.04 0.0145134 -0.00876375 0.04 0.0140271 -0.00923822 -0.04 0.0143068 -0.00893444 -0.04 0.0141951 -0.0090439 0.04 0.0156825 -0.008294 0.04 0.0157936 -0.00828229 -0.04 0.0161061 -0.008276 0.04 0.0152679 -0.00838333 0.04 0.0149958 -0.00848431 -0.04 0.0153863 -0.00835025 -0.04 0.0173108 -0.00864492 0.04 0.0169321 -0.00845402 0.04 0.0170042 -0.00848431 -0.04 0.0166137 -0.00835025 -0.04 0.0165267 -0.00832986 0.04 0.0162064 -0.00828229 -0.04 0.0179729 -0.00923822 -0.04 0.0179451 -0.0092032 0.04 0.0176932 -0.00893444 -0.04 0.0173674 -0.00868083 -0.04 0.0176517 -0.00889707 0.04 0.0181825 -0.00955451 0.04 0.0181987 -0.00958388 -0.04 0.0183645 -0.009962 -0.04 0.0183572 -0.0099409 0.04 0.0184659 -0.0103623 -0.04 0.018464 -0.0103512 0.04</float_array>
          <technique_common>
            <accessor count="636" source="#ID7" stride="3">
              <param name="X" type="float"/>
              <param name="Y" type="float"/>
              <param name="Z" type="float"/>
            </accessor>
          </technique_common>
        </source>
        <source id="ID8">
          <float_array count="1908" id="ID9">8.67362e-17 0 -1 8.67362e-17 0 -1 8.67362e-17 0 -1 8.67362e-17 0 -1 8.67362e-17 0 -1 8.67362e-17 0 -1 8.67362e-17 0 -1 8.67362e-17 0 -1 8.67362e-17 0 -1 8.67362e-17 0 -1 8.67362e-17 0 -1 8.67362e-17 0 -1 8.67362e-17 0 -1 8.67362e-17 0 -1 8.67362e-17 0 -1 8.67362e-17 0 -1 8.67362e-17 0 -1 8.67362e-17 0 -1 8.67362e-17 0 -1 8.67362e-17 0 -1 8.67362e-17 0 -1 8.67362e-17 0 -1 8.67362e-17 0 -1 8.67362e-17 0 -1 8.67362e-17 0 -1 8.67362e-17 0 -1 8.67362e-17 0 -1 8.67362e-17 0 -1 8.67362e-17 0 -1 8.67362e-17 0 -1 8.67362e-17 0 -1 8.67362e-17 0 -1 8.67362e-17 0 -1 8.67362e-17 0 -1 8.67362e-17 0 -1 8.67362e-17 0 -1 8.67362e-17 0 -1 8.67362e-17 0 -1 8.67362e-17 0 -1 8.67362e-17 0 -1 8.67362e-17 0 -1 8.67362e-17 0 -1 8.67362e-17 0 -1 8.67362e-17 0 -1 8.67362e-17 0 -1 8.67362e-17 0 -1 8.67362e-17 0 -1 8.67362e-17 0 -1 8.67362e-17 0 -1 8.67362e-17 0 -1 8.67362e-17 0 -1 8.67362e-17 0 -1 8.67362e-17 0 -1 8.67362e-17 0 -1 8.67362e-17 0 -1 8.67362e-17 0 -1 8.67362e-17 0 -1 8.67362e-17 0 -1 8.67362e-17 0 -1 8.67362e-17 0 -1 8.67362e-17 0 -1 8.67362e-17 0 -1 8.67362e-17 0 -1 8.67362e-17 0 -1 8.67362e-17 0 -1 8.67362e-17 0 -1 8.67362e-17 0 -1 8.67362e-17 0 -1 8.67362e-17 0 -1 8.67362e-17 0 -1 8.67362e-17 0 -1 8.67362e-17 0 -1 8.67362e-17 0 -1 8.67362e-17 0 -1 8.67362e-17 0 -1 8.67362e-17 0 -1 8.67362e-17 0 -1 8.67362e-17 0 -1 8.67362e-17 0 -1 8.67362e-17 0 -1 -1.73472e-16 0 1 -1.73472e-16 0 1 -1.73472e-16 0 1 -1.73472e-16 0 1 -1.73472e-16 0 1 -1.73472e-16 0 1 -1.73472e-16 0 1 -1.73472e-16 0 1 -1.73472e-16 0 1 -1.73472e-16 0 1 -1.73472e-16 0 1 -1.73472e-16 0 1 -1.73472e-16 0 1 -1.73472e-16 0 1 -1.73472e-16 0 1 -1.73472e-16 0 1 -1.73472e-16 0 1 -1.73472e-16 0 1 -1.73472e-16 0 1 -1.73472e-16 0 1 -1.73472e-16 0 1 -1.73472e-16 0 1 -1.73472e-16 0 1 -1.73472e-16 0 1 -1.73472e-16 0 1 -1.73472e-16 0 1 -1.73472e-16 0 1 -1.73472e-16 0 1 -1.73472e-16 0 1 -1.73472e-16 0 1 -1.73472e-16 0 1 -1.73472e-16 0 1 -1.73472e-16 0 1 -1.73472e-16 0 1 -1.73472e-16 0 1 -1.73472e-16 0 1 -1.73472e-16 0 1 -1.73472e-16 0 1 -1.73472e-16 0 1 -1.73472e-16 0 1 -1.73472e-16 0 1 -1.73472e-16 0 1 -1.73472e-16 0 1 -1.73472e-16 0 1 -1.73472e-16 0 1 -1.73472e-16 0 1 -1.73472e-16 0 1 -1.73472e-16 0 1 -1.73472e-16 0 1 -1.73472e-16 0 1 -1.73472e-16 0 1 -1.73472e-16 0 1 -1.73472e-16 0 1 -1.73472e-16 0 1 -1.73472e-16 0 1 -1.73472e-16 0 1 -1.73472e-16 0 1 -1.73472e-16 0 1 -1.73472e-16 0 1 -1.73472e-16 0 1 -1.73472e-16 0 1 -1.73472e-16 0 1 -1.73472e-16 0 1 -1.73472e-16 0 1 -1.73472e-16 0 1 -1.73472e-16 0 1 -1.73472e-16 0 1 -1.73472e-16 0 1 -1.73472e-16 0 1 -1.73472e-16 0 1 -1.73472e-16 0 1 -1.73472e-16 0 1 -1.73472e-16 0 1 -1.73472e-16 0 1 -1.73472e-16 0 1 -1.73472e-16 0 1 -1.73472e-16 0 1 -1.73472e-16 0 1 1 0 0 1 0 0 1 0 0 1 0 0 -1 0 0 -1 0 0 -1 0 0 -1 0 0 0 -1 0 0 -1 0 0 -1 0 0 -1 0 0 -1 0 0 -1 0 0 -1 0 0 -1 0 0 -1 0 0 -1 0 0 -1 0 0 -1 0 0 -1 0 0 -1 0 0 -1 0 0 -1 0 0 -1 0 0 -1 0 0 -1 0 0 -1 0 0 -1 0 0 -1 0 0 -1 0 0 -1 0 0 -1 0 0 -1 0 0 -1 0 0 -1 0 0 -1 0 0 -1 0 0 -1 0 0 -1 0 0 -1 0 0 -1 0 0 -1 0 0 -1 0 0 -1 0 0 -1 0 0 -1 0 0 -1 0 0 -1 0 0 -1 0 0 -1 0 0 -1 0 0 1 0 0 1 0 0 1 0 0 1 0 0.996584 0 0.0825794 0.996584 0 -0.0825794 0.996584 0 -0.0825794 8.74228e-08 0 1 -0.164595 0 0.986361 8.74228e-08 0 1 0.9694 0 -0.245485 0.9694 0 -0.245486 0.915773 0 -0.401695 0.915773 0 -0.401695 0.837166 0 -0.546948 0.837166 0 -0.546948 0.735724 0 -0.677282 0.735724 0 -0.677282 0.614213 0 -0.78914 0.614213 0 -0.789141 0.475947 0 -0.879474 0.475948 0 -0.879474 0.324699 0 -0.945817 0.3247 0 -0.945817 0.164595 0 -0.986361 0.164595 0 -0.986361 -1.74846e-07 -0 -1 3.01992e-07 0 -1 0.996584 0 0.0825794 0.9694 0 0.245486 0.9694 0 0.245486 0.915773 0 0.401695 0.915773 0 0.401695 0.837167 0 0.546948 0.837167 0 0.546948 0.735724 0 0.677282 0.735724 0 0.677282 0.614213 0 0.78914 0.614213 0 0.78914 0.475947 0 0.879474 0.475947 0 0.879474 0.324699 0 0.945817 0.324699 0 0.945817 0.164595 0 0.986361 0.164595 0 0.986361 -0.3247 0 0.945817 -0.324699 0 0.945817 -0.164595 0 0.986361 -0.735724 0 0.677282 -0.735724 0 0.677282 -0.614213 0 0.789141 -0.475947 0 0.879474 -0.614213 0 0.78914 -0.475947 0 0.879474 -0.915773 0 0.401695 -0.9694 0 0.245485 -0.9694 0 0.245485 -0.837166 0 0.546948 -0.837166 0 0.546948 -0.915773 0 0.401695 -0.9694 -0 -0.245485 -0.996584 -0 -0.0825794 -0.9694 -0 -0.245485 -0.996584 -0 -0.0825794 -0.996584 0 0.0825792 -0.996584 0 0.0825794 -0.735724 -0 -0.677282 -0.735724 -0 -0.677282 -0.837166 -0 -0.546948 -0.915773 -0 -0.401695 -0.837166 -0 -0.546948 -0.915773 -0 -0.401695 -0.475947 -0 -0.879474 -0.614213 -0 -0.789141 -0.614213 -0 -0.789141 -0.475947 -0 -0.879474 -0.324699 -0 -0.945817 -0.324699 -0 -0.945817 -0.164595 -0 -0.986361 -0.164595 -0 -0.986361 -1 0 1.19249e-08 -0.987688 0 0.156435 -1 0 1.19249e-08 -8.74228e-08 0 -1 -8.74228e-08 0 -1 0.156434 0 -0.987688 -0.987688 0 0.156435 -0.951056 0 0.309017 -0.891007 0 0.45399 -0.951056 0 0.309017 -0.809017 0 0.587785 -0.891006 0 0.453991 -0.809017 0 0.587785 -0.707107 0 0.707107 -0.587785 0 0.809017 -0.707107 0 0.707107 -0.453991 0 0.891007 -0.587785 0 0.809017 -0.453991 0 0.891007 -0.309017 0 0.951057 -0.156434 0 0.987688 -0.309017 0 0.951057 1.74846e-07 0 1 -0.156435 0 0.987688 -3.01992e-07 0 1 -0.987688 0 -0.156435 -0.951056 0 -0.309017 -0.987688 0 -0.156435 -0.891007 0 -0.45399 -0.951056 0 -0.309017 -0.891007 0 -0.45399 -0.809017 0 -0.587785 -0.707107 0 -0.707107 -0.809017 0 -0.587785 -0.587785 0 -0.809017 -0.707107 0 -0.707107 -0.587785 0 -0.809017 -0.453991 0 -0.891007 -0.309017 0 -0.951056 -0.453991 0 -0.891007 -0.156434 0 -0.987688 -0.309017 0 -0.951057 -0.156434 0 -0.987688 0.309017 0 -0.951056 0.156434 0 -0.987688 0.309017 0 -0.951056 0.707107 0 -0.707107 0.587785 0 -0.809017 0.707107 0 -0.707107 0.45399 0 -0.891007 0.453991 0 -0.891006 0.587785 0 -0.809017 0.891007 0 -0.45399 0.951057 0 -0.309017 0.951056 0 -0.309017 0.809017 0 -0.587785 0.891007 0 -0.45399 0.809017 0 -0.587785 0.987688 0 0.156434 0.987688 0 0.156434 1 0 -4.37114e-08 1 0 -4.37114e-08 0.987688 0 -0.156434 0.987688 0 -0.156435 0.809017 0 0.587785 0.891007 0 0.453991 0.809017 0 0.587785 0.951057 0 0.309017 0.951056 0 0.309017 0.891007 0 0.453991 0.587785 0 0.809017 0.707107 0 0.707107 0.587785 0 0.809017 0.707107 0 0.707107 0.453991 0 0.891007 0.453991 0 0.891007 0.309017 0 0.951057 0.309017 0 0.951057 0.156434 0 0.987688 0.156434 0 0.987688 0 -1 0 0 -1 0 0 -1 0 0 -1 0 0 -1 0 0 -1 0 0 -1 0 0 -1 0 0 -1 0 0 -1 0 0 -1 0 0 -1 0 0 -1 0 0 -1 0 0 -1 0 0 -1 0 0 -1 0 0 -1 0 0 -1 0 0 -1 0 0 -1 0 0 -1 0 0 -1 0 0 -1 0 0 -1 0 0 -1 0 0 -1 0 0 -1 0 0 -1 0 0 -1 0 0 -1 0 0 -1 0 0 -1 0 0 -1 0 0 -1 0 0 -1 0 0 -1 0 0 -1 0 0 -1 0 0 -1 0 0 -1 0 0 -1 0 0 -1 0 0 -1 0 0 -1 0 0 -1 0 0 -1 0 0 -1 0 0 -1 0 0 -1 0 0 -1 0 0 -1 0 0 -1 0 0 -1 0 0 -1 0 0 -1 0 0 -1 0 0 -1 0 0 -1 0 0 -1 0 0 -1 0 0 -1 0 0 -1 0 0 -1 0 0 -1 0 0 -1 0 0 -1 0 0 -1 0 0 -1 0 0 -1 0 0 -1 0 0 -1 0 0 -1 0 0 -1 0 0 -1 0 0 -1 0 0 -1 0 0 -1 0 0 -1 0 0 -1 0 0 -1 0 0 -1 0 0 -1 0 0 -1 0 0 -1 0 0 -1 0 0 -1 0 0 -1 0 0 -1 0 0 -1 0 0 -1 0 0 -1 0 0 -1 0 0 -1 0 0 -1 0 0 -1 0 0 -1 0 0 -1 0 0 -1 0 0 -1 0 0 -1 0 0 -1 0 0 -1 0 0 -1 0 0 -1 0 0 -1 0 0 -1 0 0 -1 0 0 -1 0 0 -1 0 0 -1 0 0 -1 0 0 -1 0 0 -1 0 0 -1 0 0 -1 0 -0.042441 0.999099 -7.36234e-18 -0.0825794 0.996584 -1.43252e-17 0.0825794 0.996584 1.43252e-17 0.996397 -0.0848059 1.72847e-16 0.996397 0.0848059 1.72847e-16 1 8.74228e-08 1.73472e-16 -0.245486 0.9694 -4.2585e-17 -0.210679 0.977555 -3.6547e-17 -0.372857 0.927889 -6.46803e-17 -0.401695 0.915773 -6.9683e-17 -0.524307 0.851529 -9.09528e-17 -0.546948 0.837166 -9.48804e-17 -0.677282 0.735724 -1.1749e-16 -0.660675 0.750672 -1.14609e-16 -0.778036 0.62822 -1.34968e-16 -0.78914 0.614213 -1.36894e-16 -0.873014 0.487695 -1.51444e-16 -0.879474 0.475948 -1.52564e-16 -0.945817 0.3247 -1.64073e-16 -0.942877 0.33314 -1.63563e-16 -0.985616 0.169001 -1.70977e-16 -0.986361 0.164595 -1.71106e-16 -1 3.01992e-07 -1.73472e-16 -1 -1.74846e-07 -1.73472e-16 0.127018 0.9919 2.20341e-17 0.245486 0.9694 4.2585e-17 0.292823 0.956167 5.07967e-17 0.401695 0.915773 6.9683e-17 0.450204 0.892926 7.80979e-17 0.594633 0.803997 1.03152e-16 0.546948 0.837167 9.48804e-17 0.677282 0.735724 1.1749e-16 0.721956 0.691939 1.25239e-16 0.78914 0.614213 1.36894e-16 0.82851 0.559975 1.43724e-16 0.911228 0.411901 1.58073e-16 0.879474 0.475947 1.52564e-16 0.945817 0.324699 1.64073e-16 0.967733 0.251978 1.67875e-16 0.986361 0.164595 1.71106e-16 0.82851 -0.559975 1.43724e-16 0.911228 -0.411901 1.58073e-16 0.879474 -0.475947 1.52564e-16 0.967733 -0.251978 1.67875e-16 0.986361 -0.164595 1.71106e-16 0.945817 -0.3247 1.64073e-16 0.546948 -0.837166 9.48804e-17 0.450204 -0.892926 7.80979e-17 0.594633 -0.803997 1.03152e-16 0.789141 -0.614213 1.36894e-16 0.677282 -0.735724 1.1749e-16 0.721956 -0.691939 1.25239e-16 0.127018 -0.9919 2.20341e-17 0.0825794 -0.996584 1.43253e-17 -0.0424412 -0.999099 -7.36238e-18 0.292823 -0.956167 5.07967e-17 0.401695 -0.915773 6.9683e-17 0.245485 -0.9694 4.25849e-17 -0.524307 -0.851529 -9.09528e-17 -0.372857 -0.927889 -6.46803e-17 -0.401695 -0.915773 -6.96831e-17 -0.245485 -0.9694 -4.25849e-17 -0.210679 -0.977555 -3.6547e-17 -0.0825794 -0.996584 -1.43252e-17 -0.789141 -0.614213 -1.36894e-16 -0.778036 -0.62822 -1.34968e-16 -0.677282 -0.735724 -1.1749e-16 -0.546948 -0.837166 -9.48804e-17 -0.660675 -0.750672 -1.14609e-16 -0.873014 -0.487695 -1.51444e-16 -0.879474 -0.475947 -1.52564e-16 -0.945817 -0.324699 -1.64073e-16 -0.942877 -0.33314 -1.63563e-16 -0.986361 -0.164595 -1.71106e-16 -0.985616 -0.169001 -1.70977e-16 -0.042441 0.999099 -7.36234e-18 -0.0825794 0.996584 -1.43252e-17 0.0825794 0.996584 1.43252e-17 0.996397 -0.0848059 1.72847e-16 0.996397 0.0848059 1.72847e-16 1 8.74228e-08 1.73472e-16 -0.245486 0.9694 -4.2585e-17 -0.210679 0.977555 -3.6547e-17 -0.372857 0.927889 -6.46803e-17 -0.401695 0.915773 -6.9683e-17 -0.524307 0.851529 -9.09528e-17 -0.546948 0.837166 -9.48804e-17 -0.677282 0.735724 -1.1749e-16 -0.660675 0.750672 -1.14609e-16 -0.778036 0.62822 -1.34968e-16 -0.78914 0.614213 -1.36894e-16 -0.873014 0.487695 -1.51444e-16 -0.879474 0.475948 -1.52564e-16 -0.945817 0.3247 -1.64073e-16 -0.942877 0.33314 -1.63563e-16 -0.985616 0.169001 -1.70977e-16 -0.986361 0.164595 -1.71106e-16 -1 3.01992e-07 -1.73472e-16 -1 -1.74846e-07 -1.73472e-16 0.127018 0.9919 2.20341e-17 0.245486 0.9694 4.2585e-17 0.292823 0.956167 5.07967e-17 0.401695 0.915773 6.9683e-17 0.450204 0.892926 7.80979e-17 0.594633 0.803997 1.03152e-16 0.546948 0.837167 9.48804e-17 0.677282 0.735724 1.1749e-16 0.721956 0.691939 1.25239e-16 0.78914 0.614213 1.36894e-16 0.82851 0.559975 1.43724e-16 0.911228 0.411901 1.58073e-16 0.879474 0.475947 1.52564e-16 0.945817 0.324699 1.64073e-16 0.967733 0.251978 1.67875e-16 0.986361 0.164595 1.71106e-16 0.82851 -0.559975 1.43724e-16 0.911228 -0.411901 1.58073e-16 0.879474 -0.475947 1.52564e-16 0.967733 -0.251978 1.67875e-16 0.986361 -0.164595 1.71106e-16 0.945817 -0.3247 1.64073e-16 0.546948 -0.837166 9.48804e-17 0.450204 -0.892926 7.80979e-17 0.594633 -0.803997 1.03152e-16 0.789141 -0.614213 1.36894e-16 0.677282 -0.735724 1.1749e-16 0.721956 -0.691939 1.25239e-16 0.127018 -0.9919 2.20341e-17 0.0825794 -0.996584 1.43253e-17 -0.0424412 -0.999099 -7.36238e-18 0.292823 -0.956167 5.07967e-17 0.401695 -0.915773 6.9683e-17 0.245485 -0.9694 4.25849e-17 -0.524307 -0.851529 -9.09528e-17 -0.372857 -0.927889 -6.46803e-17 -0.401695 -0.915773 -6.96831e-17 -0.245485 -0.9694 -4.25849e-17 -0.210679 -0.977555 -3.6547e-17 -0.0825794 -0.996584 -1.43252e-17 -0.789141 -0.614213 -1.36894e-16 -0.778036 -0.62822 -1.34968e-16 -0.677282 -0.735724 -1.1749e-16 -0.546948 -0.837166 -9.48804e-17 -0.660675 -0.750672 -1.14609e-16 -0.873014 -0.487695 -1.51444e-16 -0.879474 -0.475947 -1.52564e-16 -0.945817 -0.324699 -1.64073e-16 -0.942877 -0.33314 -1.63563e-16 -0.986361 -0.164595 -1.71106e-16 -0.985616 -0.169001 -1.70977e-16</float_array>
          <technique_common>
            <accessor count="636" source="#ID9" stride="3">
              <param name="X" type="float"/>
              <param name="Y" type="float"/>
              <param name="Z" type="float"/>
            </accessor>
          </technique_common>
        </source>
        <vertices id="ID10">
          <input semantic="POSITION" source="#ID6"/>
          <input semantic="NORMAL" source="#ID8"/>
        </vertices>
        <triangles count="632" material="ID11">
          <input offset="0" semantic="VERTEX" source="#ID10"/>
          <p>0 1 2 3 4 5 4 6 7 7 5 4 8 6 9 6 8 7 10 11 9 8 9 11 3 12 13 14 11 10 15 2 16 17 16 2 18 2 19 2 15 19 2 20 0 2 18 20 2 21 22 1 21 2 23 24 22 2 22 24 25 24 23 26 24 27 24 25 27 28 29 30 31 24 32 24 26 32 33 24 34 24 31 34 35 24 36 24 33 36 24 37 29 24 35 37 38 39 40 41 42 43 44 45 46 46 38 44 47 48 49 49 45 50 13 51 52 53 48 54 5 12 3 55 56 57 58 17 57 55 57 17 59 17 60 17 58 60 61 17 62 17 59 62 16 14 10 63 17 64 17 61 64 16 17 14 17 63 65 17 65 14 51 53 52 12 51 13 54 48 47 52 53 54 47 49 50 50 45 44 39 38 46 39 66 40 55 24 28 67 68 66 40 66 68 67 41 69 69 68 67 42 70 43 41 43 69 29 70 30 42 30 70 28 24 29 71 55 72 55 28 72 73 55 74 55 71 74 75 55 76 55 73 76 77 55 78 55 75 78 56 55 79 55 77 79 80 81 82 83 84 85 86 87 88 89 90 91 92 93 83 83 93 94 95 96 83 83 96 92 97 98 83 83 98 95 99 100 83 83 100 97 83 85 99 101 102 103 104 84 105 82 106 80 107 108 81 81 80 107 90 108 109 107 109 108 91 90 109 110 111 112 113 114 115 116 117 118 119 115 120 113 115 119 119 120 121 122 121 87 123 87 121 124 125 87 87 125 122 126 127 87 87 127 124 128 129 87 87 129 126 87 83 88 87 86 128 94 88 83 102 106 82 130 131 132 105 84 83 103 133 101 102 101 106 133 134 135 134 133 103 136 104 135 135 134 136 136 84 104 137 138 139 83 137 105 140 141 137 137 141 105 142 143 137 137 143 140 137 139 142 137 144 145 138 137 145 137 146 147 144 137 147 123 148 137 146 137 148 118 114 113 149 150 123 123 150 148 120 123 121 151 152 123 123 152 149 153 154 123 123 154 151 155 156 123 123 156 153 123 120 155 157 117 116 117 114 118 132 131 157 157 116 132 131 130 111 112 89 110 130 112 111 91 110 89 158 159 160 160 161 158 162 163 164 162 164 165 166 167 168 167 169 170 168 171 172 173 168 174 168 172 174 175 168 176 168 173 176 177 168 178 168 175 178 179 168 180 168 177 180 168 181 166 168 179 181 182 167 183 167 166 183 184 167 185 167 182 185 186 167 187 167 184 187 188 167 189 167 186 189 167 190 169 167 188 190 170 191 171 192 170 193 170 169 193 194 170 195 170 192 195 196 170 197 170 194 197 198 170 199 170 196 199 170 200 191 170 198 200 201 171 202 171 191 202 203 171 204 171 201 204 205 171 206 171 203 206 207 171 208 171 205 208 172 171 209 171 207 209 210 211 212 210 213 211 214 215 216 217 218 219 220 221 215 216 215 221 222 220 223 220 222 221 223 224 225 225 222 223 226 227 224 225 224 227 228 226 229 226 228 227 229 230 231 231 228 229 232 233 230 231 230 233 234 232 235 232 234 233 236 234 235 236 235 237 216 238 214 239 238 240 238 239 214 240 241 242 242 239 240 243 244 241 242 241 244 245 243 246 243 245 244 246 247 248 248 245 246 249 250 247 248 247 250 251 249 252 249 251 250 252 253 254 254 251 252 254 253 219 255 256 257 253 217 219 258 259 260 261 262 263 264 265 266 267 268 269 270 271 272 273 274 275 276 277 278 279 280 281 282 283 284 276 284 283 282 285 286 285 282 284 287 288 286 286 285 287 237 288 289 287 289 288 236 237 289 278 277 280 276 283 277 279 281 272 278 280 279 270 273 271 281 270 272 274 265 275 273 275 271 269 264 266 266 265 274 258 268 267 268 264 269 260 259 262 258 267 259 261 263 255 260 262 261 256 218 257 263 256 255 217 257 218 290 291 292 293 294 295 296 291 297 291 296 292 298 299 297 296 297 299 298 300 301 301 299 298 302 300 303 300 302 301 304 305 303 302 303 305 304 306 307 307 305 304 308 306 309 306 308 307 310 311 309 308 309 311 310 312 313 313 311 310 312 314 313 315 290 292 316 317 315 290 315 317 316 318 319 319 317 316 320 318 321 318 320 319 322 323 321 320 321 323 322 324 325 325 323 322 326 324 327 324 326 325 328 329 327 326 327 329 328 330 331 331 329 328 332 330 294 330 332 331 333 334 335 332 294 293 336 337 338 339 340 341 342 343 344 345 346 347 348 349 350 351 352 353 354 355 356 357 358 359 360 361 362 363 362 361 364 365 360 360 362 364 365 366 367 366 365 364 368 367 369 366 369 367 314 312 368 368 369 314 354 356 363 354 363 361 355 357 359 355 359 356 358 349 348 357 349 358 351 350 352 348 350 351 343 353 344 353 352 344 347 346 342 346 343 342 336 338 345 336 345 347 337 339 341 337 341 338 340 333 335 339 333 340 295 334 293 335 334 295 370 371 372 373 374 375 376 374 377 378 379 380 381 382 383 384 385 382 386 385 387 381 383 377 388 389 373 386 390 378 370 380 391 392 393 394 389 394 395 392 396 397 398 372 399 400 401 396 398 402 403 404 400 405 406 407 403 408 407 409 410 411 412 413 414 405 415 413 416 417 418 416 419 420 421 422 423 424 417 423 425 426 427 428 424 429 430 431 432 433 434 435 436 431 437 432 433 438 434 439 440 436 408 410 412 427 441 428 442 429 440 443 441 427 443 444 441 445 446 447 426 437 431 428 437 426 432 438 433 438 435 434 435 439 436 439 442 440 442 430 429 430 422 424 422 425 423 425 418 417 418 415 416 415 414 413 414 404 405 404 401 400 401 397 396 397 393 392 393 395 394 395 373 389 388 373 375 375 374 376 376 377 383 381 384 382 384 387 385 387 390 386 390 379 378 379 391 380 391 371 370 371 399 372 399 402 398 402 406 403 406 409 407 409 410 408 411 420 412 421 446 419 411 421 420 445 447 444 419 446 445 441 444 447 448 449 450 451 452 453 454 455 453 451 456 452 457 458 459 460 457 459 455 454 460 460 454 457 456 450 452 455 451 453 448 450 456 449 461 462 449 448 461 463 462 464 461 464 462 465 466 463 463 464 465 467 466 465 467 468 466 469 468 470 467 470 468 469 470 471 472 471 473 471 472 469 474 475 473 472 473 475 476 477 478 474 479 480 481 482 483 482 484 485 478 485 484 484 482 481 476 479 477 478 477 485 474 480 475 476 480 479 486 487 488 489 490 491 492 487 493 486 493 487 492 494 495 494 492 493 496 497 495 495 494 496 498 497 499 496 499 497 498 500 501 500 498 499 502 503 501 501 500 502 504 503 505 502 505 503 504 506 507 506 504 505 507 506 508 507 508 509 488 510 486 510 511 512 511 510 488 513 514 512 512 511 513 515 514 516 513 516 514 515 517 518 517 515 516 519 520 518 518 517 519 521 520 522 519 522 520 521 523 524 523 521 522 525 490 524 524 523 525 525 491 490 526 527 528 529 530 531 532 533 534 535 536 537 538 539 540 541 542 543 544 545 546 547 548 549 550 551 552 553 552 554 555 550 556 550 555 551 556 557 558 558 555 556 559 560 557 558 557 560 508 559 509 559 508 560 553 554 544 552 551 554 546 545 547 553 544 546 548 540 549 545 548 547 538 543 539 540 539 549 533 542 541 541 543 538 536 532 534 532 542 533 535 537 526 536 534 537 528 527 531 535 526 528 529 489 530 527 529 531 491 530 489 561 562 563 564 565 566 567 562 568 561 568 562 567 569 570 569 567 568 571 572 570 570 569 571 573 572 574 571 574 572 573 575 576 575 573 574 577 578 576 576 575 577 579 578 580 577 580 578 579 581 582 581 579 580 582 581 583 582 583 584 563 585 561 585 586 587 586 585 563 588 589 587 587 586 588 590 589 591 588 591 589 590 592 593 592 590 591 594 595 593 593 592 594 596 595 597 594 597 595 596 598 599 598 596 597 600 565 599 599 598 600 600 566 565 601 602 603 604 605 606 607 608 609 610 611 612 613 614 615 616 617 618 619 620 621 622 623 624 625 626 627 628 627 629 630 625 631 625 630 626 631 632 633 633 630 631 634 635 632 633 632 635 583 634 584 634 583 635 628 629 619 627 626 629 621 620 622 628 619 621 623 615 624 620 623 622 613 618 614 615 614 624 608 617 616 616 618 613 611 607 609 607 617 608 610 612 601 611 609 612 603 602 606 610 601 603 604 564 605 602 604 606 566 605 564</p>
        </triangles>
      </mesh>
    </geometry>
    <geometry id="ID13">
      <mesh>
        <source id="ID14">
          <float_array count="16317" id="ID15">-0.0134851 8.12041e-10 -0.0266863 -0.0129387 9.99992e-05 -0.0253937 -0.0128041 -1.12133e-17 -0.0253498 -0.0136197 0.0001 -0.0267302 -0.0138172 0.0001 -0.0249266 -0.0142 -4.45881e-35 -0.0245951 -0.0128041 -1.12133e-17 -0.0253498 -0.0155515 -2.30926e-17 -0.0237636 -0.0146784 0.0001 -0.0244294 -0.0155222 0.0001 -0.0239021 -0.0129387 9.99992e-05 -0.0253937 -0.0108085 1.53587e-36 -0.0278781 -0.0122021 0.0001 -0.0274064 -0.0121614 -3.45754e-35 -0.027315 -0.0136197 0.0001 -0.0267302 -0.0134851 8.12041e-10 -0.0266863 -0.010751 0.0001 -0.0280074 -0.0163685 4.6213e-18 -0.0250216 -0.0155515 -2.30926e-17 -0.0237636 -0.0155222 0.0001 -0.0239021 -0.0163392 9.99992e-05 -0.0251601 -0.010751 0.0001 -0.0280074 -0.0108085 1.53587e-36 -0.0278781 -0.0102135 0.0001 -0.026607 -0.0102709 7.90953e-10 -0.0264777 -0.0176336 0.0001 -0.0242705 -0.0163685 4.6213e-18 -0.0250216 -0.0163392 9.99992e-05 -0.0251601 -0.0187389 2.4869e-17 -0.0232995 -0.0188796 0.0001 -0.0233144 -0.0175748 -5.87965e-35 -0.0241896 -0.00833279 0.0001 -0.0272546 -0.00877608 -2.07337e-35 -0.02701 -0.00725382 -5.30131e-18 -0.027458 -0.0102709 7.90953e-10 -0.0264777 -0.0092785 0.0001 -0.0269473 -0.0102135 0.0001 -0.026607 -0.00737634 0.0001 -0.0275289 -0.0187389 2.4869e-17 -0.0232995 -0.0188796 0.0001 -0.0233144 -0.0179356 9.99992e-05 -0.0221487 -0.0177949 5.16254e-18 -0.0221337 -0.00764205 8.12041e-10 -0.0289069 -0.00737634 0.0001 -0.0275289 -0.00725382 -5.30131e-18 -0.027458 -0.00776457 0.0001 -0.0289778 -0.0186978 0.0001 -0.0215091 -0.0190033 -6.64937e-35 -0.0211053 -0.0177949 5.16254e-18 -0.0221337 -0.0201524 -2.30926e-17 -0.020011 -0.0194368 0.0001 -0.0208437 -0.0201525 0.0001 -0.0201525 -0.0179356 9.99992e-05 -0.0221487 -0.0065 0.0001 -0.0292874 -0.00764205 8.12041e-10 -0.0289069 -0.00648903 8.11566e-36 -0.0291874 -0.00776457 0.0001 -0.0289778 -0.0212131 -1.57374e-17 -0.0210717 -0.0201524 -2.30926e-17 -0.020011 -0.0201525 0.0001 -0.0201525 -0.0212132 9.99992e-05 -0.0212132 0.00648903 -5.06539e-18 -0.0291874 -0.0065 0.0001 -0.0292874 -0.00648903 8.11566e-36 -0.0291874 0.0065 0.0001 -0.0292874 -0.0222943 0.0001 -0.0200739 -0.0212131 -1.57374e-17 -0.0210717 -0.0212132 9.99992e-05 -0.0212132 -0.0231736 1.77636e-17 -0.0188943 -0.0233144 0.0001 -0.0188796 -0.02222 -8.04479e-35 -0.020007 0.00764205 2.70044e-35 -0.0289069 0.0065 0.0001 -0.0292874 0.00648903 -5.06539e-18 -0.0291874 0.00776457 0.0001 -0.0289778 -0.0231736 1.77636e-17 -0.0188943 -0.0233144 0.0001 -0.0188796 -0.0225372 9.99992e-05 -0.0182503 -0.0223965 7.03604e-18 -0.018265 0.00776457 0.0001 -0.0289778 0.00764205 2.70044e-35 -0.0289069 0.00737634 0.0001 -0.0275289 0.00725382 7.90953e-10 -0.027458 -0.0225372 9.99992e-05 -0.0182503 -0.0232328 -8.62698e-35 -0.0171886 -0.0223965 7.03604e-18 -0.018265 -0.0240455 0.0001 -0.0162115 -0.0233137 0.0001 -0.0172474 -0.0240174 -5.30131e-18 -0.016074 0.0092785 0.0001 -0.0269473 0.00877608 5.19454e-35 -0.02701 0.0102709 -5.30131e-18 -0.0264777 0.00725382 7.90953e-10 -0.027458 0.00833279 0.0001 -0.0272546 0.00737634 0.0001 -0.0275289 0.0102135 0.0001 -0.026607 -0.0248562 -9.35363e-18 -0.0166187 -0.0240174 -5.30131e-18 -0.016074 -0.0240455 0.0001 -0.0162115 -0.0248843 9.99992e-05 -0.0167562 0.0108085 8.12042e-10 -0.0278781 0.0102135 0.0001 -0.026607 0.0102709 -5.30131e-18 -0.0264777 0.010751 0.0001 -0.0280074 -0.025629 0.0001 -0.0155934 -0.0255606 -9.68767e-35 -0.0155134 -0.0248562 -9.35363e-18 -0.0166187 -0.0268203 -2.13163e-17 -0.0132167 -0.0263188 0.0001 -0.0143987 -0.0269535 0.0001 -0.0131723 -0.0248843 9.99992e-05 -0.0167562 -0.0262153 -1.00243e-34 -0.0143794 0.0134851 3.35988e-35 -0.0266863 0.0122021 0.0001 -0.0274064 0.0121614 6.61395e-35 -0.027315 0.010751 0.0001 -0.0280074 0.0108085 8.12042e-10 -0.0278781 0.0136197 0.0001 -0.0267302 -0.0268203 -2.13163e-17 -0.0132167 -0.0269535 0.0001 -0.0131723 -0.0260623 9.99992e-05 -0.0127183 -0.0259292 3.8719e-18 -0.0127627 0.0136197 0.0001 -0.0267302 0.0134851 3.35988e-35 -0.0266863 0.0129387 0.0001 -0.0253937 0.0128042 7.90953e-10 -0.0253498 -0.0260623 9.99992e-05 -0.0127183 -0.0265022 -1.03079e-34 -0.0115259 -0.0259292 3.8719e-18 -0.0127627 -0.0270738 0.0001 -0.0103927 -0.0265935 0.0001 -0.0115665 -0.0270161 -2.30649e-17 -0.0102634 0.0146784 0.0001 -0.0244294 0.0142 7.30092e-35 -0.0245951 0.0155515 -1.24067e-17 -0.0237636 0.0128042 7.90953e-10 -0.0253498 0.0138172 0.0001 -0.0249266 0.0129387 0.0001 -0.0253937 0.0155222 0.0001 -0.0239021 -0.0279497 -1.54043e-18 -0.0106218 -0.0270161 -2.30649e-17 -0.0102634 -0.0270738 0.0001 -0.0103927 -0.0280074 9.99992e-05 -0.010751 0.0163685 8.12041e-10 -0.0250216 0.0155222 0.0001 -0.0239021 0.0155515 -1.24067e-17 -0.0237636 0.0163392 0.0001 -0.0251601 -0.0285317 0.0001 -0.00927051 -0.0279497 -1.54043e-18 -0.0106218 -0.0280074 9.99992e-05 -0.010751 -0.0288551 6.03961e-17 -0.00783524 -0.0289778 0.0001 -0.00776457 -0.0284366 -1.1241e-34 -0.00923961 0.0187389 3.87248e-35 -0.0232995 0.0176336 0.0001 -0.0242705 0.0175748 8.6749e-35 -0.0241896 0.0163392 0.0001 -0.0251601 0.0163685 8.12041e-10 -0.0250216 0.0188796 0.0001 -0.0233144 -0.0288551 6.03961e-17 -0.00783524 -0.0289778 0.0001 -0.00776457 -0.0275289 9.99992e-05 -0.00737634 -0.0274062 1.54043e-18 -0.00744701 0.0188796 0.0001 -0.0233144 0.0187389 3.87248e-35 -0.0232995 0.0179356 0.0001 -0.0221487 0.0177949 7.90953e-10 -0.0221337 -0.0277696 0.0001 -0.00641091 -0.0277794 -1.11616e-34 -0.00590469 -0.0274062 1.54043e-18 -0.00744701 -0.0280658 -1.23929e-17 -0.00434394 -0.0279763 0.0001 -0.00543825 -0.0281491 0.0001 -0.00445838 -0.0275289 9.99992e-05 -0.00737634 0.0194368 0.0001 -0.0208437 0.0190033 9.08821e-35 -0.0211053 0.0201524 -5.30131e-18 -0.020011 0.0177949 7.90953e-10 -0.0221337 0.0186978 0.0001 -0.0215091 0.0179356 0.0001 -0.0221487 0.0201525 0.0001 -0.0201525 -0.0295474 4.16334e-19 -0.0045786 -0.0280658 -1.23929e-17 -0.00434394 -0.0281491 0.0001 -0.00445838 -0.0296306 9.99992e-05 -0.00469303 0.0212131 8.12041e-10 -0.0210717 0.0201525 0.0001 -0.0201525 0.0201524 -5.30131e-18 -0.020011 0.0212132 0.0001 -0.0212132 -0.029959 0.0001 0.00156434 -0.0297433 -1.24923e-34 0.0030524 -0.0298608 -1.24528e-34 0.0015262 -0.0295474 6.03961e-17 0.0045786 -0.0298358 0.0001 0.00312869 -0.0296306 0.0001 0.00469303 -0.0297433 -1.21396e-34 -0.0030524 -0.0298358 0.0001 -0.00312869 -0.029959 0.0001 -0.00156434 -0.03 0.0001 3.25255e-16 -0.0298608 -1.22764e-34 -0.0015262 -0.0296306 9.99992e-05 -0.00469303 -0.0295474 4.16334e-19 -0.0045786 -0.0299 -1.23808e-34 2.77013e-16 0.0231736 4.21582e-35 -0.0188943 0.0222943 0.0001 -0.0200739 0.02222 1.03567e-34 -0.020007 0.0212132 0.0001 -0.0212132 0.0212131 8.12041e-10 -0.0210717 0.0233144 0.0001 -0.0188796 -0.0295474 6.03961e-17 0.0045786 -0.0296306 0.0001 0.00469303 -0.0281491 9.99992e-05 0.00445838 -0.0280658 5.34295e-18 0.00434394 0.0233144 0.0001 -0.0188796 0.0231736 4.21582e-35 -0.0188943 0.0225372 0.0001 -0.0182503 0.0223965 7.98199e-10 -0.018265 -0.0279763 0.0001 0.00543825 -0.0277794 -1.18439e-34 0.00590469 -0.0280658 5.34295e-18 0.00434394 -0.0274062 -2.30926e-17 0.00744701 -0.0277696 0.0001 0.00641091 -0.0275289 0.0001 0.00737634 -0.0281491 9.99992e-05 0.00445838 0.0232328 1.06132e-34 -0.0171886 0.0240174 -1.24067e-17 -0.016074 0.0240455 0.0001 -0.0162115 0.0225372 0.0001 -0.0182503 0.0223965 7.98199e-10 -0.018265 0.0233137 0.0001 -0.0172474 -0.0288551 1.94289e-18 0.00783524 -0.0274062 -2.30926e-17 0.00744701 -0.0275289 0.0001 0.00737634 -0.0289778 9.99992e-05 0.00776457 0.0248562 8.20898e-10 -0.0166187 0.0240455 0.0001 -0.0162115 0.0240174 -1.24067e-17 -0.016074 0.0248843 0.0001 -0.0167562 -0.0285317 0.0001 0.00927051 -0.0288551 1.94289e-18 0.00783524 -0.0289778 9.99992e-05 0.00776457 -0.0279497 -2.13163e-17 0.0106218 -0.0280074 0.0001 0.010751 -0.0284366 -1.23087e-34 0.00923961 0.0268203 4.37942e-35 -0.0132167 0.0263188 0.0001 -0.0143987 0.0262153 1.16859e-34 -0.0143794 0.025629 0.0001 -0.0155934 0.0248562 8.20898e-10 -0.0166187 0.0255606 1.14803e-34 -0.0155134 0.0248843 0.0001 -0.0167562 0.0269535 0.0001 -0.0131723 -0.0279497 -2.13163e-17 0.0106218 -0.0280074 0.0001 0.010751 -0.026607 9.99992e-05 0.0102135 -0.0265494 6.66134e-18 0.0100842 0.0269535 0.0001 -0.0131723 0.0268203 4.37942e-35 -0.0132167 0.0260623 0.0001 -0.0127183 0.0259292 8.07608e-10 -0.0127627 -0.0262343 0.0001 0.011136 -0.0259447 -1.14105e-34 0.0115513 -0.0265494 6.66134e-18 0.0100842 -0.025259 2.66592e-17 0.0129824 -0.0258299 0.0001 0.0120444 -0.0253937 0.0001 0.0129387 -0.026607 9.99992e-05 0.0102135 0.0265022 1.16398e-34 -0.0115259 0.0270161 -5.30131e-18 -0.0102634 0.0270738 0.0001 -0.0103927 0.0260623 0.0001 -0.0127183 0.0259292 8.07608e-10 -0.0127627 0.0265935 0.0001 -0.0115665 -0.0265955 1.18655e-17 0.0136633 -0.025259 2.66592e-17 0.0129824 -0.0253937 0.0001 0.0129387 -0.0267302 9.99992e-05 0.0136197 0.0279497 8.12041e-10 -0.0106218 0.0270738 0.0001 -0.0103927 0.0270161 -5.30131e-18 -0.0102634 0.0280074 0.0001 -0.010751 -0.0259808 0.0001 0.015 -0.0265955 1.18655e-17 0.0136633 -0.0267302 9.99992e-05 0.0136197 -0.0251306 -1.06581e-17 0.0162007 -0.0251601 0.0001 0.0163392 -0.0258942 -1.15859e-34 0.01495 0.0288551 4.34281e-35 -0.00783524 0.0285317 0.0001 -0.00927051 0.0284366 1.23087e-34 -0.00923961 0.0280074 0.0001 -0.010751 0.0279497 8.12041e-10 -0.0106218 0.0289778 0.0001 -0.00776457 -0.0251306 -1.06581e-17 0.0162007 -0.0251601 0.0001 0.0163392 -0.0239021 9.99992e-05 0.0155222 -0.0238726 -4.71845e-19 0.0153838 0.0289778 0.0001 -0.00776457 0.0288551 4.34281e-35 -0.00783524 0.0275289 0.0001 -0.00737634 0.0274062 7.90953e-10 -0.00744701 -0.0233457 0.0001 0.0163471 -0.0229761 -1.04783e-34 0.0166931 -0.0238726 -4.71845e-19 0.0153838 -0.0220079 -2.30926e-17 0.0179503 -0.0227612 0.0001 0.0171516 -0.0221487 0.0001 0.0179356 -0.0239021 9.99992e-05 0.0155222 0.0279763 0.0001 -0.00543825 0.0277794 1.18439e-34 -0.00590469 0.0280658 -5.28744e-18 -0.00434394 0.0274062 7.90953e-10 -0.00744701 0.0277696 0.0001 -0.00641091 0.0275289 0.0001 -0.00737634 0.0281491 0.0001 -0.00445838 -0.0231736 5.57887e-18 0.0188943 -0.0220079 -2.30926e-17 0.0179503 -0.0221487 0.0001 0.0179356 -0.0233144 9.99992e-05 0.0188796 0.0295474 8.12041e-10 -0.0045786 0.0281491 0.0001 -0.00445838 0.0280658 -5.28744e-18 -0.00434394 0.0296306 0.0001 -0.00469303 -0.0222943 0.0001 0.0200739 -0.0231736 5.57887e-18 0.0188943 -0.0233144 9.99992e-05 0.0188796 -0.0212131 2.84217e-17 0.0210717 -0.0212132 0.0001 0.0212132 -0.02222 -1.03567e-34 0.020007 0.0295474 3.71889e-35 0.0045786 0.0298358 0.0001 0.00312869 0.0297433 1.21396e-34 0.0030524 0.03 0.0001 -7.51117e-17 0.0298608 1.22764e-34 0.0015262 0.029959 0.0001 0.00156434 0.0298358 0.0001 -0.00312869 0.0297433 1.24923e-34 -0.0030524 0.029959 0.0001 -0.00156434 0.0298608 1.24528e-34 -0.0015262 0.0299 1.23808e-34 5.86056e-17 0.0295474 8.12041e-10 -0.0045786 0.0296306 0.0001 -0.00469303 0.0296306 0.0001 0.00469303 -0.0212131 2.84217e-17 0.0210717 -0.0212132 0.0001 0.0212132 -0.0201525 9.99992e-05 0.0201525 -0.0201524 1.45439e-17 0.020011 0.0296306 0.0001 0.00469303 0.0295474 3.71889e-35 0.0045786 0.0281491 0.0001 0.00445838 0.0280658 7.90953e-10 0.00434394 -0.0194368 0.0001 0.0208437 -0.0190033 -9.08821e-35 0.0211053 -0.0201524 1.45439e-17 0.020011 -0.0177949 -3.3723e-17 0.0221337 -0.0186978 0.0001 0.0215091 -0.0179356 0.0001 0.0221487 -0.0201525 9.99992e-05 0.0201525 0.0277696 0.0001 0.00641091 0.0277794 1.11616e-34 0.00590469 0.0274062 -5.30131e-18 0.00744701 0.0280658 7.90953e-10 0.00434394 0.0279763 0.0001 0.00543825 0.0281491 0.0001 0.00445838 0.0275289 0.0001 0.00737634 -0.0187389 6.84175e-18 0.0232995 -0.0177949 -3.3723e-17 0.0221337 -0.0179356 0.0001 0.0221487 -0.0188796 9.99992e-05 0.0233144 0.0288551 8.12041e-10 0.00783524 0.0275289 0.0001 0.00737634 0.0274062 -5.30131e-18 0.00744701 0.0289778 0.0001 0.00776457 -0.0176336 0.0001 0.0242705 -0.0187389 6.84175e-18 0.0232995 -0.0188796 9.99992e-05 0.0233144 -0.0163685 -3.65242e-35 0.0250216 -0.0163392 0.0001 0.0251601 -0.0175748 -8.6749e-35 0.0241896 0.0279497 3.15434e-35 0.0106218 0.0285317 0.0001 0.00927051 0.0284366 1.1241e-34 0.00923961 0.0289778 0.0001 0.00776457 0.0288551 8.12041e-10 0.00783524 0.0280074 0.0001 0.010751 -0.0163685 -3.65242e-35 0.0250216 -0.0163392 0.0001 0.0251601 -0.0155222 9.99992e-05 0.0239021 -0.0155515 1.81799e-18 0.0237636 0.0280074 0.0001 0.010751 0.0279497 3.15434e-35 0.0106218 0.026607 0.0001 0.0102135 0.0265494 7.90953e-10 0.0100842 -0.0146784 0.0001 0.0244294 -0.0142 -7.30092e-35 0.0245951 -0.0155515 1.81799e-18 0.0237636 -0.0128041 8.88178e-18 0.0253498 -0.0138172 0.0001 0.0249266 -0.0129387 0.0001 0.0253937 -0.0155222 9.99992e-05 0.0239021 0.0258299 0.0001 0.0120444 0.0259447 1.00756e-34 0.0115513 0.025259 -5.30131e-18 0.0129824 0.0265494 7.90953e-10 0.0100842 0.0262343 0.0001 0.011136 0.026607 0.0001 0.0102135 0.0253937 0.0001 0.0129387 -0.0134851 5.27356e-18 0.0266863 -0.0128041 8.88178e-18 0.0253498 -0.0129387 0.0001 0.0253937 -0.0136197 9.99992e-05 0.0267302 0.0265955 8.12042e-10 0.0136633 0.0253937 0.0001 0.0129387 0.025259 -5.30131e-18 0.0129824 0.0267302 0.0001 0.0136197 -0.0122021 0.0001 0.0274064 -0.0134851 5.27356e-18 0.0266863 -0.0136197 9.99992e-05 0.0267302 -0.0108085 1.06581e-17 0.0278781 -0.010751 0.0001 0.0280074 -0.0121614 -6.61395e-35 0.027315 0.0251306 2.45194e-35 0.0162007 0.0259808 0.0001 0.015 0.0258942 9.85834e-35 0.01495 0.0267302 0.0001 0.0136197 0.0265955 8.12042e-10 0.0136633 0.0251601 0.0001 0.0163392 -0.0108085 1.06581e-17 0.0278781 -0.010751 0.0001 0.0280074 -0.0102135 9.99992e-05 0.026607 -0.0102709 2.77556e-20 0.0264777 0.0251601 0.0001 0.0163392 0.0251306 2.45194e-35 0.0162007 0.0239021 0.0001 0.0155222 0.0238726 7.90953e-10 0.0153838 -0.0092785 0.0001 0.0269473 -0.00877608 -5.19454e-35 0.02701 -0.0102709 2.77556e-20 0.0264777 -0.00725382 4.79755e-17 0.027458 -0.00833279 0.0001 0.0272546 -0.00737634 0.0001 0.0275289 -0.0102135 9.99992e-05 0.026607 0.0227612 0.0001 0.0171516 0.0229761 8.54933e-35 0.0166931 0.0220079 -5.30131e-18 0.0179503 0.0238726 7.90953e-10 0.0153838 0.0233457 0.0001 0.0163471 0.0239021 0.0001 0.0155222 0.0221487 0.0001 0.0179356 -0.00764205 2.88658e-18 0.0289069 -0.00725382 4.79755e-17 0.027458 -0.00737634 0.0001 0.0275289 -0.00776457 9.99992e-05 0.0289778 0.0231736 8.12041e-10 0.0188943 0.0221487 0.0001 0.0179356 0.0220079 -5.30131e-18 0.0179503 0.0233144 0.0001 0.0188796 -0.00623735 0.0001 0.0293444 -0.00764205 2.88658e-18 0.0289069 -0.00776457 9.99992e-05 0.0289778 -0.00477613 6.03961e-17 0.0295161 -0.00469303 0.0001 0.0296306 -0.00621656 -4.26393e-35 0.0292466 0.0212131 1.64237e-35 0.0210717 0.0222943 0.0001 0.0200739 0.02222 8.04479e-35 0.020007 0.0233144 0.0001 0.0188796 0.0231736 8.12041e-10 0.0188943 0.0212132 0.0001 0.0212132 -0.00477613 6.03961e-17 0.0295161 -0.00469303 0.0001 0.0296306 -0.0045366 9.99992e-05 0.028643 -0.0046197 -2.40086e-18 0.0285284 0.0212132 0.0001 0.0212132 0.0212131 1.64237e-35 0.0210717 0.0201525 0.0001 0.0201525 0.0201524 7.90953e-10 0.020011 -0.0045366 9.99992e-05 0.028643 -0.00326939 -3.01284e-35 0.0287145 -0.0046197 -2.40086e-18 0.0285284 -0.00201683 0.0001 0.0289298 -0.00327985 0.0001 0.0288139 -0.00191182 -1.7486e-18 0.0288367 0.0186978 0.0001 0.0215091 0.0190033 6.64937e-35 0.0211053 0.0177949 -5.30131e-18 0.0221337 0.0201524 7.90953e-10 0.020011 0.0194368 0.0001 0.0208437 0.0201525 0.0001 0.0201525 0.0179356 0.0001 0.0221487 -0.00196416 -1.84575e-18 0.0298354 -0.00191182 -1.7486e-18 0.0288367 -0.00201683 0.0001 0.0289298 -0.00206917 9.99992e-05 0.0299286 0.0187389 8.12041e-10 0.0232995 0.0179356 0.0001 0.0221487 0.0177949 -5.30131e-18 0.0221337 0.0188796 0.0001 0.0233144 0.0163685 7.6102e-36 0.0250216 0.0176336 0.0001 0.0242705 0.0175748 5.87965e-35 0.0241896 0.0188796 0.0001 0.0233144 0.0187389 8.12041e-10 0.0232995 0.0163392 0.0001 0.0251601 0.00196416 5.23193e-17 0.0298354 0.00206918 0.0001 0.0299286 0.00201683 9.99992e-05 0.0289298 0.00191182 3.10862e-18 0.0288367 0.0163392 0.0001 0.0251601 0.0163685 7.6102e-36 0.0250216 0.0155222 0.0001 0.0239021 0.0155515 7.90953e-10 0.0237636 0.00201683 9.99992e-05 0.0289298 0.00326939 -3.05288e-36 0.0287145 0.00191182 3.10862e-18 0.0288367 0.0045366 0.0001 0.028643 0.00327985 0.0001 0.0288139 0.0046197 1.77636e-18 0.0285284 0.0138172 0.0001 0.0249266 0.0142 4.45881e-35 0.0245951 0.0128041 -5.30131e-18 0.0253498 0.0155515 7.90953e-10 0.0237636 0.0146784 0.0001 0.0244294 0.0155222 0.0001 0.0239021 0.0129387 0.0001 0.0253937 0.00477613 -1.84575e-18 0.0295161 0.0046197 1.77636e-18 0.0285284 0.0045366 0.0001 0.028643 0.00469303 9.99992e-05 0.0296306 0.0134851 8.12041e-10 0.0266863 0.0129387 0.0001 0.0253937 0.0128041 -5.30131e-18 0.0253498 0.0136197 0.0001 0.0267302 0.00623735 0.0001 0.0293444 0.00477613 -1.84575e-18 0.0295161 0.00469303 9.99992e-05 0.0296306 0.00764205 -3.90799e-17 0.0289069 0.00776457 0.0001 0.0289778 0.00621656 8.84314e-36 0.0292466 0.0108085 -1.53587e-36 0.0278781 0.0122021 0.0001 0.0274064 0.0121614 3.45754e-35 0.027315 0.0136197 0.0001 0.0267302 0.0134851 8.12041e-10 0.0266863 0.010751 0.0001 0.0280074 0.00764205 -3.90799e-17 0.0289069 0.00776457 0.0001 0.0289778 0.00737634 9.99992e-05 0.0275289 0.00725382 3.45557e-18 0.027458 0.010751 0.0001 0.0280074 0.0108085 -1.53587e-36 0.0278781 0.0102135 0.0001 0.026607 0.0102709 7.90953e-10 0.0264777 0.00833279 0.0001 0.0272546 0.00877608 2.07337e-35 0.02701 0.00725382 3.45557e-18 0.027458 0.0102709 7.90953e-10 0.0264777 0.0092785 0.0001 0.0269473 0.0102135 0.0001 0.026607 0.00737634 9.99992e-05 0.0275289 0.026767 0.0298768 -0.0111593 0.027766 0.0297853 -0.01136 0.0276862 0.0298932 -0.0115532 0.0265937 0.0299937 -0.0115662 0.0266829 0.0299533 -0.0113587 0.0275991 0.0299648 -0.0117598 0.0278965 0.0294728 -0.0110356 0.0269683 0.0294538 -0.0106635 0.0279443 0.0292771 -0.010914 0.0269112 0.0296235 -0.0108067 0.0278366 0.0296437 -0.0111858 0.0268436 0.0297658 -0.0109738 0.0279792 0.0290623 -0.0108243 0.027047 0.0290507 -0.0104623 0.0280003 0.0288345 -0.0107696 0.027014 0.029261 -0.0105473 0.0280074 0.0286 -0.010751 0.0270671 0.0288278 -0.0104101 0.0270738 0.0286 -0.0103927 0.0275072 0.0299977 -0.011973 0.0262548 0.0296241 -0.0123162 0.0271551 0.0296434 -0.0127514 0.0270861 0.0294722 -0.0128975 0.0263308 0.0297665 -0.0121527 0.0272346 0.0297849 -0.0125809 0.0273215 0.0298931 -0.0123909 0.0264144 0.029877 -0.01197 0.0265031 0.0299537 -0.0117723 0.0274134 0.0299645 -0.0121863 0.0265937 0.0299937 -0.0115662 0.0275072 0.0299977 -0.011973 0.0261887 0.0294546 -0.0124559 0.0261349 0.0292618 -0.0125684 0.0270296 0.0292765 -0.0130154 0.0269878 0.0290616 -0.0131018 0.0260951 0.0290515 -0.012651 0.0269621 0.0288337 -0.0131547 0.0260707 0.0288287 -0.0127012 0.0269535 0.0286 -0.0131723 0.0260623 0.0286 -0.0127183 0.023848 0.029893 -0.018201 0.0230481 0.0298769 -0.0176007 0.0231789 0.0299536 -0.0174281 0.0233135 0.0299937 -0.0172477 0.0241225 0.0299977 -0.0178355 0.0239833 0.0299645 -0.0180222 0.0228149 0.0296239 -0.017902 0.0235051 0.0294721 -0.0186416 0.0227192 0.0294545 -0.0180232 0.0236051 0.0296432 -0.0185149 0.0229257 0.0297663 -0.0177598 0.0237206 0.0297847 -0.0183666 0.0233636 0.0290615 -0.0188186 0.0233267 0.0288336 -0.0188643 0.0225842 0.0290513 -0.0181921 0.0226416 0.0292616 -0.0181207 0.0234236 0.0292764 -0.0187439 0.0225492 0.0288287 -0.0182356 0.0233144 0.0286 -0.0188796 0.0225372 0.0286 -0.0182503 0.0234471 0.0299533 -0.0170655 0.0242598 0.0299648 -0.0176482 0.0233135 0.0299937 -0.0172477 0.0243911 0.0298933 -0.0174664 0.0241225 0.0299977 -0.0178355 0.0235739 0.0298769 -0.01689 0.0245123 0.0297854 -0.0172959 0.0246202 0.0296439 -0.0171419 0.0236903 0.0297659 -0.0167263 0.0237939 0.0296237 -0.0165787 0.0247123 0.029473 -0.0170088 0.0247862 0.0292772 -0.016901 0.0238817 0.029454 -0.0164519 0.0239523 0.0292611 -0.0163489 0.0248403 0.0290625 -0.0168214 0.0240037 0.0290508 -0.0162734 0.0248732 0.0288345 -0.0167728 0.0248843 0.0286 -0.0167562 0.0240351 0.0288279 -0.016227 0.0240455 0.0286 -0.0162115 -0.0243916 0.0298931 -0.0174657 -0.0235735 0.029877 -0.0168905 -0.0234467 0.0299537 -0.0170662 -0.0233135 0.0299937 -0.0172477 -0.0241225 0.0299977 -0.0178355 -0.0242603 0.0299645 -0.0176476 -0.0237935 0.0296241 -0.0165792 -0.0247126 0.0294722 -0.0170085 -0.0238815 0.0294546 -0.0164522 -0.0246206 0.0296434 -0.0171413 -0.0236899 0.0297665 -0.0167268 -0.0245127 0.0297849 -0.0172954 -0.0248404 0.0290616 -0.0168213 -0.0248733 0.0288337 -0.0167725 -0.0240036 0.0290515 -0.0162735 -0.0239521 0.0292618 -0.0163493 -0.0247865 0.0292765 -0.0169006 -0.0240349 0.0288287 -0.0162272 -0.0248843 0.0286 -0.0167562 -0.0240455 0.0286 -0.0162115 -0.0233135 0.0299937 -0.0172477 -0.0239838 0.0299648 -0.0180216 -0.0241225 0.0299977 -0.0178355 -0.0231784 0.0299533 -0.0174287 -0.0238485 0.0298932 -0.0182003 -0.0230477 0.0298768 -0.0176012 -0.023721 0.0297853 -0.0183661 -0.0236055 0.0296437 -0.0185143 -0.0229253 0.0297658 -0.0177603 -0.0228145 0.0296235 -0.0179025 -0.0235053 0.0294728 -0.0186413 -0.023424 0.0292771 -0.0187435 -0.022719 0.0294538 -0.0180235 -0.0226412 0.029261 -0.0181211 -0.0233637 0.0290623 -0.0188185 -0.0225841 0.0290507 -0.0181922 -0.0233269 0.0288345 -0.0188641 -0.0233144 0.0286 -0.0188796 -0.022549 0.0288278 -0.0182358 -0.0225372 0.0286 -0.0182503 -0.0276865 0.029893 -0.0115525 -0.0267667 0.0298769 -0.0111599 -0.0266826 0.0299536 -0.0113595 -0.0265937 0.0299937 -0.0115662 -0.0275072 0.0299977 -0.011973 -0.0275994 0.0299645 -0.011759 -0.026911 0.0296239 -0.0108073 -0.0278967 0.0294721 -0.0110352 -0.0269682 0.0294545 -0.0106638 -0.0278369 0.0296432 -0.0111851 -0.0268433 0.0297663 -0.0109743 -0.0277663 0.0297847 -0.0113594 -0.0279792 0.0290615 -0.0108242 -0.0280004 0.0288336 -0.0107694 -0.027047 0.0290513 -0.0104624 -0.0270138 0.0292616 -0.0105478 -0.0279445 0.0292764 -0.0109135 -0.027067 0.0288287 -0.0104104 -0.0280074 0.0286 -0.010751 -0.0270738 0.0286 -0.0103927 -0.0265027 0.0299533 -0.0117731 -0.0274137 0.0299648 -0.0121855 -0.0265937 0.0299937 -0.0115662 -0.0273219 0.0298933 -0.0123901 -0.0275072 0.0299977 -0.011973 -0.0264141 0.0298769 -0.0119706 -0.0272348 0.0297854 -0.0125803 -0.0271554 0.0296439 -0.0127508 -0.0263306 0.0297659 -0.0121532 -0.0262545 0.0296237 -0.0123167 -0.0270863 0.029473 -0.0128971 -0.0270298 0.0292772 -0.013015 -0.0261886 0.029454 -0.0124562 -0.0261347 0.0292611 -0.0125689 -0.0269879 0.0290625 -0.0131017 -0.026095 0.0290508 -0.0126511 -0.0269622 0.0288345 -0.0131544 -0.0269535 0.0286 -0.0131723 -0.0260705 0.0288279 -0.0127015 -0.0260623 0.0286 -0.0127183 -0.00292998 0.0298931 0.0298566 -0.00284089 0.029877 0.0288605 -0.00305641 0.0299537 0.0288385 -0.00328018 0.0299937 0.0288139 -0.00338472 0.0299977 0.0298085 -0.00315309 0.0299645 0.0298338 -0.00246127 0.0296241 0.0288954 -0.00237351 0.0294722 0.029906 -0.00230724 0.0294546 0.0289081 -0.00253449 0.0296434 0.0298927 -0.0026409 0.0297665 0.0288795 -0.0027219 0.0297849 0.0298763 -0.00214744 0.0290616 0.029923 -0.00208877 0.0288337 0.0299272 -0.00209145 0.0290515 0.0289245 -0.00218287 0.0292618 0.0289177 -0.00224308 0.0292765 0.029916 -0.00203574 0.0288287 0.0289285 -0.00206918 0.0286 0.0299286 -0.00201683 0.0286 0.0289298 -0.00328018 0.0299937 0.0288139 -0.00361527 0.0299648 0.0297814 -0.00338472 0.0299977 0.0298085 -0.00350451 0.0299533 0.0287875 -0.0038377 0.0298932 0.0297535 -0.00371923 0.0298768 0.0287605 -0.00404498 0.0297853 0.0297261 -0.00423112 0.0296437 0.0297001 -0.00391821 0.0297658 0.0287341 -0.00409673 0.0296235 0.0287092 -0.00439118 0.0294728 0.0296769 -0.00452034 0.0292771 0.0296575 -0.0042493 0.0294538 0.028687 -0.00437271 0.029261 0.0286684 -0.00461544 0.0290623 0.0296428 -0.00446285 0.0290507 0.0286545 -0.00467336 0.0288345 0.0296338 -0.00469303 0.0286 0.0296306 -0.00451815 0.0288278 0.0286459 -0.0045366 0.0286 0.028643 0.00383852 0.029893 0.0297534 0.00371857 0.0298769 0.0287606 0.00350369 0.0299536 0.0287876 0.00328018 0.0299937 0.0288139 0.00338472 0.0299977 0.0298085 0.00361607 0.0299645 0.0297813 0.0040961 0.0296239 0.0287093 0.00439159 0.0294721 0.0296768 0.00424895 0.0294545 0.028687 0.00423184 0.0296432 0.0297 0.0039176 0.0297663 0.0287342 0.00404562 0.0297847 0.029726 0.00461558 0.0290615 0.0296428 0.00467364 0.0288336 0.0296337 0.00446276 0.0290513 0.0286546 0.00437221 0.0292616 0.0286685 0.00452086 0.0292764 0.0296574 0.00451789 0.0288287 0.0286459 0.00469303 0.0286 0.0296306 0.0045366 0.0286 0.028643 0.0030556 0.0299533 0.0288386 0.00315389 0.0299648 0.0298338 0.00328018 0.0299937 0.0288139 0.0029308 0.0298933 0.0298565 0.00338472 0.0299977 0.0298085 0.00284022 0.0298769 0.0288606 0.00272254 0.0297854 0.0298762 0.00253522 0.0296439 0.0298927 0.00264029 0.0297659 0.0288796 0.00246063 0.0296237 0.0288954 0.00237392 0.029473 0.0299059 0.00224361 0.0292772 0.029916 0.00230688 0.029454 0.0289081 0.00218237 0.0292611 0.0289178 0.00214758 0.0290625 0.029923 0.00209135 0.0290508 0.0289245 0.00208906 0.0288345 0.0299272 0.00206918 0.0286 0.0299286 0.00203548 0.0288279 0.0289285 0.00201683 0.0286 0.0289298 -0.0296442 -1.22668e-34 -0.000140385 -0.0294449 0.0002 -0.000123869 -0.029598 -1.22317e-34 -0.000417325 -0.02795 2.498e-18 0.0017 -0.02795 0.0002 0.0015 -0.0282298 -1.17861e-34 0.00167681 -0.0295068 -1.21786e-34 -0.000682882 -0.0294041 0.0002 -0.000368228 -0.0293237 0.0002 -0.000602543 -0.0293732 -1.2109e-34 -0.000929812 -0.0292057 0.0002 -0.000820422 -0.0292007 -1.20248e-34 -0.00115138 -0.0289942 -1.19282e-34 -0.00134154 -0.0290536 0.0002 -0.00101592 -0.0288713 0.0002 -0.00118371 -0.0287591 -1.1822e-34 -0.00149511 -0.0286639 0.0002 -0.00131921 -0.028502 -1.17091e-34 -0.00160789 -0.0282298 -1.15924e-34 -0.00167681 -0.0284371 0.0002 -0.00141873 -0.0281969 0.0002 -0.00147954 -0.02795 3.60822e-18 -0.0017 -0.02795 0.0002 -0.0015 -0.0294449 0.0002 0.000123869 -0.0296442 -1.2283e-34 0.000140385 -0.0294041 0.0002 0.000368228 -0.029598 -1.22799e-34 0.000417325 -0.0293237 0.0002 0.000602543 -0.0292057 0.0002 0.000820422 -0.0295068 -1.22575e-34 0.000682882 -0.0293732 -1.22164e-34 0.000929812 -0.0290536 0.0002 0.00101592 -0.0292007 -1.21578e-34 0.00115138 -0.0288713 0.0002 0.00118371 -0.0286639 0.0002 0.00131921 -0.0289942 -1.20833e-34 0.00134154 -0.0287591 -1.19948e-34 0.00149511 -0.0284371 0.0002 0.00141873 -0.028502 -1.18949e-34 0.00160789 -0.0281969 0.0002 0.00147954 -0.02795 3.60822e-18 -0.0017 -0.02795 0.0002 -0.0015 -0.02755 0.0002 -0.0015 -0.02755 3.747e-18 -0.0017 -0.02755 4.52416e-18 0.0017 -0.02795 0.0002 0.0015 -0.02795 2.498e-18 0.0017 -0.02755 0.0002 0.0015 -0.0258558 -1.07144e-34 0.000140385 -0.0260551 0.0002 -0.000123869 -0.0260551 0.0002 0.000123869 -0.02755 3.747e-18 -0.0017 -0.02755 0.0002 -0.0015 -0.0272702 -1.1195e-34 -0.00167681 -0.0260959 0.0002 0.000368228 -0.025902 -1.07495e-34 0.000417325 -0.0261763 0.0002 0.000602543 -0.0259932 -1.08026e-34 0.000682882 -0.0261268 -1.08722e-34 0.000929812 -0.0262943 0.0002 0.000820422 -0.0264464 0.0002 0.00101592 -0.0262993 -1.09564e-34 0.00115138 -0.0266287 0.0002 0.00118371 -0.0265058 -1.10529e-34 0.00134154 -0.0267409 -1.11591e-34 0.00149511 -0.0268361 0.0002 0.00131921 -0.027063 0.0002 0.00141873 -0.026998 -1.12721e-34 0.00160789 -0.0273031 0.0002 0.00147954 -0.0272702 -1.13888e-34 0.00167681 -0.02755 4.52416e-18 0.0017 -0.02755 0.0002 0.0015 -0.0258558 -1.06981e-34 -0.000140385 -0.025902 -1.07013e-34 -0.000417325 -0.0260959 0.0002 -0.000368228 -0.0261763 0.0002 -0.000602543 -0.0259932 -1.07237e-34 -0.000682882 -0.0261268 -1.07647e-34 -0.000929812 -0.0262943 0.0002 -0.000820422 -0.0262993 -1.08233e-34 -0.00115138 -0.0264464 0.0002 -0.00101592 -0.0266287 0.0002 -0.00118371 -0.0265058 -1.08979e-34 -0.00134154 -0.0267409 -1.09863e-34 -0.00149511 -0.0268361 0.0002 -0.00131921 -0.026998 -1.10863e-34 -0.00160789 -0.027063 0.0002 -0.00141873 -0.0273031 0.0002 -0.00147954 -0.00920375 0.03 -0.0285533 -0.00933722 0.03 -0.0285099 -0.00885673 0.03 -0.0272582 -0.00776457 0.0285 -0.0289778 -0.00737634 0.0285 -0.0275289 -0.00737634 0.0001 -0.0275289 -0.00776457 0.0001 -0.0289778 -0.0101454 0.0289618 -0.0266331 -0.0102135 0.0001 -0.026607 -0.0100617 0.0291787 -0.0266648 -0.00833279 0.0001 -0.0272546 -0.00796835 0.0297108 -0.0273634 -0.00815988 0.029834 -0.0273069 -0.0101963 0.0287341 -0.0266136 -0.0102135 0.0285 -0.026607 -0.00994729 0.029379 -0.0267077 -0.00980472 0.0295578 -0.0267603 -0.0092785 0.0001 -0.0269473 -0.00963727 0.0297108 -0.0268211 -0.00944916 0.029834 -0.0268879 -0.00924434 0.0299248 -0.0269591 -0.00902865 0.0299804 -0.0270321 -0.00880698 0.03 -0.0271051 -0.00836702 0.0299246 -0.0272441 -0.00858412 0.0299803 -0.0271765 -0.0077973 0.0295579 -0.0274127 -0.00737634 0.0001 -0.0275289 -0.00765085 0.029379 -0.0274539 -0.0074466 0.0289615 -0.02751 -0.00753309 0.0291788 -0.0274864 -0.00737634 0.0285 -0.0275289 -0.007394 0.0287335 -0.0275242 -0.010751 0.0285 -0.0280074 -0.010751 0.0001 -0.0280074 -0.0102135 0.0001 -0.026607 -0.0102135 0.0285 -0.026607 -0.0143305 0.03 -0.0248211 -0.0149392 0.03 -0.0260158 -0.0150607 0.03 -0.0259456 -0.0129387 0.0285 -0.0253937 -0.0129387 9.99992e-05 -0.0253937 -0.0136197 0.0001 -0.0267302 -0.0136197 0.0285 -0.0267302 -0.015461 0.0289618 -0.0239417 -0.0155222 0.0001 -0.0239021 -0.0153858 0.0291787 -0.0239901 -0.0138172 0.0001 -0.0249266 -0.0134834 0.0297108 -0.0251088 -0.013659 0.029834 -0.0250137 -0.0155068 0.0287341 -0.0239121 -0.0155222 0.0285 -0.0239021 -0.0152828 0.029379 -0.0240559 -0.0151543 0.0295578 -0.024137 -0.0146784 0.0001 -0.0244294 -0.0150031 0.0297108 -0.0242313 -0.014833 0.029834 -0.0243358 -0.0146474 0.0299248 -0.0244479 -0.0144516 0.0299804 -0.0245642 -0.01425 0.03 -0.0246817 -0.0138486 0.0299246 -0.0249092 -0.0140468 0.0299803 -0.0247979 -0.0133263 0.0295579 -0.0251925 -0.0129387 9.99992e-05 -0.0253937 -0.0131916 0.029379 -0.0252633 -0.0130035 0.0289615 -0.0253606 -0.0130832 0.0291788 -0.0253196 -0.0129387 0.0285 -0.0253937 -0.012955 0.0287335 -0.0253854 -0.0163392 0.0285 -0.0251601 -0.0163392 9.99992e-05 -0.0251601 -0.0155222 0.0001 -0.0239021 -0.0155222 0.0285 -0.0239021 -0.0191779 0.03 -0.0212993 -0.0200217 0.03 -0.0223412 -0.020126 0.03 -0.0222473 -0.0179356 0.0285 -0.0221487 -0.0179356 9.99992e-05 -0.0221487 -0.0188796 0.0001 -0.0233144 -0.0188796 0.0285 -0.0233144 -0.0201009 0.0289618 -0.020204 -0.0201525 0.0001 -0.0201525 -0.0200374 0.0291787 -0.020267 -0.0186978 0.0001 -0.0215091 -0.0184092 0.0297108 -0.0217567 -0.0185611 0.029834 -0.0216272 -0.0201395 0.0287341 -0.0201655 -0.0201525 0.0285 -0.0201525 -0.0199503 0.029379 -0.0203527 -0.0198415 0.0295578 -0.0204588 -0.0194368 0.0001 -0.0208437 -0.0197132 0.0297108 -0.0205824 -0.0195686 0.029834 -0.02072 -0.0194104 0.0299248 -0.0208683 -0.019243 0.0299804 -0.0210227 -0.0190702 0.03 -0.0211796 -0.0187248 0.0299246 -0.0214856 -0.0188957 0.0299803 -0.0213355 -0.0182729 0.0295579 -0.0218713 -0.0179356 9.99992e-05 -0.0221487 -0.0181559 0.029379 -0.0219685 -0.0179921 0.0289615 -0.0221028 -0.0180616 0.0291788 -0.0220461 -0.0179356 0.0285 -0.0221487 -0.0179498 0.0287335 -0.0221372 -0.0212132 0.0285 -0.0212132 -0.0212132 9.99992e-05 -0.0212132 -0.0201525 0.0001 -0.0201525 -0.0201525 0.0285 -0.0201525 -0.0225372 0.0286 -0.0182503 -0.0225372 9.99992e-05 -0.0182503 -0.0233144 0.0001 -0.0188796 -0.0233144 0.0286 -0.0188796 -0.0240455 0.0001 -0.0162115 -0.0240349 0.0288287 -0.0162272 -0.0240455 0.0286 -0.0162115 -0.0233137 0.0001 -0.0172474 -0.0230477 0.0298768 -0.0176012 -0.0231784 0.0299533 -0.0174287 -0.0240036 0.0290515 -0.0162735 -0.0239521 0.0292618 -0.0163493 -0.0238815 0.0294546 -0.0164522 -0.0237935 0.0296241 -0.0165792 -0.0236899 0.0297665 -0.0167268 -0.0234467 0.0299537 -0.0170662 -0.0235735 0.029877 -0.0168905 -0.0233135 0.0299937 -0.0172477 -0.0229253 0.0297658 -0.0177603 -0.0225372 9.99992e-05 -0.0182503 -0.0228145 0.0296235 -0.0179025 -0.0226412 0.029261 -0.0181211 -0.022719 0.0294538 -0.0180235 -0.022549 0.0288278 -0.0182358 -0.0225841 0.0290507 -0.0181922 -0.0225372 0.0286 -0.0182503 -0.0248843 0.0286 -0.0167562 -0.0248843 9.99992e-05 -0.0167562 -0.0240455 0.0001 -0.0162115 -0.0240455 0.0286 -0.0162115 -0.0260623 0.0286 -0.0127183 -0.0260623 9.99992e-05 -0.0127183 -0.0269535 0.0001 -0.0131723 -0.0269535 0.0286 -0.0131723 -0.0270738 0.0001 -0.0103927 -0.027067 0.0288287 -0.0104104 -0.0270738 0.0286 -0.0103927 -0.0265935 0.0001 -0.0115665 -0.0264141 0.0298769 -0.0119706 -0.0265027 0.0299533 -0.0117731 -0.027047 0.0290513 -0.0104624 -0.0270138 0.0292616 -0.0105478 -0.0269682 0.0294545 -0.0106638 -0.026911 0.0296239 -0.0108073 -0.0268433 0.0297663 -0.0109743 -0.0266826 0.0299536 -0.0113595 -0.0267667 0.0298769 -0.0111599 -0.0265937 0.0299937 -0.0115662 -0.0263306 0.0297659 -0.0121532 -0.0260623 9.99992e-05 -0.0127183 -0.0262545 0.0296237 -0.0123167 -0.0261347 0.0292611 -0.0125689 -0.0261886 0.029454 -0.0124562 -0.0260705 0.0288279 -0.0127015 -0.026095 0.0290508 -0.0126511 -0.0260623 0.0286 -0.0127183 -0.0280074 0.0286 -0.010751 -0.0280074 9.99992e-05 -0.010751 -0.0270738 0.0001 -0.0103927 -0.0270738 0.0286 -0.0103927 -0.0293589 0.03 -0.0061687 -0.0280347 0.03 -0.00595895 -0.0293298 0.03 -0.00630597 -0.0275289 0.0285 -0.00737634 -0.0275289 9.99992e-05 -0.00737634 -0.0289778 0.0001 -0.00776457 -0.0289778 0.0285 -0.00776457 -0.0281376 0.0289618 -0.00453037 -0.0281491 0.0001 -0.00445838 -0.0281232 0.0291787 -0.00461869 -0.0277696 0.0001 -0.00641091 -0.0276816 0.0297108 -0.00678091 -0.0277284 0.029834 -0.00658679 -0.0281462 0.0287341 -0.00447654 -0.0281491 0.0285 -0.00445838 -0.0281032 0.029379 -0.00473923 -0.0280775 0.0295578 -0.00488902 -0.0279763 0.0001 -0.00543825 -0.0280464 0.0297108 -0.00506442 -0.0280102 0.029834 -0.00526076 -0.0279694 0.0299248 -0.00547369 -0.0279248 0.0299804 -0.00569699 -0.0278772 0.03 -0.00592548 -0.0277776 0.0299246 -0.00637602 -0.0278276 0.0299803 -0.00615418 -0.0276387 0.0295579 -0.00695368 -0.0275289 9.99992e-05 -0.00737634 -0.0276012 0.029379 -0.00710111 -0.0275476 0.0289615 -0.00730605 -0.0275705 0.0291788 -0.00721937 -0.0275289 0.0285 -0.00737634 -0.0275336 0.0287335 -0.00735868 -0.0296306 0.0285 -0.00469303 -0.0296306 9.99992e-05 -0.00469303 -0.0281491 0.0001 -0.00445838 -0.0281491 0.0285 -0.00445838 -0.0293589 0.03 0.0061687 -0.0293298 0.03 0.00630597 -0.0280347 0.03 0.00595895 -0.0281491 0.0285 0.00445838 -0.0281491 9.99992e-05 0.00445838 -0.0296306 0.0001 0.00469303 -0.0296306 0.0285 0.00469303 -0.0275477 0.0289618 0.0073059 -0.0275289 0.0001 0.00737634 -0.0275704 0.0291787 0.00721936 -0.0279763 0.0001 0.00543825 -0.0280464 0.0297108 0.00506445 -0.0280103 0.029834 0.00526083 -0.0275336 0.0287341 0.00735858 -0.0275289 0.0285 0.00737634 -0.0276011 0.029379 0.00710108 -0.0276386 0.0295578 0.0069538 -0.0277696 0.0001 0.00641091 -0.0276815 0.0297108 0.00678091 -0.0277284 0.029834 0.00658684 -0.0277777 0.0299248 0.00637571 -0.0278277 0.0299804 0.00615357 -0.0278772 0.03 0.00592548 -0.0279695 0.0299246 0.00547339 -0.0279249 0.0299803 0.00569638 -0.0280775 0.0295579 0.00488918 -0.0281491 9.99992e-05 0.00445838 -0.0281032 0.029379 0.00473923 -0.0281377 0.0289615 0.00453023 -0.0281233 0.0291788 0.00461871 -0.0281491 0.0285 0.00445838 -0.0281463 0.0287335 0.00447644 -0.0289778 0.0285 0.00776457 -0.0289778 9.99992e-05 0.00776457 -0.0275289 0.0001 0.00737634 -0.0275289 0.0285 0.00737634 -0.0274348 0.03 0.012138 -0.0273777 0.03 0.0122662 -0.0261831 0.03 0.0116575 -0.0280074 0.0285 0.010751 -0.026607 0.0285 0.0102135 -0.026607 9.99992e-05 0.0102135 -0.0280074 0.0001 0.010751 -0.0254267 0.0289618 0.0128737 -0.0253937 0.0001 0.0129387 -0.025467 0.0291787 0.0127938 -0.0262343 0.0001 0.011136 -0.0263806 0.0297108 0.010785 -0.0263044 0.029834 0.0109695 -0.025402 0.0287341 0.0129223 -0.0253937 0.0285 0.0129387 -0.0255216 0.029379 0.0126845 -0.0255889 0.0295578 0.0125482 -0.0258299 0.0001 0.0120444 -0.0256668 0.0297108 0.012388 -0.0257529 0.029834 0.012208 -0.0258451 0.0299248 0.0120117 -0.0259402 0.0299804 0.0118048 -0.026036 0.03 0.011592 -0.0262203 0.0299246 0.011169 -0.0261303 0.0299803 0.0113778 -0.0264475 0.0295579 0.01062 -0.026607 9.99992e-05 0.0102135 -0.0265038 0.029379 0.0104787 -0.0265809 0.0289615 0.0102814 -0.0265484 0.0291788 0.0103649 -0.026607 0.0285 0.0102135 -0.0266005 0.0287335 0.0102306 -0.0267302 0.0285 0.0136197 -0.0267302 9.99992e-05 0.0136197 -0.0253937 0.0001 0.0129387 -0.0253937 0.0285 0.0129387 -0.0243117 0.03 0.0175767 -0.0242292 0.03 0.0176903 -0.0231872 0.03 0.0168465 -0.0239021 0.0285 0.0155222 -0.0239021 9.99992e-05 0.0155222 -0.0251601 0.0001 0.0163392 -0.0251601 0.0285 0.0163392 -0.0221945 0.0289618 0.0178789 -0.0221487 0.0001 0.0179356 -0.0222505 0.0291787 0.0178091 -0.0233457 0.0001 0.0163471 -0.0235618 0.0297108 0.0160341 -0.0234489 0.029834 0.0161988 -0.0221602 0.0287341 0.0179213 -0.0221487 0.0285 0.0179356 -0.0223266 0.029379 0.0177136 -0.0224208 0.0295578 0.0175942 -0.0227612 0.0001 0.0171516 -0.0225303 0.0297108 0.0174538 -0.022652 0.029834 0.0172955 -0.0227829 0.0299248 0.0171227 -0.022919 0.0299804 0.0169401 -0.023057 0.03 0.0167519 -0.0233252 0.0299246 0.0163764 -0.0231937 0.0299803 0.016562 -0.0236615 0.0295579 0.0158866 -0.0239021 9.99992e-05 0.0155222 -0.023746 0.029379 0.0157601 -0.0238624 0.0289615 0.0155832 -0.0238133 0.0291788 0.0156582 -0.0239021 0.0285 0.0155222 -0.0238922 0.0287335 0.0155375 -0.0221487 0.0285 0.0179356 -0.0233144 0.0285 0.0188796 -0.0233144 9.99992e-05 0.0188796 -0.0221487 0.0001 0.0179356 -0.020126 0.03 0.0222473 -0.0200217 0.03 0.0223412 -0.0191779 0.03 0.0212993 -0.0201525 0.0285 0.0201525 -0.0201525 9.99992e-05 0.0201525 -0.0212132 0.0001 0.0212132 -0.0212132 0.0285 0.0212132 -0.0179922 0.0289618 0.0221027 -0.0179356 0.0001 0.0221487 -0.0180615 0.0291787 0.0220461 -0.0194368 0.0001 0.0208437 -0.0197132 0.0297108 0.0205825 -0.0195685 0.029834 0.0207201 -0.0179499 0.0287341 0.0221371 -0.0179356 0.0285 0.0221487 -0.0181559 0.029379 0.0219684 -0.0182728 0.0295578 0.0218713 -0.0186978 0.0001 0.0215091 -0.0184091 0.0297108 0.0217567 -0.0185611 0.029834 0.0216272 -0.0187251 0.0299248 0.0214854 -0.0188961 0.0299804 0.0213351 -0.0190702 0.03 0.0211796 -0.0194106 0.0299246 0.0208681 -0.0192435 0.0299803 0.0210223 -0.0198414 0.0295579 0.020459 -0.0201525 9.99992e-05 0.0201525 -0.0199503 0.029379 0.0203528 -0.020101 0.0289615 0.0202039 -0.0200374 0.0291788 0.0202671 -0.0201525 0.0285 0.0201525 -0.0201396 0.0287335 0.0201655 -0.0188796 0.0285 0.0233144 -0.0188796 9.99992e-05 0.0233144 -0.0179356 0.0001 0.0221487 -0.0179356 0.0285 0.0221487 -0.0150607 0.03 0.0259456 -0.0149392 0.03 0.0260158 -0.0143305 0.03 0.0248211 -0.0155222 0.0285 0.0239021 -0.0155222 9.99992e-05 0.0239021 -0.0163392 0.0001 0.0251601 -0.0163392 0.0285 0.0251601 -0.0130036 0.0289618 0.0253605 -0.0129387 0.0001 0.0253937 -0.0130832 0.0291787 0.0253195 -0.0146784 0.0001 0.0244294 -0.0150031 0.0297108 0.0242313 -0.014833 0.029834 0.0243359 -0.0129551 0.0287341 0.0253853 -0.0129387 0.0285 0.0253937 -0.0131916 0.029379 0.0252632 -0.0133262 0.0295578 0.0251925 -0.0138172 0.0001 0.0249266 -0.0134834 0.0297108 0.0251087 -0.0136589 0.029834 0.0250136 -0.0138488 0.0299248 0.024909 -0.0140474 0.0299804 0.0247976 -0.01425 0.03 0.0246817 -0.0146477 0.0299246 0.0244478 -0.0144522 0.0299803 0.0245639 -0.0151542 0.0295579 0.0241372 -0.0155222 9.99992e-05 0.0239021 -0.0152828 0.029379 0.0240559 -0.0154612 0.0289615 0.0239417 -0.0153858 0.0291788 0.0239902 -0.0155222 0.0285 0.0239021 -0.0155069 0.0287335 0.0239121 -0.0136197 0.0285 0.0267302 -0.0136197 9.99992e-05 0.0267302 -0.0129387 0.0001 0.0253937 -0.0129387 0.0285 0.0253937 -0.00933722 0.03 0.0285099 -0.00920375 0.03 0.0285533 -0.00885673 0.03 0.0272582 -0.0102135 0.0285 0.026607 -0.0102135 9.99992e-05 0.026607 -0.010751 0.0001 0.0280074 -0.010751 0.0285 0.0280074 -0.00744673 0.0289618 0.0275099 -0.00737634 0.0001 0.0275289 -0.00753307 0.0291787 0.0274864 -0.0092785 0.0001 0.0269473 -0.00963728 0.0297108 0.0268212 -0.00944912 0.029834 0.026888 -0.0073941 0.0287341 0.0275241 -0.00737634 0.0285 0.0275289 -0.00765085 0.029379 0.0274538 -0.00779714 0.0295578 0.0274126 -0.00833279 0.0001 0.0272546 -0.00796832 0.0297108 0.0273634 -0.0081598 0.029834 0.0273069 -0.0083673 0.0299248 0.027244 -0.00858472 0.0299804 0.0271763 -0.00880698 0.03 0.0271051 -0.00924465 0.0299246 0.026959 -0.00902925 0.0299803 0.0270319 -0.00980462 0.0295579 0.0267604 -0.0102135 9.99992e-05 0.026607 -0.00994732 0.029379 0.0267077 -0.0101455 0.0289615 0.026633 -0.0100617 0.0291788 0.0266648 -0.0102135 0.0285 0.026607 -0.0101964 0.0287335 0.0266136 -0.00776457 0.0285 0.0289778 -0.00776457 9.99992e-05 0.0289778 -0.00737634 0.0001 0.0275289 -0.00737634 0.0285 0.0275289 -0.0045366 0.0286 0.028643 -0.0045366 9.99992e-05 0.028643 -0.00469303 0.0001 0.0296306 -0.00469303 0.0286 0.0296306 -0.00201683 0.0001 0.0289298 -0.00203574 0.0288287 0.0289285 -0.00201683 0.0286 0.0289298 -0.00327985 0.0001 0.0288139 -0.00371923 0.0298768 0.0287605 -0.00350451 0.0299533 0.0287875 -0.00209145 0.0290515 0.0289245 -0.00218287 0.0292618 0.0289177 -0.00230724 0.0294546 0.0289081 -0.00246127 0.0296241 0.0288954 -0.0026409 0.0297665 0.0288795 -0.00305641 0.0299537 0.0288385 -0.00284089 0.029877 0.0288605 -0.00328018 0.0299937 0.0288139 -0.00391821 0.0297658 0.0287341 -0.0045366 9.99992e-05 0.028643 -0.00409673 0.0296235 0.0287092 -0.00437271 0.029261 0.0286684 -0.0042493 0.0294538 0.028687 -0.00451815 0.0288278 0.0286459 -0.00446285 0.0290507 0.0286545 -0.0045366 0.0286 0.028643 -0.00206918 0.0286 0.0299286 -0.00206917 9.99992e-05 0.0299286 -0.00201683 0.0001 0.0289298 -0.00201683 0.0286 0.0289298 0.00201683 0.0286 0.0289298 0.00201683 9.99992e-05 0.0289298 0.00206918 0.0001 0.0299286 0.00206918 0.0286 0.0299286 0.0045366 0.0001 0.028643 0.00451789 0.0288287 0.0286459 0.0045366 0.0286 0.028643 0.00327985 0.0001 0.0288139 0.00284022 0.0298769 0.0288606 0.0030556 0.0299533 0.0288386 0.00446276 0.0290513 0.0286546 0.00437221 0.0292616 0.0286685 0.00424895 0.0294545 0.028687 0.0040961 0.0296239 0.0287093 0.0039176 0.0297663 0.0287342 0.00350369 0.0299536 0.0287876 0.00371857 0.0298769 0.0287606 0.00328018 0.0299937 0.0288139 0.00264029 0.0297659 0.0288796 0.00201683 9.99992e-05 0.0289298 0.00246063 0.0296237 0.0288954 0.00218237 0.0292611 0.0289178 0.00230688 0.029454 0.0289081 0.00203548 0.0288279 0.0289285 0.00209135 0.0290508 0.0289245 0.00201683 0.0286 0.0289298 0.00469303 0.0286 0.0296306 0.00469303 9.99992e-05 0.0296306 0.0045366 0.0001 0.028643 0.0045366 0.0286 0.028643 0.00933722 0.03 0.0285099 0.00885673 0.03 0.0272582 0.00920375 0.03 0.0285533 0.00737634 0.0285 0.0275289 0.00737634 9.99992e-05 0.0275289 0.00776457 0.0001 0.0289778 0.00776457 0.0285 0.0289778 0.0101454 0.0289618 0.0266331 0.0102135 0.0001 0.026607 0.0100617 0.0291787 0.0266648 0.00833279 0.0001 0.0272546 0.00796835 0.0297108 0.0273634 0.00815988 0.029834 0.0273069 0.0101963 0.0287341 0.0266136 0.0102135 0.0285 0.026607 0.00994729 0.029379 0.0267077 0.00980472 0.0295578 0.0267603 0.0092785 0.0001 0.0269473 0.00963727 0.0297108 0.0268211 0.00944916 0.029834 0.0268879 0.00924434 0.0299248 0.0269591 0.00902865 0.0299804 0.0270321 0.00880698 0.03 0.0271051 0.00836702 0.0299246 0.0272441 0.00858412 0.0299803 0.0271765 0.0077973 0.0295579 0.0274127 0.00737634 9.99992e-05 0.0275289 0.00765085 0.029379 0.0274539 0.0074466 0.0289615 0.02751 0.00753309 0.0291788 0.0274864 0.00737634 0.0285 0.0275289 0.007394 0.0287335 0.0275242 0.0102135 0.0285 0.026607 0.010751 0.0285 0.0280074 0.010751 0.0001 0.0280074 0.0102135 0.0001 0.026607 0.0200217 0.03 0.0223412 0.020126 0.03 0.0222473 0.0191779 0.03 0.0212993 0.0188796 0.0285 0.0233144 0.0179356 0.0285 0.0221487 0.0179356 0.0001 0.0221487 0.0188796 0.0001 0.0233144 0.0201009 0.0289618 0.020204 0.0201525 0.0001 0.0201525 0.0200374 0.0291787 0.020267 0.0186978 0.0001 0.0215091 0.0184092 0.0297108 0.0217567 0.0185611 0.029834 0.0216272 0.0201395 0.0287341 0.0201655 0.0201525 0.0285 0.0201525 0.0199503 0.029379 0.0203527 0.0198415 0.0295578 0.0204588 0.0194368 0.0001 0.0208437 0.0197132 0.0297108 0.0205824 0.0195686 0.029834 0.02072 0.0194104 0.0299248 0.0208683 0.019243 0.0299804 0.0210227 0.0190702 0.03 0.0211796 0.0187248 0.0299246 0.0214856 0.0188957 0.0299803 0.0213355 0.0182729 0.0295579 0.0218713 0.0179356 0.0001 0.0221487 0.0181559 0.029379 0.0219685 0.0179921 0.0289615 0.0221028 0.0180616 0.0291788 0.0220461 0.0179356 0.0285 0.0221487 0.0179498 0.0287335 0.0221372 0.0201525 0.0285 0.0201525 0.0212132 0.0285 0.0212132 0.0212132 0.0001 0.0212132 0.0201525 0.0001 0.0201525 0.0242292 0.03 0.0176903 0.0243117 0.03 0.0175767 0.0231872 0.03 0.0168465 0.0233144 0.0285 0.0188796 0.0221487 0.0285 0.0179356 0.0221487 0.0001 0.0179356 0.0233144 0.0001 0.0188796 0.0238623 0.0289618 0.0155833 0.0239021 0.0001 0.0155222 0.0238133 0.0291787 0.0156581 0.0227612 0.0001 0.0171516 0.0225303 0.0297108 0.0174538 0.0226521 0.029834 0.0172955 0.0238921 0.0287341 0.0155376 0.0239021 0.0285 0.0155222 0.0237459 0.029379 0.0157601 0.0236615 0.0295578 0.0158865 0.0233457 0.0001 0.0163471 0.0235618 0.0297108 0.0160341 0.0234489 0.029834 0.0161987 0.023325 0.0299248 0.0163766 0.0231934 0.0299804 0.0165625 0.023057 0.03 0.0167519 0.0227828 0.0299246 0.017123 0.0229186 0.0299803 0.0169406 0.0224209 0.0295579 0.0175942 0.0221487 0.0001 0.0179356 0.0223267 0.029379 0.0177136 0.0221944 0.0289615 0.017879 0.0222505 0.0291788 0.0178092 0.0221487 0.0285 0.0179356 0.0221602 0.0287335 0.0179214 0.0251601 0.0285 0.0163392 0.0251601 0.0001 0.0163392 0.0239021 0.0001 0.0155222 0.0239021 0.0285 0.0155222 0.0273777 0.03 0.0122662 0.0274348 0.03 0.012138 0.0261831 0.03 0.0116575 0.0253937 0.0285 0.0129387 0.0253937 0.0001 0.0129387 0.0267302 0.0001 0.0136197 0.0267302 0.0285 0.0136197 0.0265808 0.0289618 0.0102815 0.026607 0.0001 0.0102135 0.0265484 0.0291787 0.0103649 0.0258299 0.0001 0.0120444 0.0256669 0.0297108 0.0123881 0.025753 0.029834 0.0122079 0.0266005 0.0287341 0.0102307 0.026607 0.0285 0.0102135 0.0265037 0.029379 0.0104786 0.0264474 0.0295578 0.0106198 0.0262343 0.0001 0.011136 0.0263805 0.0297108 0.0107849 0.0263044 0.029834 0.0109695 0.0262202 0.0299248 0.0111692 0.0261301 0.0299804 0.0113784 0.026036 0.03 0.011592 0.025845 0.0299246 0.012012 0.02594 0.0299803 0.0118054 0.025589 0.0295579 0.0125481 0.0253937 0.0001 0.0129387 0.0255216 0.029379 0.0126845 0.0254266 0.0289615 0.0128739 0.025467 0.0291788 0.0127938 0.0253937 0.0285 0.0129387 0.025402 0.0287335 0.0129224 0.026607 0.0285 0.0102135 0.0280074 0.0285 0.010751 0.0280074 0.0001 0.010751 0.026607 0.0001 0.0102135 0.0293298 0.03 0.00630597 0.0293589 0.03 0.0061687 0.0280347 0.03 0.00595895 0.0289778 0.0285 0.00776457 0.0275289 0.0285 0.00737634 0.0275289 0.0001 0.00737634 0.0289778 0.0001 0.00776457 0.0281376 0.0289618 0.00453037 0.0281491 0.0001 0.00445838 0.0281232 0.0291787 0.00461869 0.0277696 0.0001 0.00641091 0.0276816 0.0297108 0.00678091 0.0277284 0.029834 0.00658679 0.0281462 0.0287341 0.00447654 0.0281491 0.0285 0.00445838 0.0281032 0.029379 0.00473923 0.0280775 0.0295578 0.00488902 0.0279763 0.0001 0.00543825 0.0280464 0.0297108 0.00506442 0.0280102 0.029834 0.00526076 0.0279694 0.0299248 0.00547369 0.0279248 0.0299804 0.00569699 0.0278772 0.03 0.00592548 0.0277776 0.0299246 0.00637602 0.0278276 0.0299803 0.00615418 0.0276387 0.0295579 0.00695368 0.0275289 0.0001 0.00737634 0.0276012 0.029379 0.00710111 0.0275476 0.0289615 0.00730605 0.0275705 0.0291788 0.00721937 0.0275289 0.0285 0.00737634 0.0275336 0.0287335 0.00735868 0.0281491 0.0285 0.00445838 0.0296306 0.0285 0.00469303 0.0296306 0.0001 0.00469303 0.0281491 0.0001 0.00445838 0.0280347 0.03 -0.00595895 0.0293589 0.03 -0.0061687 0.0293298 0.03 -0.00630597 0.0296306 0.0285 -0.00469303 0.0281491 0.0285 -0.00445838 0.0281491 0.0001 -0.00445838 0.0296306 0.0001 -0.00469303 0.0275477 0.0289618 -0.0073059 0.0275289 0.0001 -0.00737634 0.0275704 0.0291787 -0.00721936 0.0279763 0.0001 -0.00543825 0.0280464 0.0297108 -0.00506445 0.0280103 0.029834 -0.00526083 0.0275336 0.0287341 -0.00735858 0.0275289 0.0285 -0.00737634 0.0276011 0.029379 -0.00710108 0.0276386 0.0295578 -0.0069538 0.0277696 0.0001 -0.00641091 0.0276815 0.0297108 -0.00678091 0.0277284 0.029834 -0.00658684 0.0277777 0.0299248 -0.00637571 0.0278277 0.0299804 -0.00615357 0.0278772 0.03 -0.00592548 0.0279695 0.0299246 -0.00547339 0.0279249 0.0299803 -0.00569638 0.0280775 0.0295579 -0.00488918 0.0281491 0.0001 -0.00445838 0.0281032 0.029379 -0.00473923 0.0281377 0.0289615 -0.00453023 0.0281233 0.0291788 -0.00461871 0.0281491 0.0285 -0.00445838 0.0281463 0.0287335 -0.00447644 0.0275289 0.0285 -0.00737634 0.0289778 0.0285 -0.00776457 0.0289778 0.0001 -0.00776457 0.0275289 0.0001 -0.00737634 0.0270738 0.0286 -0.0103927 0.0270738 0.0001 -0.0103927 0.0280074 0.0001 -0.010751 0.0280074 0.0286 -0.010751 0.0260623 0.0001 -0.0127183 0.0260707 0.0288287 -0.0127012 0.0260623 0.0286 -0.0127183 0.0265935 0.0001 -0.0115665 0.026767 0.0298768 -0.0111593 0.0266829 0.0299533 -0.0113587 0.0260951 0.0290515 -0.012651 0.0261349 0.0292618 -0.0125684 0.0261887 0.0294546 -0.0124559 0.0262548 0.0296241 -0.0123162 0.0263308 0.0297665 -0.0121527 0.0265031 0.0299537 -0.0117723 0.0264144 0.029877 -0.01197 0.0265937 0.0299937 -0.0115662 0.0268436 0.0297658 -0.0109738 0.0270738 0.0001 -0.0103927 0.0269112 0.0296235 -0.0108067 0.027014 0.029261 -0.0105473 0.0269683 0.0294538 -0.0106635 0.0270671 0.0288278 -0.0104101 0.027047 0.0290507 -0.0104623 0.0270738 0.0286 -0.0103927 0.0269535 0.0286 -0.0131723 0.0269535 0.0001 -0.0131723 0.0260623 0.0001 -0.0127183 0.0260623 0.0286 -0.0127183 0.0240455 0.0286 -0.0162115 0.0240455 0.0001 -0.0162115 0.0248843 0.0001 -0.0167562 0.0248843 0.0286 -0.0167562 0.0225372 0.0001 -0.0182503 0.0225492 0.0288287 -0.0182356 0.0225372 0.0286 -0.0182503 0.0233137 0.0001 -0.0172474 0.0235739 0.0298769 -0.01689 0.0234471 0.0299533 -0.0170655 0.0225842 0.0290513 -0.0181921 0.0226416 0.0292616 -0.0181207 0.0227192 0.0294545 -0.0180232 0.0228149 0.0296239 -0.017902 0.0229257 0.0297663 -0.0177598 0.0231789 0.0299536 -0.0174281 0.0230481 0.0298769 -0.0176007 0.0233135 0.0299937 -0.0172477 0.0236903 0.0297659 -0.0167263 0.0240455 0.0001 -0.0162115 0.0237939 0.0296237 -0.0165787 0.0239523 0.0292611 -0.0163489 0.0238817 0.029454 -0.0164519 0.0240351 0.0288279 -0.016227 0.0240037 0.0290508 -0.0162734 0.0240455 0.0286 -0.0162115 0.0233144 0.0286 -0.0188796 0.0233144 0.0001 -0.0188796 0.0225372 0.0001 -0.0182503 0.0225372 0.0286 -0.0182503 0.020126 0.03 -0.0222473 0.0200217 0.03 -0.0223412 0.0191779 0.03 -0.0212993 0.0212132 0.0285 -0.0212132 0.0201525 0.0285 -0.0201525 0.0201525 0.0001 -0.0201525 0.0212132 0.0001 -0.0212132 0.0179922 0.0289618 -0.0221027 0.0179356 0.0001 -0.0221487 0.0180615 0.0291787 -0.0220461 0.0194368 0.0001 -0.0208437 0.0197132 0.0297108 -0.0205825 0.0195685 0.029834 -0.0207201 0.0179499 0.0287341 -0.0221371 0.0179356 0.0285 -0.0221487 0.0181559 0.029379 -0.0219684 0.0182728 0.0295578 -0.0218713 0.0186978 0.0001 -0.0215091 0.0184091 0.0297108 -0.0217567 0.0185611 0.029834 -0.0216272 0.0187251 0.0299248 -0.0214854 0.0188961 0.0299804 -0.0213351 0.0190702 0.03 -0.0211796 0.0194106 0.0299246 -0.0208681 0.0192435 0.0299803 -0.0210223 0.0198414 0.0295579 -0.020459 0.0201525 0.0001 -0.0201525 0.0199503 0.029379 -0.0203528 0.020101 0.0289615 -0.0202039 0.0200374 0.0291788 -0.0202671 0.0201525 0.0285 -0.0201525 0.0201396 0.0287335 -0.0201655 0.0179356 0.0285 -0.0221487 0.0188796 0.0285 -0.0233144 0.0188796 0.0001 -0.0233144 0.0179356 0.0001 -0.0221487 0.0150607 0.03 -0.0259456 0.0149392 0.03 -0.0260158 0.0143305 0.03 -0.0248211 0.0163392 0.0285 -0.0251601 0.0155222 0.0285 -0.0239021 0.0155222 0.0001 -0.0239021 0.0163392 0.0001 -0.0251601 0.0130036 0.0289618 -0.0253605 0.0129387 0.0001 -0.0253937 0.0130832 0.0291787 -0.0253195 0.0146784 0.0001 -0.0244294 0.0150031 0.0297108 -0.0242313 0.014833 0.029834 -0.0243359 0.0129551 0.0287341 -0.0253853 0.0129387 0.0285 -0.0253937 0.0131916 0.029379 -0.0252632 0.0133262 0.0295578 -0.0251925 0.0138172 0.0001 -0.0249266 0.0134834 0.0297108 -0.0251087 0.0136589 0.029834 -0.0250136 0.0138488 0.0299248 -0.024909 0.0140474 0.0299804 -0.0247976 0.01425 0.03 -0.0246817 0.0146477 0.0299246 -0.0244478 0.0144522 0.0299803 -0.0245639 0.0151542 0.0295579 -0.0241372 0.0155222 0.0001 -0.0239021 0.0152828 0.029379 -0.0240559 0.0154612 0.0289615 -0.0239417 0.0153858 0.0291788 -0.0239902 0.0155222 0.0285 -0.0239021 0.0155069 0.0287335 -0.0239121 0.0129387 0.0285 -0.0253937 0.0136197 0.0285 -0.0267302 0.0136197 0.0001 -0.0267302 0.0129387 0.0001 -0.0253937 0.00920375 0.03 -0.0285533 0.00885673 0.03 -0.0272582 0.00933722 0.03 -0.0285099 0.010751 0.0285 -0.0280074 0.0102135 0.0285 -0.026607 0.0102135 0.0001 -0.026607 0.010751 0.0001 -0.0280074 0.00744673 0.0289618 -0.0275099 0.00737634 0.0001 -0.0275289 0.00753307 0.0291787 -0.0274864 0.0092785 0.0001 -0.0269473 0.00963728 0.0297108 -0.0268212 0.00944912 0.029834 -0.026888 0.0073941 0.0287341 -0.0275241 0.00737634 0.0285 -0.0275289 0.00765085 0.029379 -0.0274538 0.00779714 0.0295578 -0.0274126 0.00833279 0.0001 -0.0272546 0.00796832 0.0297108 -0.0273634 0.0081598 0.029834 -0.0273069 0.0083673 0.0299248 -0.027244 0.00858472 0.0299804 -0.0271763 0.00880698 0.03 -0.0271051 0.00924465 0.0299246 -0.026959 0.00902925 0.0299803 -0.0270319 0.00980462 0.0295579 -0.0267604 0.0102135 0.0001 -0.026607 0.00994732 0.029379 -0.0267077 0.0101455 0.0289615 -0.026633 0.0100617 0.0291788 -0.0266648 0.0102135 0.0285 -0.026607 0.0101964 0.0287335 -0.0266136 0.00737634 0.0285 -0.0275289 0.00776457 0.0285 -0.0289778 0.00776457 0.0001 -0.0289778 0.00737634 0.0001 -0.0275289 0.0149392 0.03 0.0260158 0.0150607 0.03 0.0259456 0.0143305 0.03 0.0248211 0.0136197 0.0285 0.0267302 0.0129387 0.0285 0.0253937 0.0129387 0.0001 0.0253937 0.0136197 0.0001 0.0267302 0.015461 0.0289618 0.0239417 0.0155222 0.0001 0.0239021 0.0153858 0.0291787 0.0239901 0.0138172 0.0001 0.0249266 0.0134834 0.0297108 0.0251088 0.013659 0.029834 0.0250137 0.0155068 0.0287341 0.0239121 0.0155222 0.0285 0.0239021 0.0152828 0.029379 0.0240559 0.0151543 0.0295578 0.024137 0.0146784 0.0001 0.0244294 0.0150031 0.0297108 0.0242313 0.014833 0.029834 0.0243358 0.0146474 0.0299248 0.0244479 0.0144516 0.0299804 0.0245642 0.01425 0.03 0.0246817 0.0138486 0.0299246 0.0249092 0.0140468 0.0299803 0.0247979 0.0133263 0.0295579 0.0251925 0.0129387 0.0001 0.0253937 0.0131916 0.029379 0.0252633 0.0130035 0.0289615 0.0253606 0.0130832 0.0291788 0.0253196 0.0129387 0.0285 0.0253937 0.012955 0.0287335 0.0253854 0.0155222 0.0285 0.0239021 0.0163392 0.0285 0.0251601 0.0163392 0.0001 0.0251601 0.0155222 0.0001 0.0239021 -0.00994609 0.0001 -0.0218416 -0.0112551 0.0001 -0.0211972 0.0216923 0.0001 0.0102674 0.0137427 0.0001 -0.0196751 0.0198746 0.0001 -0.0134526 0.017094 0.0001 -0.0168454 0.0229969 0.0001 -0.00686431 0.0219915 0.0001 -0.00960987 0.00720166 0.0001 -0.0228934 0.00858665 0.0001 -0.0224113 0.00993276 0.0001 -0.0218476 0.0125206 0.0001 -0.0204751 0.0112492 0.0001 -0.0211999 0.0149213 0.0001 -0.0187974 0.0190177 0.0001 -0.0146394 0.0160368 0.0001 -0.0178553 0.0213639 0.0001 -0.0109345 0.018094 0.0001 -0.0157673 0.0206605 0.0001 -0.0122125 0.00579144 0.0001 -0.0232904 0.0225374 0.0001 -0.00824993 0.0236621 0.0001 -0.00401194 0.0233737 0.0001 -0.00544547 0.023862 0.0001 -0.00256454 0.00436617 0.0001 -0.0235995 0.00292584 0.0001 -0.0238208 0.00147045 0.0001 -0.0239543 0.0239748 0.0001 -0.00109838 0.023997 0.0001 0.00036012 -0.00147045 0.0001 -0.0239543 0.0239302 0.0001 0.00182129 0.0235309 0.0001 0.00472036 -0.00437023 0.0001 -0.0235984 -0.00580538 0.0001 -0.0232867 -0.00292584 0.0001 -0.0238208 0.0210261 0.0001 0.0115714 -0.00721086 0.0001 -0.022891 -0.00859365 0.0001 -0.0224081 0.0227805 0.0001 0.00755302 -0.0160458 0.0001 -0.0178466 0.0185699 0.0001 0.0152036 -0.0149236 0.0001 -0.0187959 -0.0137544 0.0001 -0.0196672 0.0194605 0.0001 0.0140455 0.0202831 0.0001 0.0128285 -0.0180949 0.0001 -0.015766 -0.019026 0.0001 -0.0146282 0.0154937 0.0001 0.0183284 -0.0171033 0.0001 -0.0168364 0.0176096 0.0001 0.0163056 0.0131443 0.0001 0.0200805 -0.020663 0.0001 -0.0122075 0.0119001 0.0001 0.0208415 0.0143476 0.0001 0.0192384 -0.0198812 0.0001 -0.0134437 -0.02254 0.0001 -0.00824151 0.00927174 0.0001 0.0221367 -0.0219953 0.0001 -0.00960233 0.00650927 0.0001 0.0231 -0.0230011 0.0001 -0.00685042 -0.0233752 0.0001 -0.00544057 0.00790886 0.0001 0.0226589 -0.0238637 0.0001 -0.00255088 0.000737517 0.0001 0.0239884 0.0021944 0.0001 0.0238993 0.00365325 0.0001 0.0237197 -0.00363942 0.0001 0.0237221 -0.0235279 0.0001 0.00473428 -0.00507904 0.0001 0.0234558 -0.000724768 0.0001 0.0239884 -0.0239965 0.0001 0.000373244 -0.0239296 0.0001 0.0018336 -0.00926414 0.0001 0.0221393 -0.0227779 0.0001 0.0075594 -0.0222735 0.0001 0.00893683 -0.021021 0.0001 0.0115797 -0.0185619 0.0001 0.0152127 -0.0118874 0.0001 0.0208486 -0.0216896 0.0001 0.0102742 -0.0154831 0.0001 0.018337 -0.0131402 0.0001 0.0200828 -0.0176008 0.0001 0.0163156 -0.0165776 0.0001 0.0173545 -0.00219225 0.0001 0.0238997 -0.00789509 0.0001 0.0226638 -0.00650359 0.0001 0.023102 -0.0143386 0.0001 0.0192457 -0.0105979 0.0001 0.0215332 -0.0202756 0.0001 0.0128407 -0.0194586 0.0001 0.0140486 -0.0237738 0.0001 0.00328578 -0.0231968 0.0001 0.00615669 -0.0239749 0.0001 -0.00109727 -0.0236636 0.0001 -0.00400071 0.00508964 0.0001 0.023454 0.0106059 0.0001 0.0215288 -0.0213705 0.0001 -0.0109215 0.0165781 0.0001 0.0173542 -0.0125293 0.0001 -0.0204692 0.022279 0.0001 0.00892325 0.0231989 0.0001 0.00614677 0.0237744 0.0001 0.00328264 -7.05297e-38 0.0001 -0.024 -0.02795 0.003 0.0015 -0.02795 0.0002 0.0015 -0.02755 0.0002 0.0015 -0.02755 0.003 0.0015 -0.02755 0.003 -0.0015 -0.02755 0.0002 -0.0015 -0.02795 0.0002 -0.0015 -0.02795 0.003 -0.0015 -0.0294449 0.0002 0.000123869 -0.0294449 0.003 -0.000123869 -0.0294449 0.0002 -0.000123869 -0.0294041 0.0002 -0.000368228 -0.0294041 0.003 -0.000368228 -0.0293237 0.003 -0.000602543 -0.0293237 0.0002 -0.000602543 -0.0292057 0.003 -0.000820422 -0.0292057 0.0002 -0.000820422 -0.0290536 0.0002 -0.00101592 -0.0290536 0.003 -0.00101592 -0.0288713 0.003 -0.00118371 -0.0288713 0.0002 -0.00118371 -0.0286639 0.003 -0.00131921 -0.0286639 0.0002 -0.00131921 -0.0284371 0.0002 -0.00141873 -0.0284371 0.003 -0.00141873 -0.0281969 0.003 -0.00147954 -0.0281969 0.0002 -0.00147954 -0.02795 0.003 -0.0015 -0.02795 0.0002 -0.0015 -0.0294449 0.003 0.000123869 -0.0294041 0.0002 0.000368228 -0.0294041 0.003 0.000368228 -0.0293237 0.0002 0.000602543 -0.0293237 0.003 0.000602543 -0.0292057 0.003 0.000820422 -0.0292057 0.0002 0.000820422 -0.0290536 0.0002 0.00101592 -0.0290536 0.003 0.00101592 -0.0288713 0.0002 0.00118371 -0.0288713 0.003 0.00118371 -0.0286639 0.003 0.00131921 -0.0286639 0.0002 0.00131921 -0.0284371 0.0002 0.00141873 -0.0284371 0.003 0.00141873 -0.0281969 0.0002 0.00147954 -0.0281969 0.003 0.00147954 -0.02795 0.0002 0.0015 -0.02795 0.003 0.0015 -0.0284371 0.003 -0.00141873 -0.0286639 0.003 -0.00131921 -0.02795 0.003 -0.0015 -0.0288713 0.003 -0.00118371 -0.0281969 0.003 -0.00147954 -0.0292057 0.003 -0.000820422 -0.0290536 0.003 -0.00101592 -0.0293237 0.003 -0.000602543 -0.0294041 0.003 -0.000368228 -0.0294449 0.003 -0.000123869 -0.02755 0.003 -0.0015 -0.0294449 0.003 0.000123869 -0.02795 0.003 0.0015 -0.0292057 0.003 0.000820422 -0.0290536 0.003 0.00101592 -0.0294041 0.003 0.000368228 -0.0284371 0.003 0.00141873 -0.0281969 0.003 0.00147954 -0.0286639 0.003 0.00131921 -0.0288713 0.003 0.00118371 -0.0293237 0.003 0.000602543 -0.02755 0.003 0.0015 -0.0260551 0.003 0.000123869 -0.0261763 0.003 0.000602543 -0.0260959 0.003 0.000368228 -0.027063 0.003 0.00141873 -0.0268361 0.003 0.00131921 -0.0273031 0.003 0.00147954 -0.0266287 0.003 0.00118371 -0.0264464 0.003 0.00101592 -0.0262943 0.003 0.000820422 -0.0260551 0.003 -0.000123869 -0.0261763 0.003 -0.000602543 -0.0260959 0.003 -0.000368228 -0.0264464 0.003 -0.00101592 -0.0262943 0.003 -0.000820422 -0.0268361 0.003 -0.00131921 -0.0266287 0.003 -0.00118371 -0.0273031 0.003 -0.00147954 -0.027063 0.003 -0.00141873 -0.00326947 0.0301 -0.0298213 0.00488961 0.0301 -0.0295987 0.00326947 0.0301 -0.0298213 -6.83103e-34 0.0301 -0.03 -0.00163961 0.0301 -0.0299551 0.00163961 0.0301 -0.0299551 0.0065 0.0301 -0.0292874 -0.00488961 0.0301 -0.0295987 -0.0065 0.0301 -0.0292874 0.0284263 0.03814 -0.00958701 0.0016324 0.03814 0.0299549 -0.0016324 0.03814 0.0299549 0.0206363 0.03814 0.0217743 0.0181565 0.03814 0.0238818 0.0168416 0.03814 0.0248261 0.0248319 0.03814 0.0168337 0.0265087 0.03814 0.0140449 0.0257087 0.03814 0.0154603 0.0284318 0.03814 0.00957111 0.0140533 0.03814 0.0265048 0.0154729 0.03814 0.0257011 0.0126032 0.03814 0.0272239 0.0278711 0.03814 0.0110978 0.0272284 0.03814 0.0125942 0.022869 0.03814 0.0194156 0.0217812 0.03814 0.0206296 0.0238872 0.03814 0.0181487 0.0194269 0.03814 0.0228595 0.0289073 0.03814 0.00802289 0.0296057 0.03814 0.00484515 0.0292993 0.03814 0.00644288 0.0298244 0.03814 0.00324017 0.0299995 0.03814 -8.44706e-06 0.0299557 0.03814 0.00161829 0.0111113 0.03814 0.0278657 0.00957978 0.03814 0.0284293 0.0299557 0.03814 -0.00162793 0.0080326 0.03814 0.0289043 0.0296029 0.03814 -0.00486179 0.029823 0.03814 -0.0032489 0.0064569 0.03814 0.0292962 0.00485384 0.03814 0.0296047 0.0292976 0.03814 -0.00645312 0.00325035 0.03814 0.0298231 0.0289047 0.03814 -0.00803049 0.0278675 0.03814 -0.0111083 -0.00644288 0.03814 0.0292997 0.0265008 0.03814 -0.0140596 -0.00485384 0.03814 0.0296047 0.0272249 0.03814 -0.0126005 -0.00325035 0.03814 0.0298231 0.0238771 0.03814 -0.0181618 -0.0110985 0.03814 0.0278713 0.0228614 0.03814 -0.0194254 0.0248281 0.03814 -0.0168386 -0.00801747 0.03814 0.0289081 0.0206243 0.03814 -0.0217854 -0.0140502 0.03814 0.0265061 -0.0154616 0.03814 0.0257085 -0.0125886 0.03814 0.0272303 0.0217773 0.03814 -0.0206332 0.0181528 0.03814 -0.0238842 -0.0168281 0.03814 0.024835 0.0168281 0.03814 -0.024835 0.0140502 0.03814 -0.0265061 0.0154616 0.03814 -0.0257085 -0.0206243 0.03814 0.0217854 -0.0194173 0.03814 0.0228683 -0.0181528 0.03814 0.0238842 -0.0238771 0.03814 0.0181618 0.0095776 0.03814 -0.0284299 0.0110985 0.03814 -0.0278713 -0.0217773 0.03814 0.0206332 -0.0228614 0.03814 0.0194254 0.00325035 0.03814 -0.0298231 0.00485384 0.03814 -0.0296047 -0.0265008 0.03814 0.0140596 0.00644288 0.03814 -0.0292997 0.00801747 0.03814 -0.0289081 -0.0248281 0.03814 0.0168386 -0.0016324 0.03814 -0.0299549 0.0016324 0.03814 -0.0299549 -0.0284263 0.03814 0.00958701 -0.0272249 0.03814 0.0126005 -0.0296029 0.03814 0.00486179 -0.0064569 0.03814 -0.0292962 -0.00485384 0.03814 -0.0296047 -0.0292976 0.03814 0.00645312 -0.00325035 0.03814 -0.0298231 -0.0299995 0.03814 8.44706e-06 -0.0298244 0.03814 -0.00324017 -0.0126032 0.03814 -0.0272239 -0.0299557 0.03814 0.00162793 -0.029823 0.03814 0.0032489 -0.0168416 0.03814 -0.0248261 -0.0296057 0.03814 -0.00484515 -0.0299557 0.03814 -0.00161829 -9.64874e-18 0.03814 -0.03 -0.0140533 0.03814 -0.0265048 -0.0154729 0.03814 -0.0257011 -0.0284318 0.03814 -0.00957111 -0.0272284 0.03814 -0.0125942 -0.0265087 0.03814 -0.0140449 -0.0181565 0.03814 -0.0238818 -0.0206363 0.03814 -0.0217743 -0.0257087 0.03814 -0.0154603 -0.0248319 0.03814 -0.0168337 -0.0278711 0.03814 -0.0110978 -0.0194269 0.03814 -0.0228595 -0.0238872 0.03814 -0.0181487 -0.0217812 0.03814 -0.0206296 -0.022869 0.03814 -0.0194156 -0.0289073 0.03814 -0.00802289 -0.0292993 0.03814 -0.00644288 -0.0111113 0.03814 -0.0278657 -0.00957978 0.03814 -0.0284293 -0.0080326 0.03814 -0.0289043 -0.0289047 0.03814 0.00803049 -0.0278675 0.03814 0.0111083 -0.0257031 0.03814 0.0154707 0.0125886 0.03814 -0.0272303 0.0194173 0.03814 -0.0228683 -0.0095776 0.03814 0.0284299 0.0257031 0.03814 -0.0154707 -3.00927e-36 0.03814 0.03 -0.0155515 -2.30926e-17 -0.0237636 -0.0163685 4.6213e-18 -0.0250216 -0.0175748 -5.87965e-35 -0.0241896 -0.0177949 5.16254e-18 -0.0221337 -0.0113536 0 -0.0211445 -0.0142 -4.45881e-35 -0.0245951 -0.0126295 0 -0.0204079 -0.0187389 2.4869e-17 -0.0232995 0.0177949 -5.30131e-18 0.0221337 0.0175748 5.87965e-35 0.0241896 0.0187389 8.12041e-10 0.0232995 -0.00295357 0 -0.0238174 -0.00648903 8.11566e-36 -0.0291874 -0.00725382 -5.30131e-18 -0.027458 -0.02222 -8.04479e-35 -0.020007 -0.0223965 7.03604e-18 -0.018265 -0.0201524 -2.30926e-17 -0.020011 -0.0240174 -5.30131e-18 -0.016074 -0.0242865 9.13158e-18 -0.0151214 -0.0240544 9.13158e-18 -0.0151802 -0.0212131 -1.57374e-17 -0.0210717 -0.0231736 1.77636e-17 -0.0188943 -0.023577 9.13158e-18 -0.0151802 -0.0233449 9.13158e-18 -0.0151214 -0.0252213 9.13158e-18 -0.014106 -0.0262153 -1.00243e-34 -0.0143794 -0.0252607 9.13158e-18 -0.0138697 -0.0251436 9.13158e-18 -0.0131675 -0.0259292 3.8719e-18 -0.0127627 -0.0250296 9.13158e-18 -0.0129569 -0.0265022 -1.03079e-34 -0.0115259 -0.0242865 9.13158e-18 -0.0123786 -0.0245058 9.13158e-18 -0.0124748 -0.0252607 9.13158e-18 -0.0136303 -0.0268203 -2.13163e-17 -0.0132167 -0.0248562 -9.35363e-18 -0.0166187 -0.0255606 -9.68767e-35 -0.0155134 -0.0226332 0 -0.0079825 -0.0221012 0 -0.00935615 -0.0270161 -2.30649e-17 -0.0102634 -0.0274062 1.54043e-18 -0.00744701 -0.0234435 0 -0.0051377 -0.023082 0 -0.00657236 -0.0248825 9.13158e-18 -0.0147321 -0.0247063 9.13158e-18 -0.0148943 -0.0284366 -1.1241e-34 -0.00923961 -0.0288551 6.03961e-17 -0.00783524 -0.0279497 -1.54043e-18 -0.0106218 -0.000470814 5.16254e-18 0.0261286 0 -1.38667e-35 0.024 -0.00148426 0 0.0239535 -0.00326939 -3.01284e-35 0.0287145 -0.00140563 5.16254e-18 0.027144 -0.0046197 -2.40086e-18 0.0285284 -0.0214806 0 -0.0107032 -0.0229251 9.13158e-18 -0.0126057 -0.0231256 9.13158e-18 -0.0124748 -0.0292007 -1.20248e-34 -0.00115138 -0.0289942 -1.19282e-34 -0.00134154 -0.0298608 -1.22764e-34 -0.0015262 -0.0296442 -1.22668e-34 -0.000140385 -0.0299 -1.23808e-34 2.77013e-16 -0.0296442 -1.2283e-34 0.000140385 -0.0272702 -1.13888e-34 0.00167681 -0.0280658 5.34295e-18 0.00434394 -0.026998 -1.12721e-34 0.00160789 -0.0280658 -1.23929e-17 -0.00434394 -0.0295474 4.16334e-19 -0.0045786 -0.0297433 -1.21396e-34 -0.0030524 -0.0295474 6.03961e-17 0.0045786 -0.0297433 -1.24923e-34 0.0030524 -0.0274062 -2.30926e-17 0.00744701 -0.0230846 0 0.00656492 -0.023445 0 0.0051293 -0.028502 -1.18949e-34 0.00160789 -0.0287591 -1.19948e-34 0.00149511 0.000690124 5.16254e-18 0.0262248 0.00148426 0 0.0239535 0.000470814 5.16254e-18 0.0261286 0.0231256 6.57807e-18 -0.0124748 0.0229251 6.57807e-18 -0.0126057 0.0214859 0 -0.0106933 0.0227489 6.57807e-18 -0.0127679 -0.0288551 1.94289e-18 0.00783524 -0.0284366 -1.23087e-34 0.00923961 -0.0265494 6.66134e-18 0.0100842 -0.0279497 -2.13163e-17 0.0106218 0.025259 -5.30131e-18 0.0129824 0.0214806 0 0.0107032 0.0207817 0 0.0120045 0.0238726 7.90953e-10 0.0153838 0.0200056 0 0.0132578 0.0274702 4.27436e-18 0.00167681 0.0280658 7.90953e-10 0.00434394 0.02775 1.13924e-34 0.0017 -0.025259 2.66592e-17 0.0129824 -0.0265955 1.18655e-17 0.0136633 -0.0258942 -1.15859e-34 0.01495 -0.0238726 -4.71845e-19 0.0153838 -0.0251306 -1.06581e-17 0.0162007 0.0238972 0 0.00221634 0.0237144 0 0.00368817 0.0269409 4.27436e-18 0.00149511 0.0239883 0 0.000744176 0.026102 4.27436e-18 0.000417325 0.0260558 4.27436e-18 0.000140385 0.0267058 4.27436e-18 0.00134154 0.0264993 4.27436e-18 0.00115138 -0.0220079 -2.30926e-17 0.0179503 -0.0231736 5.57887e-18 0.0188943 -0.02222 -1.03567e-34 0.020007 -0.0212131 2.84217e-17 0.0210717 -0.0201524 1.45439e-17 0.020011 0.0263268 4.27436e-18 0.000929812 -0.0177949 -3.3723e-17 0.0221337 -0.0187389 6.84175e-18 0.0232995 -0.0175748 -8.6749e-35 0.0241896 -0.0163685 -3.65242e-35 0.0250216 -0.0155515 1.81799e-18 0.0237636 -0.0238977 0 0.00221339 -0.0267409 -1.11591e-34 0.00149511 -0.0237166 0 0.00367509 -0.0108085 1.06581e-17 0.0278781 -0.0102709 2.77556e-20 0.0264777 -0.0121614 -6.61395e-35 0.027315 -0.0128041 8.88178e-18 0.0253498 -0.0134851 5.27356e-18 0.0266863 0.027198 4.27436e-18 0.00160789 -0.00477613 6.03961e-17 0.0295161 -0.00621656 -4.26393e-35 0.0292466 -0.00725382 4.79755e-17 0.027458 -0.00764205 2.88658e-18 0.0289069 -0.00191182 -1.7486e-18 0.0288367 -0.00196416 -1.84575e-18 0.0298354 -0.000890608 5.16254e-18 0.0286443 -0.00132787 5.16254e-18 0.0280825 -0.00121389 5.16254e-18 0.0282931 -0.000654719 -1.81541e-35 0.0298928 -0.000690124 5.16254e-18 0.0287752 0.0010668 5.16254e-18 0.0284821 0.00191182 3.10862e-18 0.0288367 0.00121389 5.16254e-18 0.0282931 0.000654719 -1.63888e-35 0.0298928 0.00196416 5.23193e-17 0.0298354 -0.000238662 5.16254e-18 0.0289302 -0.000470814 5.16254e-18 0.0288714 0.00725382 3.45557e-18 0.027458 0.00584732 0 0.0232764 0.00440792 0 0.0235917 0.0126295 0 0.0204079 0.0113536 0 0.0211445 0.0142 4.45881e-35 0.0245951 0.00621656 8.84314e-36 0.0292466 0.00764205 -3.90799e-17 0.0289069 0.0046197 1.77636e-18 0.0285284 0.00477613 -1.84575e-18 0.0295161 0.0261932 4.27436e-18 0.000682882 0.0297433 1.21396e-34 0.0030524 0.028302 4.27436e-18 0.00160789 0.0280298 4.27436e-18 0.00167681 0.0121614 3.45754e-35 0.027315 0.0134851 8.12041e-10 0.0266863 0.0128041 -5.30131e-18 0.0253498 0.0172265 0 0.01671 0.0201524 7.90953e-10 0.020011 0.0182232 0 0.0156176 0.0102709 7.90953e-10 0.0264777 0.0108085 -1.53587e-36 0.0278781 0.0161636 0 0.0177404 0.0190033 6.64937e-35 0.0211053 0.0223707 6.57807e-18 -0.0136303 0.0223707 6.57807e-18 -0.0138697 0.0200068 0 -0.0132562 0.0155515 7.90953e-10 0.0237636 0.0163685 7.6102e-36 0.0250216 -0.00144505 5.16254e-18 0.0273803 -0.00144505 5.16254e-18 0.0276197 -0.00140563 5.16254e-18 0.027856 -0.000690124 5.16254e-18 0.0262248 0.0212131 1.64237e-35 0.0210717 0.02222 8.04479e-35 0.020007 0.0231736 8.12041e-10 0.0188943 0.0220079 -5.30131e-18 0.0179503 0.0258942 9.85834e-35 0.01495 0.0265955 8.12042e-10 0.0136633 -0.0233449 9.13158e-18 -0.0123786 -0.023577 9.13158e-18 -0.0123198 0.0251306 2.45194e-35 0.0162007 0.0288551 8.12041e-10 0.00783524 0.0274062 -5.30131e-18 0.00744701 0.0284366 1.1241e-34 0.00923961 0.0221024 0 -0.00935246 0.023577 6.57807e-18 -0.0123198 0.0191559 0 -0.0144581 0.0224878 6.57807e-18 -0.0143325 0.0226018 6.57807e-18 -0.0145431 0.0233449 6.57807e-18 -0.0123786 0.0279497 3.15434e-35 0.0106218 0.0265494 7.90953e-10 0.0100842 0.0287942 4.27436e-18 0.00134154 0.0298608 1.22764e-34 0.0015262 0.0290007 4.27436e-18 0.00115138 -0.00295357 0 0.0238174 -0.00121389 5.16254e-18 0.0267069 -0.0010668 5.16254e-18 0.0265179 0.0238157 1.05722e-34 -0.0123 -0.00132787 5.16254e-18 0.0269175 0.0294442 4.27436e-18 -0.000140385 0.0299 1.23808e-34 5.86056e-17 0.029398 4.27436e-18 -0.000417325 0.0295474 3.71889e-35 0.0045786 0.0270161 -5.30131e-18 -0.0102634 0.0226376 0 -0.00796984 0.0274062 7.90953e-10 -0.00744701 0.0274702 4.27436e-18 -0.00167681 0.0280658 -5.28744e-18 -0.00434394 0.027198 4.27436e-18 -0.00160789 0.0297433 1.24923e-34 -0.0030524 0.0295474 8.12041e-10 -0.0045786 0.00727797 0 -0.0228698 0.00877608 5.19454e-35 -0.02701 0.00725382 7.90953e-10 -0.027458 0.00648903 -5.06539e-18 -0.0291874 0.00295357 0 -0.0238174 -0.000890608 5.16254e-18 0.0263557 0.028302 4.27436e-18 -0.00160789 0.0280298 4.27436e-18 -0.00167681 0.0288551 4.34281e-35 -0.00783524 0.0284366 1.23087e-34 -0.00923961 0.0279497 8.12041e-10 -0.0106218 0.0248825 6.57807e-18 -0.0127679 0.0259292 8.07608e-10 -0.0127627 0.0250296 6.57807e-18 -0.0129569 0.0182288 0 -0.0156104 0.0201524 -5.30131e-18 -0.020011 0.0172318 0 -0.0167052 0.0242865 6.57807e-18 -0.0123786 0.0240544 6.57807e-18 -0.0123198 0.0265022 1.16398e-34 -0.0115259 0.0262153 1.16859e-34 -0.0143794 0.0252607 6.57807e-18 -0.0136303 0.0268203 4.37942e-35 -0.0132167 0.0229251 6.57807e-18 -0.0148943 0.0231256 6.57807e-18 -0.0150252 0.0232328 1.06132e-34 -0.0171886 0.0255606 1.14803e-34 -0.0155134 0.0248562 8.20898e-10 -0.0166187 0.0240174 -1.24067e-17 -0.016074 0.0247063 6.57807e-18 -0.0148943 0.0245058 6.57807e-18 -0.0150252 0.0190033 9.08821e-35 -0.0211053 0.0161735 0 -0.0177313 0.0238157 1.07397e-34 -0.0152 0.0240544 6.57807e-18 -0.0151802 0.0212131 8.12041e-10 -0.0210717 0.02222 1.03567e-34 -0.020007 0.0231736 4.21582e-35 -0.0188943 0.0223965 7.98199e-10 -0.018265 0.0227489 6.57807e-18 -0.0147321 -0.00586042 0 0.0232731 -0.00441336 0 0.0235903 2.93915e-18 1.38667e-35 -0.024 0.00148426 0 -0.0239535 0.0155515 -1.24067e-17 -0.0237636 0.0175748 8.6749e-35 -0.0241896 0.0163685 8.12041e-10 -0.0250216 0.0177949 7.90953e-10 -0.0221337 0.0187389 3.87248e-35 -0.0232995 -0.0223707 9.13158e-18 -0.0136303 -0.0224101 9.13158e-18 -0.013394 -0.0200056 0 -0.0132578 -0.00727797 0 0.0228698 -0.0224878 9.13158e-18 -0.0131675 -0.0207817 0 -0.0120045 0.0102709 -5.30131e-18 -0.0264777 0.0121614 6.61395e-35 -0.027315 0.0108085 8.12042e-10 -0.0278781 0.0128042 7.90953e-10 -0.0253498 0.0134851 3.35988e-35 -0.0266863 -0.0223707 9.13158e-18 -0.0138697 -0.0138702 0 0.019586 -0.0150483 0 0.0186958 -0.0262993 -1.08233e-34 -0.00115138 -0.0261268 -1.07647e-34 -0.000929812 -0.0238972 0 -0.00221634 0.00764205 2.70044e-35 -0.0289069 -0.00584732 0 -0.0232764 -0.00440792 0 -0.0235917 -0.00764205 8.12041e-10 -0.0289069 -0.0224878 9.13158e-18 -0.0143325 -0.0224101 9.13158e-18 -0.014106 -0.0191478 0 -0.0144685 -0.0182232 0 -0.0156176 -0.0172265 0 -0.01671 -0.0121614 -3.45754e-35 -0.027315 -0.0134851 8.12041e-10 -0.0266863 -0.0128041 -1.12133e-17 -0.0253498 -0.0232328 -8.62698e-35 -0.0171886 -0.0227489 9.13158e-18 -0.0147321 -0.0102709 7.90953e-10 -0.0264777 -0.0108085 1.53587e-36 -0.0278781 -0.0265058 -1.08979e-34 -0.00134154 0.0252213 6.57807e-18 -0.014106 0.0252607 6.57807e-18 -0.0138697 -0.0259932 -1.07237e-34 -0.000682882 -0.0239883 0 -0.000744176 -0.0182288 0 0.0156104 -0.0191559 0 0.0144581 -0.0226018 9.13158e-18 -0.0145431 -0.00148426 0 -0.0239535 0.00441336 0 -0.0235903 0.00586042 0 -0.0232731 0.0113546 0 -0.0211441 0.0142 7.30092e-35 -0.0245951 0.0150483 0 -0.0186958 0.0126398 0 -0.0204012 0.0138702 0 -0.019586 0.0233449 6.57807e-18 -0.0151214 0.023577 6.57807e-18 -0.0151802 0.0242865 6.57807e-18 -0.0151214 0.0248825 6.57807e-18 -0.0147321 0.0250296 6.57807e-18 -0.0145431 0.0251436 6.57807e-18 -0.0143325 0.0251436 6.57807e-18 -0.0131675 0.0252213 6.57807e-18 -0.013394 0.0247063 6.57807e-18 -0.0126057 0.0245058 6.57807e-18 -0.0124748 -0.0267409 -1.09863e-34 -0.00149511 -0.0240544 9.13158e-18 -0.0123198 -0.0247063 9.13158e-18 -0.0126057 -0.0248825 9.13158e-18 -0.0127679 -0.0252213 9.13158e-18 -0.013394 -0.0251436 9.13158e-18 -0.0143325 -0.0250296 9.13158e-18 -0.0145431 -0.0245058 9.13158e-18 -0.0150252 -0.0238157 -8.98326e-35 -0.0152 -0.0231256 9.13158e-18 -0.0150252 -0.0229251 9.13158e-18 -0.0148943 -0.0226018 9.13158e-18 -0.0129569 -0.0227489 9.13158e-18 -0.0127679 -0.0150448 0 -0.018699 -0.0138612 0 -0.0195918 -0.0272702 -1.1195e-34 -0.00167681 -0.026998 -1.10863e-34 -0.00160789 -0.0265058 -1.10529e-34 0.00134154 -0.0262993 -1.09564e-34 0.00115138 -0.0207875 0 0.011994 -0.0172318 0 0.0167052 -0.02755 3.747e-18 -0.0017 -0.0277794 -1.11616e-34 -0.00590469 -0.0237144 0 -0.00368817 3.00309e-18 -1.67267e-35 0.02895 0.00144505 5.16254e-18 0.0276197 0.00326939 -3.05288e-36 0.0287145 0.00144505 5.16254e-18 0.0273803 -0.0010668 5.16254e-18 0.0284821 0.000890608 5.16254e-18 0.0263557 0.0010668 5.16254e-18 0.0265179 -0.000238662 5.16254e-18 0.0260698 -0.0100364 0 0.0218004 -0.00867493 0 0.0223768 0.0263268 4.27436e-18 -0.000929812 0.0264993 4.27436e-18 -0.00115138 0.0238977 0 -0.00221339 -0.0113546 0 0.0211441 -0.0261268 -1.08722e-34 0.000929812 0.0260558 4.27436e-18 -0.000140385 0.0191478 0 0.0144685 0.0229761 8.54933e-35 0.0166931 0.0138612 0 0.0195918 0.00121389 5.16254e-18 0.0267069 0.00132787 5.16254e-18 0.0269175 0.00295357 0 0.0238174 0.0100246 0 0.0218056 0.00727176 0 0.0228714 0.00877608 2.07337e-35 0.02701 0.00140563 5.16254e-18 0.027144 0.00140563 5.16254e-18 0.027856 0.00132787 5.16254e-18 0.0280825 0.000890608 5.16254e-18 0.0286443 0.000690124 5.16254e-18 0.0287752 0.000238662 5.16254e-18 0.0289302 0.000470814 5.16254e-18 0.0288714 -0.0258558 -1.06981e-34 -0.000140385 -0.0258558 -1.07144e-34 0.000140385 0.0298608 1.24528e-34 -0.0015262 0.0291732 4.27436e-18 -0.000929812 0.0293068 4.27436e-18 -0.000682882 -0.025902 -1.07013e-34 -0.000417325 0.0239883 0 -0.000732537 0.023082 0 0.00657236 0.0226332 0 0.0079825 0.026102 4.27436e-18 -0.000417325 0.0259447 1.00756e-34 0.0115513 0.0221012 0 0.00935615 0.000238662 5.16254e-18 0.0260698 0.0226018 6.57807e-18 -0.0129569 0.0207875 0 -0.011994 0.0224878 6.57807e-18 -0.0131675 0.023445 0 -0.0051293 0.0230846 0 -0.00656492 0.0277794 1.18439e-34 -0.00590469 0.0269409 4.27436e-18 -0.00149511 0.0237166 0 -0.00367509 0.02775 1.15888e-34 -0.0017 0.0285591 4.27436e-18 -0.00149511 0.0290007 4.27436e-18 -0.00115138 0.0287942 4.27436e-18 -0.00134154 0.0294442 4.27436e-18 0.000140385 0.029398 4.27436e-18 0.000417325 0.0291732 4.27436e-18 0.000929812 0.0293068 4.27436e-18 0.000682882 0.0285591 4.27436e-18 0.00149511 -0.028502 -1.17091e-34 -0.00160789 -0.0282298 -1.15924e-34 -0.00167681 -0.0214859 0 0.0106933 -0.029598 -1.22799e-34 0.000417325 -0.0298608 -1.24528e-34 0.0015262 -0.0295068 -1.22575e-34 0.000682882 -0.0126398 0 0.0204012 -0.0259932 -1.08026e-34 0.000682882 -0.0239883 0 0.000732537 -0.025902 -1.07495e-34 0.000417325 3.46945e-18 -1.50511e-35 0.02605 0.0224101 6.57807e-18 -0.014106 0.0267058 4.27436e-18 -0.00134154 -0.0142 -7.30092e-35 0.0245951 -0.0190033 -9.08821e-35 0.0211053 -0.0161735 0 0.0177313 -0.0200068 0 0.0132562 -0.0229761 -1.04783e-34 0.0166931 -0.0221024 0 0.00935246 -0.0226376 0 0.00796984 -0.0259447 -1.14105e-34 0.0115513 -0.0277794 -1.18439e-34 0.00590469 -0.02755 4.52416e-18 0.0017 -0.02795 2.498e-18 0.0017 -0.0282298 -1.17861e-34 0.00167681 -0.0289942 -1.20833e-34 0.00134154 -0.0293732 -1.22164e-34 0.000929812 -0.0292007 -1.21578e-34 0.00115138 -0.029598 -1.22317e-34 -0.000417325 -0.0295068 -1.21786e-34 -0.000682882 -0.0293732 -1.2109e-34 -0.000929812 -0.0287591 -1.1822e-34 -0.00149511 -0.02795 3.60822e-18 -0.0017 -0.00877608 -5.19454e-35 0.02701 -0.0238157 -9.15082e-35 -0.0123 -0.0161636 0 -0.0177404 -0.0190033 -6.64937e-35 -0.0211053 -0.0100246 0 -0.0218056 -0.00866602 0 -0.0223807 -0.00877608 -2.07337e-35 -0.02701 -0.00727176 0 -0.0228714 0.0100364 0 -0.0218004 0.00867493 0 -0.0223768 0.0224101 6.57807e-18 -0.013394 0.0261932 4.27436e-18 -0.000682882 0.0234435 0 0.0051377 0.0277794 1.11616e-34 0.00590469 0.0150448 0 0.018699 0.00866602 0 0.0223807 -0.00425 0.0216 -0.0292874 -0.00420463 0.0222193 -0.0292874 -0.0065 0.0301 -0.0292874 -0.00166183 0.0255116 -0.0292874 -0.00107416 0.025712 -0.0292874 -0.0065 0.0001 -0.0292874 -0.00420463 0.0209807 -0.0292874 0.0065 0.0001 -0.0292874 0.0065 0.0301 -0.0292874 0.00423864 0.0212895 -0.0292874 -0.00384759 0.023405 -0.0292874 -0.00406952 0.0228253 -0.0292874 -0.00316438 0.024437 -0.0292874 -0.00354368 0.0239461 -0.0292874 -0.00221385 0.0252278 -0.0292874 -0.00271789 0.0248672 -0.0292874 -0.000463674 0.0258246 -0.0292874 0.000156534 0.025847 -0.0292874 0.000773184 0.025779 -0.0292874 0.00194353 0.0253795 -0.0292874 0.00137311 0.025622 -0.0292874 0.00295035 0.024659 -0.0292874 0.00247316 0.0250563 -0.0292874 0.00370677 0.0236788 -0.0292874 0.0033645 0.0241966 -0.0292874 0.00414844 0.0225231 -0.0292874 0.00396993 0.023117 -0.0292874 0.00423864 0.0219098 -0.0292874 0.00336297 0.0190015 -0.0292874 0.00294896 0.0185397 -0.0292874 0.00396915 0.0200808 -0.0292874 0.00414815 0.0206752 -0.0292874 0.00370551 0.0195189 -0.0292874 0.00247241 0.0181432 -0.0292874 0.00194314 0.0178202 -0.0292874 0.00137165 0.0175774 -0.0292874 0.000770959 0.0174206 -0.0292874 0.000153957 0.0173529 -0.0292874 -0.00107605 0.0174886 -0.0292874 -0.000466133 0.0173757 -0.0292874 -0.00221407 0.0179723 -0.0292874 -0.00166278 0.0176889 -0.0292874 -0.00316589 0.0187646 -0.0292874 -0.00271902 0.0183336 -0.0292874 -0.00384863 0.0197973 -0.0292874 -0.00354511 0.019256 -0.0292874 -0.00407004 0.0203768 -0.0292874 0.0291358 0.003 -0.000574025 0.0290201 0.003 -0.000798048 0.027176 0.003 0.00138582 0.0281653 0.003 0.00144138 0.0291914 0.003 0.000415253 0.0292406 0.003 0.000167947 0.0279179 0.003 0.00149057 0.0292476 0.003 -8.41057e-05 0.0276659 0.003 0.00149764 0.0292124 0.003 -0.000333781 0.0274162 0.003 0.00146239 0.0289733 0.003 0.000868007 0.0291015 0.003 0.000650826 0.028618 0.003 0.00122334 0.0284008 0.003 0.00135145 0.0288107 0.003 0.00106066 0.026952 0.003 0.00127009 0.0267505 0.003 0.00111846 0.0288685 0.003 -0.00099952 0.0286852 0.003 -0.00117275 0.0265773 0.003 0.000935235 0.0284756 0.003 -0.00131284 0.0264372 0.003 0.000725578 0.0282454 0.003 -0.00141582 0.0280013 0.003 -0.00147881 0.0263342 0.003 0.000495419 0.0262712 0.003 0.000251259 0.02775 0.003 -0.0015 0.0262728 0.003 -0.000260367 0.0274894 0.003 -0.00147716 0.02625 0.003 8.49831e-19 0.0266007 0.003 -0.000963906 0.0269997 0.003 -0.00129884 0.0267856 0.003 -0.00114881 0.0272367 0.003 -0.00140941 0.0264508 0.003 -0.000749746 0.0263404 0.003 -0.000512836 0.0195092 0.0298365 -0.0227901 0.0187251 0.0299248 -0.0214854 0.0196738 0.0299266 -0.0226482 0.0200217 0.03 -0.0223412 0.0198463 0.0299814 -0.0224972 0.0190702 0.03 -0.0211796 0.0192191 0.0295606 -0.0230353 0.0191012 0.0293812 -0.0231332 0.0182728 0.0295578 -0.0218713 0.0184091 0.0297108 -0.0217567 0.0185611 0.029834 -0.0216272 0.019356 0.0297134 -0.0229204 0.0189365 0.0289627 -0.0232682 0.0179922 0.0289618 -0.0221027 0.0180615 0.0291787 -0.0220461 0.0181559 0.029379 -0.0219684 0.0190064 0.0291807 -0.0232112 0.0188939 0.0287342 -0.0233028 0.0179499 0.0287341 -0.0221371 0.0179356 0.0285 -0.0221487 0.0188796 0.0285 -0.0233144 0.0188961 0.0299804 -0.0213351 0.0191779 0.03 -0.0212993 0.0201396 0.0287335 -0.0201655 0.0212132 0.0285 -0.0212132 0.0212 0.0287347 -0.0212264 0.0210093 0.0293823 -0.0214152 0.0199503 0.029379 -0.0203528 0.0210971 0.0291812 -0.0213287 0.0211611 0.0289639 -0.0212652 0.0200374 0.0291788 -0.0202671 0.020101 0.0289615 -0.0202039 0.0195685 0.029834 -0.0207201 0.0207708 0.0297141 -0.0216466 0.0206257 0.0298368 -0.0217849 0.0198414 0.0295579 -0.020459 0.0208999 0.029561 -0.0215219 0.0197132 0.0297108 -0.0205825 0.0192435 0.0299803 -0.0210223 0.0204668 0.0299269 -0.0219343 0.0202991 0.0299816 -0.0220895 0.0194106 0.0299246 -0.0208681 0.020126 0.03 -0.0222473 0.0190702 0.03 -0.0211796 0.0191779 0.03 -0.0212993 0.0201525 0.0285 -0.0201525 0.0143446 0.0298365 -0.0263483 0.0138488 0.0299248 -0.024909 0.0145351 0.0299266 -0.0262437 0.0149392 0.03 -0.0260158 0.0147352 0.0299814 -0.0261319 0.01425 0.03 -0.0246817 0.0140098 0.0295606 -0.0265278 0.0138741 0.0293812 -0.026599 0.0133262 0.0295578 -0.0251925 0.0134834 0.0297108 -0.0251087 0.0136589 0.029834 -0.0250136 0.0141676 0.0297134 -0.0264439 0.0136849 0.0289627 -0.0266969 0.0130036 0.0289618 -0.0253605 0.0130832 0.0291787 -0.0253195 0.0131916 0.029379 -0.0252632 0.0137652 0.0291807 -0.0266556 0.0136361 0.0287342 -0.0267218 0.0129551 0.0287341 -0.0253853 0.0129387 0.0285 -0.0253937 0.0136197 0.0285 -0.0267302 0.0140474 0.0299804 -0.0247976 0.0143305 0.03 -0.0248211 0.0155069 0.0287335 -0.0239121 0.0163392 0.0285 -0.0251601 0.0163235 0.0287347 -0.0251703 0.0160977 0.0293823 -0.0253153 0.0152828 0.029379 -0.0240559 0.0162016 0.0291812 -0.0252489 0.0162774 0.0289639 -0.0252001 0.0153858 0.0291788 -0.0239902 0.0154612 0.0289615 -0.0239417 0.014833 0.029834 -0.0243359 0.0158163 0.0297141 -0.025492 0.0156456 0.0298368 -0.0255972 0.0151542 0.0295579 -0.0241372 0.0159686 0.029561 -0.025397 0.0150031 0.0297108 -0.0242313 0.0144522 0.0299803 -0.0245639 0.0154591 0.0299269 -0.0257102 0.0152628 0.0299816 -0.0258272 0.0146477 0.0299246 -0.0244478 0.0150607 0.03 -0.0259456 0.01425 0.03 -0.0246817 0.0143305 0.03 -0.0248211 0.0155222 0.0285 -0.0239021 0.008553 0.0298365 -0.0287549 0.0083673 0.0299248 -0.027244 0.00876108 0.0299266 -0.0286922 0.00920375 0.03 -0.0285533 0.00898005 0.0299814 -0.0286244 0.00880698 0.03 -0.0271051 0.0081882 0.0295606 -0.0288609 0.00804067 0.0293812 -0.0289024 0.00779714 0.0295578 -0.0274126 0.00796832 0.0297108 -0.0273634 0.0081598 0.029834 -0.0273069 0.00836 0.0297134 -0.0288116 0.0078353 0.0289627 -0.0289587 0.00744673 0.0289618 -0.0275099 0.00753307 0.0291787 -0.0274864 0.00765085 0.029379 -0.0274538 0.00792235 0.0291807 -0.028935 0.00778236 0.0287342 -0.028973 0.0073941 0.0287341 -0.0275241 0.00737634 0.0285 -0.0275289 0.00776457 0.0285 -0.0289778 0.00858472 0.0299804 -0.0271763 0.00885673 0.03 -0.0272582 0.0101964 0.0287335 -0.0266136 0.010751 0.0285 -0.0280074 0.0107336 0.0287347 -0.0280141 0.0104826 0.0293823 -0.028109 0.00994732 0.029379 -0.0267077 0.010598 0.0291812 -0.0280657 0.0106823 0.0289639 -0.0280337 0.0100617 0.0291788 -0.0266648 0.0101455 0.0289615 -0.026633 0.00944912 0.029834 -0.026888 0.0101706 0.0297141 -0.0282234 0.00998176 0.0298368 -0.0282907 0.00980462 0.0295579 -0.0267604 0.0103393 0.029561 -0.028162 0.00963728 0.0297108 -0.0268212 0.00902925 0.0299803 -0.0270319 0.00977585 0.0299269 -0.0283625 0.00955953 0.0299816 -0.0284362 0.00924465 0.0299246 -0.026959 0.00933722 0.03 -0.0285099 0.00880698 0.03 -0.0271051 0.00885673 0.03 -0.0272582 0.0102135 0.0285 -0.026607 -0.0099822 0.0298365 -0.0282906 -0.00924434 0.0299248 -0.0269591 -0.009777 0.0299266 -0.0283621 -0.00933722 0.03 -0.0285099 -0.00956001 0.0299814 -0.028436 -0.00880698 0.03 -0.0271051 -0.0103396 0.0295606 -0.0281619 -0.0104833 0.0293812 -0.0281087 -0.00980472 0.0295578 -0.0267603 -0.00963727 0.0297108 -0.0268211 -0.00944916 0.029834 -0.0268879 -0.0101717 0.0297134 -0.028223 -0.0106826 0.0289627 -0.0280336 -0.0101454 0.0289618 -0.0266331 -0.0100617 0.0291787 -0.0266648 -0.00994729 0.029379 -0.0267077 -0.0105983 0.0291807 -0.0280656 -0.0107338 0.0287342 -0.028014 -0.0101963 0.0287341 -0.0266136 -0.0102135 0.0285 -0.026607 -0.010751 0.0285 -0.0280074 -0.00902865 0.0299804 -0.0270321 -0.00885673 0.03 -0.0272582 -0.007394 0.0287335 -0.0275242 -0.00776457 0.0285 -0.0289778 -0.00778257 0.0287347 -0.0289729 -0.00804141 0.0293823 -0.0289022 -0.00765085 0.029379 -0.0274539 -0.00792264 0.0291812 -0.028935 -0.0078356 0.0289639 -0.0289587 -0.00753309 0.0291788 -0.0274864 -0.0074466 0.0289615 -0.02751 -0.00815988 0.029834 -0.0273069 -0.00836106 0.0297141 -0.0288113 -0.00855345 0.0298368 -0.0287548 -0.0077973 0.0295579 -0.0274127 -0.00818856 0.029561 -0.0288608 -0.00796835 0.0297108 -0.0273634 -0.00858412 0.0299803 -0.0271765 -0.00876225 0.0299269 -0.0286919 -0.00898053 0.0299816 -0.0286243 -0.00836702 0.0299246 -0.0272441 -0.00920375 0.03 -0.0285533 -0.00880698 0.03 -0.0271051 -0.00885673 0.03 -0.0272582 -0.00737634 0.0285 -0.0275289 -0.015646 0.0298365 -0.0255969 -0.0146474 0.0299248 -0.0244479 -0.0154602 0.0299266 -0.0257096 -0.0150607 0.03 -0.0259456 -0.0152633 0.0299814 -0.025827 -0.01425 0.03 -0.0246817 -0.0159689 0.0295606 -0.0253968 -0.0160984 0.0293812 -0.0253149 -0.0151543 0.0295578 -0.024137 -0.0150031 0.0297108 -0.0242313 -0.014833 0.029834 -0.0243358 -0.0158173 0.0297134 -0.0254914 -0.0162777 0.0289627 -0.0251999 -0.015461 0.0289618 -0.0239417 -0.0153858 0.0291787 -0.0239901 -0.0152828 0.029379 -0.0240559 -0.0162018 0.0291807 -0.0252488 -0.0163237 0.0287342 -0.0251701 -0.0155068 0.0287341 -0.0239121 -0.0155222 0.0285 -0.0239021 -0.0163392 0.0285 -0.0251601 -0.0144516 0.0299804 -0.0245642 -0.0143305 0.03 -0.0248211 -0.012955 0.0287335 -0.0253854 -0.0136197 0.0285 -0.0267302 -0.0136363 0.0287347 -0.0267217 -0.0138748 0.0293823 -0.0265987 -0.0131916 0.029379 -0.0252633 -0.0137654 0.0291812 -0.0266555 -0.0136852 0.0289639 -0.0266967 -0.0130832 0.0291788 -0.0253196 -0.0130035 0.0289615 -0.0253606 -0.013659 0.029834 -0.0250137 -0.0141686 0.0297141 -0.0264434 -0.014345 0.0298368 -0.0263481 -0.0133263 0.0295579 -0.0251925 -0.0140101 0.029561 -0.0265277 -0.0134834 0.0297108 -0.0251088 -0.0140468 0.0299803 -0.0247979 -0.0145361 0.0299269 -0.0262431 -0.0147356 0.0299816 -0.0261316 -0.0138486 0.0299246 -0.0249092 -0.0149392 0.03 -0.0260158 -0.01425 0.03 -0.0246817 -0.0143305 0.03 -0.0248211 -0.0129387 0.0285 -0.0253937 -0.020626 0.0298365 -0.0217846 -0.0194104 0.0299248 -0.0208683 -0.0204677 0.0299266 -0.0219334 -0.020126 0.03 -0.0222473 -0.0202995 0.0299814 -0.0220892 -0.0190702 0.03 -0.0211796 -0.0209002 0.0295606 -0.0215217 -0.0210099 0.0293812 -0.0214146 -0.0198415 0.0295578 -0.0204588 -0.0197132 0.0297108 -0.0205824 -0.0195686 0.029834 -0.02072 -0.0207716 0.0297134 -0.0216458 -0.0211613 0.0289627 -0.0212649 -0.0201009 0.0289618 -0.020204 -0.0200374 0.0291787 -0.020267 -0.0199503 0.029379 -0.0203527 -0.0210973 0.0291807 -0.0213285 -0.0212002 0.0287342 -0.0212262 -0.0201395 0.0287341 -0.0201655 -0.0201525 0.0285 -0.0201525 -0.0212132 0.0285 -0.0212132 -0.019243 0.0299804 -0.0210227 -0.0191779 0.03 -0.0212993 -0.0179498 0.0287335 -0.0221372 -0.0188796 0.0285 -0.0233144 -0.0188941 0.0287347 -0.0233026 -0.0191018 0.0293823 -0.0231327 -0.0181559 0.029379 -0.0219685 -0.0190066 0.0291812 -0.023211 -0.0189367 0.0289639 -0.023268 -0.0180616 0.0291788 -0.0220461 -0.0179921 0.0289615 -0.0221028 -0.0185611 0.029834 -0.0216272 -0.0193568 0.0297141 -0.0229197 -0.0195096 0.0298368 -0.0227898 -0.0182729 0.0295579 -0.0218713 -0.0192194 0.029561 -0.0230351 -0.0184092 0.0297108 -0.0217567 -0.0188957 0.0299803 -0.0213355 -0.0196747 0.0299269 -0.0226474 -0.0198467 0.0299816 -0.0224969 -0.0187248 0.0299246 -0.0214856 -0.0200217 0.03 -0.0223412 -0.0190702 0.03 -0.0211796 -0.0191779 0.03 -0.0212993 -0.0179356 0.0285 -0.0221487 -0.0294914 0.0298365 -0.00550044 -0.0279694 0.0299248 -0.00547369 -0.0294508 0.0299266 -0.00571394 -0.0293589 0.03 -0.0061687 -0.0294063 0.0299814 -0.00593879 -0.0278772 0.03 -0.00592548 -0.0295587 0.0295606 -0.00512656 -0.0295845 0.0293812 -0.00497551 -0.0280775 0.0295578 -0.00488902 -0.0280464 0.0297108 -0.00506442 -0.0280102 0.029834 -0.00526076 -0.0295277 0.0297134 -0.00530257 -0.0296191 0.0289627 -0.00476537 -0.0281376 0.0289618 -0.00453037 -0.0281232 0.0291787 -0.00461869 -0.0281032 0.029379 -0.00473923 -0.0296046 0.0291807 -0.00485442 -0.0296278 0.0287342 -0.00471123 -0.0281462 0.0287341 -0.00447654 -0.0281491 0.0285 -0.00445838 -0.0296306 0.0285 -0.00469303 -0.0279248 0.0299804 -0.00569699 -0.0280347 0.03 -0.00595895 -0.0275336 0.0287335 -0.00735868 -0.0289778 0.0285 -0.00776457 -0.0289826 0.0287347 -0.00774657 -0.0290507 0.0293823 -0.00748702 -0.0276012 0.029379 -0.00710111 -0.0290197 0.0291812 -0.00760627 -0.0289967 0.0289639 -0.0076935 -0.0275705 0.0291788 -0.00721937 -0.0275476 0.0289615 -0.00730605 -0.0277284 0.029834 -0.00658679 -0.0291319 0.0297141 -0.00716477 -0.0291791 0.0298368 -0.00696989 -0.0276387 0.0295579 -0.00695368 -0.0290885 0.029561 -0.00733891 -0.0276816 0.0297108 -0.00678091 -0.0278276 0.0299803 -0.00615418 -0.029229 0.0299269 -0.0067576 -0.0292796 0.0299816 -0.00653477 -0.0277776 0.0299246 -0.00637602 -0.0293298 0.03 -0.00630597 -0.0278772 0.03 -0.00592548 -0.0280347 0.03 -0.00595895 -0.0275289 0.0285 -0.00737634 -0.029179 0.0298365 0.00697035 -0.0277777 0.0299248 0.00637571 -0.0292287 0.0299266 0.00675879 -0.0293298 0.03 0.00630597 -0.0292795 0.0299814 0.00653527 -0.0278772 0.03 0.00592548 -0.0290884 0.0295606 0.00733927 -0.0290505 0.0293812 0.00748776 -0.0276386 0.0295578 0.0069538 -0.0276815 0.0297108 0.00678091 -0.0277284 0.029834 0.00658684 -0.0291316 0.0297134 0.00716584 -0.0289966 0.0289627 0.00769379 -0.0275477 0.0289618 0.0073059 -0.0275704 0.0291787 0.00721936 -0.0276011 0.029379 0.00710108 -0.0290197 0.0291807 0.00760656 -0.0289825 0.0287342 0.00774678 -0.0275336 0.0287341 0.00735858 -0.0275289 0.0285 0.00737634 -0.0289778 0.0285 0.00776457 -0.0278277 0.0299804 0.00615357 -0.0280347 0.03 0.00595895 -0.0281463 0.0287335 0.00447644 -0.0296306 0.0285 0.00469303 -0.0296277 0.0287347 0.00471144 -0.0295844 0.0293823 0.00497626 -0.0281032 0.029379 0.00473923 -0.0296046 0.0291812 0.00485471 -0.0296191 0.0289639 0.00476567 -0.0281233 0.0291788 0.00461871 -0.0281377 0.0289615 0.00453023 -0.0280103 0.029834 0.00526083 -0.0295275 0.0297141 0.00530366 -0.0294914 0.0298368 0.0055009 -0.0280775 0.0295579 0.00488918 -0.0295587 0.029561 0.00512693 -0.0280464 0.0297108 0.00506445 -0.0279249 0.0299803 0.00569638 -0.0294506 0.0299269 0.00571513 -0.0294062 0.0299816 0.00593928 -0.0279695 0.0299246 0.00547339 -0.0293589 0.03 0.0061687 -0.0278772 0.03 0.00592548 -0.0280347 0.03 0.00595895 -0.0281491 0.0285 0.00445838 -0.0270922 0.0298365 0.0128847 -0.0258451 0.0299248 0.0120117 -0.0271848 0.0299266 0.0126881 -0.0273777 0.03 0.0122662 -0.0272809 0.0299814 0.01248 -0.026036 0.03 0.011592 -0.0269268 0.0295606 0.0132267 -0.0268589 0.0293812 0.0133641 -0.0255889 0.0295578 0.0125482 -0.0256668 0.0297108 0.012388 -0.0257529 0.029834 0.012208 -0.0270052 0.0297134 0.0130661 -0.0267634 0.0289627 0.0135544 -0.0254267 0.0289618 0.0128737 -0.025467 0.0291787 0.0127938 -0.0255216 0.029379 0.0126845 -0.026804 0.0291807 0.0134739 -0.0267386 0.0287342 0.0136033 -0.025402 0.0287341 0.0129223 -0.0253937 0.0285 0.0129387 -0.0267302 0.0285 0.0136197 -0.0259402 0.0299804 0.0118048 -0.0261831 0.03 0.0116575 -0.0266005 0.0287335 0.0102306 -0.0280074 0.0285 0.010751 -0.0280007 0.0287347 0.0107684 -0.0279033 0.0293823 0.0110185 -0.0265038 0.029379 0.0104787 -0.0279483 0.0291812 0.0109038 -0.027981 0.0289639 0.0108197 -0.0265484 0.0291788 0.0103649 -0.0265809 0.0289615 0.0102814 -0.0263044 0.029834 0.0109695 -0.0277795 0.0297141 0.0113269 -0.0277032 0.0298368 0.0115123 -0.0264475 0.0295579 0.01062 -0.0278468 0.029561 0.0111605 -0.0263806 0.0297108 0.010785 -0.0261303 0.0299803 0.0113778 -0.0276188 0.0299269 0.0117134 -0.0275288 0.0299816 0.0119234 -0.0262203 0.0299246 0.011169 -0.0274348 0.03 0.012138 -0.026036 0.03 0.011592 -0.0261831 0.03 0.0116575 -0.026607 0.0285 0.0102135 -0.0238212 0.0298365 0.0182359 -0.0227829 0.0299248 0.0171227 -0.0239527 0.0299266 0.0180629 -0.0242292 0.03 0.0176903 -0.02409 0.0299814 0.0178793 -0.023057 0.03 0.0167519 -0.0235884 0.0295606 0.0185361 -0.0234934 0.0293812 0.0186563 -0.0224208 0.0295578 0.0175942 -0.0225303 0.0297108 0.0174538 -0.022652 0.029834 0.0172955 -0.0236984 0.0297134 0.0183952 -0.0233604 0.0289627 0.0188226 -0.0221945 0.0289618 0.0178789 -0.0222505 0.0291787 0.0178091 -0.0223266 0.029379 0.0177136 -0.0234169 0.0291807 0.0187523 -0.023326 0.0287342 0.0188653 -0.0221602 0.0287341 0.0179213 -0.0221487 0.0285 0.0179356 -0.0233144 0.0285 0.0188796 -0.022919 0.0299804 0.0169401 -0.0231872 0.03 0.0168465 -0.0238922 0.0287335 0.0155375 -0.0251601 0.0285 0.0163392 -0.02515 0.0287347 0.0163548 -0.0250027 0.0293823 0.0165791 -0.023746 0.029379 0.0157601 -0.0250706 0.0291812 0.0164763 -0.02512 0.0289639 0.0164008 -0.0238133 0.0291788 0.0156582 -0.0238624 0.0289615 0.0155832 -0.0234489 0.029834 0.0161988 -0.0248175 0.0297141 0.016855 -0.0247043 0.0298368 0.0170205 -0.0236615 0.0295579 0.0158866 -0.0249179 0.029561 0.0167063 -0.0235618 0.0297108 0.0160341 -0.0231937 0.0299803 0.016562 -0.0245799 0.0299269 0.0171997 -0.0244482 0.0299816 0.0173864 -0.0233252 0.0299246 0.0163764 -0.0243117 0.03 0.0175767 -0.023057 0.03 0.0167519 -0.0231872 0.03 0.0168465 -0.0239021 0.0285 0.0155222 -0.0195092 0.0298365 0.0227901 -0.0187251 0.0299248 0.0214854 -0.0196738 0.0299266 0.0226482 -0.0200217 0.03 0.0223412 -0.0198463 0.0299814 0.0224972 -0.0190702 0.03 0.0211796 -0.0192191 0.0295606 0.0230353 -0.0191012 0.0293812 0.0231332 -0.0182728 0.0295578 0.0218713 -0.0184091 0.0297108 0.0217567 -0.0185611 0.029834 0.0216272 -0.019356 0.0297134 0.0229204 -0.0189365 0.0289627 0.0232682 -0.0179922 0.0289618 0.0221027 -0.0180615 0.0291787 0.0220461 -0.0181559 0.029379 0.0219684 -0.0190064 0.0291807 0.0232112 -0.0188939 0.0287342 0.0233028 -0.0179499 0.0287341 0.0221371 -0.0179356 0.0285 0.0221487 -0.0188796 0.0285 0.0233144 -0.0188961 0.0299804 0.0213351 -0.0191779 0.03 0.0212993 -0.0201396 0.0287335 0.0201655 -0.0212132 0.0285 0.0212132 -0.0212 0.0287347 0.0212264 -0.0210093 0.0293823 0.0214152 -0.0199503 0.029379 0.0203528 -0.0210971 0.0291812 0.0213287 -0.0211611 0.0289639 0.0212652 -0.0200374 0.0291788 0.0202671 -0.020101 0.0289615 0.0202039 -0.0195685 0.029834 0.0207201 -0.0207708 0.0297141 0.0216466 -0.0206257 0.0298368 0.0217849 -0.0198414 0.0295579 0.020459 -0.0208999 0.029561 0.0215219 -0.0197132 0.0297108 0.0205825 -0.0192435 0.0299803 0.0210223 -0.0204668 0.0299269 0.0219343 -0.0202991 0.0299816 0.0220895 -0.0194106 0.0299246 0.0208681 -0.020126 0.03 0.0222473 -0.0190702 0.03 0.0211796 -0.0191779 0.03 0.0212993 -0.0201525 0.0285 0.0201525 -0.0143446 0.0298365 0.0263483 -0.0138488 0.0299248 0.024909 -0.0145351 0.0299266 0.0262437 -0.0149392 0.03 0.0260158 -0.0147352 0.0299814 0.0261319 -0.01425 0.03 0.0246817 -0.0140098 0.0295606 0.0265278 -0.0138741 0.0293812 0.026599 -0.0133262 0.0295578 0.0251925 -0.0134834 0.0297108 0.0251087 -0.0136589 0.029834 0.0250136 -0.0141676 0.0297134 0.0264439 -0.0136849 0.0289627 0.0266969 -0.0130036 0.0289618 0.0253605 -0.0130832 0.0291787 0.0253195 -0.0131916 0.029379 0.0252632 -0.0137652 0.0291807 0.0266556 -0.0136361 0.0287342 0.0267218 -0.0129551 0.0287341 0.0253853 -0.0129387 0.0285 0.0253937 -0.0136197 0.0285 0.0267302 -0.0140474 0.0299804 0.0247976 -0.0143305 0.03 0.0248211 -0.0155069 0.0287335 0.0239121 -0.0163392 0.0285 0.0251601 -0.0163235 0.0287347 0.0251703 -0.0160977 0.0293823 0.0253153 -0.0152828 0.029379 0.0240559 -0.0162016 0.0291812 0.0252489 -0.0162774 0.0289639 0.0252001 -0.0153858 0.0291788 0.0239902 -0.0154612 0.0289615 0.0239417 -0.014833 0.029834 0.0243359 -0.0158163 0.0297141 0.025492 -0.0156456 0.0298368 0.0255972 -0.0151542 0.0295579 0.0241372 -0.0159686 0.029561 0.025397 -0.0150031 0.0297108 0.0242313 -0.0144522 0.0299803 0.0245639 -0.0154591 0.0299269 0.0257102 -0.0152628 0.0299816 0.0258272 -0.0146477 0.0299246 0.0244478 -0.0150607 0.03 0.0259456 -0.01425 0.03 0.0246817 -0.0143305 0.03 0.0248211 -0.0155222 0.0285 0.0239021 -0.008553 0.0298365 0.0287549 -0.0083673 0.0299248 0.027244 -0.00876108 0.0299266 0.0286922 -0.00920375 0.03 0.0285533 -0.00898005 0.0299814 0.0286244 -0.00880698 0.03 0.0271051 -0.0081882 0.0295606 0.0288609 -0.00804067 0.0293812 0.0289024 -0.00779714 0.0295578 0.0274126 -0.00796832 0.0297108 0.0273634 -0.0081598 0.029834 0.0273069 -0.00836 0.0297134 0.0288116 -0.0078353 0.0289627 0.0289587 -0.00744673 0.0289618 0.0275099 -0.00753307 0.0291787 0.0274864 -0.00765085 0.029379 0.0274538 -0.00792235 0.0291807 0.028935 -0.00778236 0.0287342 0.028973 -0.0073941 0.0287341 0.0275241 -0.00737634 0.0285 0.0275289 -0.00776457 0.0285 0.0289778 -0.00858472 0.0299804 0.0271763 -0.00885673 0.03 0.0272582 -0.0101964 0.0287335 0.0266136 -0.010751 0.0285 0.0280074 -0.0107336 0.0287347 0.0280141 -0.0104826 0.0293823 0.028109 -0.00994732 0.029379 0.0267077 -0.010598 0.0291812 0.0280657 -0.0106823 0.0289639 0.0280337 -0.0100617 0.0291788 0.0266648 -0.0101455 0.0289615 0.026633 -0.00944912 0.029834 0.026888 -0.0101706 0.0297141 0.0282234 -0.00998176 0.0298368 0.0282907 -0.00980462 0.0295579 0.0267604 -0.0103393 0.029561 0.028162 -0.00963728 0.0297108 0.0268212 -0.00902925 0.0299803 0.0270319 -0.00977585 0.0299269 0.0283625 -0.00955953 0.0299816 0.0284362 -0.00924465 0.0299246 0.026959 -0.00933722 0.03 0.0285099 -0.00880698 0.03 0.0271051 -0.00885673 0.03 0.0272582 -0.0102135 0.0285 0.026607 0.0099822 0.0298365 0.0282906 0.00924434 0.0299248 0.0269591 0.009777 0.0299266 0.0283621 0.00933722 0.03 0.0285099 0.00956001 0.0299814 0.028436 0.00880698 0.03 0.0271051 0.0103396 0.0295606 0.0281619 0.0104833 0.0293812 0.0281087 0.00980472 0.0295578 0.0267603 0.00963727 0.0297108 0.0268211 0.00944916 0.029834 0.0268879 0.0101717 0.0297134 0.028223 0.0106826 0.0289627 0.0280336 0.0101454 0.0289618 0.0266331 0.0100617 0.0291787 0.0266648 0.00994729 0.029379 0.0267077 0.0105983 0.0291807 0.0280656 0.0107338 0.0287342 0.028014 0.0101963 0.0287341 0.0266136 0.0102135 0.0285 0.026607 0.010751 0.0285 0.0280074 0.00902865 0.0299804 0.0270321 0.00885673 0.03 0.0272582 0.007394 0.0287335 0.0275242 0.00776457 0.0285 0.0289778 0.00778257 0.0287347 0.0289729 0.00804141 0.0293823 0.0289022 0.00765085 0.029379 0.0274539 0.00792264 0.0291812 0.028935 0.0078356 0.0289639 0.0289587 0.00753309 0.0291788 0.0274864 0.0074466 0.0289615 0.02751 0.00815988 0.029834 0.0273069 0.00836106 0.0297141 0.0288113 0.00855345 0.0298368 0.0287548 0.0077973 0.0295579 0.0274127 0.00818856 0.029561 0.0288608 0.00796835 0.0297108 0.0273634 0.00858412 0.0299803 0.0271765 0.00876225 0.0299269 0.0286919 0.00898053 0.0299816 0.0286243 0.00836702 0.0299246 0.0272441 0.00920375 0.03 0.0285533 0.00880698 0.03 0.0271051 0.00885673 0.03 0.0272582 0.00737634 0.0285 0.0275289 0.015646 0.0298365 0.0255969 0.0146474 0.0299248 0.0244479 0.0154602 0.0299266 0.0257096 0.0150607 0.03 0.0259456 0.0152633 0.0299814 0.025827 0.01425 0.03 0.0246817 0.0159689 0.0295606 0.0253968 0.0160984 0.0293812 0.0253149 0.0151543 0.0295578 0.024137 0.0150031 0.0297108 0.0242313 0.014833 0.029834 0.0243358 0.0158173 0.0297134 0.0254914 0.0162777 0.0289627 0.0251999 0.015461 0.0289618 0.0239417 0.0153858 0.0291787 0.0239901 0.0152828 0.029379 0.0240559 0.0162018 0.0291807 0.0252488 0.0163237 0.0287342 0.0251701 0.0155068 0.0287341 0.0239121 0.0155222 0.0285 0.0239021 0.0163392 0.0285 0.0251601 0.0144516 0.0299804 0.0245642 0.0143305 0.03 0.0248211 0.012955 0.0287335 0.0253854 0.0136197 0.0285 0.0267302 0.0136363 0.0287347 0.0267217 0.0138748 0.0293823 0.0265987 0.0131916 0.029379 0.0252633 0.0137654 0.0291812 0.0266555 0.0136852 0.0289639 0.0266967 0.0130832 0.0291788 0.0253196 0.0130035 0.0289615 0.0253606 0.013659 0.029834 0.0250137 0.0141686 0.0297141 0.0264434 0.014345 0.0298368 0.0263481 0.0133263 0.0295579 0.0251925 0.0140101 0.029561 0.0265277 0.0134834 0.0297108 0.0251088 0.0140468 0.0299803 0.0247979 0.0145361 0.0299269 0.0262431 0.0147356 0.0299816 0.0261316 0.0138486 0.0299246 0.0249092 0.0149392 0.03 0.0260158 0.01425 0.03 0.0246817 0.0143305 0.03 0.0248211 0.0129387 0.0285 0.0253937 0.020626 0.0298365 0.0217846 0.0194104 0.0299248 0.0208683 0.0204677 0.0299266 0.0219334 0.020126 0.03 0.0222473 0.0202995 0.0299814 0.0220892 0.0190702 0.03 0.0211796 0.0209002 0.0295606 0.0215217 0.0210099 0.0293812 0.0214146 0.0198415 0.0295578 0.0204588 0.0197132 0.0297108 0.0205824 0.0195686 0.029834 0.02072 0.0207716 0.0297134 0.0216458 0.0211613 0.0289627 0.0212649 0.0201009 0.0289618 0.020204 0.0200374 0.0291787 0.020267 0.0199503 0.029379 0.0203527 0.0210973 0.0291807 0.0213285 0.0212002 0.0287342 0.0212262 0.0201395 0.0287341 0.0201655 0.0201525 0.0285 0.0201525 0.0212132 0.0285 0.0212132 0.019243 0.0299804 0.0210227 0.0191779 0.03 0.0212993 0.0179498 0.0287335 0.0221372 0.0188796 0.0285 0.0233144 0.0188941 0.0287347 0.0233026 0.0191018 0.0293823 0.0231327 0.0181559 0.029379 0.0219685 0.0190066 0.0291812 0.023211 0.0189367 0.0289639 0.023268 0.0180616 0.0291788 0.0220461 0.0179921 0.0289615 0.0221028 0.0185611 0.029834 0.0216272 0.0193568 0.0297141 0.0229197 0.0195096 0.0298368 0.0227898 0.0182729 0.0295579 0.0218713 0.0192194 0.029561 0.0230351 0.0184092 0.0297108 0.0217567 0.0188957 0.0299803 0.0213355 0.0196747 0.0299269 0.0226474 0.0198467 0.0299816 0.0224969 0.0187248 0.0299246 0.0214856 0.0200217 0.03 0.0223412 0.0190702 0.03 0.0211796 0.0191779 0.03 0.0212993 0.0179356 0.0285 0.0221487 0.0247045 0.0298365 0.0170202 0.023325 0.0299248 0.0163766 0.0245806 0.0299266 0.0171987 0.0243117 0.03 0.0175767 0.0244485 0.0299814 0.017386 0.023057 0.03 0.0167519 0.0249181 0.0295606 0.016706 0.0250031 0.0293812 0.0165785 0.0236615 0.0295578 0.0158865 0.0235618 0.0297108 0.0160341 0.0234489 0.029834 0.0161987 0.0248181 0.0297134 0.0168541 0.0251201 0.0289627 0.0164006 0.0238623 0.0289618 0.0155833 0.0238133 0.0291787 0.0156581 0.0237459 0.029379 0.0157601 0.0250707 0.0291807 0.016476 0.0251501 0.0287342 0.0163546 0.0238921 0.0287341 0.0155376 0.0239021 0.0285 0.0155222 0.0251601 0.0285 0.0163392 0.0231934 0.0299804 0.0165625 0.0231872 0.03 0.0168465 0.0221602 0.0287335 0.0179214 0.0233144 0.0285 0.0188796 0.0233261 0.0287347 0.0188651 0.0234939 0.0293823 0.0186557 0.0223267 0.029379 0.0177136 0.0234171 0.0291812 0.0187521 0.0233606 0.0289639 0.0188224 0.0222505 0.0291788 0.0178092 0.0221944 0.0289615 0.017879 0.0226521 0.029834 0.0172955 0.0236991 0.0297141 0.0183943 0.0238215 0.0298368 0.0182355 0.0224209 0.0295579 0.0175942 0.0235887 0.029561 0.0185358 0.0225303 0.0297108 0.0174538 0.0229186 0.0299803 0.0169406 0.0239535 0.0299269 0.0180619 0.0240903 0.0299816 0.0178789 0.0227828 0.0299246 0.017123 0.0242292 0.03 0.0176903 0.023057 0.03 0.0167519 0.0231872 0.03 0.0168465 0.0221487 0.0285 0.0179356 0.0277034 0.0298365 0.0115119 0.0262202 0.0299248 0.0111692 0.0276193 0.0299266 0.0117122 0.0274348 0.03 0.012138 0.027529 0.0299814 0.0119229 0.026036 0.03 0.011592 0.0278469 0.0295606 0.0111601 0.0279036 0.0293812 0.0110177 0.0264474 0.0295578 0.0106198 0.0263805 0.0297108 0.0107849 0.0263044 0.029834 0.0109695 0.0277799 0.0297134 0.0113258 0.0279811 0.0289627 0.0108194 0.0265808 0.0289618 0.0102815 0.0265484 0.0291787 0.0103649 0.0265037 0.029379 0.0104786 0.0279484 0.0291807 0.0109035 0.0280008 0.0287342 0.0107682 0.0266005 0.0287341 0.0102307 0.026607 0.0285 0.0102135 0.0280074 0.0285 0.010751 0.0261301 0.0299804 0.0113784 0.0261831 0.03 0.0116575 0.025402 0.0287335 0.0129224 0.0267302 0.0285 0.0136197 0.0267386 0.0287347 0.0136031 0.0268593 0.0293823 0.0133634 0.0255216 0.029379 0.0126845 0.0268041 0.0291812 0.0134736 0.0267635 0.0289639 0.0135541 0.025467 0.0291788 0.0127938 0.0254266 0.0289615 0.0128739 0.025753 0.029834 0.0122079 0.0270056 0.0297141 0.0130651 0.0270924 0.0298368 0.0128843 0.025589 0.0295579 0.0125481 0.026927 0.029561 0.0132264 0.0256669 0.0297108 0.0123881 0.02594 0.0299803 0.0118054 0.0271853 0.0299269 0.012687 0.0272811 0.0299816 0.0124796 0.025845 0.0299246 0.012012 0.0273777 0.03 0.0122662 0.026036 0.03 0.011592 0.0261831 0.03 0.0116575 0.0253937 0.0285 0.0129387 0.0294914 0.0298365 0.00550044 0.0279694 0.0299248 0.00547369 0.0294508 0.0299266 0.00571394 0.0293589 0.03 0.0061687 0.0294063 0.0299814 0.00593879 0.0278772 0.03 0.00592548 0.0295587 0.0295606 0.00512656 0.0295845 0.0293812 0.00497551 0.0280775 0.0295578 0.00488902 0.0280464 0.0297108 0.00506442 0.0280102 0.029834 0.00526076 0.0295277 0.0297134 0.00530257 0.0296191 0.0289627 0.00476537 0.0281376 0.0289618 0.00453037 0.0281232 0.0291787 0.00461869 0.0281032 0.029379 0.00473923 0.0296046 0.0291807 0.00485442 0.0296278 0.0287342 0.00471123 0.0281462 0.0287341 0.00447654 0.0281491 0.0285 0.00445838 0.0296306 0.0285 0.00469303 0.0279248 0.0299804 0.00569699 0.0280347 0.03 0.00595895 0.0275336 0.0287335 0.00735868 0.0289778 0.0285 0.00776457 0.0289826 0.0287347 0.00774657 0.0290507 0.0293823 0.00748702 0.0276012 0.029379 0.00710111 0.0290197 0.0291812 0.00760627 0.0289967 0.0289639 0.0076935 0.0275705 0.0291788 0.00721937 0.0275476 0.0289615 0.00730605 0.0277284 0.029834 0.00658679 0.0291319 0.0297141 0.00716477 0.0291791 0.0298368 0.00696989 0.0276387 0.0295579 0.00695368 0.0290885 0.029561 0.00733891 0.0276816 0.0297108 0.00678091 0.0278276 0.0299803 0.00615418 0.029229 0.0299269 0.0067576 0.0292796 0.0299816 0.00653477 0.0277776 0.0299246 0.00637602 0.0293298 0.03 0.00630597 0.0278772 0.03 0.00592548 0.0280347 0.03 0.00595895 0.0275289 0.0285 0.00737634 0.029179 0.0298365 -0.00697035 0.0277777 0.0299248 -0.00637571 0.0292287 0.0299266 -0.00675879 0.0293298 0.03 -0.00630597 0.0292795 0.0299814 -0.00653527 0.0278772 0.03 -0.00592548 0.0290884 0.0295606 -0.00733927 0.0290505 0.0293812 -0.00748776 0.0276386 0.0295578 -0.0069538 0.0276815 0.0297108 -0.00678091 0.0277284 0.029834 -0.00658684 0.0291316 0.0297134 -0.00716584 0.0289966 0.0289627 -0.00769379 0.0275477 0.0289618 -0.0073059 0.0275704 0.0291787 -0.00721936 0.0276011 0.029379 -0.00710108 0.0290197 0.0291807 -0.00760656 0.0289825 0.0287342 -0.00774678 0.0275336 0.0287341 -0.00735858 0.0275289 0.0285 -0.00737634 0.0289778 0.0285 -0.00776457 0.0278277 0.0299804 -0.00615357 0.0280347 0.03 -0.00595895 0.0281463 0.0287335 -0.00447644 0.0296306 0.0285 -0.00469303 0.0296277 0.0287347 -0.00471144 0.0295844 0.0293823 -0.00497626 0.0281032 0.029379 -0.00473923 0.0296046 0.0291812 -0.00485471 0.0296191 0.0289639 -0.00476567 0.0281233 0.0291788 -0.00461871 0.0281377 0.0289615 -0.00453023 0.0280103 0.029834 -0.00526083 0.0295275 0.0297141 -0.00530366 0.0294914 0.0298368 -0.0055009 0.0280775 0.0295579 -0.00488918 0.0295587 0.029561 -0.00512693 0.0280464 0.0297108 -0.00506445 0.0279249 0.0299803 -0.00569638 0.0294506 0.0299269 -0.00571513 0.0294062 0.0299816 -0.00593928 0.0279695 0.0299246 -0.00547339 0.0293589 0.03 -0.0061687 0.0278772 0.03 -0.00592548 0.0280347 0.03 -0.00595895 0.0281491 0.0285 -0.00445838 -0.0260551 0.0002 -0.000123869 -0.0260551 0.003 -0.000123869 -0.0260551 0.003 0.000123869 -0.0260959 0.0002 -0.000368228 -0.0260959 0.003 -0.000368228 -0.0261763 0.003 -0.000602543 -0.0261763 0.0002 -0.000602543 -0.0262943 0.0002 -0.000820422 -0.0262943 0.003 -0.000820422 -0.0264464 0.0002 -0.00101592 -0.0264464 0.003 -0.00101592 -0.0266287 0.003 -0.00118371 -0.0266287 0.0002 -0.00118371 -0.0268361 0.0002 -0.00131921 -0.0268361 0.003 -0.00131921 -0.027063 0.0002 -0.00141873 -0.027063 0.003 -0.00141873 -0.0273031 0.003 -0.00147954 -0.0273031 0.0002 -0.00147954 -0.02755 0.0002 -0.0015 -0.02755 0.003 -0.0015 -0.0260551 0.0002 0.000123869 -0.0260959 0.003 0.000368228 -0.0260959 0.0002 0.000368228 -0.0261763 0.003 0.000602543 -0.0261763 0.0002 0.000602543 -0.0262943 0.0002 0.000820422 -0.0262943 0.003 0.000820422 -0.0264464 0.003 0.00101592 -0.0264464 0.0002 0.00101592 -0.0266287 0.003 0.00118371 -0.0266287 0.0002 0.00118371 -0.0268361 0.0002 0.00131921 -0.0268361 0.003 0.00131921 -0.027063 0.003 0.00141873 -0.027063 0.0002 0.00141873 -0.0273031 0.003 0.00147954 -0.0273031 0.0002 0.00147954 -0.02755 0.003 0.0015 -0.02755 0.0002 0.0015 -0.00269525 0.0183141 -0.0279874 -0.00218431 0.0179544 -0.0279874 0.00364513 0.0237853 -0.0279874 -0.00353298 0.0192378 -0.0279874 -0.00314811 0.018745 -0.0279874 0.00285329 0.0247497 -0.0279874 -0.000415784 0.0173704 -0.0279874 0.00424484 0.0213927 -0.0279874 0.00422932 0.0220177 -0.0279874 -0.0016264 0.0176735 -0.0279874 -0.00103226 0.0174773 -0.0279874 0.00412239 0.0226333 -0.0279874 0.00143295 0.017599 -0.0279874 0.00200436 0.0178524 -0.0279874 0.00400188 0.0201693 -0.0279874 0.000830356 0.017432 -0.0279874 0.00416851 0.0207721 -0.0279874 0.00374852 0.0195973 -0.0279874 0.00253223 0.0181868 -0.0279874 0.00341387 0.0190686 -0.0279874 0.0030052 0.0185948 -0.0279874 0.000209619 0.0173552 -0.0279874 0.00392649 0.0232264 -0.0279874 0.00328477 0.0242968 -0.0279874 0.00236008 0.0251344 -0.0279874 0.00181591 0.0254424 -0.0279874 -0.00384144 0.0197819 -0.0279874 0.00123263 0.0256672 -0.0279874 -0.00406674 0.0203655 -0.0279874 -0.00420393 0.020976 -0.0279874 0.000624014 0.0258039 -0.0279874 -2.60209e-18 0.02585 -0.0279874 -0.00425 0.0216 -0.0279874 -0.000605082 0.0258067 -0.0279874 -0.00119782 0.0256777 -0.0279874 -0.00407798 0.0227966 -0.0279874 -0.0042067 0.0222051 -0.0279874 -0.00229843 0.0251748 -0.0279874 -0.00278387 0.0248112 -0.0279874 -0.00321257 0.0243823 -0.0279874 -0.00357582 0.0238968 -0.0279874 -0.00386625 0.0233646 -0.0279874 -0.00176613 0.0254656 -0.0279874 0.0238157 0.0055 -0.015 0.0236044 0.0055 -0.014982 0.0238157 0.00625108 -0.01375 0.0240269 0.0055 -0.014982 0.0233993 0.0055 -0.0149286 0.0232061 0.0055 -0.0148413 0.0230304 0.0055 -0.0147225 0.0228774 0.0055 -0.0145758 0.0227513 0.0055 -0.0144054 0.0226558 0.0055 -0.0142161 0.0225938 0.0055 -0.0140133 0.0225668 0.0055 -0.0138031 0.0225758 0.0055 -0.0135912 0.0226205 0.0055 -0.013384 0.0226995 0.0055 -0.0131872 0.0228107 0.0055 -0.0130067 0.0229508 0.0055 -0.0128476 0.0231157 0.0055 -0.0127144 0.0233008 0.0055 -0.012611 0.0235007 0.0055 -0.0125403 0.0237097 0.0055 -0.0125045 0.0241307 0.0055 -0.0125403 0.0239217 0.0055 -0.0125045 0.0245157 0.0055 -0.0127144 0.0243306 0.0055 -0.012611 0.0248207 0.0055 -0.0130067 0.0246806 0.0055 -0.0128476 0.0250109 0.0055 -0.013384 0.0249319 0.0055 -0.0131872 0.0250646 0.0055 -0.0138031 0.0250556 0.0055 -0.0135912 0.0249756 0.0055 -0.0142161 0.0250376 0.0055 -0.0140133 0.024754 0.0055 -0.0145758 0.0248801 0.0055 -0.0144054 0.0244253 0.0055 -0.0148413 0.024601 0.0055 -0.0147225 0.0242321 0.0055 -0.0149286 -0.0238157 0.0055 -0.015 -0.0240269 0.0055 -0.014982 -0.0238157 0.00625108 -0.01375 -0.0236044 0.0055 -0.014982 -0.0242321 0.0055 -0.0149286 -0.0244253 0.0055 -0.0148413 -0.024601 0.0055 -0.0147225 -0.024754 0.0055 -0.0145758 -0.0248801 0.0055 -0.0144054 -0.0249756 0.0055 -0.0142161 -0.0250376 0.0055 -0.0140133 -0.0250646 0.0055 -0.0138031 -0.0250556 0.0055 -0.0135912 -0.0250109 0.0055 -0.013384 -0.0249319 0.0055 -0.0131872 -0.0248207 0.0055 -0.0130067 -0.0246806 0.0055 -0.0128476 -0.0245157 0.0055 -0.0127144 -0.0243306 0.0055 -0.012611 -0.0241307 0.0055 -0.0125403 -0.0239217 0.0055 -0.0125045 -0.0235007 0.0055 -0.0125403 -0.0237097 0.0055 -0.0125045 -0.0231157 0.0055 -0.0127144 -0.0233008 0.0055 -0.012611 -0.0228107 0.0055 -0.0130067 -0.0229508 0.0055 -0.0128476 -0.0226205 0.0055 -0.013384 -0.0226995 0.0055 -0.0131872 -0.0225668 0.0055 -0.0138031 -0.0225758 0.0055 -0.0135912 -0.0226558 0.0055 -0.0142161 -0.0225938 0.0055 -0.0140133 -0.0228774 0.0055 -0.0145758 -0.0227513 0.0055 -0.0144054 -0.0232061 0.0055 -0.0148413 -0.0230304 0.0055 -0.0147225 -0.0233993 0.0055 -0.0149286 2.05306e-18 0.0055 0.02625 -0.000211251 0.0055 0.026268 3.46945e-18 0.00625108 0.0275 0.000211251 0.0055 0.026268 -0.000416425 0.0055 0.0263214 -0.000609619 0.0055 0.0264087 -0.000785275 0.0055 0.0265275 -0.00093834 0.0055 0.0266742 -0.00106441 0.0055 0.0268446 -0.00115986 0.0055 0.0270339 -0.00122194 0.0055 0.0272366 -0.00124887 0.0055 0.0274469 -0.00123988 0.0055 0.0276588 -0.00119521 0.0055 0.027866 -0.00111616 0.0055 0.0280628 -0.001005 0.0055 0.0282433 -0.000864924 0.0055 0.0284024 -0.000699968 0.0055 0.0285356 -0.000514877 0.0055 0.028639 -0.000314973 0.0055 0.0287097 -0.000106007 0.0055 0.0287455 0.000314973 0.0055 0.0287097 0.000106007 0.0055 0.0287455 0.000699968 0.0055 0.0285356 0.000514877 0.0055 0.028639 0.001005 0.0055 0.0282433 0.000864924 0.0055 0.0284024 0.00119521 0.0055 0.027866 0.00111616 0.0055 0.0280628 0.00124887 0.0055 0.0274469 0.00123988 0.0055 0.0276588 0.00115986 0.0055 0.0270339 0.00122194 0.0055 0.0272366 0.00093834 0.0055 0.0266742 0.00106441 0.0055 0.0268446 0.000609619 0.0055 0.0264087 0.000785275 0.0055 0.0265275 0.000416425 0.0055 0.0263214 0.0250614 0.0002 -0.0136468 0.0250614 0.0002 -0.0138532 0.0250646 0.0055 -0.0138031 0.0237097 0.0055 -0.0125045 0.0238157 0.0002 -0.0125 0.0239217 0.0055 -0.0125045 0.0250376 0.0055 -0.0140133 0.0250274 0.0002 -0.0140569 0.0249604 0.0002 -0.0142521 0.0249756 0.0055 -0.0142161 0.0248622 0.0002 -0.0144337 0.0248801 0.0055 -0.0144054 0.024754 0.0055 -0.0145758 0.0247354 0.0002 -0.0145966 0.0245835 0.0002 -0.0147364 0.024601 0.0055 -0.0147225 0.0244106 0.0002 -0.0148493 0.0244253 0.0055 -0.0148413 0.0242321 0.0055 -0.0149286 0.0242216 0.0002 -0.0149323 0.0240214 0.0002 -0.014983 0.0240269 0.0055 -0.014982 0.0238157 0.0002 -0.015 0.0238157 0.0055 -0.015 0.0250556 0.0055 -0.0135912 0.0250109 0.0055 -0.013384 0.0250274 0.0002 -0.0134431 0.0249604 0.0002 -0.0132479 0.0249319 0.0055 -0.0131872 0.0248207 0.0055 -0.0130067 0.0248622 0.0002 -0.0130663 0.0246806 0.0055 -0.0128476 0.0247354 0.0002 -0.0129034 0.0245835 0.0002 -0.0127636 0.0245157 0.0055 -0.0127144 0.0243306 0.0055 -0.012611 0.0244106 0.0002 -0.0126507 0.0241307 0.0055 -0.0125403 0.0242216 0.0002 -0.0125677 0.0240214 0.0002 -0.012517 0.0231157 0.0055 -0.0127144 0.0232208 0.0002 -0.0126507 0.0233008 0.0055 -0.012611 0.0235007 0.0055 -0.0125403 0.0234098 0.0002 -0.0125677 0.02361 0.0002 -0.012517 0.0227692 0.0002 -0.0130663 0.0228107 0.0055 -0.0130067 0.0226995 0.0055 -0.0131872 0.0230479 0.0002 -0.0127636 0.0229508 0.0055 -0.0128476 0.022896 0.0002 -0.0129034 0.0225758 0.0055 -0.0135912 0.0225668 0.0055 -0.0138031 0.02257 0.0002 -0.0136468 0.0226205 0.0055 -0.013384 0.0226039 0.0002 -0.0134431 0.022671 0.0002 -0.0132479 0.0227513 0.0055 -0.0144054 0.022671 0.0002 -0.0142521 0.0226558 0.0055 -0.0142161 0.0226039 0.0002 -0.0140569 0.02257 0.0002 -0.0138532 0.0225938 0.0055 -0.0140133 0.0230479 0.0002 -0.0147364 0.022896 0.0002 -0.0145966 0.0230304 0.0055 -0.0147225 0.0227692 0.0002 -0.0144337 0.0228774 0.0055 -0.0145758 0.0232061 0.0055 -0.0148413 0.0232208 0.0002 -0.0148493 0.0233993 0.0055 -0.0149286 0.0234098 0.0002 -0.0149323 0.02361 0.0002 -0.014983 0.0236044 0.0055 -0.014982 -0.02257 0.0002 -0.0136468 -0.02257 0.0002 -0.0138532 -0.0225668 0.0055 -0.0138031 -0.0239217 0.0055 -0.0125045 -0.0238157 0.0002 -0.0125 -0.0237097 0.0055 -0.0125045 -0.0225938 0.0055 -0.0140133 -0.0226039 0.0002 -0.0140569 -0.022671 0.0002 -0.0142521 -0.0226558 0.0055 -0.0142161 -0.0227692 0.0002 -0.0144337 -0.0227513 0.0055 -0.0144054 -0.0228774 0.0055 -0.0145758 -0.022896 0.0002 -0.0145966 -0.0230479 0.0002 -0.0147364 -0.0230304 0.0055 -0.0147225 -0.0232208 0.0002 -0.0148493 -0.0232061 0.0055 -0.0148413 -0.0233993 0.0055 -0.0149286 -0.0234098 0.0002 -0.0149323 -0.02361 0.0002 -0.014983 -0.0236044 0.0055 -0.014982 -0.0238157 0.0002 -0.015 -0.0238157 0.0055 -0.015 -0.0225758 0.0055 -0.0135912 -0.0226205 0.0055 -0.013384 -0.0226039 0.0002 -0.0134431 -0.022671 0.0002 -0.0132479 -0.0226995 0.0055 -0.0131872 -0.0228107 0.0055 -0.0130067 -0.0227692 0.0002 -0.0130663 -0.0229508 0.0055 -0.0128476 -0.022896 0.0002 -0.0129034 -0.0230479 0.0002 -0.0127636 -0.0231157 0.0055 -0.0127144 -0.0233008 0.0055 -0.012611 -0.0232208 0.0002 -0.0126507 -0.0235007 0.0055 -0.0125403 -0.0234098 0.0002 -0.0125677 -0.02361 0.0002 -0.012517 -0.0245157 0.0055 -0.0127144 -0.0244106 0.0002 -0.0126507 -0.0243306 0.0055 -0.012611 -0.0241307 0.0055 -0.0125403 -0.0242216 0.0002 -0.0125677 -0.0240214 0.0002 -0.012517 -0.0248622 0.0002 -0.0130663 -0.0248207 0.0055 -0.0130067 -0.0249319 0.0055 -0.0131872 -0.0245835 0.0002 -0.0127636 -0.0246806 0.0055 -0.0128476 -0.0247354 0.0002 -0.0129034 -0.0250556 0.0055 -0.0135912 -0.0250646 0.0055 -0.0138031 -0.0250614 0.0002 -0.0136468 -0.0250109 0.0055 -0.013384 -0.0250274 0.0002 -0.0134431 -0.0249604 0.0002 -0.0132479 -0.0248801 0.0055 -0.0144054 -0.0249604 0.0002 -0.0142521 -0.0249756 0.0055 -0.0142161 -0.0250274 0.0002 -0.0140569 -0.0250614 0.0002 -0.0138532 -0.0250376 0.0055 -0.0140133 -0.0245835 0.0002 -0.0147364 -0.0247354 0.0002 -0.0145966 -0.024601 0.0055 -0.0147225 -0.0248622 0.0002 -0.0144337 -0.024754 0.0055 -0.0145758 -0.0244253 0.0055 -0.0148413 -0.0244106 0.0002 -0.0148493 -0.0242321 0.0055 -0.0149286 -0.0242216 0.0002 -0.0149323 -0.0240214 0.0002 -0.014983 -0.0240269 0.0055 -0.014982 0.00124573 0.0002 0.0276032 0.00124573 0.0002 0.0273968 0.00124887 0.0055 0.0274469 -0.000106007 0.0055 0.0287455 4.17764e-18 0.0002 0.02875 0.000106007 0.0055 0.0287455 0.00122194 0.0055 0.0272366 0.00121175 0.0002 0.0271931 0.00114472 0.0002 0.0269979 0.00115986 0.0055 0.0270339 0.00104646 0.0002 0.0268163 0.00106441 0.0055 0.0268446 0.00093834 0.0055 0.0266742 0.000919655 0.0002 0.0266534 0.000767766 0.0002 0.0265136 0.000785275 0.0055 0.0265275 0.000594934 0.0002 0.0264007 0.000609619 0.0055 0.0264087 0.000416425 0.0055 0.0263214 0.000405874 0.0002 0.0263177 0.000205743 0.0002 0.026267 0.000211251 0.0055 0.026268 3.46945e-18 0.0002 0.02625 2.05306e-18 0.0055 0.02625 0.00123988 0.0055 0.0276588 0.00119521 0.0055 0.027866 0.00121175 0.0002 0.0278069 0.00114472 0.0002 0.0280021 0.00111616 0.0055 0.0280628 0.001005 0.0055 0.0282433 0.00104646 0.0002 0.0281837 0.000864924 0.0055 0.0284024 0.000919655 0.0002 0.0283466 0.000767766 0.0002 0.0284864 0.000699968 0.0055 0.0285356 0.000514877 0.0055 0.028639 0.000594934 0.0002 0.0285993 0.000314973 0.0055 0.0287097 0.000405874 0.0002 0.0286823 0.000205743 0.0002 0.028733 -0.000699968 0.0055 0.0285356 -0.000594934 0.0002 0.0285993 -0.000514877 0.0055 0.028639 -0.000314973 0.0055 0.0287097 -0.000405874 0.0002 0.0286823 -0.000205743 0.0002 0.028733 -0.00104646 0.0002 0.0281837 -0.001005 0.0055 0.0282433 -0.00111616 0.0055 0.0280628 -0.000767766 0.0002 0.0284864 -0.000864924 0.0055 0.0284024 -0.000919655 0.0002 0.0283466 -0.00123988 0.0055 0.0276588 -0.00124887 0.0055 0.0274469 -0.00124573 0.0002 0.0276032 -0.00119521 0.0055 0.027866 -0.00121175 0.0002 0.0278069 -0.00114472 0.0002 0.0280021 -0.00106441 0.0055 0.0268446 -0.00114472 0.0002 0.0269979 -0.00115986 0.0055 0.0270339 -0.00121175 0.0002 0.0271931 -0.00124573 0.0002 0.0273968 -0.00122194 0.0055 0.0272366 -0.000767766 0.0002 0.0265136 -0.000919655 0.0002 0.0266534 -0.000785275 0.0055 0.0265275 -0.00104646 0.0002 0.0268163 -0.00093834 0.0055 0.0266742 -0.000609619 0.0055 0.0264087 -0.000594934 0.0002 0.0264007 -0.000416425 0.0055 0.0263214 -0.000405874 0.0002 0.0263177 -0.000205743 0.0002 0.026267 -0.000211251 0.0055 0.026268 0.0292449 0.0002 0.000123869 0.0292449 0.0002 -0.000123869 0.0292476 0.003 -8.41057e-05 0.0276659 0.003 0.00149764 0.02775 0.0002 0.0015 0.0279179 0.003 0.00149057 0.0292124 0.003 -0.000333781 0.0292041 0.0002 -0.000368228 0.0291237 0.0002 -0.000602543 0.0291358 0.003 -0.000574025 0.0290058 0.0002 -0.000820422 0.0290201 0.003 -0.000798048 0.0288685 0.003 -0.00099952 0.0288536 0.0002 -0.00101592 0.0286713 0.0002 -0.00118371 0.0286852 0.003 -0.00117275 0.0284639 0.0002 -0.00131921 0.0284756 0.003 -0.00131284 0.0282454 0.003 -0.00141582 0.028237 0.0002 -0.00141873 0.0279969 0.0002 -0.00147954 0.0280013 0.003 -0.00147881 0.02775 0.0002 -0.0015 0.02775 0.003 -0.0015 0.0292406 0.003 0.000167947 0.0291914 0.003 0.000415253 0.0292041 0.0002 0.000368228 0.0291237 0.0002 0.000602543 0.0291015 0.003 0.000650826 0.0289733 0.003 0.000868007 0.0290058 0.0002 0.000820422 0.0288107 0.003 0.00106066 0.0288536 0.0002 0.00101592 0.0286713 0.0002 0.00118371 0.028618 0.003 0.00122334 0.0284008 0.003 0.00135145 0.0284639 0.0002 0.00131921 0.0281653 0.003 0.00144138 0.028237 0.0002 0.00141873 0.0279969 0.0002 0.00147954 0.027176 0.003 0.00138582 0.0270361 0.0002 0.00131921 0.027263 0.0002 0.00141873 0.0274162 0.003 0.00146239 0.0275031 0.0002 0.00147954 0.0264942 0.0002 0.000820422 0.0266464 0.0002 0.00101592 0.0265773 0.003 0.000935235 0.0268287 0.0002 0.00118371 0.026952 0.003 0.00127009 0.0267505 0.003 0.00111846 0.0262959 0.0002 0.000368228 0.0262712 0.003 0.000251259 0.0262551 0.0002 0.000123869 0.0264372 0.003 0.000725578 0.0263342 0.003 0.000495419 0.0263763 0.0002 0.000602543 0.0263404 0.003 -0.000512836 0.0263763 0.0002 -0.000602543 0.0262959 0.0002 -0.000368228 0.0262728 0.003 -0.000260367 0.0262551 0.0002 -0.000123869 0.02625 0.003 8.49831e-19 0.0264942 0.0002 -0.000820422 0.0264508 0.003 -0.000749746 0.0266007 0.003 -0.000963906 0.0269997 0.003 -0.00129884 0.0268287 0.0002 -0.00118371 0.0267856 0.003 -0.00114881 0.0266464 0.0002 -0.00101592 0.0272367 0.003 -0.00140941 0.0270361 0.0002 -0.00131921 0.027263 0.0002 -0.00141873 0.0274894 0.003 -0.00147716 0.0275031 0.0002 -0.00147954 -0.0042067 0.0222051 -0.0279874 -0.00425 0.0216 -0.0292874 -0.00425 0.0216 -0.0279874 -0.00357582 0.0238968 -0.0279874 -0.00384759 0.023405 -0.0292874 -0.00386625 0.0233646 -0.0279874 -0.00407798 0.0227966 -0.0279874 -0.00406952 0.0228253 -0.0292874 -0.00420463 0.0222193 -0.0292874 -0.00271789 0.0248672 -0.0292874 -0.00278387 0.0248112 -0.0279874 -0.00229843 0.0251748 -0.0279874 -0.00354368 0.0239461 -0.0292874 -0.00321257 0.0243823 -0.0279874 -0.00316438 0.024437 -0.0292874 -0.00119782 0.0256777 -0.0279874 -0.000605082 0.0258067 -0.0279874 -0.00107416 0.025712 -0.0292874 -0.00176613 0.0254656 -0.0279874 -0.00166183 0.0255116 -0.0292874 -0.00221385 0.0252278 -0.0292874 0.00123263 0.0256672 -0.0279874 0.000773184 0.025779 -0.0292874 0.000624014 0.0258039 -0.0279874 0.000156534 0.025847 -0.0292874 -0.000463674 0.0258246 -0.0292874 -2.60209e-18 0.02585 -0.0279874 0.00247316 0.0250563 -0.0292874 0.00236008 0.0251344 -0.0279874 0.00285329 0.0247497 -0.0279874 0.00137311 0.025622 -0.0292874 0.00181591 0.0254424 -0.0279874 0.00194353 0.0253795 -0.0292874 0.00364513 0.0237853 -0.0279874 0.00392649 0.0232264 -0.0279874 0.00370677 0.0236788 -0.0292874 0.00328477 0.0242968 -0.0279874 0.0033645 0.0241966 -0.0292874 0.00295035 0.024659 -0.0292874 0.00424484 0.0213927 -0.0279874 0.00423864 0.0219098 -0.0292874 0.00422932 0.0220177 -0.0279874 0.00414844 0.0225231 -0.0292874 0.00396993 0.023117 -0.0292874 0.00412239 0.0226333 -0.0279874 0.00396915 0.0200808 -0.0292874 0.00400188 0.0201693 -0.0279874 0.00374852 0.0195973 -0.0279874 0.00423864 0.0212895 -0.0292874 0.00416851 0.0207721 -0.0279874 0.00414815 0.0206752 -0.0292874 0.0030052 0.0185948 -0.0279874 0.00253223 0.0181868 -0.0279874 0.00294896 0.0185397 -0.0292874 0.00341387 0.0190686 -0.0279874 0.00336297 0.0190015 -0.0292874 0.00370551 0.0195189 -0.0292874 0.000830356 0.017432 -0.0279874 0.00137165 0.0175774 -0.0292874 0.00143295 0.017599 -0.0279874 0.00194314 0.0178202 -0.0292874 0.00247241 0.0181432 -0.0292874 0.00200436 0.0178524 -0.0279874 -0.000466133 0.0173757 -0.0292874 0.000153957 0.0173529 -0.0292874 -0.000415784 0.0173704 -0.0279874 0.000770959 0.0174206 -0.0292874 0.000209619 0.0173552 -0.0279874 -0.00103226 0.0174773 -0.0279874 -0.00107605 0.0174886 -0.0292874 -0.0016264 0.0176735 -0.0279874 -0.00166278 0.0176889 -0.0292874 -0.00221407 0.0179723 -0.0292874 -0.00218431 0.0179544 -0.0279874 -0.00269525 0.0183141 -0.0279874 -0.00271902 0.0183336 -0.0292874 -0.00314811 0.018745 -0.0279874 -0.00316589 0.0187646 -0.0292874 -0.00354511 0.019256 -0.0292874 -0.00353298 0.0192378 -0.0279874 -0.00384144 0.0197819 -0.0279874 -0.00384863 0.0197973 -0.0292874 -0.00406674 0.0203655 -0.0279874 -0.00407004 0.0203768 -0.0292874 -0.00420463 0.0209807 -0.0292874 -0.00420393 0.020976 -0.0279874 0.0016324 0.03814 0.0299549 0.000689725 0.0001 0.0299921 -3.00927e-36 0.03814 0.03 -0.00485384 0.03814 0.0296047 -0.00469303 0.0286 0.0296306 -0.00623735 0.0001 0.0293444 0.00206918 0.0001 0.0299286 0.00206918 0.0286 0.0299286 0.00214758 0.0290625 0.029923 0.00208906 0.0288345 0.0299272 0.00224361 0.0292772 0.029916 0.00272254 0.0297854 0.0298762 0.00325035 0.03814 0.0298231 0.0029308 0.0298933 0.0298565 0.00237392 0.029473 0.0299059 0.00253522 0.0296439 0.0298927 0.00383852 0.029893 0.0297534 0.00404562 0.0297847 0.029726 0.00338472 0.0299977 0.0298085 0.00315389 0.0299648 0.0298338 0.00957978 0.03814 0.0284293 0.0111113 0.03814 0.0278657 0.0103396 0.0295606 0.0281619 0.00439159 0.0294721 0.0296768 0.00485384 0.03814 0.0296047 0.00452086 0.0292764 0.0296574 0.00898053 0.0299816 0.0286243 0.00876225 0.0299269 0.0286919 0.0251501 0.0287342 0.0163546 0.0251201 0.0289627 0.0164006 0.0248319 0.03814 0.0168337 0.00818856 0.029561 0.0288608 0.00804141 0.0293823 0.0289022 0.0080326 0.03814 0.0289043 0.00836106 0.0297141 0.0288113 0.00855345 0.0298368 0.0287548 0.00792264 0.0291812 0.028935 0.0078356 0.0289639 0.0289587 0.00778257 0.0287347 0.0289729 0.0064569 0.03814 0.0292962 0.00623735 0.0001 0.0293444 0.00776457 0.0001 0.0289778 0.00776457 0.0285 0.0289778 0.00469303 0.0286 0.0296306 0.00469303 9.99992e-05 0.0296306 0.00956001 0.0299814 0.028436 0.00933722 0.03 0.0285099 0.00920375 0.03 0.0285533 0.0101717 0.0297134 0.028223 0.0099822 0.0298365 0.0282906 0.009777 0.0299266 0.0283621 0.0154729 0.03814 0.0257011 0.0154602 0.0299266 0.0257096 0.0152633 0.0299814 0.025827 0.0104833 0.0293812 0.0281087 0.0273215 0.0298931 -0.0123909 0.0272249 0.03814 -0.0126005 0.0272346 0.0297849 -0.0125809 0.0275072 0.0299977 -0.011973 0.0275991 0.0299648 -0.0117598 0.0150607 0.03 0.0259456 0.0140101 0.029561 0.0265277 0.0138748 0.0293823 0.0265987 0.0140533 0.03814 0.0265048 0.0107338 0.0287342 0.028014 0.010751 0.0285 0.0280074 0.0137654 0.0291812 0.0266555 0.010751 0.0001 0.0280074 0.0136852 0.0289639 0.0266967 0.0136363 0.0287347 0.0267217 0.0126032 0.03814 0.0272239 0.0122021 0.0001 0.0274064 0.0136197 0.0001 0.0267302 0.0136197 0.0285 0.0267302 0.0141686 0.0297141 0.0264434 0.014345 0.0298368 0.0263481 0.0147356 0.0299816 0.0261316 0.0145361 0.0299269 0.0262431 0.0149392 0.03 0.0260158 0.015646 0.0298365 0.0255969 0.0158173 0.0297134 0.0254914 0.0206363 0.03814 0.0217743 0.0204677 0.0299266 0.0219334 0.0202995 0.0299814 0.0220892 0.020126 0.03 0.0222473 0.0269878 0.0290616 -0.0131018 0.0270296 0.0292765 -0.0130154 0.0270861 0.0294722 -0.0128975 0.0200217 0.03 0.0223412 0.0192194 0.029561 0.0230351 0.0191018 0.0293823 0.0231327 0.0194269 0.03814 0.0228595 0.0163237 0.0287342 0.0251701 0.0168416 0.03814 0.0248261 0.0163392 0.0285 0.0251601 0.0190066 0.0291812 0.023211 0.0163392 0.0001 0.0251601 0.0189367 0.0289639 0.023268 0.0181565 0.03814 0.0238818 0.0188796 0.0285 0.0233144 0.0188941 0.0287347 0.0233026 0.0188796 0.0001 0.0233144 0.0176336 0.0001 0.0242705 0.0193568 0.0297141 0.0229197 0.0195096 0.0298368 0.0227898 0.0198467 0.0299816 0.0224969 0.0196747 0.0299269 0.0226474 0.020626 0.0298365 0.0217846 0.0207716 0.0297134 0.0216458 0.0243117 0.03 0.0175767 0.0244485 0.0299814 0.017386 0.0212002 0.0287342 0.0212262 0.0211613 0.0289627 0.0212649 0.0217812 0.03814 0.0206296 0.0235051 0.0294721 -0.0186416 0.0238771 0.03814 -0.0181618 0.0234236 0.0292764 -0.0187439 0.0265008 0.03814 -0.0140596 0.0269621 0.0288337 -0.0131547 0.0238872 0.03814 0.0181487 0.0235887 0.029561 0.0185358 0.0234939 0.0293823 0.0186557 0.0236991 0.0297141 0.0183943 0.0238215 0.0298368 0.0182355 0.022869 0.03814 0.0194156 0.0234171 0.0291812 0.0187521 0.0233606 0.0289639 0.0188224 0.0212132 0.0001 0.0212132 0.0212132 0.0285 0.0212132 0.0233144 0.0285 0.0188796 0.0233261 0.0287347 0.0188651 0.0233144 0.0001 0.0188796 0.0222943 0.0001 0.0200739 0.0240903 0.0299816 0.0178789 0.0239535 0.0299269 0.0180619 0.0242292 0.03 0.0176903 0.0247045 0.0298365 0.0170202 0.0245806 0.0299266 0.0171987 0.0248181 0.0297134 0.0168541 0.0278711 0.03814 0.0110978 0.027529 0.0299814 0.0119229 0.0272284 0.03814 0.0125942 0.0257087 0.03814 0.0154603 0.0233144 0.0286 -0.0188796 0.0233267 0.0288336 -0.0188643 0.0228614 0.03814 -0.0194254 0.0274348 0.03 0.012138 0.026927 0.029561 0.0132264 0.0265087 0.03814 0.0140449 0.0270056 0.0297141 0.0130651 0.0270924 0.0298368 0.0128843 0.0268041 0.0291812 0.0134736 0.0268593 0.0293823 0.0133634 0.0267635 0.0289639 0.0135541 0.0251601 0.0001 0.0163392 0.0251601 0.0285 0.0163392 0.0267302 0.0285 0.0136197 0.0267386 0.0287347 0.0136031 0.0267302 0.0001 0.0136197 0.0259808 0.0001 0.015 0.0272811 0.0299816 0.0124796 0.0271853 0.0299269 0.012687 0.0273777 0.03 0.0122662 0.0276193 0.0299266 0.0117122 0.0277034 0.0298365 0.0115119 0.0292993 0.03814 0.00644288 0.0294508 0.0299266 0.00571394 0.0294063 0.0299814 0.00593879 0.0280074 0.0285 0.010751 0.0280008 0.0287342 0.0107682 0.0196738 0.0299266 -0.0226482 0.0194173 0.03814 -0.0228683 0.0195092 0.0298365 -0.0227901 0.0198463 0.0299814 -0.0224972 0.0293589 0.03 0.0061687 0.0289073 0.03814 0.00802289 0.0291319 0.0297141 0.00716477 0.0290885 0.029561 0.00733891 0.0291791 0.0298368 0.00696989 0.0290197 0.0291812 0.00760627 0.0290507 0.0293823 0.00748702 0.0289967 0.0289639 0.0076935 0.0280074 0.0001 0.010751 0.0284318 0.03814 0.00957111 0.0289778 0.0285 0.00776457 0.0289826 0.0287347 0.00774657 0.0289778 0.0001 0.00776457 0.0285317 0.0001 0.00927051 0.0292796 0.0299816 0.00653477 0.029229 0.0299269 0.0067576 0.0293298 0.03 0.00630597 0.0296057 0.03814 0.00484515 0.0294914 0.0298365 0.00550044 0.0296306 0.0285 0.00469303 0.0298244 0.03814 0.00324017 0.0296278 0.0287342 0.00471123 0.0190064 0.0291807 -0.0232112 0.0191012 0.0293812 -0.0231332 0.0192191 0.0295606 -0.0230353 0.019356 0.0297134 -0.0229204 0.0293589 0.03 -0.0061687 0.0294062 0.0299816 -0.00593928 0.0292976 0.03814 -0.00645312 0.0296029 0.03814 -0.00486179 0.0295275 0.0297141 -0.00530366 0.0295587 0.029561 -0.00512693 0.0294914 0.0298368 -0.0055009 0.0296046 0.0291812 -0.00485471 0.0295844 0.0293823 -0.00497626 0.0296191 0.0289639 -0.00476567 0.03 0.0001 -7.51117e-17 0.0299995 0.03814 -8.44706e-06 0.029959 0.0001 -0.00156434 0.0298358 0.0001 -0.00312869 0.0296306 0.0285 -0.00469303 0.0296306 0.0001 -0.00469303 0.0296277 0.0287347 -0.00471144 0.029959 0.0001 0.00156434 0.0299557 0.03814 0.00161829 0.0299557 0.03814 -0.00162793 0.0298358 0.0001 0.00312869 0.0296306 0.0001 0.00469303 0.029823 0.03814 -0.0032489 0.0294506 0.0299269 -0.00571513 0.0293298 0.03 -0.00630597 0.0292795 0.0299814 -0.00653527 0.0290884 0.0295606 -0.00733927 0.0291316 0.0297134 -0.00716584 0.0289047 0.03814 -0.00803049 0.0292287 0.0299266 -0.00675879 0.0269535 0.0286 -0.0131723 0.0189365 0.0289627 -0.0232682 0.023848 0.029893 -0.018201 0.0239833 0.0299645 -0.0180222 0.0188939 0.0287342 -0.0233028 0.0274134 0.0299645 -0.0121863 0.0278366 0.0296437 -0.0111858 0.0278965 0.0294728 -0.0110356 0.0278675 0.03814 -0.0111083 0.0289825 0.0287342 -0.00774678 0.0289778 0.0285 -0.00776457 0.0279443 0.0292771 -0.010914 0.0289778 0.0001 -0.00776457 0.0279792 0.0290623 -0.0108243 0.0280003 0.0288345 -0.0107696 0.0280074 0.0286 -0.010751 0.0285317 0.0001 -0.00927051 0.0284263 0.03814 -0.00958701 0.0280074 0.0001 -0.010751 0.027766 0.0297853 -0.01136 0.0276862 0.0298932 -0.0115532 0.0271551 0.0296434 -0.0127514 0.0140502 0.03814 -0.0265061 0.0141676 0.0297134 -0.0264439 0.0143446 0.0298365 -0.0263483 0.0236051 0.0296432 -0.0185149 0.0243911 0.0298933 -0.0174664 0.0248281 0.03814 -0.0168386 0.0245123 0.0297854 -0.0172959 0.0246202 0.0296439 -0.0171419 0.0247123 0.029473 -0.0170088 0.0257031 0.03814 -0.0154707 0.0263188 0.0001 -0.0143987 0.0247862 0.0292772 -0.016901 0.0248403 0.0290625 -0.0168214 0.0248732 0.0288345 -0.0167728 0.025629 0.0001 -0.0155934 0.0248843 0.0286 -0.0167562 0.0248843 0.0001 -0.0167562 0.0269535 0.0001 -0.0131723 0.0241225 0.0299977 -0.0178355 0.0242598 0.0299648 -0.0176482 0.0237206 0.0297847 -0.0183666 0.0233636 0.0290615 -0.0188186 0.0140098 0.0295606 -0.0265278 0.0206243 0.03814 -0.0217854 0.020126 0.03 -0.0222473 0.0202991 0.0299816 -0.0220895 0.0208999 0.029561 -0.0215219 0.0210093 0.0293823 -0.0214152 0.0207708 0.0297141 -0.0216466 0.0206257 0.0298368 -0.0217849 0.0210971 0.0291812 -0.0213287 0.0211611 0.0289639 -0.0212652 0.0217773 0.03814 -0.0206332 0.0212 0.0287347 -0.0212264 0.0212132 0.0001 -0.0212132 0.0222943 0.0001 -0.0200739 0.0212132 0.0285 -0.0212132 0.0233144 0.0001 -0.0188796 0.0204668 0.0299269 -0.0219343 0.0200217 0.03 -0.0223412 0.0147352 0.0299814 -0.0261319 0.0154616 0.03814 -0.0257085 0.0138741 0.0293812 -0.026599 0.0181528 0.03814 -0.0238842 0.0149392 0.03 -0.0260158 0.0159686 0.029561 -0.025397 0.0160977 0.0293823 -0.0253153 0.0158163 0.0297141 -0.025492 0.0156456 0.0298368 -0.0255972 0.0162016 0.0291812 -0.0252489 0.0168281 0.03814 -0.024835 0.0162774 0.0289639 -0.0252001 0.0188796 0.0001 -0.0233144 0.0188796 0.0285 -0.0233144 0.0163392 0.0285 -0.0251601 0.0163235 0.0287347 -0.0251703 0.0163392 0.0001 -0.0251601 0.0176336 0.0001 -0.0242705 0.0152628 0.0299816 -0.0258272 0.0154591 0.0299269 -0.0257102 0.0150607 0.03 -0.0259456 0.0145351 0.0299266 -0.0262437 0.0136849 0.0289627 -0.0266969 0.0137652 0.0291807 -0.0266556 0.0125886 0.03814 -0.0272303 0.0136361 0.0287342 -0.0267218 0.0095776 0.03814 -0.0284299 0.00898005 0.0299814 -0.0286244 0.00920375 0.03 -0.0285533 0.0103393 0.029561 -0.028162 0.0110985 0.03814 -0.0278713 0.0101706 0.0297141 -0.0282234 0.00998176 0.0298368 -0.0282907 0.010598 0.0291812 -0.0280657 0.0104826 0.0293823 -0.028109 0.0106823 0.0289639 -0.0280337 0.0136197 0.0001 -0.0267302 0.0136197 0.0285 -0.0267302 0.010751 0.0285 -0.0280074 0.0107336 0.0287347 -0.0280141 0.010751 0.0001 -0.0280074 0.0122021 0.0001 -0.0274064 0.00955953 0.0299816 -0.0284362 0.00977585 0.0299269 -0.0283625 0.00933722 0.03 -0.0285099 0.00876108 0.0299266 -0.0286922 0.00801747 0.03814 -0.0289081 0.008553 0.0298365 -0.0287549 0.00836 0.0297134 -0.0288116 0.00804067 0.0293812 -0.0289024 0.0081882 0.0295606 -0.0288609 0.00326947 0.0301 -0.0298213 0.00488961 0.0301 -0.0295987 0.00485384 0.03814 -0.0296047 0.00792235 0.0291807 -0.028935 0.00325035 0.03814 -0.0298231 0.0078353 0.0289627 -0.0289587 0.00644288 0.03814 -0.0292997 0.00778236 0.0287342 -0.028973 0.0065 0.0301 -0.0292874 0.00776457 0.0285 -0.0289778 0.0065 0.0001 -0.0292874 0.00776457 0.0001 -0.0289778 0.00163961 0.0301 -0.0299551 0.0289966 0.0289627 -0.00769379 -6.83103e-34 0.0301 -0.03 0.0016324 0.03814 -0.0299549 -9.64874e-18 0.03814 -0.03 0.0290197 0.0291807 -0.00760656 0.0290505 0.0293812 -0.00748776 0.029179 0.0298365 -0.00697035 0.0296046 0.0291807 0.00485442 0.0296191 0.0289627 0.00476537 0.0295845 0.0293812 0.00497551 0.0295587 0.0295606 0.00512656 0.0295277 0.0297134 0.00530257 0.0279811 0.0289627 0.0108194 0.0279484 0.0291807 0.0109035 0.0279036 0.0293812 0.0110177 0.0278469 0.0295606 0.0111601 0.0277799 0.0297134 0.0113258 0.0250707 0.0291807 0.016476 0.0250031 0.0293812 0.0165785 0.0249181 0.0295606 0.016706 0.0210973 0.0291807 0.0213285 0.0210099 0.0293812 0.0214146 0.0209002 0.0295606 0.0215217 0.0162777 0.0289627 0.0251999 0.0162018 0.0291807 0.0252488 0.0160984 0.0293812 0.0253149 0.0159689 0.0295606 0.0253968 0.0106826 0.0289627 0.0280336 0.0105983 0.0291807 0.0280656 0.00461558 0.0290615 0.0296428 0.00467364 0.0288336 0.0296337 0.00423184 0.0296432 0.0297 0.00361607 0.0299645 0.0297813 -0.000689725 0.0001 0.0299921 -0.00206917 9.99992e-05 0.0299286 -0.0016324 0.03814 0.0299549 -0.00776457 9.99992e-05 0.0289778 -0.00644288 0.03814 0.0292997 -0.00325035 0.03814 0.0298231 -0.00292998 0.0298931 0.0298566 -0.00315309 0.0299645 0.0298338 -0.0122021 0.0001 0.0274064 -0.0110985 0.03814 0.0278713 -0.010751 0.0001 0.0280074 -0.00801747 0.03814 0.0289081 -0.00876108 0.0299266 0.0286922 -0.0095776 0.03814 0.0284299 -0.0156456 0.0298368 0.0255972 -0.0158163 0.0297141 0.025492 -0.0154616 0.03814 0.0257085 -0.0138741 0.0293812 0.026599 -0.0140502 0.03814 0.0265061 -0.0137652 0.0291807 0.0266556 -0.0192191 0.0295606 0.0230353 -0.0194173 0.03814 0.0228683 -0.0191012 0.0293812 0.0231332 -0.0176336 0.0001 0.0242705 -0.0181528 0.03814 0.0238842 -0.0168281 0.03814 0.024835 -0.0222943 0.0001 0.0200739 -0.0228614 0.03814 0.0194254 -0.0217773 0.03814 0.0206332 -0.0212132 0.0001 0.0212132 -0.0212132 0.0285 0.0212132 -0.0251601 0.0001 0.0163392 -0.0257031 0.03814 0.0154707 -0.0251601 0.0285 0.0163392 -0.0238771 0.03814 0.0181618 -0.0242292 0.03 0.0176903 -0.0243117 0.03 0.0175767 -0.0279033 0.0293823 0.0110185 -0.0278675 0.03814 0.0111083 -0.0278468 0.029561 0.0111605 -0.0267386 0.0287342 0.0136033 -0.0265008 0.03814 0.0140596 -0.0267302 0.0285 0.0136197 -0.0291316 0.0297134 0.00716584 -0.029179 0.0298365 0.00697035 -0.0292976 0.03814 0.00645312 -0.0284263 0.03814 0.00958701 -0.0285317 0.0001 0.00927051 -0.0289047 0.03814 0.00803049 -0.0298358 0.0001 0.00312869 -0.029959 0.0001 0.00156434 -0.0299557 0.03814 0.00162793 -0.029823 0.03814 0.0032489 -0.0296306 0.0285 0.00469303 -0.0299557 0.03814 -0.00161829 -0.0298358 0.0001 -0.00312869 -0.0298244 0.03814 -0.00324017 -0.0299995 0.03814 8.44706e-06 -0.03 0.0001 3.25255e-16 -0.029959 0.0001 -0.00156434 -0.0289073 0.03814 -0.00802289 -0.0289778 0.0285 -0.00776457 -0.0289778 0.0001 -0.00776457 -0.0296057 0.03814 -0.00484515 -0.0294508 0.0299266 -0.00571394 -0.0292993 0.03814 -0.00644288 -0.0276865 0.029893 -0.0115525 -0.0275994 0.0299645 -0.011759 -0.0278711 0.03814 -0.0110978 -0.0284318 0.03814 -0.00957111 -0.0285317 0.0001 -0.00927051 -0.0280074 9.99992e-05 -0.010751 -0.0263188 0.0001 -0.0143987 -0.025629 0.0001 -0.0155934 -0.0257087 0.03814 -0.0154603 -0.0265087 0.03814 -0.0140449 -0.0269535 0.0001 -0.0131723 -0.0245127 0.0297849 -0.0172954 -0.0243916 0.0298931 -0.0174657 -0.0248319 0.03814 -0.0168337 -0.0248404 0.0290616 -0.0168213 -0.0248733 0.0288337 -0.0167725 -0.022869 0.03814 -0.0194156 -0.0233144 0.0286 -0.0188796 -0.0233144 0.0001 -0.0188796 -0.0238872 0.03814 -0.0181487 -0.0238485 0.0298932 -0.0182003 -0.023721 0.0297853 -0.0183661 -0.0217812 0.03814 -0.0206296 -0.0222943 0.0001 -0.0200739 -0.0206363 0.03814 -0.0217743 -0.0210099 0.0293812 -0.0214146 -0.0209002 0.0295606 -0.0215217 -0.0212132 0.0285 -0.0212132 -0.0212132 9.99992e-05 -0.0212132 -0.0188796 0.0001 -0.0233144 -0.0181565 0.03814 -0.0238818 -0.0188796 0.0285 -0.0233144 -0.020126 0.03 -0.0222473 -0.0200217 0.03 -0.0223412 -0.0154729 0.03814 -0.0257011 -0.0150607 0.03 -0.0259456 -0.0149392 0.03 -0.0260158 -0.0168416 0.03814 -0.0248261 -0.0176336 0.0001 -0.0242705 -0.0136197 0.0001 -0.0267302 -0.0122021 0.0001 -0.0274064 -0.0126032 0.03814 -0.0272239 -0.0136197 0.0285 -0.0267302 -0.0107338 0.0287342 -0.028014 -0.0106826 0.0289627 -0.0280336 -0.0111113 0.03814 -0.0278657 -0.00898053 0.0299816 -0.0286243 -0.00957978 0.03814 -0.0284293 -0.00920375 0.03 -0.0285533 -0.0103396 0.0295606 -0.0281619 -0.0101717 0.0297134 -0.028223 -0.0065 0.0301 -0.0292874 -0.00776457 0.0285 -0.0289778 -0.0065 0.0001 -0.0292874 -0.00804141 0.0293823 -0.0289022 -0.00792264 0.0291812 -0.028935 -0.0080326 0.03814 -0.0289043 -0.0064569 0.03814 -0.0292962 -0.00776457 0.0001 -0.0289778 -0.00488961 0.0301 -0.0295987 -0.00485384 0.03814 -0.0296047 -0.00326947 0.0301 -0.0298213 -0.00325035 0.03814 -0.0298231 -0.0016324 0.03814 -0.0299549 -0.00163961 0.0301 -0.0299551 -0.0138748 0.0293823 -0.0265987 -0.0140533 0.03814 -0.0265048 -0.0140101 0.029561 -0.0265277 -0.0158173 0.0297134 -0.0254914 -0.0159689 0.0295606 -0.0253968 -0.0163392 0.0285 -0.0251601 -0.0163237 0.0287342 -0.0251701 -0.0192194 0.029561 -0.0230351 -0.0194269 0.03814 -0.0228595 -0.0193568 0.0297141 -0.0229197 -0.0248843 0.0286 -0.0167562 -0.00778257 0.0287347 -0.0289729 -0.0078356 0.0289639 -0.0289587 -0.00818856 0.029561 -0.0288608 -0.00855345 0.0298368 -0.0287548 -0.00836106 0.0297141 -0.0288113 -0.00876225 0.0299269 -0.0286919 -0.00933722 0.03 -0.0285099 -0.009777 0.0299266 -0.0283621 -0.00956001 0.0299814 -0.028436 -0.0099822 0.0298365 -0.0282906 -0.0105983 0.0291807 -0.0280656 -0.0104833 0.0293812 -0.0281087 -0.010751 0.0285 -0.0280074 -0.010751 0.0001 -0.0280074 -0.0272284 0.03814 -0.0125942 -0.0272348 0.0297854 -0.0125803 -0.0271554 0.0296439 -0.0127508 -0.0269535 0.0286 -0.0131723 -0.0279792 0.0290615 -0.0108242 -0.0279445 0.0292764 -0.0109135 -0.0136363 0.0287347 -0.0267217 -0.0137654 0.0291812 -0.0266555 -0.0136852 0.0289639 -0.0266967 -0.0141686 0.0297141 -0.0264434 -0.0145361 0.0299269 -0.0262431 -0.014345 0.0298368 -0.0263481 -0.0147356 0.0299816 -0.0261316 -0.0154602 0.0299266 -0.0257096 -0.0152633 0.0299814 -0.025827 -0.015646 0.0298365 -0.0255969 -0.0160984 0.0293812 -0.0253149 -0.0162018 0.0291807 -0.0252488 -0.0162777 0.0289627 -0.0251999 -0.0163392 9.99992e-05 -0.0251601 -0.0292796 0.0299816 -0.00653477 -0.029229 0.0299269 -0.0067576 -0.0189367 0.0289639 -0.023268 -0.0188941 0.0287347 -0.0233026 -0.0190066 0.0291812 -0.023211 -0.0191018 0.0293823 -0.0231327 -0.0195096 0.0298368 -0.0227898 -0.0198467 0.0299816 -0.0224969 -0.0196747 0.0299269 -0.0226474 -0.0204677 0.0299266 -0.0219334 -0.0202995 0.0299814 -0.0220892 -0.0207716 0.0297134 -0.0216458 -0.020626 0.0298365 -0.0217846 -0.0210973 0.0291807 -0.0213285 -0.0211613 0.0289627 -0.0212649 -0.0212002 0.0287342 -0.0212262 -0.0296306 0.0285 -0.00469303 -0.0296191 0.0289627 -0.00476537 -0.0296046 0.0291807 -0.00485442 -0.0233637 0.0290623 -0.0188185 -0.023424 0.0292771 -0.0187435 -0.0233269 0.0288345 -0.0188641 -0.0235053 0.0294728 -0.0186413 -0.0236055 0.0296437 -0.0185143 -0.0239838 0.0299648 -0.0180216 -0.0241225 0.0299977 -0.0178355 -0.0242603 0.0299645 -0.0176476 -0.0246206 0.0296434 -0.0171413 -0.0247865 0.0292765 -0.0169006 -0.0247126 0.0294722 -0.0170085 -0.0248843 9.99992e-05 -0.0167562 -0.0269622 0.0288345 -0.0131544 -0.0270298 0.0292772 -0.013015 -0.0269879 0.0290625 -0.0131017 -0.0270863 0.029473 -0.0128971 -0.0273219 0.0298933 -0.0123901 -0.0275072 0.0299977 -0.011973 -0.0274137 0.0299648 -0.0121855 -0.0277663 0.0297847 -0.0113594 -0.0278967 0.0294721 -0.0110352 -0.0278369 0.0296432 -0.0111851 -0.0280004 0.0288336 -0.0107694 -0.0280074 0.0286 -0.010751 -0.0296029 0.03814 0.00486179 -0.0296191 0.0289639 0.00476567 -0.0296277 0.0287347 0.00471144 -0.0296306 0.0001 0.00469303 -0.0294062 0.0299816 0.00593928 -0.0293589 0.03 0.0061687 -0.0289967 0.0289639 -0.0076935 -0.0290197 0.0291812 -0.00760627 -0.0289826 0.0287347 -0.00774657 -0.0290885 0.029561 -0.00733891 -0.0290507 0.0293823 -0.00748702 -0.0291319 0.0297141 -0.00716477 -0.0291791 0.0298368 -0.00696989 -0.0293298 0.03 -0.00630597 -0.0293589 0.03 -0.0061687 -0.0294063 0.0299814 -0.00593879 -0.0294914 0.0298365 -0.00550044 -0.0295587 0.0295606 -0.00512656 -0.0295277 0.0297134 -0.00530257 -0.0295845 0.0293812 -0.00497551 -0.0296278 0.0287342 -0.00471123 -0.0296306 9.99992e-05 -0.00469303 -0.0280074 0.0001 0.010751 -0.0289825 0.0287342 0.00774678 -0.0289966 0.0289627 0.00769379 -0.0274348 0.03 0.012138 -0.0272249 0.03814 0.0126005 -0.0273777 0.03 0.0122662 -0.0280074 0.0285 0.010751 -0.0259808 0.0001 0.015 -0.0270052 0.0297134 0.0130661 -0.0269268 0.0295606 0.0132267 -0.0296046 0.0291812 0.00485471 -0.0295587 0.029561 0.00512693 -0.0295844 0.0293823 0.00497626 -0.0294914 0.0298368 0.0055009 -0.0295275 0.0297141 0.00530366 -0.0294506 0.0299269 0.00571513 -0.0293298 0.03 0.00630597 -0.0292287 0.0299266 0.00675879 -0.0292795 0.0299814 0.00653527 -0.0290505 0.0293812 0.00748776 -0.0290884 0.0295606 0.00733927 -0.0290197 0.0291807 0.00760656 -0.0289778 0.0285 0.00776457 -0.0289778 9.99992e-05 0.00776457 -0.0235884 0.0295606 0.0185361 -0.0234934 0.0293812 0.0186563 -0.0248281 0.03814 0.0168386 -0.0248175 0.0297141 0.016855 -0.0249179 0.029561 0.0167063 -0.0233144 0.0285 0.0188796 -0.0233144 9.99992e-05 0.0188796 -0.0280007 0.0287347 0.0107684 -0.0279483 0.0291812 0.0109038 -0.027981 0.0289639 0.0108197 -0.0277795 0.0297141 0.0113269 -0.0276188 0.0299269 0.0117134 -0.0277032 0.0298368 0.0115123 -0.0275288 0.0299816 0.0119234 -0.0271848 0.0299266 0.0126881 -0.0272809 0.0299814 0.01248 -0.0270922 0.0298365 0.0128847 -0.026804 0.0291807 0.0134739 -0.0268589 0.0293812 0.0133641 -0.0267634 0.0289627 0.0135544 -0.0267302 9.99992e-05 0.0136197 -0.0206243 0.03814 0.0217854 -0.0206257 0.0298368 0.0217849 -0.0207708 0.0297141 0.0216466 -0.0198463 0.0299814 0.0224972 -0.0200217 0.03 0.0223412 -0.02515 0.0287347 0.0163548 -0.0250706 0.0291812 0.0164763 -0.02512 0.0289639 0.0164008 -0.0250027 0.0293823 0.0165791 -0.0247043 0.0298368 0.0170205 -0.0244482 0.0299816 0.0173864 -0.0245799 0.0299269 0.0171997 -0.0239527 0.0299266 0.0180629 -0.02409 0.0299814 0.0178793 -0.0236984 0.0297134 0.0183952 -0.0238212 0.0298365 0.0182359 -0.0234169 0.0291807 0.0187523 -0.0233604 0.0289627 0.0188226 -0.023326 0.0287342 0.0188653 -0.0163392 0.0001 0.0251601 -0.0188796 9.99992e-05 0.0233144 -0.0163392 0.0285 0.0251601 -0.0211611 0.0289639 0.0212652 -0.0212 0.0287347 0.0212264 -0.0210093 0.0293823 0.0214152 -0.0210971 0.0291812 0.0213287 -0.0208999 0.029561 0.0215219 -0.0204668 0.0299269 0.0219343 -0.020126 0.03 0.0222473 -0.0202991 0.0299816 0.0220895 -0.0196738 0.0299266 0.0226482 -0.019356 0.0297134 0.0229204 -0.0195092 0.0298365 0.0227901 -0.0190064 0.0291807 0.0232112 -0.0189365 0.0289627 0.0232682 -0.0188939 0.0287342 0.0233028 -0.0188796 0.0285 0.0233144 -0.0136197 9.99992e-05 0.0267302 -0.0125886 0.03814 0.0272303 -0.0145351 0.0299266 0.0262437 -0.0147352 0.0299814 0.0261319 -0.0162774 0.0289639 0.0252001 -0.0162016 0.0291812 0.0252489 -0.0163235 0.0287347 0.0251703 -0.0160977 0.0293823 0.0253153 -0.0159686 0.029561 0.025397 -0.0152628 0.0299816 0.0258272 -0.0154591 0.0299269 0.0257102 -0.0150607 0.03 0.0259456 -0.0149392 0.03 0.0260158 -0.0143446 0.0298365 0.0263483 -0.0140098 0.0295606 0.0265278 -0.0141676 0.0297134 0.0264439 -0.0136849 0.0289627 0.0266969 -0.0136361 0.0287342 0.0267218 -0.0136197 0.0285 0.0267302 -0.00977585 0.0299269 0.0283625 -0.00998176 0.0298368 0.0282907 -0.010751 0.0285 0.0280074 -0.0106823 0.0289639 0.0280337 -0.010598 0.0291812 0.0280657 -0.0107336 0.0287347 0.0280141 -0.0103393 0.029561 0.028162 -0.0104826 0.0293823 0.028109 -0.0101706 0.0297141 0.0282234 -0.00955953 0.0299816 0.0284362 -0.00933722 0.03 0.0285099 -0.00920375 0.03 0.0285533 -0.00898005 0.0299814 0.0286244 -0.008553 0.0298365 0.0287549 -0.0081882 0.0295606 0.0288609 -0.00836 0.0297134 0.0288116 -0.00792235 0.0291807 0.028935 -0.00804067 0.0293812 0.0289024 -0.00778236 0.0287342 0.028973 -0.0078353 0.0289627 0.0289587 -0.00776457 0.0285 0.0289778 -0.00469303 0.0001 0.0296306 -0.00461544 0.0290623 0.0296428 -0.00452034 0.0292771 0.0296575 -0.00467336 0.0288345 0.0296338 -0.00423112 0.0296437 0.0297001 -0.00439118 0.0294728 0.0296769 -0.00404498 0.0297853 0.0297261 -0.00361527 0.0299648 0.0297814 -0.0038377 0.0298932 0.0297535 -0.00338472 0.0299977 0.0298085 -0.0027219 0.0297849 0.0298763 -0.00253449 0.0296434 0.0298927 -0.00224308 0.0292765 0.029916 -0.00237351 0.0294722 0.029906 -0.00208877 0.0288337 0.0299272 -0.00214744 0.0290616 0.029923 -0.00206918 0.0286 0.0299286 0.0239748 0.0001 -0.00109838 0.023997 0.0001 0.00036012 0.0239883 0 -0.000732537 -0.000724768 0.0001 0.0239884 -0.00219225 0.0001 0.0238997 -0.00148426 0 0.0239535 0.0238977 0 -0.00221339 0.023862 0.0001 -0.00256454 0.0237166 0 -0.00367509 0.0236621 0.0001 -0.00401194 0.0233737 0.0001 -0.00544547 0.023445 0 -0.0051293 0.0230846 0 -0.00656492 0.0229969 0.0001 -0.00686431 0.0226376 0 -0.00796984 0.0225374 0.0001 -0.00824993 0.0219915 0.0001 -0.00960987 0.0221024 0 -0.00935246 0.0214859 0 -0.0106933 0.0213639 0.0001 -0.0109345 0.0207875 0 -0.011994 0.0206605 0.0001 -0.0122125 0.0198746 0.0001 -0.0134526 0.0200068 0 -0.0132562 0.0191559 0 -0.0144581 0.0190177 0.0001 -0.0146394 0.0182288 0 -0.0156104 0.018094 0.0001 -0.0157673 0.017094 0.0001 -0.0168454 0.0172318 0 -0.0167052 0.0161735 0 -0.0177313 0.0160368 0.0001 -0.0178553 0.0150483 0 -0.0186958 0.0149213 0.0001 -0.0187974 0.0137427 0.0001 -0.0196751 0.0138702 0 -0.019586 0.0126398 0 -0.0204012 0.0125206 0.0001 -0.0204751 0.0113546 0 -0.0211441 0.0112492 0.0001 -0.0211999 0.00993276 0.0001 -0.0218476 0.0100364 0 -0.0218004 0.00867493 0 -0.0223768 0.00858665 0.0001 -0.0224113 0.00727797 0 -0.0228698 0.00720166 0.0001 -0.0228934 0.00579144 0.0001 -0.0232904 0.00586042 0 -0.0232731 0.00441336 0 -0.0235903 0.00436617 0.0001 -0.0235995 0.00295357 0 -0.0238174 0.00292584 0.0001 -0.0238208 0.00147045 0.0001 -0.0239543 0.00148426 0 -0.0239535 2.93915e-18 1.38667e-35 -0.024 -7.05297e-38 0.0001 -0.024 0.0239883 0 0.000744176 0.0238972 0 0.00221634 0.0239302 0.0001 0.00182129 0.0237744 0.0001 0.00328264 0.0237144 0 0.00368817 0.0235309 0.0001 0.00472036 0.0234435 0 0.0051377 0.023082 0 0.00657236 0.0231989 0.0001 0.00614677 0.0227805 0.0001 0.00755302 0.0226332 0 0.0079825 0.022279 0.0001 0.00892325 0.0221012 0 0.00935615 0.0214806 0 0.0107032 0.0216923 0.0001 0.0102674 0.0210261 0.0001 0.0115714 0.0207817 0 0.0120045 0.0202831 0.0001 0.0128285 0.0200056 0 0.0132578 0.0191478 0 0.0144685 0.0194605 0.0001 0.0140455 0.0185699 0.0001 0.0152036 0.0182232 0 0.0156176 0.0176096 0.0001 0.0163056 0.0172265 0 0.01671 0.0161636 0 0.0177404 0.0165781 0.0001 0.0173542 0.0154937 0.0001 0.0183284 0.0150448 0 0.018699 0.0143476 0.0001 0.0192384 0.0138612 0 0.0195918 0.0126295 0 0.0204079 0.0131443 0.0001 0.0200805 0.0119001 0.0001 0.0208415 0.0113536 0 0.0211445 0.0106059 0.0001 0.0215288 0.0100246 0 0.0218056 0.00866602 0 0.0223807 0.00927174 0.0001 0.0221367 0.00790886 0.0001 0.0226589 0.00727176 0 0.0228714 0.00650927 0.0001 0.0231 0.00584732 0 0.0232764 0.00440792 0 0.0235917 0.00508964 0.0001 0.023454 0.00365325 0.0001 0.0237197 0.00295357 0 0.0238174 0.0021944 0.0001 0.0238993 0.00148426 0 0.0239535 0 -1.38667e-35 0.024 0.000737517 0.0001 0.0239884 -0.00441336 0 0.0235903 -0.00295357 0 0.0238174 -0.00363942 0.0001 0.0237221 -0.00867493 0 0.0223768 -0.00727797 0 0.0228698 -0.00789509 0.0001 0.0226638 -0.00586042 0 0.0232731 -0.00507904 0.0001 0.0234558 -0.00650359 0.0001 0.023102 -0.0113546 0 0.0211441 -0.0118874 0.0001 0.0208486 -0.0126398 0 0.0204012 -0.00926414 0.0001 0.0221393 -0.0105979 0.0001 0.0215332 -0.0100364 0 0.0218004 -0.0154831 0.0001 0.018337 -0.0161735 0 0.0177313 -0.0150483 0 0.0186958 -0.0143386 0.0001 0.0192457 -0.0138702 0 0.019586 -0.0131402 0.0001 0.0200828 -0.0191559 0 0.0144581 -0.0182288 0 0.0156104 -0.0185619 0.0001 0.0152127 -0.0172318 0 0.0167052 -0.0165776 0.0001 0.0173545 -0.0176008 0.0001 0.0163156 -0.0207875 0 0.011994 -0.021021 0.0001 0.0115797 -0.0214859 0 0.0106933 -0.0194586 0.0001 0.0140486 -0.0202756 0.0001 0.0128407 -0.0200068 0 0.0132562 -0.0227779 0.0001 0.0075594 -0.0230846 0 0.00656492 -0.0226376 0 0.00796984 -0.0222735 0.0001 0.00893683 -0.0221024 0 0.00935246 -0.0216896 0.0001 0.0102742 -0.0238977 0 0.00221339 -0.0237166 0 0.00367509 -0.0237738 0.0001 0.00328578 -0.023445 0 0.0051293 -0.0231968 0.0001 0.00615669 -0.0235279 0.0001 0.00473428 -0.0239883 0 -0.000744176 -0.0239749 0.0001 -0.00109727 -0.0238972 0 -0.00221634 -0.0239296 0.0001 0.0018336 -0.0239965 0.0001 0.000373244 -0.0239883 0 0.000732537 -0.0233752 0.0001 -0.00544057 -0.023082 0 -0.00657236 -0.0234435 0 -0.0051377 -0.0236636 0.0001 -0.00400071 -0.0237144 0 -0.00368817 -0.0238637 0.0001 -0.00255088 -0.0214806 0 -0.0107032 -0.0221012 0 -0.00935615 -0.0219953 0.0001 -0.00960233 -0.0226332 0 -0.0079825 -0.0230011 0.0001 -0.00685042 -0.02254 0.0001 -0.00824151 -0.0200056 0 -0.0132578 -0.0198812 0.0001 -0.0134437 -0.0191478 0 -0.0144685 -0.0213705 0.0001 -0.0109215 -0.020663 0.0001 -0.0122075 -0.0207817 0 -0.0120045 -0.0171033 0.0001 -0.0168364 -0.0161636 0 -0.0177404 -0.0172265 0 -0.01671 -0.0180949 0.0001 -0.015766 -0.0182232 0 -0.0156176 -0.019026 0.0001 -0.0146282 -0.0160458 0.0001 -0.0178466 -0.0150448 0 -0.018699 -0.0138612 0 -0.0195918 -0.0149236 0.0001 -0.0187959 -0.0137544 0.0001 -0.0196672 -0.0126295 0 -0.0204079 -0.0125293 0.0001 -0.0204692 -0.0113536 0 -0.0211445 -0.0100246 0 -0.0218056 -0.0112551 0.0001 -0.0211972 -0.00994609 0.0001 -0.0218416 -0.00866602 0 -0.0223807 -0.00859365 0.0001 -0.0224081 -0.00727176 0 -0.0228714 -0.00584732 0 -0.0232764 -0.00721086 0.0001 -0.022891 -0.00580538 0.0001 -0.0232867 -0.00440792 0 -0.0235917 -0.00437023 0.0001 -0.0235984 -0.00295357 0 -0.0238174 -0.00148426 0 -0.0239535 -0.00292584 0.0001 -0.0238208 -0.00147045 0.0001 -0.0239543 0.0294442 4.27436e-18 0.000140385 0.0294442 4.27436e-18 -0.000140385 0.0292449 0.0002 -0.000123869 0.02775 0.0002 0.0015 0.0275031 0.0002 0.00147954 0.0274702 4.27436e-18 0.00167681 0.0292041 0.0002 -0.000368228 0.029398 4.27436e-18 -0.000417325 0.0293068 4.27436e-18 -0.000682882 0.0291237 0.0002 -0.000602543 0.0291732 4.27436e-18 -0.000929812 0.0290058 0.0002 -0.000820422 0.0288536 0.0002 -0.00101592 0.0290007 4.27436e-18 -0.00115138 0.0287942 4.27436e-18 -0.00134154 0.0286713 0.0002 -0.00118371 0.0285591 4.27436e-18 -0.00149511 0.0284639 0.0002 -0.00131921 0.028237 0.0002 -0.00141873 0.028302 4.27436e-18 -0.00160789 0.0280298 4.27436e-18 -0.00167681 0.0279969 0.0002 -0.00147954 0.02775 1.15888e-34 -0.0017 0.02775 0.0002 -0.0015 0.0292449 0.0002 0.000123869 0.029398 4.27436e-18 0.000417325 0.0292041 0.0002 0.000368228 0.0293068 4.27436e-18 0.000682882 0.0291732 4.27436e-18 0.000929812 0.0291237 0.0002 0.000602543 0.0290058 0.0002 0.000820422 0.0290007 4.27436e-18 0.00115138 0.0288536 0.0002 0.00101592 0.0287942 4.27436e-18 0.00134154 0.0285591 4.27436e-18 0.00149511 0.0286713 0.0002 0.00118371 0.0284639 0.0002 0.00131921 0.028302 4.27436e-18 0.00160789 0.028237 0.0002 0.00141873 0.0280298 4.27436e-18 0.00167681 0.02775 1.13924e-34 0.0017 0.0279969 0.0002 0.00147954 0.0269409 4.27436e-18 0.00149511 0.027198 4.27436e-18 0.00160789 0.027263 0.0002 0.00141873 0.0263268 4.27436e-18 0.000929812 0.0264993 4.27436e-18 0.00115138 0.0266464 0.0002 0.00101592 0.0267058 4.27436e-18 0.00134154 0.0270361 0.0002 0.00131921 0.0268287 0.0002 0.00118371 0.026102 4.27436e-18 0.000417325 0.0262959 0.0002 0.000368228 0.0260558 4.27436e-18 0.000140385 0.0264942 0.0002 0.000820422 0.0263763 0.0002 0.000602543 0.0261932 4.27436e-18 0.000682882 0.0262959 0.0002 -0.000368228 0.0261932 4.27436e-18 -0.000682882 0.026102 4.27436e-18 -0.000417325 0.0262551 0.0002 -0.000123869 0.0260558 4.27436e-18 -0.000140385 0.0262551 0.0002 0.000123869 0.0267058 4.27436e-18 -0.00134154 0.0264993 4.27436e-18 -0.00115138 0.0266464 0.0002 -0.00101592 0.0263268 4.27436e-18 -0.000929812 0.0263763 0.0002 -0.000602543 0.0264942 0.0002 -0.000820422 0.0268287 0.0002 -0.00118371 0.0269409 4.27436e-18 -0.00149511 0.0270361 0.0002 -0.00131921 0.027198 4.27436e-18 -0.00160789 0.0274702 4.27436e-18 -0.00167681 0.027263 0.0002 -0.00141873 0.0275031 0.0002 -0.00147954 0.0252607 6.57807e-18 -0.0136303 0.0252607 6.57807e-18 -0.0138697 0.0250614 0.0002 -0.0138532 0.0238157 0.0002 -0.0125 0.02361 0.0002 -0.012517 0.023577 6.57807e-18 -0.0123198 0.0250274 0.0002 -0.0140569 0.0252213 6.57807e-18 -0.014106 0.0251436 6.57807e-18 -0.0143325 0.0249604 0.0002 -0.0142521 0.0250296 6.57807e-18 -0.0145431 0.0248622 0.0002 -0.0144337 0.0247354 0.0002 -0.0145966 0.0248825 6.57807e-18 -0.0147321 0.0247063 6.57807e-18 -0.0148943 0.0245835 0.0002 -0.0147364 0.0245058 6.57807e-18 -0.0150252 0.0244106 0.0002 -0.0148493 0.0242216 0.0002 -0.0149323 0.0242865 6.57807e-18 -0.0151214 0.0240544 6.57807e-18 -0.0151802 0.0240214 0.0002 -0.014983 0.0238157 1.07397e-34 -0.0152 0.0238157 0.0002 -0.015 0.0250614 0.0002 -0.0136468 0.0252213 6.57807e-18 -0.013394 0.0250274 0.0002 -0.0134431 0.0251436 6.57807e-18 -0.0131675 0.0250296 6.57807e-18 -0.0129569 0.0249604 0.0002 -0.0132479 0.0248622 0.0002 -0.0130663 0.0248825 6.57807e-18 -0.0127679 0.0247354 0.0002 -0.0129034 0.0247063 6.57807e-18 -0.0126057 0.0245058 6.57807e-18 -0.0124748 0.0245835 0.0002 -0.0127636 0.0244106 0.0002 -0.0126507 0.0242865 6.57807e-18 -0.0123786 0.0242216 0.0002 -0.0125677 0.0240544 6.57807e-18 -0.0123198 0.0238157 1.05722e-34 -0.0123 0.0240214 0.0002 -0.012517 0.0231256 6.57807e-18 -0.0124748 0.0233449 6.57807e-18 -0.0123786 0.0234098 0.0002 -0.0125677 0.0226018 6.57807e-18 -0.0129569 0.0227489 6.57807e-18 -0.0127679 0.022896 0.0002 -0.0129034 0.0229251 6.57807e-18 -0.0126057 0.0232208 0.0002 -0.0126507 0.0230479 0.0002 -0.0127636 0.0224101 6.57807e-18 -0.013394 0.0226039 0.0002 -0.0134431 0.0223707 6.57807e-18 -0.0136303 0.0227692 0.0002 -0.0130663 0.022671 0.0002 -0.0132479 0.0224878 6.57807e-18 -0.0131675 0.0226039 0.0002 -0.0140569 0.0224878 6.57807e-18 -0.0143325 0.0224101 6.57807e-18 -0.014106 0.02257 0.0002 -0.0138532 0.0223707 6.57807e-18 -0.0138697 0.02257 0.0002 -0.0136468 0.0229251 6.57807e-18 -0.0148943 0.0227489 6.57807e-18 -0.0147321 0.022896 0.0002 -0.0145966 0.0226018 6.57807e-18 -0.0145431 0.022671 0.0002 -0.0142521 0.0227692 0.0002 -0.0144337 0.0230479 0.0002 -0.0147364 0.0231256 6.57807e-18 -0.0150252 0.0232208 0.0002 -0.0148493 0.0233449 6.57807e-18 -0.0151214 0.023577 6.57807e-18 -0.0151802 0.0234098 0.0002 -0.0149323 0.02361 0.0002 -0.014983 -0.0223707 9.13158e-18 -0.0136303 -0.0223707 9.13158e-18 -0.0138697 -0.02257 0.0002 -0.0138532 -0.0238157 0.0002 -0.0125 -0.0240214 0.0002 -0.012517 -0.0240544 9.13158e-18 -0.0123198 -0.0226039 0.0002 -0.0140569 -0.0224101 9.13158e-18 -0.014106 -0.0224878 9.13158e-18 -0.0143325 -0.022671 0.0002 -0.0142521 -0.0226018 9.13158e-18 -0.0145431 -0.0227692 0.0002 -0.0144337 -0.022896 0.0002 -0.0145966 -0.0227489 9.13158e-18 -0.0147321 -0.0229251 9.13158e-18 -0.0148943 -0.0230479 0.0002 -0.0147364 -0.0231256 9.13158e-18 -0.0150252 -0.0232208 0.0002 -0.0148493 -0.0234098 0.0002 -0.0149323 -0.0233449 9.13158e-18 -0.0151214 -0.023577 9.13158e-18 -0.0151802 -0.02361 0.0002 -0.014983 -0.0238157 -8.98326e-35 -0.0152 -0.0238157 0.0002 -0.015 -0.02257 0.0002 -0.0136468 -0.0224101 9.13158e-18 -0.013394 -0.0226039 0.0002 -0.0134431 -0.0224878 9.13158e-18 -0.0131675 -0.0226018 9.13158e-18 -0.0129569 -0.022671 0.0002 -0.0132479 -0.0227692 0.0002 -0.0130663 -0.0227489 9.13158e-18 -0.0127679 -0.022896 0.0002 -0.0129034 -0.0229251 9.13158e-18 -0.0126057 -0.0231256 9.13158e-18 -0.0124748 -0.0230479 0.0002 -0.0127636 -0.0232208 0.0002 -0.0126507 -0.0233449 9.13158e-18 -0.0123786 -0.0234098 0.0002 -0.0125677 -0.023577 9.13158e-18 -0.0123198 -0.0238157 -9.15082e-35 -0.0123 -0.02361 0.0002 -0.012517 -0.0245058 9.13158e-18 -0.0124748 -0.0242865 9.13158e-18 -0.0123786 -0.0242216 0.0002 -0.0125677 -0.0250296 9.13158e-18 -0.0129569 -0.0248825 9.13158e-18 -0.0127679 -0.0247354 0.0002 -0.0129034 -0.0247063 9.13158e-18 -0.0126057 -0.0244106 0.0002 -0.0126507 -0.0245835 0.0002 -0.0127636 -0.0252213 9.13158e-18 -0.013394 -0.0250274 0.0002 -0.0134431 -0.0252607 9.13158e-18 -0.0136303 -0.0248622 0.0002 -0.0130663 -0.0249604 0.0002 -0.0132479 -0.0251436 9.13158e-18 -0.0131675 -0.0250274 0.0002 -0.0140569 -0.0251436 9.13158e-18 -0.0143325 -0.0252213 9.13158e-18 -0.014106 -0.0250614 0.0002 -0.0138532 -0.0252607 9.13158e-18 -0.0138697 -0.0250614 0.0002 -0.0136468 -0.0247063 9.13158e-18 -0.0148943 -0.0248825 9.13158e-18 -0.0147321 -0.0247354 0.0002 -0.0145966 -0.0250296 9.13158e-18 -0.0145431 -0.0249604 0.0002 -0.0142521 -0.0248622 0.0002 -0.0144337 -0.0245835 0.0002 -0.0147364 -0.0245058 9.13158e-18 -0.0150252 -0.0244106 0.0002 -0.0148493 -0.0242865 9.13158e-18 -0.0151214 -0.0240544 9.13158e-18 -0.0151802 -0.0242216 0.0002 -0.0149323 -0.0240214 0.0002 -0.014983 0.00144505 5.16254e-18 0.0276197 0.00144505 5.16254e-18 0.0273803 0.00124573 0.0002 0.0273968 4.17764e-18 0.0002 0.02875 -0.000205743 0.0002 0.028733 -0.000238662 5.16254e-18 0.0289302 0.00121175 0.0002 0.0271931 0.00140563 5.16254e-18 0.027144 0.00132787 5.16254e-18 0.0269175 0.00114472 0.0002 0.0269979 0.00121389 5.16254e-18 0.0267069 0.00104646 0.0002 0.0268163 0.000919655 0.0002 0.0266534 0.0010668 5.16254e-18 0.0265179 0.000890608 5.16254e-18 0.0263557 0.000767766 0.0002 0.0265136 0.000690124 5.16254e-18 0.0262248 0.000594934 0.0002 0.0264007 0.000405874 0.0002 0.0263177 0.000470814 5.16254e-18 0.0261286 0.000238662 5.16254e-18 0.0260698 0.000205743 0.0002 0.026267 3.46945e-18 -1.50511e-35 0.02605 3.46945e-18 0.0002 0.02625 0.00124573 0.0002 0.0276032 0.00140563 5.16254e-18 0.027856 0.00121175 0.0002 0.0278069 0.00132787 5.16254e-18 0.0280825 0.00121389 5.16254e-18 0.0282931 0.00114472 0.0002 0.0280021 0.00104646 0.0002 0.0281837 0.0010668 5.16254e-18 0.0284821 0.000919655 0.0002 0.0283466 0.000890608 5.16254e-18 0.0286443 0.000690124 5.16254e-18 0.0287752 0.000767766 0.0002 0.0284864 0.000594934 0.0002 0.0285993 0.000470814 5.16254e-18 0.0288714 0.000405874 0.0002 0.0286823 0.000238662 5.16254e-18 0.0289302 3.00309e-18 -1.67267e-35 0.02895 0.000205743 0.0002 0.028733 -0.000690124 5.16254e-18 0.0287752 -0.000470814 5.16254e-18 0.0288714 -0.000405874 0.0002 0.0286823 -0.00121389 5.16254e-18 0.0282931 -0.0010668 5.16254e-18 0.0284821 -0.000919655 0.0002 0.0283466 -0.000890608 5.16254e-18 0.0286443 -0.000594934 0.0002 0.0285993 -0.000767766 0.0002 0.0284864 -0.00140563 5.16254e-18 0.027856 -0.00121175 0.0002 0.0278069 -0.00144505 5.16254e-18 0.0276197 -0.00104646 0.0002 0.0281837 -0.00114472 0.0002 0.0280021 -0.00132787 5.16254e-18 0.0280825 -0.00121175 0.0002 0.0271931 -0.00132787 5.16254e-18 0.0269175 -0.00140563 5.16254e-18 0.027144 -0.00124573 0.0002 0.0273968 -0.00144505 5.16254e-18 0.0273803 -0.00124573 0.0002 0.0276032 -0.000890608 5.16254e-18 0.0263557 -0.0010668 5.16254e-18 0.0265179 -0.000919655 0.0002 0.0266534 -0.00121389 5.16254e-18 0.0267069 -0.00114472 0.0002 0.0269979 -0.00104646 0.0002 0.0268163 -0.000767766 0.0002 0.0265136 -0.000690124 5.16254e-18 0.0262248 -0.000594934 0.0002 0.0264007 -0.000470814 5.16254e-18 0.0261286 -0.000238662 5.16254e-18 0.0260698 -0.000405874 0.0002 0.0263177 -0.000205743 0.0002 0.026267 -0.000654719 -1.81541e-35 0.0298928 0.000689725 0.0001 0.0299921 0.000654719 -1.63888e-35 0.0298928 -0.00206917 9.99992e-05 0.0299286 -0.000689725 0.0001 0.0299921 -0.00196416 -1.84575e-18 0.0298354 0.00196416 5.23193e-17 0.0298354 0.00206918 0.0001 0.0299286</float_array>
          <technique_common>
            <accessor count="5439" source="#ID15" stride="3">
              <param name="X" type="float"/>
              <param name="Y" type="float"/>
              <param name="Z" type="float"/>
            </accessor>
          </technique_common>
        </source>
        <source id="ID16">
          <float_array count="16317" id="ID17">-0.630037 -0.707107 0.32102 -0.630037 -0.707107 0.32102 -0.630037 -0.707107 0.32102 -0.630037 -0.707107 0.32102 -0.342812 -0.707107 -0.61845 -0.353553 -0.707107 -0.612372 -0.318799 -0.707107 -0.631163 -0.387204 -0.707107 -0.59167 -0.364187 -0.707107 -0.606109 -0.385118 -0.707107 -0.59303 -0.32102 -0.707107 -0.630037 -0.255611 -0.707107 -0.65929 -0.287606 -0.707107 -0.645974 -0.287606 -0.707107 -0.645974 -0.32102 -0.707107 -0.630037 -0.318911 -0.707107 -0.631107 -0.253404 -0.707107 -0.660141 0.59303 -0.707107 -0.385118 0.59303 -0.707107 -0.385118 0.59303 -0.707107 -0.385118 0.59303 -0.707107 -0.385118 0.660141 -0.707107 -0.253404 0.660141 -0.707107 -0.253404 0.660141 -0.707107 -0.253404 0.660141 -0.707107 -0.253404 -0.415627 -0.707107 -0.572061 -0.387099 -0.707107 -0.591738 -0.385118 -0.707107 -0.59303 -0.443156 -0.707107 -0.55101 -0.444997 -0.707107 -0.549525 -0.415627 -0.707107 -0.572061 -0.206738 -0.707107 -0.67621 -0.218508 -0.707107 -0.672499 -0.180607 -0.707107 -0.683653 -0.255727 -0.707107 -0.659245 -0.230211 -0.707107 -0.668583 -0.253404 -0.707107 -0.660141 -0.183013 -0.707107 -0.683013 -0.549525 -0.707107 0.444997 -0.549525 -0.707107 0.444997 -0.549525 -0.707107 0.444997 -0.549525 -0.707107 0.444997 -0.683013 -0.707107 0.183013 -0.683013 -0.707107 0.183013 -0.683013 -0.707107 0.183013 -0.683013 -0.707107 0.183013 -0.463904 -0.707107 -0.53366 -0.473147 -0.707107 -0.525483 -0.443059 -0.707107 -0.551089 -0.501758 -0.707107 -0.498236 -0.482246 -0.707107 -0.517145 -0.5 -0.707107 -0.5 -0.444997 -0.707107 -0.549525 -0.153206 -0.707107 -0.69031 -0.180727 -0.707107 -0.683621 -0.153459 -0.707107 -0.690254 -0.183013 -0.707107 -0.683013 0.5 -0.707107 -0.5 0.5 -0.707107 -0.5 0.5 -0.707107 -0.5 0.5 -0.707107 -0.5 -1.59335e-32 -0.707107 -0.707107 -1.59335e-32 -0.707107 -0.707107 -1.59335e-32 -0.707107 -0.707107 -1.59335e-32 -0.707107 -0.707107 -0.525483 -0.707107 -0.473147 -0.501669 -0.707107 -0.498325 -0.5 -0.707107 -0.5 -0.548034 -0.707107 -0.446832 -0.549525 -0.707107 -0.444997 -0.525483 -0.707107 -0.473147 0.180727 -0.707107 -0.683621 0.153207 -0.707107 -0.69031 0.153459 -0.707107 -0.690254 0.183013 -0.707107 -0.683013 -0.444997 -0.707107 0.549525 -0.444997 -0.707107 0.549525 -0.444997 -0.707107 0.549525 -0.444997 -0.707107 0.549525 0.683013 -0.707107 0.183013 0.683013 -0.707107 0.183013 0.683013 -0.707107 0.183013 0.683013 -0.707107 0.183013 -0.549525 -0.707107 -0.444997 -0.568445 -0.707107 -0.42056 -0.547982 -0.707107 -0.446896 -0.586302 -0.707107 -0.395285 -0.568457 -0.707107 -0.420543 -0.587642 -0.707107 -0.393289 0.230211 -0.707107 -0.668583 0.218508 -0.707107 -0.672499 0.255727 -0.707107 -0.659245 0.180607 -0.707107 -0.683653 0.206738 -0.707107 -0.67621 0.183013 -0.707107 -0.683013 0.253404 -0.707107 -0.660141 0.385118 -0.707107 -0.59303 0.385118 -0.707107 -0.59303 0.385118 -0.707107 -0.59303 0.385118 -0.707107 -0.59303 -0.660141 -0.707107 -0.253404 -0.660141 -0.707107 -0.253404 -0.660141 -0.707107 -0.253404 -0.660141 -0.707107 -0.253404 -0.604076 -0.707107 -0.367549 -0.604479 -0.707107 -0.366886 -0.587825 -0.707107 -0.393017 -0.634275 -0.707107 -0.312562 -0.620345 -0.707107 -0.339371 -0.6353 -0.707107 -0.310475 -0.586529 -0.707107 -0.394948 -0.619972 -0.707107 -0.340051 0.318911 -0.707107 -0.631107 0.287606 -0.707107 -0.645974 0.287606 -0.707107 -0.645974 0.253404 -0.707107 -0.660141 0.255611 -0.707107 -0.65929 0.32102 -0.707107 -0.630037 -0.32102 -0.707107 0.630037 -0.32102 -0.707107 0.630037 -0.32102 -0.707107 0.630037 -0.32102 -0.707107 0.630037 0.630037 -0.707107 0.32102 0.630037 -0.707107 0.32102 0.630037 -0.707107 0.32102 0.630037 -0.707107 0.32102 -0.635478 -0.707107 -0.310109 -0.648438 -0.707107 -0.282007 -0.63442 -0.707107 -0.312269 -0.660141 -0.707107 -0.253404 -0.64843 -0.707107 -0.282027 -0.661014 -0.707107 -0.251119 0.364187 -0.707107 -0.606109 0.353553 -0.707107 -0.612372 0.387204 -0.707107 -0.59167 0.318799 -0.707107 -0.631163 0.342812 -0.707107 -0.61845 0.32102 -0.707107 -0.630037 0.385118 -0.707107 -0.59303 0.253404 -0.707107 -0.660141 0.253404 -0.707107 -0.660141 0.253404 -0.707107 -0.660141 0.253404 -0.707107 -0.660141 -0.59303 -0.707107 -0.385118 -0.59303 -0.707107 -0.385118 -0.59303 -0.707107 -0.385118 -0.59303 -0.707107 -0.385118 -0.672499 -0.707107 -0.218508 -0.660985 -0.707107 -0.251195 -0.660141 -0.707107 -0.253404 -0.682397 -0.707107 -0.185296 -0.683013 -0.707107 -0.183013 -0.672499 -0.707107 -0.218508 0.443156 -0.707107 -0.55101 0.415627 -0.707107 -0.572061 0.415627 -0.707107 -0.572061 0.385118 -0.707107 -0.59303 0.387099 -0.707107 -0.591738 0.444997 -0.707107 -0.549525 -0.183013 -0.707107 0.683013 -0.183013 -0.707107 0.683013 -0.183013 -0.707107 0.683013 -0.183013 -0.707107 0.683013 0.549525 -0.707107 0.444997 0.549525 -0.707107 0.444997 0.549525 -0.707107 0.444997 0.549525 -0.707107 0.444997 -0.688984 -0.707107 -0.159064 -0.691655 -0.707107 -0.147016 -0.682364 -0.707107 -0.185416 -0.698786 -0.707107 -0.108156 -0.694115 -0.707107 -0.134922 -0.698401 -0.707107 -0.110616 -0.683013 -0.707107 -0.183013 0.482246 -0.707107 -0.517145 0.473147 -0.707107 -0.525483 0.501757 -0.707107 -0.498236 0.443059 -0.707107 -0.551089 0.463904 -0.707107 -0.53366 0.444997 -0.707107 -0.549525 0.5 -0.707107 -0.5 0.110616 -0.707107 -0.698401 0.110616 -0.707107 -0.698401 0.110616 -0.707107 -0.698401 0.110616 -0.707107 -0.698401 -0.5 -0.707107 -0.5 -0.5 -0.707107 -0.5 -0.5 -0.707107 -0.5 -0.5 -0.707107 -0.5 -0.706138 -0.707107 0.0370071 -0.703396 -0.707107 0.0723446 -0.706179 -0.707107 0.0362199 -0.698767 -0.707107 0.10828 -0.703233 -0.707107 0.0739128 -0.698401 -0.707107 0.110616 -0.703396 -0.707107 -0.0723446 -0.703233 -0.707107 -0.0739128 -0.706138 -0.707107 -0.0370072 -0.707107 -0.707107 6.18172e-08 -0.706179 -0.707107 -0.0362199 -0.698401 -0.707107 -0.110616 -0.698767 -0.707107 -0.108279 -0.707107 -0.707107 6.18172e-08 0.548034 -0.707107 -0.446832 0.525483 -0.707107 -0.473147 0.525483 -0.707107 -0.473147 0.5 -0.707107 -0.5 0.501669 -0.707107 -0.498325 0.549525 -0.707107 -0.444997 0.110616 -0.707107 0.698401 0.110616 -0.707107 0.698401 0.110616 -0.707107 0.698401 0.110616 -0.707107 0.698401 0.444997 -0.707107 0.549525 0.444997 -0.707107 0.549525 0.444997 -0.707107 0.549525 0.444997 -0.707107 0.549525 -0.694115 -0.707107 0.134922 -0.691655 -0.707107 0.147016 -0.698786 -0.707107 0.108156 -0.682364 -0.707107 0.185417 -0.688984 -0.707107 0.159064 -0.683013 -0.707107 0.183013 -0.698401 -0.707107 0.110616 0.568445 -0.707107 -0.42056 0.587642 -0.707107 -0.393289 0.586302 -0.707107 -0.395285 0.549525 -0.707107 -0.444997 0.547982 -0.707107 -0.446896 0.568457 -0.707107 -0.420543 -0.183013 -0.707107 -0.683013 -0.183013 -0.707107 -0.683013 -0.183013 -0.707107 -0.683013 -0.183013 -0.707107 -0.683013 -0.385118 -0.707107 -0.59303 -0.385118 -0.707107 -0.59303 -0.385118 -0.707107 -0.59303 -0.385118 -0.707107 -0.59303 -0.672498 -0.707107 0.218508 -0.682397 -0.707107 0.185296 -0.683013 -0.707107 0.183013 -0.660985 -0.707107 0.251195 -0.660141 -0.707107 0.253404 -0.672498 -0.707107 0.218508 0.634275 -0.707107 -0.312562 0.620345 -0.707107 -0.339371 0.619972 -0.707107 -0.340051 0.604076 -0.707107 -0.367549 0.587824 -0.707107 -0.393017 0.604479 -0.707107 -0.366886 0.586529 -0.707107 -0.394948 0.6353 -0.707107 -0.310475 0.253404 -0.707107 0.660141 0.253404 -0.707107 0.660141 0.253404 -0.707107 0.660141 0.253404 -0.707107 0.660141 0.32102 -0.707107 0.630037 0.32102 -0.707107 0.630037 0.32102 -0.707107 0.630037 0.32102 -0.707107 0.630037 -0.650895 -0.707107 0.276289 -0.645974 -0.707107 0.287606 -0.661029 -0.707107 0.251078 -0.628902 -0.707107 0.323236 -0.640856 -0.707107 0.298836 -0.630037 -0.707107 0.32102 -0.660141 -0.707107 0.253404 0.648438 -0.707107 -0.282007 0.661014 -0.707107 -0.251119 0.660141 -0.707107 -0.253404 0.635478 -0.707107 -0.310109 0.63442 -0.707107 -0.312269 0.64843 -0.707107 -0.282027 -0.32102 -0.707107 -0.630037 -0.32102 -0.707107 -0.630037 -0.32102 -0.707107 -0.630037 -0.32102 -0.707107 -0.630037 -0.253404 -0.707107 -0.660141 -0.253404 -0.707107 -0.660141 -0.253404 -0.707107 -0.660141 -0.253404 -0.707107 -0.660141 -0.612372 -0.707107 0.353553 -0.62896 -0.707107 0.323125 -0.630037 -0.707107 0.32102 -0.594314 -0.707107 0.383132 -0.59303 -0.707107 0.385118 -0.612372 -0.707107 0.353553 0.682397 -0.707107 -0.185296 0.672498 -0.707107 -0.218508 0.672498 -0.707107 -0.218508 0.660141 -0.707107 -0.253404 0.660985 -0.707107 -0.251195 0.683013 -0.707107 -0.183013 0.385118 -0.707107 0.59303 0.385118 -0.707107 0.59303 0.385118 -0.707107 0.59303 0.385118 -0.707107 0.59303 0.183013 -0.707107 0.683013 0.183013 -0.707107 0.683013 0.183013 -0.707107 0.683013 0.183013 -0.707107 0.683013 -0.579228 -0.707107 0.40558 -0.572061 -0.707107 0.415627 -0.594382 -0.707107 0.383027 -0.547955 -0.707107 0.446929 -0.564721 -0.707107 0.425547 -0.549525 -0.707107 0.444997 -0.59303 -0.707107 0.385118 0.694115 -0.707107 -0.134922 0.691655 -0.707107 -0.147016 0.698786 -0.707107 -0.108156 0.682364 -0.707107 -0.185416 0.688984 -0.707107 -0.159064 0.683013 -0.707107 -0.183013 0.698401 -0.707107 -0.110616 -0.444997 -0.707107 -0.549525 -0.444997 -0.707107 -0.549525 -0.444997 -0.707107 -0.549525 -0.444997 -0.707107 -0.549525 -0.110616 -0.707107 -0.698401 -0.110616 -0.707107 -0.698401 -0.110616 -0.707107 -0.698401 -0.110616 -0.707107 -0.698401 -0.525483 -0.707107 0.473147 -0.548034 -0.707107 0.446832 -0.549525 -0.707107 0.444997 -0.501669 -0.707107 0.498325 -0.5 -0.707107 0.5 -0.525483 -0.707107 0.473147 0.698767 -0.707107 0.108279 0.703233 -0.707107 0.0739128 0.703396 -0.707107 0.0723446 0.707107 -0.707107 -6.18172e-08 0.706179 -0.707107 0.0362199 0.706138 -0.707107 0.0370072 0.703233 -0.707107 -0.0739128 0.703396 -0.707107 -0.0723446 0.706138 -0.707107 -0.0370071 0.706179 -0.707107 -0.0362199 0.707107 -0.707107 -6.18172e-08 0.698767 -0.707107 -0.10828 0.698401 -0.707107 -0.110616 0.698401 -0.707107 0.110616 0.5 -0.707107 0.5 0.5 -0.707107 0.5 0.5 -0.707107 0.5 0.5 -0.707107 0.5 -0.110616 -0.707107 0.698401 -0.110616 -0.707107 0.698401 -0.110616 -0.707107 0.698401 -0.110616 -0.707107 0.698401 -0.482246 -0.707107 0.517145 -0.473147 -0.707107 0.525483 -0.501757 -0.707107 0.498236 -0.443059 -0.707107 0.551089 -0.463904 -0.707107 0.53366 -0.444997 -0.707107 0.549525 -0.5 -0.707107 0.5 0.688984 -0.707107 0.159064 0.691655 -0.707107 0.147016 0.682364 -0.707107 0.185416 0.698786 -0.707107 0.108156 0.694115 -0.707107 0.134922 0.698401 -0.707107 0.110616 0.683013 -0.707107 0.183013 -0.549525 -0.707107 -0.444997 -0.549525 -0.707107 -0.444997 -0.549525 -0.707107 -0.444997 -0.549525 -0.707107 -0.444997 0.183013 -0.707107 -0.683013 0.183013 -0.707107 -0.683013 0.183013 -0.707107 -0.683013 0.183013 -0.707107 -0.683013 -0.415627 -0.707107 0.572061 -0.443156 -0.707107 0.55101 -0.444997 -0.707107 0.549525 -0.387099 -0.707107 0.591738 -0.385118 -0.707107 0.59303 -0.415627 -0.707107 0.572061 0.660985 -0.707107 0.251195 0.672499 -0.707107 0.218508 0.672499 -0.707107 0.218508 0.683013 -0.707107 0.183013 0.682397 -0.707107 0.185296 0.660141 -0.707107 0.253404 0.59303 -0.707107 0.385118 0.59303 -0.707107 0.385118 0.59303 -0.707107 0.385118 0.59303 -0.707107 0.385118 -0.253404 -0.707107 0.660141 -0.253404 -0.707107 0.660141 -0.253404 -0.707107 0.660141 -0.253404 -0.707107 0.660141 -0.364187 -0.707107 0.606109 -0.353553 -0.707107 0.612372 -0.387204 -0.707107 0.59167 -0.318799 -0.707107 0.631163 -0.342812 -0.707107 0.61845 -0.32102 -0.707107 0.630037 -0.385118 -0.707107 0.59303 0.640856 -0.707107 0.298836 0.645974 -0.707107 0.287606 0.628902 -0.707107 0.323236 0.661029 -0.707107 0.251078 0.650895 -0.707107 0.276289 0.660141 -0.707107 0.253404 0.630037 -0.707107 0.32102 -0.630037 -0.707107 -0.32102 -0.630037 -0.707107 -0.32102 -0.630037 -0.707107 -0.32102 -0.630037 -0.707107 -0.32102 0.32102 -0.707107 -0.630037 0.32102 -0.707107 -0.630037 0.32102 -0.707107 -0.630037 0.32102 -0.707107 -0.630037 -0.287606 -0.707107 0.645974 -0.318911 -0.707107 0.631107 -0.32102 -0.707107 0.630037 -0.255611 -0.707107 0.65929 -0.253404 -0.707107 0.660141 -0.287606 -0.707107 0.645974 0.594314 -0.707107 0.383132 0.612372 -0.707107 0.353553 0.612372 -0.707107 0.353553 0.630037 -0.707107 0.32102 0.62896 -0.707107 0.323125 0.59303 -0.707107 0.385118 0.660141 -0.707107 0.253404 0.660141 -0.707107 0.253404 0.660141 -0.707107 0.253404 0.660141 -0.707107 0.253404 -0.385118 -0.707107 0.59303 -0.385118 -0.707107 0.59303 -0.385118 -0.707107 0.59303 -0.385118 -0.707107 0.59303 -0.230211 -0.707107 0.668583 -0.218508 -0.707107 0.672499 -0.255727 -0.707107 0.659245 -0.180607 -0.707107 0.683653 -0.206738 -0.707107 0.67621 -0.183013 -0.707107 0.683013 -0.253404 -0.707107 0.660141 0.564721 -0.707107 0.425548 0.572061 -0.707107 0.415627 0.547955 -0.707107 0.446929 0.594382 -0.707107 0.383027 0.579228 -0.707107 0.40558 0.59303 -0.707107 0.385118 0.549525 -0.707107 0.444997 -0.683013 -0.707107 -0.183013 -0.683013 -0.707107 -0.183013 -0.683013 -0.707107 -0.183013 -0.683013 -0.707107 -0.183013 0.444997 -0.707107 -0.549525 0.444997 -0.707107 -0.549525 0.444997 -0.707107 -0.549525 0.444997 -0.707107 -0.549525 -0.147016 -0.707107 0.691655 -0.180727 -0.707107 0.683621 -0.183013 -0.707107 0.683013 -0.112951 -0.707107 0.698027 -0.110616 -0.707107 0.698401 -0.147016 -0.707107 0.691655 0.501669 -0.707107 0.498325 0.525483 -0.707107 0.473147 0.525483 -0.707107 0.473147 0.549525 -0.707107 0.444997 0.548034 -0.707107 0.446832 0.5 -0.707107 0.5 0.698401 -0.707107 0.110616 0.698401 -0.707107 0.110616 0.698401 -0.707107 0.110616 0.698401 -0.707107 0.110616 -0.5 -0.707107 0.5 -0.5 -0.707107 0.5 -0.5 -0.707107 0.5 -0.5 -0.707107 0.5 -0.110616 -0.707107 0.698401 -0.0799934 -0.707107 0.702567 -0.113032 -0.707107 0.698014 -0.0491765 -0.707107 0.705395 -0.0799726 -0.707107 0.70257 -0.0467771 -0.707107 0.705558 0.463904 -0.707107 0.53366 0.473147 -0.707107 0.525483 0.443059 -0.707107 0.551089 0.501758 -0.707107 0.498236 0.482246 -0.707107 0.517145 0.5 -0.707107 0.5 0.444997 -0.707107 0.549525 -0.706138 -0.707107 -0.0370071 -0.706138 -0.707107 -0.0370071 -0.706138 -0.707107 -0.0370071 -0.706138 -0.707107 -0.0370071 0.549525 -0.707107 -0.444997 0.549525 -0.707107 -0.444997 0.549525 -0.707107 -0.444997 0.549525 -0.707107 -0.444997 0.387099 -0.707107 0.591738 0.415627 -0.707107 0.572061 0.415627 -0.707107 0.572061 0.444997 -0.707107 0.549525 0.443156 -0.707107 0.55101 0.385118 -0.707107 0.59303 0.706138 -0.707107 -0.0370071 0.706138 -0.707107 -0.0370071 0.706138 -0.707107 -0.0370071 0.706138 -0.707107 -0.0370071 -0.59303 -0.707107 0.385118 -0.59303 -0.707107 0.385118 -0.59303 -0.707107 0.385118 -0.59303 -0.707107 0.385118 0.0491764 -0.707107 0.705395 0.0799935 -0.707107 0.702567 0.0467771 -0.707107 0.705558 0.110616 -0.707107 0.698401 0.0799726 -0.707107 0.70257 0.113032 -0.707107 0.698014 0.342812 -0.707107 0.61845 0.353553 -0.707107 0.612372 0.318799 -0.707107 0.631163 0.387204 -0.707107 0.59167 0.364187 -0.707107 0.606109 0.385118 -0.707107 0.59303 0.32102 -0.707107 0.630037 -0.698401 -0.707107 0.110616 -0.698401 -0.707107 0.110616 -0.698401 -0.707107 0.110616 -0.698401 -0.707107 0.110616 0.630037 -0.707107 -0.32102 0.630037 -0.707107 -0.32102 0.630037 -0.707107 -0.32102 0.630037 -0.707107 -0.32102 0.147016 -0.707107 0.691655 0.112951 -0.707107 0.698027 0.110616 -0.707107 0.698401 0.180727 -0.707107 0.683621 0.183013 -0.707107 0.683013 0.147016 -0.707107 0.691655 0.255611 -0.707107 0.65929 0.287606 -0.707107 0.645974 0.287606 -0.707107 0.645974 0.32102 -0.707107 0.630037 0.318911 -0.707107 0.631107 0.253404 -0.707107 0.660141 0.683013 -0.707107 -0.183013 0.683013 -0.707107 -0.183013 0.683013 -0.707107 -0.183013 0.683013 -0.707107 -0.183013 -0.660141 -0.707107 0.253404 -0.660141 -0.707107 0.253404 -0.660141 -0.707107 0.253404 -0.660141 -0.707107 0.253404 0.206738 -0.707107 0.67621 0.218508 -0.707107 0.672499 0.180607 -0.707107 0.683653 0.255727 -0.707107 0.659245 0.230211 -0.707107 0.668583 0.253404 -0.707107 0.660141 0.183013 -0.707107 0.683013 -0.14701 -0.911987 -0.382973 -0.190704 -0.846653 -0.4968 -0.137212 -0.923798 -0.35745 -0.0338693 -0.995524 -0.0882326 -0.0916507 -0.966744 -0.238758 -0.0798471 -0.974862 -0.208009 -0.2802 -0.623433 -0.729945 -0.283997 -0.609908 -0.739837 -0.313663 -0.483665 -0.817119 -0.244508 -0.731089 -0.636965 -0.238827 -0.745568 -0.622165 -0.198395 -0.832779 -0.516836 -0.338262 -0.330245 -0.881202 -0.339291 -0.321922 -0.883882 -0.353306 -0.167486 -0.920393 -0.315914 -0.472118 -0.822984 -0.358368 1.15702e-07 -0.93358 -0.353591 -0.162737 -0.921135 -0.358368 1.15702e-07 -0.93358 -0.020472 -0.998367 -0.0533314 0.309511 -0.731579 0.607449 0.302696 -0.745285 0.594075 0.355089 -0.623089 0.696902 0.251043 -0.833201 0.492701 0.241754 -0.846424 0.474469 0.174012 -0.923627 0.341517 0.185973 -0.912247 0.364993 0.115791 -0.966927 0.227253 0.101383 -0.974746 0.198976 0.0429066 -0.995524 0.084209 0.0259346 -0.998367 0.0508995 0.359581 -0.610463 0.705717 0.400055 -0.472748 0.785153 0.397462 -0.483246 0.780062 0.428595 -0.329769 0.841165 0.429739 -0.322467 0.843409 0.447621 -0.166929 0.878505 0.447889 -0.163402 0.879031 0.45399 1.15702e-07 0.891007 0.45399 1.15702e-07 0.891007 0.2413 -0.92357 0.29798 0.257881 -0.912186 0.318457 0.160563 -0.966905 0.198278 0.059477 -0.995524 0.073448 0.0359505 -0.998367 0.0443951 0.140591 -0.974726 0.173616 0.429126 -0.731457 0.529926 0.492287 -0.622963 0.607923 0.498511 -0.610336 0.61561 0.419679 -0.745168 0.518261 0.348087 -0.833104 0.429852 0.335213 -0.846331 0.413953 0.594136 -0.329684 0.733697 0.620495 -0.166886 0.766247 0.59572 -0.322384 0.735653 0.554594 -0.472634 0.684867 0.550999 -0.483136 0.680426 0.620867 -0.163357 0.766707 0.62932 1.15702e-07 0.777146 0.62932 1.15702e-07 0.777146 -0.139242 -0.966767 -0.214414 -0.121304 -0.974882 -0.186792 -0.0514738 -0.995524 -0.0792627 -0.208457 -0.923855 -0.320996 -0.0311129 -0.998367 -0.0479096 -0.223349 -0.912047 -0.343928 -0.289746 -0.846746 -0.44617 -0.36289 -0.745689 -0.558802 -0.301436 -0.832876 -0.464171 -0.371528 -0.731208 -0.572103 -0.425786 -0.623558 -0.655653 -0.476663 -0.483779 -0.733996 -0.431558 -0.610034 -0.664542 -0.480086 -0.472228 -0.739268 -0.514066 -0.33033 -0.791592 -0.51563 -0.322006 -0.794001 -0.536942 -0.167531 -0.826817 -0.544639 1.15702e-07 -0.838671 -0.537375 -0.162781 -0.827485 -0.544639 1.15702e-07 -0.838671 0.208757 -0.923627 -0.321457 0.223107 -0.912247 -0.343554 0.138911 -0.966927 -0.213904 0.0514738 -0.995524 -0.0792627 0.031113 -0.998367 -0.0479098 0.121627 -0.974746 -0.187288 0.371311 -0.731579 -0.571769 0.42599 -0.623089 -0.655967 0.431379 -0.610463 -0.664265 0.363136 -0.745285 -0.55918 0.301169 -0.833201 -0.46376 0.290025 -0.846424 -0.446599 0.514173 -0.329769 -0.791757 0.536997 -0.166929 -0.826903 0.515545 -0.322467 -0.793869 0.479935 -0.472748 -0.739034 0.476823 -0.483246 -0.734243 0.537319 -0.163402 -0.827398 0.544639 1.15702e-07 -0.838671 0.544639 1.15702e-07 -0.838671 -0.059477 -0.995524 0.073448 -0.140217 -0.974862 0.173154 -0.0359503 -0.998367 0.044395 -0.160945 -0.966744 0.198751 -0.240955 -0.923798 0.297554 -0.25816 -0.911987 0.318801 -0.33489 -0.846653 0.413554 -0.419398 -0.745568 0.517913 -0.348396 -0.832779 0.430233 -0.429374 -0.731089 0.530233 -0.492051 -0.623433 0.607633 -0.550815 -0.483665 0.6802 -0.498719 -0.609908 0.615867 -0.554768 -0.472118 0.685082 -0.594012 -0.330245 0.733544 -0.595819 -0.321922 0.735775 -0.620431 -0.167486 0.766168 -0.62932 1.15702e-07 0.777146 -0.620931 -0.162737 0.766786 -0.62932 1.15702e-07 0.777146 0.137409 -0.92357 -0.357962 0.146851 -0.912186 -0.38256 0.0914328 -0.966905 -0.23819 0.0338693 -0.995524 -0.0882326 0.0204721 -0.998367 -0.0533316 0.0800601 -0.974726 -0.208564 0.244367 -0.731457 -0.636597 0.280334 -0.622963 -0.730295 0.283878 -0.610336 -0.739529 0.238987 -0.745168 -0.622583 0.198219 -0.833104 -0.516379 0.190888 -0.846331 -0.497279 0.338332 -0.329684 -0.881385 0.353342 -0.166886 -0.920488 0.339234 -0.322384 -0.883736 0.315815 -0.472634 -0.822726 0.313767 -0.483136 -0.817392 0.353554 -0.163357 -0.92104 0.358368 1.15702e-07 -0.93358 0.358368 1.15702e-07 -0.93358 -0.116067 -0.966767 0.227794 -0.101115 -0.974882 0.198449 -0.0429066 -0.995524 0.084209 -0.173762 -0.923855 0.341027 -0.0259345 -0.998367 0.0508993 -0.186175 -0.912047 0.36539 -0.241522 -0.846746 0.474013 -0.302491 -0.745689 0.593673 -0.251266 -0.832876 0.493137 -0.309692 -0.731208 0.607804 -0.354919 -0.623558 0.696568 -0.397328 -0.483779 0.7798 -0.359731 -0.610034 0.706011 -0.400182 -0.472228 0.785401 -0.428506 -0.33033 0.84099 -0.42981 -0.322006 0.843549 -0.447574 -0.167531 0.878414 -0.45399 1.15702e-07 0.891007 -0.447935 -0.162781 0.879122 -0.45399 1.15702e-07 0.891007 -0.382768 -0.923627 -0.02006 -0.40908 -0.912247 -0.021439 -0.254702 -0.966927 -0.0133484 -0.0943804 -0.995524 -0.00494627 -0.0570476 -0.998367 -0.00298974 -0.22301 -0.974746 -0.0116874 -0.680822 -0.731579 -0.0356804 -0.781079 -0.623089 -0.0409346 -0.79096 -0.610463 -0.0414524 -0.665832 -0.745285 -0.0348948 -0.552213 -0.833201 -0.0289403 -0.531779 -0.846424 -0.0278694 -0.942768 -0.329769 -0.0494084 -0.984618 -0.166929 -0.0516016 -0.945283 -0.322467 -0.0495402 -0.87999 -0.472748 -0.0461183 -0.874285 -0.483246 -0.0458193 -0.985208 -0.163402 -0.0516325 -0.99863 1.15702e-07 -0.052336 -0.99863 1.15702e-07 -0.052336 0.0933463 -0.995524 0.0147846 0.220064 -0.974862 0.0348548 0.0564223 -0.998367 0.00893642 0.252596 -0.966744 0.0400073 0.378167 -0.923798 0.0598957 0.40517 -0.911987 0.0641726 0.525593 -0.846653 0.0832458 0.658224 -0.745568 0.104253 0.54679 -0.832779 0.0866031 0.673882 -0.731089 0.106732 0.772251 -0.623433 0.122313 0.864478 -0.483665 0.13692 0.782716 -0.609908 0.12397 0.870682 -0.472118 0.137903 0.932274 -0.330245 0.147658 0.93511 -0.321922 0.148107 0.973737 -0.167486 0.154225 0.987688 1.15702e-07 0.156434 0.974522 -0.162737 0.154349 0.987688 1.15702e-07 0.156434 -0.378708 -0.92357 0.0599815 -0.404732 -0.912186 0.0641033 -0.251995 -0.966905 0.0399121 -0.0933463 -0.995524 0.0147846 -0.0564226 -0.998367 0.00893646 -0.220652 -0.974726 0.0349478 -0.673492 -0.731457 0.106671 -0.77262 -0.622963 0.122371 -0.78239 -0.610336 0.123918 -0.658666 -0.745168 0.104323 -0.546307 -0.833104 0.0865265 -0.5261 -0.846331 0.0833261 -0.932468 -0.329684 0.147688 -0.973837 -0.166886 0.154241 -0.934955 -0.322384 0.148082 -0.870409 -0.472634 0.137859 -0.864766 -0.483136 0.136965 -0.974421 -0.163357 0.154333 -0.987688 1.15702e-07 0.156434 -0.987688 1.15702e-07 0.156434 0.255309 -0.966767 -0.0133802 0.222419 -0.974882 -0.0116565 0.0943804 -0.995524 -0.00494627 0.382219 -0.923855 -0.0200313 0.0570473 -0.998367 -0.00298972 0.409525 -0.912047 -0.0214623 0.531268 -0.846746 -0.0278426 0.665382 -0.745689 -0.0348712 0.552702 -0.832876 -0.0289659 0.68122 -0.731208 -0.0357012 0.780705 -0.623558 -0.040915 0.873991 -0.483779 -0.0458039 0.791289 -0.610034 -0.0414697 0.880268 -0.472228 -0.0461329 0.942572 -0.33033 -0.0493981 0.94544 -0.322006 -0.0495484 0.984516 -0.167531 -0.0515963 0.99863 1.15702e-07 -0.052336 0.98531 -0.162781 -0.0516379 0.99863 1.15702e-07 -0.052336 0.704692 -0.707107 0.0583923 0.704692 -0.707107 0.0583925 0.68547 -0.707107 0.173584 3.09086e-08 -0.707107 -0.707107 3.09086e-08 -0.707107 -0.707107 0.116386 -0.707107 -0.697463 0.64755 -0.707107 0.284041 0.68547 -0.707107 0.173584 0.64755 -0.707107 0.284041 0.591966 -0.707107 0.386751 0.591966 -0.707107 0.386751 0.520235 -0.707107 0.47891 0.434314 -0.707107 0.558007 0.520235 -0.707107 0.47891 0.434314 -0.707107 0.558007 0.336546 -0.707107 0.621882 0.336546 -0.707107 0.621882 0.229597 -0.707107 0.668794 0.116386 -0.707107 0.697463 0.229597 -0.707107 0.668794 0.116386 -0.707107 0.697463 -8.43216e-09 -0.707107 0.707107 -8.43216e-09 -0.707107 0.707107 0.704692 -0.707107 -0.0583924 0.704692 -0.707107 -0.0583924 0.68547 -0.707107 -0.173585 0.68547 -0.707107 -0.173585 0.64755 -0.707107 -0.284042 0.591966 -0.707107 -0.386751 0.64755 -0.707107 -0.284042 0.591966 -0.707107 -0.386751 0.520235 -0.707107 -0.47891 0.520235 -0.707107 -0.47891 0.434314 -0.707107 -0.558007 0.336546 -0.707107 -0.621882 0.434314 -0.707107 -0.558007 0.336546 -0.707107 -0.621882 0.229597 -0.707107 -0.668794 0.229597 -0.707107 -0.668794 0.116386 -0.707107 -0.697463 -1.59335e-32 -0.707107 0.707107 -1.59335e-32 -0.707107 0.707107 -1.59335e-32 -0.707107 0.707107 -1.59335e-32 -0.707107 0.707107 -1.59335e-32 -0.707107 -0.707107 -1.59335e-32 -0.707107 -0.707107 -1.59335e-32 -0.707107 -0.707107 -1.59335e-32 -0.707107 -0.707107 -0.704692 -0.707107 -0.0583923 -0.704692 -0.707107 0.0583924 -0.704692 -0.707107 -0.0583925 -3.09086e-08 -0.707107 0.707107 -3.09086e-08 -0.707107 0.707107 -0.116386 -0.707107 0.697463 -0.68547 -0.707107 -0.173584 -0.68547 -0.707107 -0.173584 -0.64755 -0.707107 -0.284041 -0.64755 -0.707107 -0.284041 -0.591966 -0.707107 -0.386751 -0.591966 -0.707107 -0.386751 -0.520235 -0.707107 -0.47891 -0.520235 -0.707107 -0.47891 -0.434314 -0.707107 -0.558007 -0.434314 -0.707107 -0.558007 -0.336546 -0.707107 -0.621882 -0.336546 -0.707107 -0.621882 -0.229597 -0.707107 -0.668794 -0.229597 -0.707107 -0.668794 -0.116386 -0.707107 -0.697463 -0.116386 -0.707107 -0.697463 8.43216e-09 -0.707107 -0.707107 8.43216e-09 -0.707107 -0.707107 -0.704692 -0.707107 0.0583924 -0.68547 -0.707107 0.173585 -0.68547 -0.707107 0.173585 -0.64755 -0.707107 0.284042 -0.64755 -0.707107 0.284042 -0.591966 -0.707107 0.386751 -0.591966 -0.707107 0.386751 -0.520235 -0.707107 0.47891 -0.520235 -0.707107 0.47891 -0.434314 -0.707107 0.558007 -0.434314 -0.707107 0.558007 -0.336546 -0.707107 0.621882 -0.336546 -0.707107 0.621882 -0.229597 -0.707107 0.668794 -0.229597 -0.707107 0.668794 -0.116386 -0.707107 0.697463 4.14075e-33 -1 -5.77779e-34 4.14075e-33 -1 -5.77779e-34 4.14075e-33 -1 -5.77779e-34 -0.965926 1.92593e-34 0.258819 -0.965926 1.92593e-34 0.258819 -0.965926 1.92593e-34 0.258819 -0.965926 1.92593e-34 0.258819 -0.355974 -1.474e-33 -0.934496 -0.358368 -1.48391e-33 -0.93358 -0.353035 -1.46183e-33 -0.93561 -0.292372 -1.21064e-33 -0.956305 -0.279571 -1.15763e-33 -0.960125 -0.286302 -1.18551e-33 -0.958139 -0.357762 -1.4814e-33 -0.933813 -0.358368 -1.48391e-33 -0.93358 -0.349014 -1.44518e-33 -0.937118 -0.344016 -1.42448e-33 -0.938964 -0.325568 -1.3481e-33 -0.945519 -0.338133 -1.40012e-33 -0.941099 -0.331541 -1.37283e-33 -0.943441 -0.324351 -1.34306e-33 -0.945937 -0.316791 -1.31175e-33 -0.948495 -0.309017 -1.27956e-33 -0.951057 -0.293561 -1.21556e-33 -0.95594 -0.301205 -1.24721e-33 -0.95356 -0.273582 -1.13283e-33 -0.961849 -0.258819 -1.0717e-33 -0.965926 -0.26844 -1.11154e-33 -0.963296 -0.261283 -1.08191e-33 -0.965262 -0.264316 -1.09447e-33 -0.964436 -0.258819 -1.0717e-33 -0.965926 -0.259439 -1.07427e-33 -0.96576 0.93358 2.10649e-35 -0.358368 0.93358 2.10649e-35 -0.358368 0.93358 2.10649e-35 -0.358368 0.93358 2.10649e-35 -0.358368 4.14075e-33 -1 -5.77779e-34 4.14075e-33 -1 -5.77779e-34 4.14075e-33 -1 -5.77779e-34 -0.891007 2.24852e-32 0.45399 -0.891007 2.24852e-32 0.45399 -0.891007 2.24852e-32 0.45399 -0.891007 2.24852e-32 0.45399 -0.542488 -2.24631e-33 -0.840064 -0.544639 -2.25521e-33 -0.83867 -0.539845 -2.23536e-33 -0.841765 -0.48481 -2.00748e-33 -0.87462 -0.473083 -1.95892e-33 -0.881018 -0.479254 -1.98447e-33 -0.877676 -0.544095 -2.25296e-33 -0.839024 -0.544639 -2.25521e-33 -0.83867 -0.536225 -2.22037e-33 -0.844075 -0.53172 -2.20172e-33 -0.84692 -0.515038 -2.13264e-33 -0.857167 -0.526409 -2.17973e-33 -0.850232 -0.520449 -2.15505e-33 -0.853893 -0.513934 -2.12807e-33 -0.85783 -0.507072 -2.09966e-33 -0.861904 -0.5 -2.07037e-33 -0.866025 -0.485898 -2.01198e-33 -0.874016 -0.492879 -2.04089e-33 -0.870098 -0.467583 -1.93614e-33 -0.883949 -0.45399 -1.87986e-33 -0.891007 -0.462854 -1.91656e-33 -0.886434 -0.456263 -1.88927e-33 -0.889845 -0.459058 -1.90084e-33 -0.888406 -0.45399 -1.87986e-33 -0.891007 -0.454562 -1.88223e-33 -0.890715 0.838671 -2.24371e-32 -0.544639 0.838671 -2.24371e-32 -0.544639 0.838671 -2.24371e-32 -0.544639 0.838671 -2.24371e-32 -0.544639 4.14075e-33 -1 -5.77779e-34 4.14075e-33 -1 -5.77779e-34 4.14075e-33 -1 -5.77779e-34 -0.777146 0 0.62932 -0.777146 0 0.62932 -0.777146 0 0.62932 -0.777146 0 0.62932 -0.705292 -2.92044e-33 -0.708917 -0.707107 -2.92795e-33 -0.707107 -0.703061 -2.9112e-33 -0.71113 -0.656059 -2.71658e-33 -0.75471 -0.645919 -2.67459e-33 -0.763406 -0.65126 -2.69671e-33 -0.758854 -0.706648 -2.92605e-33 -0.707566 -0.707107 -2.92795e-33 -0.707107 -0.7 -2.89852e-33 -0.714143 -0.696185 -2.88273e-33 -0.717862 -0.681998 -2.82398e-33 -0.731354 -0.691679 -2.86407e-33 -0.722205 -0.68661 -2.84308e-33 -0.727026 -0.681056 -2.82008e-33 -0.732231 -0.675191 -2.7958e-33 -0.737643 -0.669131 -2.7707e-33 -0.743145 -0.656998 -2.72046e-33 -0.753893 -0.663012 -2.74537e-33 -0.748609 -0.641149 -2.65484e-33 -0.767417 -0.62932 -2.60586e-33 -0.777146 -0.63704 -2.63782e-33 -0.770831 -0.631302 -2.61406e-33 -0.775537 -0.633736 -2.62414e-33 -0.773549 -0.62932 -2.60586e-33 -0.777146 -0.629819 -2.60792e-33 -0.776742 0.707107 1.92593e-34 -0.707107 0.707107 1.92593e-34 -0.707107 0.707107 1.92593e-34 -0.707107 0.707107 1.92593e-34 -0.707107 -0.62932 -2.24371e-32 0.777146 -0.62932 -2.24371e-32 0.777146 -0.62932 -2.24371e-32 0.777146 -0.62932 -2.24371e-32 0.777146 -0.829156 -3.43333e-33 -0.559018 -0.82879 -3.43181e-33 -0.55956 -0.829156 -3.43333e-33 -0.559018 -0.80392 -3.32883e-33 -0.594738 -0.794749 -3.29086e-33 -0.606938 -0.799256 -3.30952e-33 -0.600991 -0.827711 -3.42734e-33 -0.561155 -0.825933 -3.41998e-33 -0.563769 -0.8235 -3.40991e-33 -0.567316 -0.820465 -3.39734e-33 -0.571697 -0.816894 -3.38255e-33 -0.576788 -0.808505 -3.34782e-33 -0.588489 -0.812879 -3.36593e-33 -0.582432 -0.803913 -3.3288e-33 -0.594747 -0.790529 -3.27338e-33 -0.612425 -0.777146 -3.21797e-33 -0.62932 -0.786707 -3.25756e-33 -0.617326 -0.780732 -3.23282e-33 -0.624865 -0.783414 -3.24392e-33 -0.6215 -0.777551 -3.21964e-33 -0.62882 -0.778763 -3.22466e-33 -0.627318 -0.777146 -3.21797e-33 -0.62932 0.544639 3.85186e-34 -0.838671 0.544639 3.85186e-34 -0.838671 0.544639 3.85186e-34 -0.838671 0.544639 3.85186e-34 -0.838671 -0.45399 -4.48742e-32 0.891007 -0.45399 -4.48742e-32 0.891007 -0.45399 -4.48742e-32 0.891007 -0.45399 -4.48742e-32 0.891007 -0.93358 -3.86572e-33 -0.358368 -0.933346 -3.86475e-33 -0.358978 -0.93358 -3.86572e-33 -0.358368 -0.917018 -3.79714e-33 -0.398846 -0.910831 -3.77152e-33 -0.412779 -0.913887 -3.78418e-33 -0.405968 -0.932654 -3.86189e-33 -0.360773 -0.931509 -3.85715e-33 -0.363718 -0.929937 -3.85064e-33 -0.367718 -0.927966 -3.84247e-33 -0.372666 -0.925632 -3.83281e-33 -0.378426 -0.92009 -3.80986e-33 -0.391707 -0.92299 -3.82187e-33 -0.384825 -0.917023 -3.79716e-33 -0.398835 -0.907951 -3.7596e-33 -0.419077 -0.898702 -3.7213e-33 -0.438561 -0.905327 -3.74873e-33 -0.424715 -0.901197 -3.73163e-33 -0.43341 -0.903055 -3.73932e-33 -0.429525 -0.898984 -3.72247e-33 -0.437981 -0.899828 -3.72596e-33 -0.436244 -0.898702 -3.7213e-33 -0.438561 0.358368 -3.85186e-34 -0.93358 0.358368 -3.85186e-34 -0.93358 0.358368 -3.85186e-34 -0.93358 0.358368 -3.85186e-34 -0.93358 4.14075e-33 -1 -5.77779e-34 4.14075e-33 -1 -5.77779e-34 4.14075e-33 -1 -5.77779e-34 -0.258819 -7.70372e-34 0.965926 -0.258819 -7.70372e-34 0.965926 -0.258819 -7.70372e-34 0.965926 -0.258819 -7.70372e-34 0.965926 -0.987284 -4.0881e-33 -0.158965 -0.987688 -4.08977e-33 -0.156434 -0.98678 -4.08601e-33 -0.162068 -0.97437 -4.03462e-33 -0.224951 -0.971278 -4.02182e-33 -0.237947 -0.972924 -4.02864e-33 -0.231125 -0.987587 -4.08935e-33 -0.157076 -0.987688 -4.08977e-33 -0.156434 -0.986075 -4.08309e-33 -0.166304 -0.985174 -4.07936e-33 -0.171556 -0.981627 -4.06467e-33 -0.190809 -0.984082 -4.07483e-33 -0.177718 -0.982814 -4.06959e-33 -0.184597 -0.981381 -4.06365e-33 -0.192072 -0.979817 -4.05718e-33 -0.199899 -0.978148 -4.05026e-33 -0.207912 -0.974649 -4.03578e-33 -0.223738 -0.976409 -4.04307e-33 -0.215929 -0.969776 -4.0156e-33 -0.243995 -0.965926 -3.99966e-33 -0.258819 -0.968459 -4.01015e-33 -0.249172 -0.966583 -4.00238e-33 -0.256353 -0.967384 -4.0057e-33 -0.253313 -0.965926 -3.99966e-33 -0.258819 -0.966092 -4.00034e-33 -0.258199 0.156434 1.92593e-34 -0.987688 0.156434 1.92593e-34 -0.987688 0.156434 1.92593e-34 -0.987688 0.156434 1.92593e-34 -0.987688 4.14075e-33 -1 -5.77779e-34 4.14075e-33 -1 -5.77779e-34 4.14075e-33 -1 -5.77779e-34 0.156434 -2.23408e-32 0.987688 0.156434 -2.23408e-32 0.987688 0.156434 -2.23408e-32 0.987688 0.156434 -2.23408e-32 0.987688 -0.966586 -4.00239e-33 0.256343 -0.965926 -3.99966e-33 0.258819 -0.967387 -4.00571e-33 0.253303 -0.981627 -4.06467e-33 0.190809 -0.984088 -4.07486e-33 0.177679 -0.982817 -4.0696e-33 0.184581 -0.966094 -4.00035e-33 0.258192 -0.965926 -3.99966e-33 0.258819 -0.968466 -4.01017e-33 0.249146 -0.96978 -4.01561e-33 0.243983 -0.97437 -4.03462e-33 0.224951 -0.971288 -4.02186e-33 0.237909 -0.972928 -4.02865e-33 0.231109 -0.974659 -4.03582e-33 0.223697 -0.976413 -4.04308e-33 0.215911 -0.978148 -4.05026e-33 0.207912 -0.981389 -4.06369e-33 0.19203 -0.97982 -4.05719e-33 0.19988 -0.985177 -4.07937e-33 0.171543 -0.987688 -4.08977e-33 0.156434 -0.986079 -4.08311e-33 0.166277 -0.987286 -4.0881e-33 0.158955 -0.986781 -4.08601e-33 0.162057 -0.987688 -4.08977e-33 0.156434 -0.987588 -4.08935e-33 0.157068 -0.258819 2.23408e-32 -0.965926 -0.258819 2.23408e-32 -0.965926 -0.258819 2.23408e-32 -0.965926 -0.258819 2.23408e-32 -0.965926 4.14075e-33 -1 -5.77779e-34 4.14075e-33 -1 -5.77779e-34 4.14075e-33 -1 -5.77779e-34 0.358368 -2.25334e-32 0.93358 0.358368 -2.25334e-32 0.93358 0.358368 -2.25334e-32 0.93358 0.358368 -2.25334e-32 0.93358 -0.892167 -3.69424e-33 0.451705 -0.891006 -3.68943e-33 0.453991 -0.893582 -3.7001e-33 0.448899 -0.920505 -3.81158e-33 0.390731 -0.925642 -3.83285e-33 0.3784 -0.922964 -3.82176e-33 0.384887 -0.891301 -3.69065e-33 0.453412 -0.891006 -3.68943e-33 0.453991 -0.895502 -3.70805e-33 0.445057 -0.897861 -3.71782e-33 0.44028 -0.906308 -3.75279e-33 0.422618 -0.900599 -3.72915e-33 0.434652 -0.903617 -3.74165e-33 0.428341 -0.906851 -3.75504e-33 0.421451 -0.910186 -3.76885e-33 0.4142 -0.913545 -3.78276e-33 0.406737 -0.920018 -3.80956e-33 0.391876 -0.916851 -3.79645e-33 0.399229 -0.927982 -3.84254e-33 0.372624 -0.93358 -3.86572e-33 0.358368 -0.92996 -3.85073e-33 0.367661 -0.932663 -3.86192e-33 0.36075 -0.931524 -3.85721e-33 0.363679 -0.93358 -3.86572e-33 0.358368 -0.93335 -3.86477e-33 0.358967 -0.45399 4.48742e-32 -0.891007 -0.45399 4.48742e-32 -0.891007 -0.45399 4.48742e-32 -0.891007 -0.45399 4.48742e-32 -0.891007 4.14075e-33 -1 -5.77779e-34 4.14075e-33 -1 -5.77779e-34 4.14075e-33 -1 -5.77779e-34 0.544639 -4.50668e-32 0.838671 0.544639 -4.50668e-32 0.838671 0.544639 -4.50668e-32 0.838671 0.544639 -4.50668e-32 0.838671 -0.778756 -3.22463e-33 0.627327 -0.777146 -3.21797e-33 0.62932 -0.780724 -3.23278e-33 0.624876 -0.819152 -3.3919e-33 0.573576 -0.826741 -3.42333e-33 0.562583 -0.822772 -3.40689e-33 0.568371 -0.777554 -3.21966e-33 0.628816 -0.777146 -3.21797e-33 0.62932 -0.783401 -3.24387e-33 0.621517 -0.786701 -3.25753e-33 0.617334 -0.798635 -3.30695e-33 0.601815 -0.790549 -3.27347e-33 0.612399 -0.794814 -3.29112e-33 0.606854 -0.79941 -3.31015e-33 0.600787 -0.804179 -3.3299e-33 0.594387 -0.809017 -3.34994e-33 0.587785 -0.818438 -3.38895e-33 0.574595 -0.813812 -3.36979e-33 0.581129 -0.830231 -3.43778e-33 0.55742 -0.838671 -3.47272e-33 0.544639 -0.833197 -3.45006e-33 0.552976 -0.837278 -3.46696e-33 0.546778 -0.835555 -3.45982e-33 0.549407 -0.838671 -3.47272e-33 0.544639 -0.838321 -3.47128e-33 0.545177 -0.62932 4.46816e-32 -0.777146 -0.62932 4.46816e-32 -0.777146 -0.62932 4.46816e-32 -0.777146 -0.62932 4.46816e-32 -0.777146 4.14075e-33 -1 -5.77779e-34 4.14075e-33 -1 -5.77779e-34 4.14075e-33 -1 -5.77779e-34 0.707107 -4.50668e-32 0.707107 0.707107 -4.50668e-32 0.707107 0.707107 -4.50668e-32 0.707107 0.707107 -4.50668e-32 0.707107 -0.63131 -2.6141e-33 0.775531 -0.62932 -2.60586e-33 0.777146 -0.633744 -2.62418e-33 0.773542 -0.681998 -2.82398e-33 0.731354 -0.691707 -2.86418e-33 0.722178 -0.686622 -2.84313e-33 0.727015 -0.629825 -2.60795e-33 0.776737 -0.62932 -2.60586e-33 0.777146 -0.637061 -2.63791e-33 0.770814 -0.641159 -2.65488e-33 0.767408 -0.656059 -2.71658e-33 0.75471 -0.645949 -2.67471e-33 0.763381 -0.651273 -2.69676e-33 0.758843 -0.65703 -2.7206e-33 0.753864 -0.663026 -2.74542e-33 0.748597 -0.669131 -2.7707e-33 0.743145 -0.681088 -2.82021e-33 0.732202 -0.675204 -2.79585e-33 0.737631 -0.696194 -2.88277e-33 0.717853 -0.707107 -2.92795e-33 0.707107 -0.700019 -2.8986e-33 0.714124 -0.7053 -2.92047e-33 0.708909 -0.703068 -2.91123e-33 0.711123 -0.707107 -2.92795e-33 0.707107 -0.706653 -2.92607e-33 0.70756 -0.777146 4.50668e-32 -0.62932 -0.777146 4.50668e-32 -0.62932 -0.777146 4.50668e-32 -0.62932 -0.777146 4.50668e-32 -0.62932 4.14075e-33 -1 -5.77779e-34 4.14075e-33 -1 -5.77779e-34 4.14075e-33 -1 -5.77779e-34 0.838671 -2.25334e-32 0.544639 0.838671 -2.25334e-32 0.544639 0.838671 -2.25334e-32 0.544639 0.838671 -2.25334e-32 0.544639 -0.456273 -1.88931e-33 0.88984 -0.45399 -1.87986e-33 0.891007 -0.459067 -1.90088e-33 0.888402 -0.515038 -2.13264e-33 0.857167 -0.526442 -2.17986e-33 0.850211 -0.520463 -2.15511e-33 0.853884 -0.454569 -1.88226e-33 0.890712 -0.45399 -1.87986e-33 0.891007 -0.462878 -1.91666e-33 0.886422 -0.467595 -1.93619e-33 0.883943 -0.48481 -2.00747e-33 0.87462 -0.473118 -1.95906e-33 0.880999 -0.479269 -1.98453e-33 0.877668 -0.485935 -2.01214e-33 0.873995 -0.492895 -2.04095e-33 0.870089 -0.5 -2.07038e-33 0.866025 -0.513971 -2.12823e-33 0.857808 -0.507088 -2.09972e-33 0.861894 -0.531731 -2.20176e-33 0.846913 -0.544639 -2.25521e-33 0.838671 -0.536247 -2.22047e-33 0.844061 -0.542497 -2.24634e-33 0.840058 -0.539854 -2.2354e-33 0.841759 -0.544639 -2.25521e-33 0.838671 -0.544101 -2.25299e-33 0.83902 -0.891007 4.48742e-32 -0.45399 -0.891007 4.48742e-32 -0.45399 -0.891007 4.48742e-32 -0.45399 -0.891007 4.48742e-32 -0.45399 4.14075e-33 -1 -5.77779e-34 4.14075e-33 -1 -5.77779e-34 4.14075e-33 -1 -5.77779e-34 0.93358 -4.48742e-32 0.358368 0.93358 -4.48742e-32 0.358368 0.93358 -4.48742e-32 0.358368 0.93358 -4.48742e-32 0.358368 -0.261294 -1.08195e-33 0.965259 -0.258819 -1.0717e-33 0.965926 -0.264326 -1.09451e-33 0.964433 -0.325568 -1.3481e-33 0.945519 -0.338169 -1.40027e-33 0.941085 -0.331557 -1.37289e-33 0.943435 -0.259446 -1.0743e-33 0.965758 -0.258819 -1.0717e-33 0.965926 -0.268466 -1.11165e-33 0.963289 -0.273595 -1.13289e-33 0.961845 -0.292372 -1.21064e-33 0.956305 -0.279609 -1.15779e-33 0.960114 -0.286318 -1.18557e-33 0.958135 -0.293602 -1.21573e-33 0.955928 -0.301222 -1.24729e-33 0.953554 -0.309017 -1.27956e-33 0.951056 -0.324391 -1.34322e-33 0.945923 -0.316809 -1.31182e-33 0.948489 -0.344028 -1.42453e-33 0.938959 -0.358368 -1.48391e-33 0.93358 -0.349039 -1.44528e-33 0.937108 -0.355984 -1.47404e-33 0.934492 -0.353045 -1.46187e-33 0.935606 -0.358368 -1.48391e-33 0.93358 -0.357769 -1.48143e-33 0.93381 -0.965926 2.25334e-32 -0.258819 -0.965926 2.25334e-32 -0.258819 -0.965926 2.25334e-32 -0.258819 -0.965926 2.25334e-32 -0.258819 0.987688 -2.26297e-32 0.156434 0.987688 -2.26297e-32 0.156434 0.987688 -2.26297e-32 0.156434 0.987688 -2.26297e-32 0.156434 -0.0695459 -2.87972e-34 0.997579 -0.0701981 -2.90673e-34 0.997533 -0.0695459 -2.87972e-34 0.997579 -0.113098 -4.68312e-34 0.993584 -0.128249 -5.31048e-34 0.991742 -0.120845 -5.00389e-34 0.992671 -0.0721189 -2.98626e-34 0.997396 -0.0752715 -3.1168e-34 0.997163 -0.0795599 -3.29438e-34 0.99683 -0.0848715 -3.51431e-34 0.996392 -0.0910658 -3.77081e-34 0.995845 -0.105394 -4.36409e-34 0.994431 -0.0979618 -4.05635e-34 0.99519 -0.11311 -4.68359e-34 0.993582 -0.135111 -5.5946e-34 0.99083 -0.156434 -6.47756e-34 0.987688 -0.141267 -5.8495e-34 0.989972 -0.150783 -6.24355e-34 0.988567 -0.146528 -6.06734e-34 0.989207 -0.155798 -6.45121e-34 0.987789 -0.153891 -6.37226e-34 0.988088 -0.156434 -6.47756e-34 0.987688 -0.99863 2.25334e-32 -0.052336 -0.99863 2.25334e-32 -0.052336 -0.99863 2.25334e-32 -0.052336 -0.99863 2.25334e-32 -0.052336 0.99863 -2.25334e-32 -0.052336 0.99863 -2.25334e-32 -0.052336 0.99863 -2.25334e-32 -0.052336 0.99863 -2.25334e-32 -0.052336 0.156434 6.47756e-34 0.987688 0.155789 6.45084e-34 0.98779 0.156434 6.47756e-34 0.987688 0.113098 4.68312e-34 0.993584 0.0979386 4.05539e-34 0.995192 0.105365 4.36291e-34 0.994434 0.153888 6.37212e-34 0.988088 0.150766 6.24284e-34 0.988569 0.146516 6.06684e-34 0.989208 0.141245 5.8486e-34 0.989975 0.13509 5.59372e-34 0.990833 0.120817 5.00272e-34 0.992675 0.128227 5.30954e-34 0.991745 0.11311 4.6836e-34 0.993582 0.0910445 3.76992e-34 0.995847 0.069546 2.87973e-34 0.997579 0.0848492 3.51339e-34 0.996394 0.0752542 3.11609e-34 0.997164 0.0795476 3.29387e-34 0.996831 0.0701891 2.90636e-34 0.997534 0.0721154 2.98612e-34 0.997396 0.069546 2.87973e-34 0.997579 -0.987688 2.18112e-32 0.156434 -0.987688 2.18112e-32 0.156434 -0.987688 2.18112e-32 0.156434 -0.987688 2.18112e-32 0.156434 4.14075e-33 -1 -5.77779e-34 4.14075e-33 -1 -5.77779e-34 4.14075e-33 -1 -5.77779e-34 0.965926 -1.92593e-34 -0.258819 0.965926 -1.92593e-34 -0.258819 0.965926 -1.92593e-34 -0.258819 0.965926 -1.92593e-34 -0.258819 0.355974 1.474e-33 0.934496 0.358368 1.48391e-33 0.93358 0.353035 1.46183e-33 0.93561 0.292372 1.21064e-33 0.956305 0.279571 1.15763e-33 0.960125 0.286302 1.18551e-33 0.958139 0.357762 1.4814e-33 0.933813 0.358368 1.48391e-33 0.93358 0.349014 1.44518e-33 0.937118 0.344016 1.42448e-33 0.938964 0.325568 1.3481e-33 0.945519 0.338133 1.40012e-33 0.941099 0.331541 1.37283e-33 0.943441 0.324351 1.34306e-33 0.945937 0.316791 1.31175e-33 0.948495 0.309017 1.27956e-33 0.951057 0.293561 1.21556e-33 0.95594 0.301205 1.24721e-33 0.95356 0.273582 1.13283e-33 0.961849 0.258819 1.0717e-33 0.965926 0.26844 1.11154e-33 0.963296 0.261283 1.08191e-33 0.965262 0.264316 1.09447e-33 0.964436 0.258819 1.0717e-33 0.965926 0.259439 1.07427e-33 0.96576 -0.93358 -2.10649e-35 0.358368 -0.93358 -2.10649e-35 0.358368 -0.93358 -2.10649e-35 0.358368 -0.93358 -2.10649e-35 0.358368 4.14075e-33 -1 -5.77779e-34 4.14075e-33 -1 -5.77779e-34 4.14075e-33 -1 -5.77779e-34 0.777146 0 -0.62932 0.777146 0 -0.62932 0.777146 0 -0.62932 0.777146 0 -0.62932 0.705292 2.92044e-33 0.708917 0.707107 2.92795e-33 0.707107 0.703061 2.9112e-33 0.71113 0.656059 2.71658e-33 0.75471 0.645919 2.67459e-33 0.763406 0.65126 2.69671e-33 0.758854 0.706648 2.92605e-33 0.707566 0.707107 2.92795e-33 0.707107 0.7 2.89852e-33 0.714143 0.696185 2.88273e-33 0.717862 0.681998 2.82398e-33 0.731354 0.691679 2.86407e-33 0.722205 0.68661 2.84308e-33 0.727026 0.681056 2.82008e-33 0.732231 0.675191 2.7958e-33 0.737643 0.669131 2.7707e-33 0.743145 0.656998 2.72046e-33 0.753893 0.663012 2.74537e-33 0.748609 0.641149 2.65484e-33 0.767417 0.62932 2.60586e-33 0.777146 0.63704 2.63782e-33 0.770831 0.631302 2.61406e-33 0.775537 0.633736 2.62414e-33 0.773549 0.62932 2.60586e-33 0.777146 0.629819 2.60792e-33 0.776742 -0.707107 -1.92593e-34 0.707107 -0.707107 -1.92593e-34 0.707107 -0.707107 -1.92593e-34 0.707107 -0.707107 -1.92593e-34 0.707107 4.14075e-33 -1 -5.77779e-34 4.14075e-33 -1 -5.77779e-34 4.14075e-33 -1 -5.77779e-34 0.62932 2.24371e-32 -0.777146 0.62932 2.24371e-32 -0.777146 0.62932 2.24371e-32 -0.777146 0.62932 2.24371e-32 -0.777146 0.837272 3.46693e-33 0.546787 0.838671 3.47272e-33 0.544639 0.835549 3.4598e-33 0.549416 0.798636 3.30695e-33 0.601815 0.790525 3.27337e-33 0.612429 0.794804 3.29108e-33 0.606867 0.838317 3.47126e-33 0.545183 0.838671 3.47272e-33 0.544639 0.833182 3.45e-33 0.552999 0.830224 3.43775e-33 0.55743 0.819152 3.3919e-33 0.573576 0.826719 3.42324e-33 0.562615 0.822763 3.40686e-33 0.568385 0.818413 3.38884e-33 0.57463 0.813801 3.36975e-33 0.581144 0.809017 3.34994e-33 0.587785 0.799384 3.31005e-33 0.600821 0.804168 3.32986e-33 0.594402 0.786693 3.2575e-33 0.617344 0.777146 3.21797e-33 0.62932 0.783384 3.2438e-33 0.621538 0.77875 3.22461e-33 0.627335 0.780718 3.23276e-33 0.624884 0.777146 3.21797e-33 0.62932 0.77755 3.21964e-33 0.628822 -0.544639 0 0.838671 -0.544639 0 0.838671 -0.544639 0 0.838671 -0.544639 0 0.838671 4.14075e-33 -1 -5.77779e-34 4.14075e-33 -1 -5.77779e-34 4.14075e-33 -1 -5.77779e-34 0.45399 0 -0.891007 0.45399 0 -0.891007 0.45399 0 -0.891007 0.45399 0 -0.891007 0.932659 3.86191e-33 0.360759 0.93358 3.86572e-33 0.358368 0.93152 3.85719e-33 0.363689 0.906308 3.75279e-33 0.422618 0.900582 3.72908e-33 0.434687 0.90361 3.74162e-33 0.428356 0.933348 3.86476e-33 0.358974 0.93358 3.86572e-33 0.358368 0.92995 3.85069e-33 0.367686 0.927978 3.84252e-33 0.372636 0.920505 3.81158e-33 0.390731 0.925627 3.83279e-33 0.378436 0.922957 3.82174e-33 0.384902 0.920001 3.80949e-33 0.391916 0.916844 3.79642e-33 0.399246 0.913545 3.78276e-33 0.406737 0.906833 3.75497e-33 0.42149 0.910178 3.76882e-33 0.414217 0.897855 3.71779e-33 0.440291 0.891007 3.68943e-33 0.453991 0.89549 3.708e-33 0.445081 0.892162 3.69422e-33 0.451715 0.893578 3.70008e-33 0.448908 0.891007 3.68943e-33 0.453991 0.891298 3.69064e-33 0.453419 -0.358368 3.85186e-34 0.93358 -0.358368 3.85186e-34 0.93358 -0.358368 3.85186e-34 0.93358 -0.358368 3.85186e-34 0.93358 4.14075e-33 -1 -5.77779e-34 4.14075e-33 -1 -5.77779e-34 4.14075e-33 -1 -5.77779e-34 0.258819 7.70372e-34 -0.965926 0.258819 7.70372e-34 -0.965926 0.258819 7.70372e-34 -0.965926 0.258819 7.70372e-34 -0.965926 0.987284 4.0881e-33 0.158965 0.987688 4.08977e-33 0.156434 0.98678 4.08601e-33 0.162068 0.97437 4.03462e-33 0.224951 0.971278 4.02182e-33 0.237947 0.972924 4.02864e-33 0.231125 0.987587 4.08935e-33 0.157076 0.987688 4.08977e-33 0.156434 0.986075 4.08309e-33 0.166304 0.985174 4.07936e-33 0.171556 0.981627 4.06467e-33 0.190809 0.984082 4.07483e-33 0.177718 0.982814 4.06959e-33 0.184597 0.981381 4.06365e-33 0.192072 0.979817 4.05718e-33 0.199899 0.978148 4.05026e-33 0.207912 0.974649 4.03578e-33 0.223738 0.976409 4.04307e-33 0.215929 0.969776 4.0156e-33 0.243995 0.965926 3.99966e-33 0.258819 0.968459 4.01015e-33 0.249172 0.966583 4.00238e-33 0.256353 0.967384 4.0057e-33 0.253313 0.965926 3.99966e-33 0.258819 0.966092 4.00034e-33 0.258199 -0.156434 -1.92593e-34 0.987688 -0.156434 -1.92593e-34 0.987688 -0.156434 -1.92593e-34 0.987688 -0.156434 -1.92593e-34 0.987688 4.14075e-33 -1 -5.77779e-34 4.14075e-33 -1 -5.77779e-34 4.14075e-33 -1 -5.77779e-34 -0.156434 2.23408e-32 -0.987688 -0.156434 2.23408e-32 -0.987688 -0.156434 2.23408e-32 -0.987688 -0.156434 2.23408e-32 -0.987688 0.966586 4.00239e-33 -0.256343 0.965926 3.99966e-33 -0.258819 0.967387 4.00571e-33 -0.253303 0.981627 4.06467e-33 -0.190809 0.984088 4.07486e-33 -0.177679 0.982817 4.0696e-33 -0.184581 0.966094 4.00035e-33 -0.258192 0.965926 3.99966e-33 -0.258819 0.968466 4.01017e-33 -0.249146 0.96978 4.01561e-33 -0.243983 0.97437 4.03462e-33 -0.224951 0.971288 4.02186e-33 -0.237909 0.972928 4.02865e-33 -0.231109 0.974659 4.03582e-33 -0.223697 0.976413 4.04308e-33 -0.215911 0.978148 4.05026e-33 -0.207912 0.981389 4.06369e-33 -0.19203 0.97982 4.05719e-33 -0.19988 0.985177 4.07937e-33 -0.171543 0.987688 4.08977e-33 -0.156434 0.986079 4.08311e-33 -0.166277 0.987286 4.0881e-33 -0.158955 0.986781 4.08601e-33 -0.162057 0.987688 4.08977e-33 -0.156434 0.987588 4.08935e-33 -0.157068 0.258819 -2.23408e-32 0.965926 0.258819 -2.23408e-32 0.965926 0.258819 -2.23408e-32 0.965926 0.258819 -2.23408e-32 0.965926 -0.358368 2.25334e-32 -0.93358 -0.358368 2.25334e-32 -0.93358 -0.358368 2.25334e-32 -0.93358 -0.358368 2.25334e-32 -0.93358 0.898701 3.7213e-33 -0.438561 0.898988 3.72248e-33 -0.437973 0.898701 3.7213e-33 -0.438561 0.917018 3.79714e-33 -0.398846 0.922998 3.8219e-33 -0.384804 0.920101 3.80991e-33 -0.391681 0.89983 3.72597e-33 -0.436241 0.901204 3.73166e-33 -0.433395 0.90306 3.73935e-33 -0.429514 0.905336 3.74877e-33 -0.424695 0.90796 3.75963e-33 -0.419057 0.913899 3.78423e-33 -0.405942 0.910841 3.77156e-33 -0.412758 0.917023 3.79716e-33 -0.398835 0.92564 3.83284e-33 -0.378406 0.93358 3.86572e-33 -0.358368 0.927974 3.84251e-33 -0.372645 0.931516 3.85717e-33 -0.363701 0.929942 3.85066e-33 -0.367707 0.933349 3.86477e-33 -0.358969 0.932655 3.86189e-33 -0.36077 0.93358 3.86572e-33 -0.358368 0.45399 -2.36889e-32 0.891007 0.45399 -2.36889e-32 0.891007 0.45399 -2.36889e-32 0.891007 0.45399 -2.36889e-32 0.891007 -0.544639 4.52594e-32 -0.838671 -0.544639 4.52594e-32 -0.838671 -0.544639 4.52594e-32 -0.838671 -0.544639 4.52594e-32 -0.838671 0.777146 3.21797e-33 -0.62932 0.777557 3.21967e-33 -0.628813 0.777146 3.21797e-33 -0.62932 0.80392 3.32883e-33 -0.594738 0.812893 3.36598e-33 -0.582413 0.808522 3.34789e-33 -0.588466 0.778765 3.22467e-33 -0.627315 0.780743 3.23286e-33 -0.624852 0.783422 3.24395e-33 -0.62149 0.786721 3.25761e-33 -0.617309 0.790542 3.27344e-33 -0.612408 0.799273 3.30959e-33 -0.600968 0.794763 3.29091e-33 -0.60692 0.803913 3.3288e-33 -0.594747 0.816906 3.3826e-33 -0.57677 0.829156 3.43333e-33 -0.559018 0.820478 3.39739e-33 -0.571678 0.825943 3.42002e-33 -0.563754 0.823507 3.40994e-33 -0.567306 0.828795 3.43183e-33 -0.559552 0.827713 3.42735e-33 -0.561152 0.829156 3.43333e-33 -0.559018 0.62932 -4.46816e-32 0.777146 0.62932 -4.46816e-32 0.777146 0.62932 -4.46816e-32 0.777146 0.62932 -4.46816e-32 0.777146 4.14075e-33 -1 -5.77779e-34 4.14075e-33 -1 -5.77779e-34 4.14075e-33 -1 -5.77779e-34 -0.707107 4.50668e-32 -0.707107 -0.707107 4.50668e-32 -0.707107 -0.707107 4.50668e-32 -0.707107 -0.707107 4.50668e-32 -0.707107 0.63131 2.6141e-33 -0.775531 0.62932 2.60586e-33 -0.777146 0.633744 2.62418e-33 -0.773542 0.681998 2.82398e-33 -0.731354 0.691707 2.86418e-33 -0.722178 0.686622 2.84313e-33 -0.727015 0.629825 2.60795e-33 -0.776737 0.62932 2.60586e-33 -0.777146 0.637061 2.63791e-33 -0.770814 0.641159 2.65488e-33 -0.767408 0.656059 2.71658e-33 -0.75471 0.645949 2.67471e-33 -0.763381 0.651273 2.69676e-33 -0.758843 0.65703 2.7206e-33 -0.753864 0.663026 2.74542e-33 -0.748597 0.669131 2.7707e-33 -0.743145 0.681088 2.82021e-33 -0.732202 0.675204 2.79585e-33 -0.737631 0.696194 2.88277e-33 -0.717853 0.707107 2.92795e-33 -0.707107 0.700019 2.8986e-33 -0.714124 0.7053 2.92047e-33 -0.708909 0.703068 2.91123e-33 -0.711123 0.707107 2.92795e-33 -0.707107 0.706653 2.92607e-33 -0.70756 0.777146 -4.50668e-32 0.62932 0.777146 -4.50668e-32 0.62932 0.777146 -4.50668e-32 0.62932 0.777146 -4.50668e-32 0.62932 4.14075e-33 -1 -5.77779e-34 4.14075e-33 -1 -5.77779e-34 4.14075e-33 -1 -5.77779e-34 -0.838671 2.25334e-32 -0.544639 -0.838671 2.25334e-32 -0.544639 -0.838671 2.25334e-32 -0.544639 -0.838671 2.25334e-32 -0.544639 0.456273 1.88931e-33 -0.88984 0.45399 1.87986e-33 -0.891007 0.459067 1.90088e-33 -0.888402 0.515038 2.13264e-33 -0.857167 0.526442 2.17986e-33 -0.850211 0.520463 2.15511e-33 -0.853884 0.454569 1.88226e-33 -0.890712 0.45399 1.87986e-33 -0.891007 0.462878 1.91666e-33 -0.886422 0.467595 1.93619e-33 -0.883943 0.48481 2.00747e-33 -0.87462 0.473118 1.95906e-33 -0.880999 0.479269 1.98453e-33 -0.877668 0.485935 2.01214e-33 -0.873995 0.492895 2.04095e-33 -0.870089 0.5 2.07038e-33 -0.866025 0.513971 2.12823e-33 -0.857808 0.507088 2.09972e-33 -0.861894 0.531731 2.20176e-33 -0.846913 0.544639 2.25521e-33 -0.838671 0.536247 2.22047e-33 -0.844061 0.542497 2.24634e-33 -0.840058 0.539854 2.2354e-33 -0.841759 0.544639 2.25521e-33 -0.838671 0.544101 2.25299e-33 -0.83902 0.891007 -4.48742e-32 0.45399 0.891007 -4.48742e-32 0.45399 0.891007 -4.48742e-32 0.45399 0.891007 -4.48742e-32 0.45399 4.14075e-33 -1 -5.77779e-34 4.14075e-33 -1 -5.77779e-34 4.14075e-33 -1 -5.77779e-34 -0.93358 4.48742e-32 -0.358368 -0.93358 4.48742e-32 -0.358368 -0.93358 4.48742e-32 -0.358368 -0.93358 4.48742e-32 -0.358368 0.261294 1.08195e-33 -0.965259 0.258819 1.0717e-33 -0.965926 0.264326 1.09451e-33 -0.964433 0.325568 1.3481e-33 -0.945519 0.338169 1.40027e-33 -0.941085 0.331557 1.37289e-33 -0.943435 0.259446 1.0743e-33 -0.965758 0.258819 1.0717e-33 -0.965926 0.268466 1.11165e-33 -0.963289 0.273595 1.13289e-33 -0.961845 0.292372 1.21064e-33 -0.956305 0.279609 1.15779e-33 -0.960114 0.286318 1.18557e-33 -0.958135 0.293602 1.21573e-33 -0.955928 0.301222 1.24729e-33 -0.953554 0.309017 1.27956e-33 -0.951056 0.324391 1.34322e-33 -0.945923 0.316809 1.31182e-33 -0.948489 0.344028 1.42453e-33 -0.938959 0.358368 1.48391e-33 -0.93358 0.349039 1.44528e-33 -0.937108 0.355984 1.47404e-33 -0.934492 0.353045 1.46187e-33 -0.935606 0.358368 1.48391e-33 -0.93358 0.357769 1.48143e-33 -0.93381 0.965926 -2.25334e-32 0.258819 0.965926 -2.25334e-32 0.258819 0.965926 -2.25334e-32 0.258819 0.965926 -2.25334e-32 0.258819 4.14075e-33 -1 -5.77779e-34 4.14075e-33 -1 -5.77779e-34 4.14075e-33 -1 -5.77779e-34 0.891007 -2.24852e-32 -0.45399 0.891007 -2.24852e-32 -0.45399 0.891007 -2.24852e-32 -0.45399 0.891007 -2.24852e-32 -0.45399 0.542488 2.24631e-33 0.840064 0.544639 2.25521e-33 0.83867 0.539845 2.23536e-33 0.841765 0.48481 2.00748e-33 0.87462 0.473083 1.95892e-33 0.881018 0.479254 1.98447e-33 0.877676 0.544095 2.25296e-33 0.839024 0.544639 2.25521e-33 0.83867 0.536225 2.22037e-33 0.844075 0.53172 2.20172e-33 0.84692 0.515038 2.13264e-33 0.857167 0.526409 2.17973e-33 0.850232 0.520449 2.15505e-33 0.853893 0.513934 2.12807e-33 0.85783 0.507072 2.09966e-33 0.861904 0.5 2.07037e-33 0.866025 0.485898 2.01198e-33 0.874016 0.492879 2.04089e-33 0.870098 0.467583 1.93614e-33 0.883949 0.45399 1.87986e-33 0.891007 0.462854 1.91656e-33 0.886434 0.456263 1.88927e-33 0.889845 0.459058 1.90084e-33 0.888406 0.45399 1.87986e-33 0.891007 0.454562 1.88223e-33 0.890715 -0.838671 2.24371e-32 0.544639 -0.838671 2.24371e-32 0.544639 -0.838671 2.24371e-32 0.544639 -0.838671 2.24371e-32 0.544639 4.14075e-33 -1 -5.77779e-34 4.14075e-33 -1 -5.77779e-34 4.14075e-33 -1 -5.77779e-34 4.14075e-33 -1 -5.77779e-34 4.14075e-33 -1 -5.77779e-34 4.14075e-33 -1 -5.77779e-34 4.14075e-33 -1 -5.77779e-34 4.14075e-33 -1 -5.77779e-34 4.14075e-33 -1 -5.77779e-34 4.14075e-33 -1 -5.77779e-34 4.14075e-33 -1 -5.77779e-34 4.14075e-33 -1 -5.77779e-34 4.14075e-33 -1 -5.77779e-34 4.14075e-33 -1 -5.77779e-34 4.14075e-33 -1 -5.77779e-34 4.14075e-33 -1 -5.77779e-34 4.14075e-33 -1 -5.77779e-34 4.14075e-33 -1 -5.77779e-34 4.14075e-33 -1 -5.77779e-34 4.14075e-33 -1 -5.77779e-34 4.14075e-33 -1 -5.77779e-34 4.14075e-33 -1 -5.77779e-34 4.14075e-33 -1 -5.77779e-34 4.14075e-33 -1 -5.77779e-34 4.14075e-33 -1 -5.77779e-34 4.14075e-33 -1 -5.77779e-34 4.14075e-33 -1 -5.77779e-34 4.14075e-33 -1 -5.77779e-34 4.14075e-33 -1 -5.77779e-34 4.14075e-33 -1 -5.77779e-34 4.14075e-33 -1 -5.77779e-34 4.14075e-33 -1 -5.77779e-34 4.14075e-33 -1 -5.77779e-34 4.14075e-33 -1 -5.77779e-34 4.14075e-33 -1 -5.77779e-34 4.14075e-33 -1 -5.77779e-34 4.14075e-33 -1 -5.77779e-34 4.14075e-33 -1 -5.77779e-34 4.14075e-33 -1 -5.77779e-34 4.14075e-33 -1 -5.77779e-34 4.14075e-33 -1 -5.77779e-34 4.14075e-33 -1 -5.77779e-34 4.14075e-33 -1 -5.77779e-34 4.14075e-33 -1 -5.77779e-34 4.14075e-33 -1 -5.77779e-34 4.14075e-33 -1 -5.77779e-34 4.14075e-33 -1 -5.77779e-34 4.14075e-33 -1 -5.77779e-34 4.14075e-33 -1 -5.77779e-34 4.14075e-33 -1 -5.77779e-34 4.14075e-33 -1 -5.77779e-34 4.14075e-33 -1 -5.77779e-34 4.14075e-33 -1 -5.77779e-34 4.14075e-33 -1 -5.77779e-34 4.14075e-33 -1 -5.77779e-34 4.14075e-33 -1 -5.77779e-34 4.14075e-33 -1 -5.77779e-34 4.14075e-33 -1 -5.77779e-34 4.14075e-33 -1 -5.77779e-34 4.14075e-33 -1 -5.77779e-34 4.14075e-33 -1 -5.77779e-34 4.14075e-33 -1 -5.77779e-34 4.14075e-33 -1 -5.77779e-34 4.14075e-33 -1 -5.77779e-34 4.14075e-33 -1 -5.77779e-34 4.14075e-33 -1 -5.77779e-34 4.14075e-33 -1 -5.77779e-34 4.14075e-33 -1 -5.77779e-34 4.14075e-33 -1 -5.77779e-34 4.14075e-33 -1 -5.77779e-34 4.14075e-33 -1 -5.77779e-34 4.14075e-33 -1 -5.77779e-34 4.14075e-33 -1 -5.77779e-34 4.14075e-33 -1 -5.77779e-34 4.14075e-33 -1 -5.77779e-34 4.14075e-33 -1 -5.77779e-34 4.14075e-33 -1 -5.77779e-34 4.14075e-33 -1 -5.77779e-34 4.14075e-33 -1 -5.77779e-34 4.14075e-33 -1 -5.77779e-34 4.14075e-33 -1 -5.77779e-34 4.14075e-33 -1 -5.77779e-34 4.14075e-33 -1 -5.77779e-34 4.14075e-33 -1 -5.77779e-34 4.14075e-33 -1 -5.77779e-34 4.14075e-33 -1 -5.77779e-34 4.14075e-33 -1 -5.77779e-34 4.14075e-33 -1 -5.77779e-34 4.14075e-33 -1 -5.77779e-34 4.14075e-33 -1 -5.77779e-34 4.14075e-33 -1 -5.77779e-34 4.14075e-33 -1 -5.77779e-34 4.14075e-33 -1 -5.77779e-34 4.14075e-33 -1 -5.77779e-34 4.14075e-33 -1 -5.77779e-34 4.14075e-33 -1 -5.77779e-34 4.14075e-33 -1 -5.77779e-34 4.14075e-33 -1 -5.77779e-34 4.14075e-33 -1 -5.77779e-34 4.14075e-33 -1 -5.77779e-34 4.14075e-33 -1 -5.77779e-34 4.14075e-33 -1 -5.77779e-34 4.14075e-33 -1 -5.77779e-34 0 5.77779e-34 -1 0 5.77779e-34 -1 0 5.77779e-34 -1 0 5.77779e-34 -1 0 -5.77779e-34 1 0 -5.77779e-34 1 0 -5.77779e-34 1 0 -5.77779e-34 1 0.996584 4.12661e-33 -0.0825793 0.996584 4.12661e-33 0.0825795 0.996584 4.12661e-33 0.0825795 0.9694 4.01404e-33 0.245486 0.9694 4.01404e-33 0.245486 0.915773 3.79199e-33 0.401695 0.915773 3.79199e-33 0.401695 0.837166 3.4665e-33 0.546948 0.837166 3.4665e-33 0.546948 0.735724 3.04645e-33 0.677281 0.735724 3.04645e-33 0.677281 0.614213 2.5433e-33 0.789141 0.614213 2.5433e-33 0.789141 0.475947 1.97078e-33 0.879474 0.475947 1.97078e-33 0.879474 0.3247 1.3445e-33 0.945817 0.3247 1.3445e-33 0.945817 0.164595 6.81545e-34 0.986361 0.164595 6.81545e-34 0.986361 -1.19249e-08 -4.93776e-41 1 -1.19249e-08 -4.93776e-41 1 0.996584 4.12661e-33 -0.0825793 0.9694 4.01404e-33 -0.245486 0.9694 4.01404e-33 -0.245486 0.915773 3.79199e-33 -0.401695 0.915773 3.79199e-33 -0.401695 0.837166 3.4665e-33 -0.546948 0.837166 3.4665e-33 -0.546948 0.735724 3.04645e-33 -0.677282 0.735724 3.04645e-33 -0.677282 0.614213 2.5433e-33 -0.789141 0.614213 2.5433e-33 -0.789141 0.475947 1.97078e-33 -0.879474 0.475947 1.97078e-33 -0.879474 0.3247 1.3445e-33 -0.945817 0.3247 1.3445e-33 -0.945817 0.164595 6.81545e-34 -0.986361 0.164595 6.81545e-34 -0.986361 4.37114e-08 1.80997e-40 -1 4.37114e-08 1.80997e-40 -1 4.14075e-33 -1 -5.77779e-34 4.14075e-33 -1 -5.77779e-34 4.14075e-33 -1 -5.77779e-34 4.14075e-33 -1 -5.77779e-34 4.14075e-33 -1 -5.77779e-34 4.14075e-33 -1 -5.77779e-34 4.14075e-33 -1 -5.77779e-34 4.14075e-33 -1 -5.77779e-34 4.14075e-33 -1 -5.77779e-34 4.14075e-33 -1 -5.77779e-34 4.14075e-33 -1 -5.77779e-34 4.14075e-33 -1 -5.77779e-34 4.14075e-33 -1 -5.77779e-34 4.14075e-33 -1 -5.77779e-34 4.14075e-33 -1 -5.77779e-34 4.14075e-33 -1 -5.77779e-34 4.14075e-33 -1 -5.77779e-34 4.14075e-33 -1 -5.77779e-34 4.14075e-33 -1 -5.77779e-34 4.14075e-33 -1 -5.77779e-34 4.14075e-33 -1 -5.77779e-34 4.14075e-33 -1 -5.77779e-34 4.14075e-33 -1 -5.77779e-34 4.14075e-33 -1 -5.77779e-34 4.14075e-33 -1 -5.77779e-34 4.14075e-33 -1 -5.77779e-34 4.14075e-33 -1 -5.77779e-34 4.14075e-33 -1 -5.77779e-34 4.14075e-33 -1 -5.77779e-34 4.14075e-33 -1 -5.77779e-34 4.14075e-33 -1 -5.77779e-34 4.14075e-33 -1 -5.77779e-34 4.14075e-33 -1 -5.77779e-34 4.14075e-33 -1 -5.77779e-34 4.14075e-33 -1 -5.77779e-34 4.14075e-33 -1 -5.77779e-34 4.14075e-33 -1 -5.77779e-34 4.14075e-33 -1 -5.77779e-34 4.14075e-33 -1 -5.77779e-34 4.14075e-33 -1 -5.77779e-34 4.14075e-33 -1 -5.77779e-34 4.14075e-33 -1 -5.77779e-34 4.14075e-33 -1 -5.77779e-34 4.14075e-33 -1 -5.77779e-34 4.14075e-33 -1 -5.77779e-34 4.14075e-33 -1 -5.77779e-34 4.14075e-33 -1 -5.77779e-34 4.14075e-33 -1 -5.77779e-34 4.14075e-33 -1 -5.77779e-34 -4.14075e-33 1 5.77779e-34 -4.14075e-33 1 5.77779e-34 -4.14075e-33 1 5.77779e-34 -4.14075e-33 1 5.77779e-34 -4.14075e-33 1 5.77779e-34 -4.14075e-33 1 5.77779e-34 -4.14075e-33 1 5.77779e-34 -4.14075e-33 1 5.77779e-34 -4.14075e-33 1 5.77779e-34 -4.14075e-33 1 5.77779e-34 -4.14075e-33 1 5.77779e-34 -4.14075e-33 1 5.77779e-34 -4.14075e-33 1 5.77779e-34 -4.14075e-33 1 5.77779e-34 -4.14075e-33 1 5.77779e-34 -4.14075e-33 1 5.77779e-34 -4.14075e-33 1 5.77779e-34 -4.14075e-33 1 5.77779e-34 -4.14075e-33 1 5.77779e-34 -4.14075e-33 1 5.77779e-34 -4.14075e-33 1 5.77779e-34 -4.14075e-33 1 5.77779e-34 -4.14075e-33 1 5.77779e-34 -4.14075e-33 1 5.77779e-34 -4.14075e-33 1 5.77779e-34 -4.14075e-33 1 5.77779e-34 -4.14075e-33 1 5.77779e-34 -4.14075e-33 1 5.77779e-34 -4.14075e-33 1 5.77779e-34 -4.14075e-33 1 5.77779e-34 -4.14075e-33 1 5.77779e-34 -4.14075e-33 1 5.77779e-34 -4.14075e-33 1 5.77779e-34 -4.14075e-33 1 5.77779e-34 -4.14075e-33 1 5.77779e-34 -4.14075e-33 1 5.77779e-34 -4.14075e-33 1 5.77779e-34 -4.14075e-33 1 5.77779e-34 -4.14075e-33 1 5.77779e-34 -4.14075e-33 1 5.77779e-34 -4.14075e-33 1 5.77779e-34 -4.14075e-33 1 5.77779e-34 -4.14075e-33 1 5.77779e-34 -4.14075e-33 1 5.77779e-34 -4.14075e-33 1 5.77779e-34 -4.14075e-33 1 5.77779e-34 -4.14075e-33 1 5.77779e-34 -4.14075e-33 1 5.77779e-34 -4.14075e-33 1 5.77779e-34 -4.14075e-33 1 5.77779e-34 -4.14075e-33 1 5.77779e-34 -4.14075e-33 1 5.77779e-34 -4.14075e-33 1 5.77779e-34 -4.14075e-33 1 5.77779e-34 -4.14075e-33 1 5.77779e-34 -4.14075e-33 1 5.77779e-34 -4.14075e-33 1 5.77779e-34 -4.14075e-33 1 5.77779e-34 -4.14075e-33 1 5.77779e-34 -4.14075e-33 1 5.77779e-34 -4.14075e-33 1 5.77779e-34 -4.14075e-33 1 5.77779e-34 -4.14075e-33 1 5.77779e-34 -4.14075e-33 1 5.77779e-34 -4.14075e-33 1 5.77779e-34 -4.14075e-33 1 5.77779e-34 -4.14075e-33 1 5.77779e-34 -4.14075e-33 1 5.77779e-34 -4.14075e-33 1 5.77779e-34 -4.14075e-33 1 5.77779e-34 -4.14075e-33 1 5.77779e-34 -4.14075e-33 1 5.77779e-34 -4.14075e-33 1 5.77779e-34 -4.14075e-33 1 5.77779e-34 -4.14075e-33 1 5.77779e-34 -4.14075e-33 1 5.77779e-34 -4.14075e-33 1 5.77779e-34 -4.14075e-33 1 5.77779e-34 -4.14075e-33 1 5.77779e-34 -4.14075e-33 1 5.77779e-34 -4.14075e-33 1 5.77779e-34 -4.14075e-33 1 5.77779e-34 -4.14075e-33 1 5.77779e-34 -4.14075e-33 1 5.77779e-34 -4.14075e-33 1 5.77779e-34 -4.14075e-33 1 5.77779e-34 -4.14075e-33 1 5.77779e-34 -4.14075e-33 1 5.77779e-34 -4.14075e-33 1 5.77779e-34 -4.14075e-33 1 5.77779e-34 -4.14075e-33 1 5.77779e-34 -4.14075e-33 1 5.77779e-34 -4.14075e-33 1 5.77779e-34 -4.14075e-33 1 5.77779e-34 -4.14075e-33 1 5.77779e-34 -4.14075e-33 1 5.77779e-34 -4.14075e-33 1 5.77779e-34 -4.14075e-33 1 5.77779e-34 -4.14075e-33 1 5.77779e-34 -4.14075e-33 1 5.77779e-34 -4.14075e-33 1 5.77779e-34 -4.14075e-33 1 5.77779e-34 -4.14075e-33 1 5.77779e-34 -4.14075e-33 1 5.77779e-34 -4.14075e-33 1 5.77779e-34 -4.14075e-33 1 5.77779e-34 -4.14075e-33 1 5.77779e-34 -4.14075e-33 1 5.77779e-34 -4.14075e-33 1 5.77779e-34 -4.14075e-33 1 5.77779e-34 -4.14075e-33 1 5.77779e-34 -4.14075e-33 1 5.77779e-34 -4.14075e-33 1 5.77779e-34 -4.14075e-33 1 5.77779e-34 -4.14075e-33 1 5.77779e-34 -4.14075e-33 1 5.77779e-34 4.14075e-33 -1 -5.77779e-34 4.14075e-33 -1 -5.77779e-34 4.14075e-33 -1 -5.77779e-34 4.14075e-33 -1 -5.77779e-34 4.14075e-33 -1 -5.77779e-34 4.14075e-33 -1 -5.77779e-34 4.14075e-33 -1 -5.77779e-34 4.14075e-33 -1 -5.77779e-34 4.14075e-33 -1 -5.77779e-34 4.14075e-33 -1 -5.77779e-34 4.14075e-33 -1 -5.77779e-34 4.14075e-33 -1 -5.77779e-34 4.14075e-33 -1 -5.77779e-34 4.14075e-33 -1 -5.77779e-34 4.14075e-33 -1 -5.77779e-34 4.14075e-33 -1 -5.77779e-34 4.14075e-33 -1 -5.77779e-34 4.14075e-33 -1 -5.77779e-34 4.14075e-33 -1 -5.77779e-34 4.14075e-33 -1 -5.77779e-34 4.14075e-33 -1 -5.77779e-34 4.14075e-33 -1 -5.77779e-34 4.14075e-33 -1 -5.77779e-34 4.14075e-33 -1 -5.77779e-34 4.14075e-33 -1 -5.77779e-34 4.14075e-33 -1 -5.77779e-34 4.14075e-33 -1 -5.77779e-34 4.14075e-33 -1 -5.77779e-34 4.14075e-33 -1 -5.77779e-34 4.14075e-33 -1 -5.77779e-34 4.14075e-33 -1 -5.77779e-34 4.14075e-33 -1 -5.77779e-34 4.14075e-33 -1 -5.77779e-34 4.14075e-33 -1 -5.77779e-34 4.14075e-33 -1 -5.77779e-34 4.14075e-33 -1 -5.77779e-34 4.14075e-33 -1 -5.77779e-34 4.14075e-33 -1 -5.77779e-34 4.14075e-33 -1 -5.77779e-34 4.14075e-33 -1 -5.77779e-34 4.14075e-33 -1 -5.77779e-34 4.14075e-33 -1 -5.77779e-34 4.14075e-33 -1 -5.77779e-34 4.14075e-33 -1 -5.77779e-34 4.14075e-33 -1 -5.77779e-34 4.14075e-33 -1 -5.77779e-34 4.14075e-33 -1 -5.77779e-34 4.14075e-33 -1 -5.77779e-34 4.14075e-33 -1 -5.77779e-34 4.14075e-33 -1 -5.77779e-34 4.14075e-33 -1 -5.77779e-34 4.14075e-33 -1 -5.77779e-34 4.14075e-33 -1 -5.77779e-34 4.14075e-33 -1 -5.77779e-34 4.14075e-33 -1 -5.77779e-34 4.14075e-33 -1 -5.77779e-34 4.14075e-33 -1 -5.77779e-34 4.14075e-33 -1 -5.77779e-34 4.14075e-33 -1 -5.77779e-34 4.14075e-33 -1 -5.77779e-34 4.14075e-33 -1 -5.77779e-34 4.14075e-33 -1 -5.77779e-34 4.14075e-33 -1 -5.77779e-34 4.14075e-33 -1 -5.77779e-34 4.14075e-33 -1 -5.77779e-34 4.14075e-33 -1 -5.77779e-34 4.14075e-33 -1 -5.77779e-34 4.14075e-33 -1 -5.77779e-34 4.14075e-33 -1 -5.77779e-34 4.14075e-33 -1 -5.77779e-34 4.14075e-33 -1 -5.77779e-34 4.14075e-33 -1 -5.77779e-34 4.14075e-33 -1 -5.77779e-34 4.14075e-33 -1 -5.77779e-34 4.14075e-33 -1 -5.77779e-34 4.14075e-33 -1 -5.77779e-34 4.14075e-33 -1 -5.77779e-34 4.14075e-33 -1 -5.77779e-34 4.14075e-33 -1 -5.77779e-34 4.14075e-33 -1 -5.77779e-34 4.14075e-33 -1 -5.77779e-34 4.14075e-33 -1 -5.77779e-34 4.14075e-33 -1 -5.77779e-34 4.14075e-33 -1 -5.77779e-34 4.14075e-33 -1 -5.77779e-34 4.14075e-33 -1 -5.77779e-34 4.14075e-33 -1 -5.77779e-34 4.14075e-33 -1 -5.77779e-34 4.14075e-33 -1 -5.77779e-34 4.14075e-33 -1 -5.77779e-34 4.14075e-33 -1 -5.77779e-34 4.14075e-33 -1 -5.77779e-34 4.14075e-33 -1 -5.77779e-34 4.14075e-33 -1 -5.77779e-34 4.14075e-33 -1 -5.77779e-34 4.14075e-33 -1 -5.77779e-34 4.14075e-33 -1 -5.77779e-34 4.14075e-33 -1 -5.77779e-34 4.14075e-33 -1 -5.77779e-34 4.14075e-33 -1 -5.77779e-34 4.14075e-33 -1 -5.77779e-34 4.14075e-33 -1 -5.77779e-34 4.14075e-33 -1 -5.77779e-34 4.14075e-33 -1 -5.77779e-34 4.14075e-33 -1 -5.77779e-34 4.14075e-33 -1 -5.77779e-34 4.14075e-33 -1 -5.77779e-34 4.14075e-33 -1 -5.77779e-34 4.14075e-33 -1 -5.77779e-34 4.14075e-33 -1 -5.77779e-34 4.14075e-33 -1 -5.77779e-34 4.14075e-33 -1 -5.77779e-34 4.14075e-33 -1 -5.77779e-34 4.14075e-33 -1 -5.77779e-34 4.14075e-33 -1 -5.77779e-34 4.14075e-33 -1 -5.77779e-34 4.14075e-33 -1 -5.77779e-34 4.14075e-33 -1 -5.77779e-34 4.14075e-33 -1 -5.77779e-34 4.14075e-33 -1 -5.77779e-34 4.14075e-33 -1 -5.77779e-34 4.14075e-33 -1 -5.77779e-34 4.14075e-33 -1 -5.77779e-34 4.14075e-33 -1 -5.77779e-34 4.14075e-33 -1 -5.77779e-34 4.14075e-33 -1 -5.77779e-34 4.14075e-33 -1 -5.77779e-34 4.14075e-33 -1 -5.77779e-34 4.14075e-33 -1 -5.77779e-34 4.14075e-33 -1 -5.77779e-34 4.14075e-33 -1 -5.77779e-34 4.14075e-33 -1 -5.77779e-34 4.14075e-33 -1 -5.77779e-34 4.14075e-33 -1 -5.77779e-34 4.14075e-33 -1 -5.77779e-34 4.14075e-33 -1 -5.77779e-34 4.14075e-33 -1 -5.77779e-34 4.14075e-33 -1 -5.77779e-34 4.14075e-33 -1 -5.77779e-34 4.14075e-33 -1 -5.77779e-34 4.14075e-33 -1 -5.77779e-34 4.14075e-33 -1 -5.77779e-34 4.14075e-33 -1 -5.77779e-34 4.14075e-33 -1 -5.77779e-34 4.14075e-33 -1 -5.77779e-34 4.14075e-33 -1 -5.77779e-34 4.14075e-33 -1 -5.77779e-34 4.14075e-33 -1 -5.77779e-34 4.14075e-33 -1 -5.77779e-34 4.14075e-33 -1 -5.77779e-34 4.14075e-33 -1 -5.77779e-34 4.14075e-33 -1 -5.77779e-34 4.14075e-33 -1 -5.77779e-34 4.14075e-33 -1 -5.77779e-34 4.14075e-33 -1 -5.77779e-34 4.14075e-33 -1 -5.77779e-34 4.14075e-33 -1 -5.77779e-34 4.14075e-33 -1 -5.77779e-34 4.14075e-33 -1 -5.77779e-34 4.14075e-33 -1 -5.77779e-34 4.14075e-33 -1 -5.77779e-34 4.14075e-33 -1 -5.77779e-34 4.14075e-33 -1 -5.77779e-34 4.14075e-33 -1 -5.77779e-34 4.14075e-33 -1 -5.77779e-34 4.14075e-33 -1 -5.77779e-34 4.14075e-33 -1 -5.77779e-34 4.14075e-33 -1 -5.77779e-34 4.14075e-33 -1 -5.77779e-34 4.14075e-33 -1 -5.77779e-34 4.14075e-33 -1 -5.77779e-34 4.14075e-33 -1 -5.77779e-34 4.14075e-33 -1 -5.77779e-34 4.14075e-33 -1 -5.77779e-34 4.14075e-33 -1 -5.77779e-34 4.14075e-33 -1 -5.77779e-34 4.14075e-33 -1 -5.77779e-34 4.14075e-33 -1 -5.77779e-34 4.14075e-33 -1 -5.77779e-34 4.14075e-33 -1 -5.77779e-34 4.14075e-33 -1 -5.77779e-34 4.14075e-33 -1 -5.77779e-34 4.14075e-33 -1 -5.77779e-34 4.14075e-33 -1 -5.77779e-34 4.14075e-33 -1 -5.77779e-34 4.14075e-33 -1 -5.77779e-34 4.14075e-33 -1 -5.77779e-34 4.14075e-33 -1 -5.77779e-34 4.14075e-33 -1 -5.77779e-34 4.14075e-33 -1 -5.77779e-34 4.14075e-33 -1 -5.77779e-34 4.14075e-33 -1 -5.77779e-34 4.14075e-33 -1 -5.77779e-34 4.14075e-33 -1 -5.77779e-34 4.14075e-33 -1 -5.77779e-34 4.14075e-33 -1 -5.77779e-34 4.14075e-33 -1 -5.77779e-34 4.14075e-33 -1 -5.77779e-34 4.14075e-33 -1 -5.77779e-34 4.14075e-33 -1 -5.77779e-34 4.14075e-33 -1 -5.77779e-34 4.14075e-33 -1 -5.77779e-34 4.14075e-33 -1 -5.77779e-34 4.14075e-33 -1 -5.77779e-34 4.14075e-33 -1 -5.77779e-34 4.14075e-33 -1 -5.77779e-34 4.14075e-33 -1 -5.77779e-34 4.14075e-33 -1 -5.77779e-34 4.14075e-33 -1 -5.77779e-34 4.14075e-33 -1 -5.77779e-34 4.14075e-33 -1 -5.77779e-34 4.14075e-33 -1 -5.77779e-34 4.14075e-33 -1 -5.77779e-34 4.14075e-33 -1 -5.77779e-34 4.14075e-33 -1 -5.77779e-34 4.14075e-33 -1 -5.77779e-34 4.14075e-33 -1 -5.77779e-34 4.14075e-33 -1 -5.77779e-34 4.14075e-33 -1 -5.77779e-34 4.14075e-33 -1 -5.77779e-34 4.14075e-33 -1 -5.77779e-34 4.14075e-33 -1 -5.77779e-34 4.14075e-33 -1 -5.77779e-34 4.14075e-33 -1 -5.77779e-34 4.14075e-33 -1 -5.77779e-34 4.14075e-33 -1 -5.77779e-34 4.14075e-33 -1 -5.77779e-34 4.14075e-33 -1 -5.77779e-34 4.14075e-33 -1 -5.77779e-34 4.14075e-33 -1 -5.77779e-34 4.14075e-33 -1 -5.77779e-34 4.14075e-33 -1 -5.77779e-34 4.14075e-33 -1 -5.77779e-34 4.14075e-33 -1 -5.77779e-34 4.14075e-33 -1 -5.77779e-34 4.14075e-33 -1 -5.77779e-34 4.14075e-33 -1 -5.77779e-34 4.14075e-33 -1 -5.77779e-34 4.14075e-33 -1 -5.77779e-34 4.14075e-33 -1 -5.77779e-34 4.14075e-33 -1 -5.77779e-34 4.14075e-33 -1 -5.77779e-34 4.14075e-33 -1 -5.77779e-34 4.14075e-33 -1 -5.77779e-34 4.14075e-33 -1 -5.77779e-34 4.14075e-33 -1 -5.77779e-34 4.14075e-33 -1 -5.77779e-34 4.14075e-33 -1 -5.77779e-34 4.14075e-33 -1 -5.77779e-34 4.14075e-33 -1 -5.77779e-34 4.14075e-33 -1 -5.77779e-34 4.14075e-33 -1 -5.77779e-34 4.14075e-33 -1 -5.77779e-34 4.14075e-33 -1 -5.77779e-34 4.14075e-33 -1 -5.77779e-34 4.14075e-33 -1 -5.77779e-34 4.14075e-33 -1 -5.77779e-34 4.14075e-33 -1 -5.77779e-34 4.14075e-33 -1 -5.77779e-34 4.14075e-33 -1 -5.77779e-34 4.14075e-33 -1 -5.77779e-34 4.14075e-33 -1 -5.77779e-34 4.14075e-33 -1 -5.77779e-34 4.14075e-33 -1 -5.77779e-34 4.14075e-33 -1 -5.77779e-34 4.14075e-33 -1 -5.77779e-34 4.14075e-33 -1 -5.77779e-34 4.14075e-33 -1 -5.77779e-34 4.14075e-33 -1 -5.77779e-34 4.14075e-33 -1 -5.77779e-34 4.14075e-33 -1 -5.77779e-34 4.14075e-33 -1 -5.77779e-34 4.14075e-33 -1 -5.77779e-34 4.14075e-33 -1 -5.77779e-34 4.14075e-33 -1 -5.77779e-34 4.14075e-33 -1 -5.77779e-34 4.14075e-33 -1 -5.77779e-34 4.14075e-33 -1 -5.77779e-34 4.14075e-33 -1 -5.77779e-34 4.14075e-33 -1 -5.77779e-34 4.14075e-33 -1 -5.77779e-34 4.14075e-33 -1 -5.77779e-34 4.14075e-33 -1 -5.77779e-34 4.14075e-33 -1 -5.77779e-34 4.14075e-33 -1 -5.77779e-34 4.14075e-33 -1 -5.77779e-34 4.14075e-33 -1 -5.77779e-34 4.14075e-33 -1 -5.77779e-34 4.14075e-33 -1 -5.77779e-34 4.14075e-33 -1 -5.77779e-34 4.14075e-33 -1 -5.77779e-34 4.14075e-33 -1 -5.77779e-34 4.14075e-33 -1 -5.77779e-34 4.14075e-33 -1 -5.77779e-34 4.14075e-33 -1 -5.77779e-34 4.14075e-33 -1 -5.77779e-34 4.14075e-33 -1 -5.77779e-34 4.14075e-33 -1 -5.77779e-34 4.14075e-33 -1 -5.77779e-34 4.14075e-33 -1 -5.77779e-34 4.14075e-33 -1 -5.77779e-34 4.14075e-33 -1 -5.77779e-34 4.14075e-33 -1 -5.77779e-34 4.14075e-33 -1 -5.77779e-34 4.14075e-33 -1 -5.77779e-34 4.14075e-33 -1 -5.77779e-34 4.14075e-33 -1 -5.77779e-34 4.14075e-33 -1 -5.77779e-34 4.14075e-33 -1 -5.77779e-34 4.14075e-33 -1 -5.77779e-34 4.14075e-33 -1 -5.77779e-34 4.14075e-33 -1 -5.77779e-34 4.14075e-33 -1 -5.77779e-34 4.14075e-33 -1 -5.77779e-34 4.14075e-33 -1 -5.77779e-34 4.14075e-33 -1 -5.77779e-34 4.14075e-33 -1 -5.77779e-34 4.14075e-33 -1 -5.77779e-34 4.14075e-33 -1 -5.77779e-34 4.14075e-33 -1 -5.77779e-34 4.14075e-33 -1 -5.77779e-34 4.14075e-33 -1 -5.77779e-34 4.14075e-33 -1 -5.77779e-34 4.14075e-33 -1 -5.77779e-34 4.14075e-33 -1 -5.77779e-34 4.14075e-33 -1 -5.77779e-34 4.14075e-33 -1 -5.77779e-34 4.14075e-33 -1 -5.77779e-34 4.14075e-33 -1 -5.77779e-34 4.14075e-33 -1 -5.77779e-34 4.14075e-33 -1 -5.77779e-34 4.14075e-33 -1 -5.77779e-34 4.14075e-33 -1 -5.77779e-34 4.14075e-33 -1 -5.77779e-34 4.14075e-33 -1 -5.77779e-34 4.14075e-33 -1 -5.77779e-34 4.14075e-33 -1 -5.77779e-34 4.14075e-33 -1 -5.77779e-34 4.14075e-33 -1 -5.77779e-34 4.14075e-33 -1 -5.77779e-34 4.14075e-33 -1 -5.77779e-34 4.14075e-33 -1 -5.77779e-34 4.14075e-33 -1 -5.77779e-34 4.14075e-33 -1 -5.77779e-34 4.14075e-33 -1 -5.77779e-34 4.14075e-33 -1 -5.77779e-34 4.14075e-33 -1 -5.77779e-34 4.14075e-33 -1 -5.77779e-34 4.14075e-33 -1 -5.77779e-34 4.14075e-33 -1 -5.77779e-34 4.14075e-33 -1 -5.77779e-34 4.14075e-33 -1 -5.77779e-34 4.14075e-33 -1 -5.77779e-34 4.14075e-33 -1 -5.77779e-34 4.14075e-33 -1 -5.77779e-34 4.14075e-33 -1 -5.77779e-34 4.14075e-33 -1 -5.77779e-34 4.14075e-33 -1 -5.77779e-34 4.14075e-33 -1 -5.77779e-34 4.14075e-33 -1 -5.77779e-34 4.14075e-33 -1 -5.77779e-34 4.14075e-33 -1 -5.77779e-34 4.14075e-33 -1 -5.77779e-34 4.14075e-33 -1 -5.77779e-34 4.14075e-33 -1 -5.77779e-34 4.14075e-33 -1 -5.77779e-34 4.14075e-33 -1 -5.77779e-34 4.14075e-33 -1 -5.77779e-34 4.14075e-33 -1 -5.77779e-34 4.14075e-33 -1 -5.77779e-34 4.14075e-33 -1 -5.77779e-34 4.14075e-33 -1 -5.77779e-34 4.14075e-33 -1 -5.77779e-34 4.14075e-33 -1 -5.77779e-34 4.14075e-33 -1 -5.77779e-34 4.14075e-33 -1 -5.77779e-34 4.14075e-33 -1 -5.77779e-34 4.14075e-33 -1 -5.77779e-34 4.14075e-33 -1 -5.77779e-34 4.14075e-33 -1 -5.77779e-34 4.14075e-33 -1 -5.77779e-34 4.14075e-33 -1 -5.77779e-34 4.14075e-33 -1 -5.77779e-34 4.14075e-33 -1 -5.77779e-34 4.14075e-33 -1 -5.77779e-34 4.14075e-33 -1 -5.77779e-34 4.14075e-33 -1 -5.77779e-34 4.14075e-33 -1 -5.77779e-34 4.14075e-33 -1 -5.77779e-34 4.14075e-33 -1 -5.77779e-34 4.14075e-33 -1 -5.77779e-34 4.14075e-33 -1 -5.77779e-34 4.14075e-33 -1 -5.77779e-34 4.14075e-33 -1 -5.77779e-34 4.14075e-33 -1 -5.77779e-34 4.14075e-33 -1 -5.77779e-34 4.14075e-33 -1 -5.77779e-34 4.14075e-33 -1 -5.77779e-34 4.14075e-33 -1 -5.77779e-34 4.14075e-33 -1 -5.77779e-34 4.14075e-33 -1 -5.77779e-34 4.14075e-33 -1 -5.77779e-34 4.14075e-33 -1 -5.77779e-34 4.14075e-33 -1 -5.77779e-34 4.14075e-33 -1 -5.77779e-34 4.14075e-33 -1 -5.77779e-34 4.14075e-33 -1 -5.77779e-34 4.14075e-33 -1 -5.77779e-34 4.14075e-33 -1 -5.77779e-34 4.14075e-33 -1 -5.77779e-34 4.14075e-33 -1 -5.77779e-34 4.14075e-33 -1 -5.77779e-34 4.14075e-33 -1 -5.77779e-34 4.14075e-33 -1 -5.77779e-34 4.14075e-33 -1 -5.77779e-34 4.14075e-33 -1 -5.77779e-34 4.14075e-33 -1 -5.77779e-34 4.14075e-33 -1 -5.77779e-34 4.14075e-33 -1 -5.77779e-34 4.14075e-33 -1 -5.77779e-34 4.14075e-33 -1 -5.77779e-34 4.14075e-33 -1 -5.77779e-34 4.14075e-33 -1 -5.77779e-34 4.14075e-33 -1 -5.77779e-34 4.14075e-33 -1 -5.77779e-34 4.14075e-33 -1 -5.77779e-34 4.14075e-33 -1 -5.77779e-34 4.14075e-33 -1 -5.77779e-34 4.14075e-33 -1 -5.77779e-34 4.14075e-33 -1 -5.77779e-34 4.14075e-33 -1 -5.77779e-34 4.14075e-33 -1 -5.77779e-34 4.14075e-33 -1 -5.77779e-34 4.14075e-33 -1 -5.77779e-34 4.14075e-33 -1 -5.77779e-34 4.14075e-33 -1 -5.77779e-34 4.14075e-33 -1 -5.77779e-34 4.14075e-33 -1 -5.77779e-34 4.14075e-33 -1 -5.77779e-34 4.14075e-33 -1 -5.77779e-34 4.14075e-33 -1 -5.77779e-34 4.14075e-33 -1 -5.77779e-34 4.14075e-33 -1 -5.77779e-34 4.14075e-33 -1 -5.77779e-34 4.14075e-33 -1 -5.77779e-34 4.14075e-33 -1 -5.77779e-34 4.14075e-33 -1 -5.77779e-34 4.14075e-33 -1 -5.77779e-34 4.14075e-33 -1 -5.77779e-34 4.14075e-33 -1 -5.77779e-34 4.14075e-33 -1 -5.77779e-34 4.14075e-33 -1 -5.77779e-34 4.14075e-33 -1 -5.77779e-34 4.14075e-33 -1 -5.77779e-34 4.14075e-33 -1 -5.77779e-34 4.14075e-33 -1 -5.77779e-34 4.14075e-33 -1 -5.77779e-34 4.14075e-33 -1 -5.77779e-34 4.14075e-33 -1 -5.77779e-34 4.14075e-33 -1 -5.77779e-34 4.14075e-33 -1 -5.77779e-34 4.14075e-33 -1 -5.77779e-34 0 5.77779e-34 -1 0 5.77779e-34 -1 0 5.77779e-34 -1 0 5.77779e-34 -1 0 5.77779e-34 -1 0 5.77779e-34 -1 0 5.77779e-34 -1 0 5.77779e-34 -1 0 5.77779e-34 -1 0 5.77779e-34 -1 0 5.77779e-34 -1 0 5.77779e-34 -1 0 5.77779e-34 -1 0 5.77779e-34 -1 0 5.77779e-34 -1 0 5.77779e-34 -1 0 5.77779e-34 -1 0 5.77779e-34 -1 0 5.77779e-34 -1 0 5.77779e-34 -1 0 5.77779e-34 -1 0 5.77779e-34 -1 0 5.77779e-34 -1 0 5.77779e-34 -1 0 5.77779e-34 -1 0 5.77779e-34 -1 0 5.77779e-34 -1 0 5.77779e-34 -1 0 5.77779e-34 -1 0 5.77779e-34 -1 0 5.77779e-34 -1 0 5.77779e-34 -1 0 5.77779e-34 -1 0 5.77779e-34 -1 0 5.77779e-34 -1 0 5.77779e-34 -1 0 5.77779e-34 -1 0 5.77779e-34 -1 0 5.77779e-34 -1 0 5.77779e-34 -1 0 5.77779e-34 -1 0 5.77779e-34 -1 0 5.77779e-34 -1 0 5.77779e-34 -1 0 5.77779e-34 -1 0 5.77779e-34 -1 0 5.77779e-34 -1 4.14075e-33 -1 -5.77779e-34 4.14075e-33 -1 -5.77779e-34 4.14075e-33 -1 -5.77779e-34 4.14075e-33 -1 -5.77779e-34 4.14075e-33 -1 -5.77779e-34 4.14075e-33 -1 -5.77779e-34 4.14075e-33 -1 -5.77779e-34 4.14075e-33 -1 -5.77779e-34 4.14075e-33 -1 -5.77779e-34 4.14075e-33 -1 -5.77779e-34 4.14075e-33 -1 -5.77779e-34 4.14075e-33 -1 -5.77779e-34 4.14075e-33 -1 -5.77779e-34 4.14075e-33 -1 -5.77779e-34 4.14075e-33 -1 -5.77779e-34 4.14075e-33 -1 -5.77779e-34 4.14075e-33 -1 -5.77779e-34 4.14075e-33 -1 -5.77779e-34 4.14075e-33 -1 -5.77779e-34 4.14075e-33 -1 -5.77779e-34 4.14075e-33 -1 -5.77779e-34 4.14075e-33 -1 -5.77779e-34 4.14075e-33 -1 -5.77779e-34 4.14075e-33 -1 -5.77779e-34 4.14075e-33 -1 -5.77779e-34 4.14075e-33 -1 -5.77779e-34 4.14075e-33 -1 -5.77779e-34 4.14075e-33 -1 -5.77779e-34 4.14075e-33 -1 -5.77779e-34 4.14075e-33 -1 -5.77779e-34 4.14075e-33 -1 -5.77779e-34 4.14075e-33 -1 -5.77779e-34 4.14075e-33 -1 -5.77779e-34 4.14075e-33 -1 -5.77779e-34 4.14075e-33 -1 -5.77779e-34 4.14075e-33 -1 -5.77779e-34 4.14075e-33 -1 -5.77779e-34 0.352733 -0.891061 0.285638 0.242902 -0.949899 0.196698 0.240158 -0.951054 0.194476 5.40392e-08 -1 4.37601e-08 0.1215 -0.987703 0.0983891 0.00436518 -0.999984 0.00353486 0.549519 -0.707114 0.444992 0.628887 -0.587496 0.509263 0.550811 -0.705449 0.446038 0.458517 -0.807403 0.3713 0.35514 -0.889477 0.287586 0.456897 -0.808922 0.369988 0.73924 -0.308499 0.598625 0.739336 -0.308118 0.598703 0.692928 -0.452763 0.561122 0.629566 -0.586292 0.509813 0.692497 -0.453853 0.560773 0.767612 -0.156154 0.6216 0.767632 -0.155996 0.621616 0.777146 -5.96244e-09 0.62932 0.777146 -5.96244e-09 0.62932 0.125077 -0.986964 0.101286 5.40392e-08 -1 4.37601e-08 -0.698497 -0.155578 -0.698497 -0.707107 -5.96244e-09 -0.707107 -0.698393 -0.156506 -0.698393 -0.57184 -0.588216 -0.57184 -0.573087 -0.585784 -0.573087 -0.629966 -0.454186 -0.629966 -0.672436 -0.309289 -0.672436 -0.630642 -0.452307 -0.630642 -0.672846 -0.307501 -0.672846 -0.323454 -0.889244 -0.323454 -0.41521 -0.809445 -0.41521 -0.320708 -0.891231 -0.320708 -0.501428 -0.705081 -0.501428 -0.499815 -0.707368 -0.499815 -0.417551 -0.807033 -0.417551 -0.114101 -0.986895 -0.114101 -0.217956 -0.95131 -0.217956 -0.110301 -0.987759 -0.110301 -0.221445 -0.949697 -0.221445 -4.9169e-08 -1 -4.9169e-08 -0.00397178 -0.999984 -0.00397178 -4.9169e-08 -1 -4.9169e-08 -0.707107 -5.96244e-09 -0.707107 0.404413 -0.891061 0.206059 0.27849 -0.949899 0.141898 0.275344 -0.951054 0.140295 6.19565e-08 -1 3.15684e-08 0.139302 -0.987703 0.0709777 0.00500473 -0.999984 0.00255004 0.63003 -0.707114 0.321016 0.721026 -0.587496 0.367381 0.631511 -0.705449 0.321771 0.525695 -0.807403 0.267855 0.407172 -0.889477 0.207464 0.523837 -0.808922 0.266908 0.847547 -0.308499 0.431847 0.847657 -0.308118 0.431903 0.794449 -0.452763 0.404792 0.721804 -0.586292 0.367778 0.793955 -0.453853 0.40454 0.880076 -0.156154 0.448421 0.880099 -0.155996 0.448433 0.891007 -5.96244e-09 0.45399 0.891007 -5.96244e-09 0.45399 0.143402 -0.986964 0.0730672 6.19565e-08 -1 3.15684e-08 -0.828459 -0.155578 -0.538007 -0.838671 -5.96244e-09 -0.544639 -0.828336 -0.156506 -0.537928 -0.678236 -0.588216 -0.440452 -0.679715 -0.585784 -0.441412 -0.747178 -0.454186 -0.485223 -0.797549 -0.309289 -0.517934 -0.747979 -0.452307 -0.485743 -0.798035 -0.307501 -0.51825 -0.383636 -0.889244 -0.249136 -0.492463 -0.809445 -0.319809 -0.380379 -0.891231 -0.247021 -0.594724 -0.705081 -0.386218 -0.59281 -0.707368 -0.384976 -0.49524 -0.807033 -0.321613 -0.135331 -0.986895 -0.0878848 -0.258509 -0.95131 -0.167878 -0.130824 -0.987759 -0.0849579 -0.262647 -0.949697 -0.170565 -5.83173e-08 -1 -3.78717e-08 -0.00471077 -0.999984 -0.00305921 -5.83173e-08 -1 -3.78717e-08 -0.838671 -5.96244e-09 -0.544639 0.438417 -0.891061 0.117474 0.301906 -0.949899 0.0808956 0.298496 -0.951054 0.0799818 6.71661e-08 -1 1.79971e-08 0.151015 -0.987703 0.0404642 0.00542555 -0.999984 0.00145377 0.683006 -0.707114 0.183011 0.781653 -0.587496 0.209443 0.684611 -0.705449 0.183441 0.569897 -0.807403 0.152703 0.441408 -0.889477 0.118275 0.567883 -0.808922 0.152164 0.918812 -0.308499 0.246195 0.918932 -0.308118 0.246227 0.86125 -0.452763 0.230771 0.782497 -0.586292 0.209669 0.860714 -0.453853 0.230628 0.954077 -0.156154 0.255644 0.954101 -0.155996 0.25565 0.965926 -5.96245e-09 0.258819 0.965926 -5.96245e-09 0.258819 0.15546 -0.986964 0.0416555 6.71661e-08 -1 1.79971e-08 -0.922213 -0.155578 -0.354004 -0.93358 -5.96245e-09 -0.358368 -0.922076 -0.156506 -0.353952 -0.75499 -0.588216 -0.289814 -0.756636 -0.585784 -0.290445 -0.831733 -0.454186 -0.319273 -0.887805 -0.309289 -0.340797 -0.832625 -0.452307 -0.319615 -0.888346 -0.307501 -0.341004 -0.427051 -0.889244 -0.163929 -0.548194 -0.809445 -0.210432 -0.423425 -0.891231 -0.162538 -0.662027 -0.705081 -0.254128 -0.659897 -0.707368 -0.253311 -0.551285 -0.807033 -0.211618 -0.150646 -0.986895 -0.0578275 -0.287764 -0.95131 -0.110462 -0.145629 -0.987759 -0.0559016 -0.292369 -0.949697 -0.11223 -6.49169e-08 -1 -2.49193e-08 -0.00524387 -0.999984 -0.00201293 -6.49169e-08 -1 -2.49193e-08 -0.93358 -5.96245e-09 -0.358368 0.423736 -0.891061 -0.162657 0.291797 -0.949899 -0.11201 0.288501 -0.951054 -0.110745 6.49169e-08 -1 -2.49193e-08 0.145958 -0.987703 -0.0560279 0.00524387 -0.999984 -0.00201293 0.660134 -0.707114 -0.253402 0.755478 -0.587496 -0.290001 0.661685 -0.705449 -0.253997 0.550813 -0.807403 -0.211437 0.426627 -0.889477 -0.163767 0.548867 -0.808922 -0.21069 0.888045 -0.308499 -0.340888 0.88816 -0.308118 -0.340933 0.832409 -0.452763 -0.319532 0.756294 -0.586292 -0.290314 0.831892 -0.453853 -0.319333 0.922128 -0.156154 -0.353972 0.922151 -0.155996 -0.353981 0.93358 -5.96244e-09 -0.358368 0.93358 -5.96244e-09 -0.358368 0.150254 -0.986964 -0.0576773 6.49169e-08 -1 -2.49193e-08 -0.954164 -0.155578 0.255668 -0.965926 -5.96244e-09 0.258819 -0.954023 -0.156506 0.25563 -0.781148 -0.588216 0.209308 -0.782851 -0.585784 0.209764 -0.86055 -0.454186 0.230584 -0.918565 -0.309289 0.246129 -0.861473 -0.452307 0.230831 -0.919124 -0.307501 0.246279 -0.441847 -0.889244 0.118392 -0.567187 -0.809445 0.151977 -0.438095 -0.891231 0.117387 -0.684964 -0.705081 0.183536 -0.68276 -0.707368 0.182945 -0.570385 -0.807033 0.152834 -0.155865 -0.986895 0.0417639 -0.297734 -0.95131 0.0797776 -0.150674 -0.987759 0.040373 -0.302499 -0.949697 0.0810544 -6.71661e-08 -1 1.79971e-08 -0.00542555 -0.999984 0.00145377 -6.71661e-08 -1 1.79971e-08 -0.965926 -5.96244e-09 0.258819 0.380658 -0.891061 -0.247202 0.262132 -0.949899 -0.17023 0.259171 -0.951054 -0.168308 5.83173e-08 -1 -3.78717e-08 0.131119 -0.987703 -0.0851499 0.00471077 -0.999984 -0.00305921 0.593024 -0.707114 -0.385114 0.678675 -0.587496 -0.440737 0.594417 -0.705449 -0.386019 0.494816 -0.807403 -0.321338 0.383255 -0.889477 -0.248889 0.493068 -0.808922 -0.320202 0.797764 -0.308499 -0.518074 0.797868 -0.308118 -0.518141 0.747785 -0.452763 -0.485617 0.679407 -0.586292 -0.441212 0.74732 -0.453853 -0.485315 0.828382 -0.156154 -0.537958 0.828403 -0.155996 -0.537971 0.838671 -5.96245e-09 -0.544639 0.838671 -5.96245e-09 -0.544639 0.134979 -0.986964 -0.0876566 5.83173e-08 -1 -3.78717e-08 -0.880157 -0.155578 0.448463 -0.891007 -5.96244e-09 0.45399 -0.880027 -0.156506 0.448396 -0.720561 -0.588216 0.367144 -0.722131 -0.585784 0.367944 -0.793804 -0.454186 0.404463 -0.847319 -0.309289 0.431731 -0.794655 -0.452307 0.404897 -0.847835 -0.307501 0.431994 -0.407576 -0.889244 0.20767 -0.523195 -0.809445 0.266581 -0.404116 -0.891231 0.205907 -0.631837 -0.705081 0.321937 -0.629804 -0.707368 0.320901 -0.526145 -0.807033 0.268084 -0.143776 -0.986895 0.0732575 -0.274641 -0.95131 0.139937 -0.138987 -0.987759 0.0708176 -0.279037 -0.949697 0.142176 -6.19565e-08 -1 3.15684e-08 -0.00500473 -0.999984 0.00255004 -6.19565e-08 -1 3.15684e-08 -0.891007 -5.96244e-09 0.45399 0.320944 -0.891061 -0.320944 0.221011 -0.949899 -0.221011 0.218514 -0.951054 -0.218514 4.9169e-08 -1 -4.9169e-08 0.11055 -0.987703 -0.11055 0.00397178 -0.999984 -0.00397178 0.499995 -0.707114 -0.499995 0.57221 -0.587496 -0.57221 0.50117 -0.705449 -0.50117 0.417194 -0.807403 -0.417194 0.323133 -0.889477 -0.323133 0.415719 -0.808922 -0.415719 0.672617 -0.308499 -0.672617 0.672705 -0.308118 -0.672705 0.630478 -0.452763 -0.630478 0.572827 -0.586292 -0.572827 0.630086 -0.453853 -0.630086 0.698433 -0.156154 -0.698433 0.69845 -0.155996 -0.69845 0.707107 -5.96245e-09 -0.707107 0.707107 -5.96245e-09 -0.707107 0.113805 -0.986964 -0.113805 4.9169e-08 -1 -4.9169e-08 -0.767683 -0.155578 0.621657 -0.777146 -5.96244e-09 0.62932 -0.767569 -0.156506 0.621565 -0.628481 -0.588216 0.508934 -0.629851 -0.585784 0.510043 -0.692365 -0.454186 0.560666 -0.739041 -0.309289 0.598464 -0.693107 -0.452307 0.561267 -0.739491 -0.307501 0.598828 -0.355493 -0.889244 0.287872 -0.456336 -0.809445 0.369534 -0.352474 -0.891231 0.285428 -0.551095 -0.705081 0.446268 -0.549322 -0.707368 0.444832 -0.458909 -0.807033 0.371618 -0.125403 -0.986895 0.101549 -0.239545 -0.95131 0.19398 -0.121226 -0.987759 0.0981672 -0.243379 -0.949697 0.197084 -5.40392e-08 -1 4.37601e-08 -0.00436518 -0.999984 0.00353486 -5.40392e-08 -1 4.37601e-08 -0.777146 -5.96244e-09 0.62932 0.0710029 -0.891061 -0.448295 0.0488946 -0.949899 -0.308708 0.0483423 -0.951054 -0.305221 1.08777e-08 -1 -6.86794e-08 0.0244572 -0.987703 -0.154417 0.000878684 -0.999984 -0.00554779 0.110615 -0.707114 -0.698394 0.126591 -0.587496 -0.799264 0.110875 -0.705449 -0.700035 0.0922965 -0.807403 -0.582737 0.0714873 -0.889477 -0.451353 0.0919703 -0.808922 -0.580678 0.148804 -0.308499 -0.939513 0.148824 -0.308118 -0.939636 0.139482 -0.452763 -0.880654 0.126728 -0.586292 -0.800126 0.139395 -0.453853 -0.880106 0.154515 -0.156154 -0.975572 0.154519 -0.155996 -0.975597 0.156434 -5.96245e-09 -0.987688 0.156434 -5.96245e-09 -0.987688 0.0251772 -0.986964 -0.158963 1.08777e-08 -1 -6.86794e-08 -0.255668 -0.155578 0.954164 -0.258819 -5.96244e-09 0.965926 -0.25563 -0.156506 0.954023 -0.209308 -0.588216 0.781148 -0.209764 -0.585784 0.782851 -0.230584 -0.454186 0.86055 -0.246129 -0.309289 0.918565 -0.230831 -0.452307 0.861473 -0.246279 -0.307501 0.919124 -0.118392 -0.889244 0.441847 -0.151977 -0.809445 0.567187 -0.117387 -0.891231 0.438095 -0.183536 -0.705081 0.684964 -0.182945 -0.707368 0.68276 -0.152834 -0.807033 0.570385 -0.0417639 -0.986895 0.155865 -0.0797776 -0.95131 0.297734 -0.040373 -0.987759 0.150674 -0.0810544 -0.949697 0.302499 -1.79971e-08 -1 6.71661e-08 -0.00145377 -0.999984 0.00542555 -1.79971e-08 -1 6.71661e-08 -0.258819 -5.96244e-09 0.965926 -0.117474 -0.891061 -0.438417 -0.0808956 -0.949899 -0.301906 -0.0799818 -0.951054 -0.298496 -1.79971e-08 -1 -6.71661e-08 -0.0404642 -0.987703 -0.151015 -0.00145377 -0.999984 -0.00542555 -0.183011 -0.707114 -0.683006 -0.209443 -0.587496 -0.781653 -0.183441 -0.705449 -0.684611 -0.152703 -0.807403 -0.569897 -0.118275 -0.889477 -0.441408 -0.152164 -0.808922 -0.567883 -0.246195 -0.308499 -0.918812 -0.246227 -0.308118 -0.918932 -0.230771 -0.452763 -0.86125 -0.209669 -0.586292 -0.782497 -0.230628 -0.453853 -0.860714 -0.255644 -0.156154 -0.954077 -0.25565 -0.155996 -0.954101 -0.258819 -5.96244e-09 -0.965926 -0.258819 -5.96244e-09 -0.965926 -0.0416555 -0.986964 -0.15546 -1.79971e-08 -1 -6.71661e-08 0.15453 -0.155578 0.975662 0.156434 -5.96244e-09 0.987688 0.154507 -0.156506 0.975517 0.126509 -0.588216 0.798748 0.126785 -0.585784 0.800489 0.139369 -0.454186 0.879938 0.148764 -0.309289 0.93926 0.139518 -0.452307 0.880882 0.148855 -0.307501 0.939833 0.0715583 -0.889244 0.451802 0.0918576 -0.809445 0.579966 0.0709508 -0.891231 0.447966 0.110932 -0.705081 0.700396 0.110575 -0.707368 0.698143 0.0923755 -0.807033 0.583236 0.0252428 -0.986895 0.159377 0.0482189 -0.95131 0.304442 0.0244021 -0.987759 0.154069 0.0489906 -0.949697 0.309314 1.08777e-08 -1 6.86794e-08 0.000878684 -0.999984 0.00554779 1.08777e-08 -1 6.86794e-08 0.156434 -5.96244e-09 0.987688 -0.206059 -0.891061 -0.404413 -0.141898 -0.949899 -0.27849 -0.140295 -0.951054 -0.275344 -3.15684e-08 -1 -6.19565e-08 -0.0709777 -0.987703 -0.139302 -0.00255004 -0.999984 -0.00500473 -0.321016 -0.707114 -0.63003 -0.367381 -0.587496 -0.721026 -0.321771 -0.705449 -0.631511 -0.267855 -0.807403 -0.525695 -0.207464 -0.889477 -0.407172 -0.266908 -0.808922 -0.523837 -0.431847 -0.308499 -0.847547 -0.431903 -0.308118 -0.847657 -0.404792 -0.452763 -0.794449 -0.367778 -0.586292 -0.721804 -0.40454 -0.453853 -0.793955 -0.448421 -0.156154 -0.880076 -0.448433 -0.155996 -0.880099 -0.45399 -5.96244e-09 -0.891007 -0.45399 -5.96244e-09 -0.891007 -0.0730672 -0.986964 -0.143402 -3.15684e-08 -1 -6.19565e-08 0.354004 -0.155578 0.922213 0.358368 -5.96244e-09 0.93358 0.353952 -0.156506 0.922076 0.289814 -0.588216 0.75499 0.290445 -0.585784 0.756636 0.319273 -0.454186 0.831733 0.340797 -0.309289 0.887805 0.319615 -0.452307 0.832625 0.341004 -0.307501 0.888346 0.163929 -0.889244 0.427051 0.210432 -0.809445 0.548194 0.162538 -0.891231 0.423425 0.254128 -0.705081 0.662027 0.253311 -0.707368 0.659897 0.211618 -0.807033 0.551285 0.0578275 -0.986895 0.150646 0.110462 -0.95131 0.287764 0.0559016 -0.987759 0.145629 0.11223 -0.949697 0.292369 2.49193e-08 -1 6.49169e-08 0.00201293 -0.999984 0.00524387 2.49193e-08 -1 6.49169e-08 0.358368 -5.96244e-09 0.93358 -0.285638 -0.891061 -0.352733 -0.196698 -0.949899 -0.242902 -0.194476 -0.951054 -0.240158 -4.37601e-08 -1 -5.40392e-08 -0.0983891 -0.987703 -0.1215 -0.00353486 -0.999984 -0.00436518 -0.444992 -0.707114 -0.549519 -0.509263 -0.587496 -0.628887 -0.446038 -0.705449 -0.550811 -0.3713 -0.807403 -0.458517 -0.287586 -0.889477 -0.35514 -0.369988 -0.808922 -0.456897 -0.598625 -0.308499 -0.73924 -0.598703 -0.308118 -0.739336 -0.561122 -0.452763 -0.692928 -0.509813 -0.586292 -0.629566 -0.560773 -0.453853 -0.692497 -0.6216 -0.156154 -0.767612 -0.621616 -0.155996 -0.767632 -0.62932 -5.96245e-09 -0.777146 -0.62932 -5.96245e-09 -0.777146 -0.101286 -0.986964 -0.125077 -4.37601e-08 -1 -5.40392e-08 0.538007 -0.155578 0.828459 0.544639 -5.96245e-09 0.838671 0.537928 -0.156506 0.828336 0.440452 -0.588216 0.678236 0.441412 -0.585784 0.679715 0.485223 -0.454186 0.747178 0.517934 -0.309289 0.797549 0.485743 -0.452307 0.747979 0.51825 -0.307501 0.798035 0.249136 -0.889244 0.383636 0.319809 -0.809445 0.492463 0.247021 -0.891231 0.380379 0.386218 -0.705081 0.594724 0.384976 -0.707368 0.59281 0.321613 -0.807033 0.49524 0.0878848 -0.986895 0.135331 0.167878 -0.95131 0.258509 0.0849579 -0.987759 0.130824 0.170565 -0.949697 0.262647 3.78717e-08 -1 5.83173e-08 0.00305921 -0.999984 0.00471077 3.78717e-08 -1 5.83173e-08 0.544639 -5.96245e-09 0.838671 -0.352733 -0.891061 -0.285638 -0.242902 -0.949899 -0.196698 -0.240158 -0.951054 -0.194476 -5.40392e-08 -1 -4.37601e-08 -0.1215 -0.987703 -0.0983891 -0.00436518 -0.999984 -0.00353486 -0.549519 -0.707114 -0.444992 -0.628887 -0.587496 -0.509263 -0.550811 -0.705449 -0.446038 -0.458517 -0.807403 -0.3713 -0.35514 -0.889477 -0.287586 -0.456897 -0.808922 -0.369988 -0.73924 -0.308499 -0.598625 -0.739336 -0.308118 -0.598703 -0.692928 -0.452763 -0.561122 -0.629566 -0.586292 -0.509813 -0.692497 -0.453853 -0.560773 -0.767612 -0.156154 -0.6216 -0.767632 -0.155996 -0.621616 -0.777146 -5.96244e-09 -0.62932 -0.777146 -5.96244e-09 -0.62932 -0.125077 -0.986964 -0.101286 -5.40392e-08 -1 -4.37601e-08 0.698497 -0.155578 0.698497 0.707107 -5.96244e-09 0.707107 0.698393 -0.156506 0.698393 0.57184 -0.588216 0.57184 0.573087 -0.585784 0.573087 0.629966 -0.454186 0.629966 0.672436 -0.309289 0.672436 0.630642 -0.452307 0.630642 0.672846 -0.307501 0.672846 0.323454 -0.889244 0.323454 0.41521 -0.809445 0.41521 0.320708 -0.891231 0.320708 0.501428 -0.705081 0.501428 0.499815 -0.707368 0.499815 0.417551 -0.807033 0.417551 0.114101 -0.986895 0.114101 0.217956 -0.95131 0.217956 0.110301 -0.987759 0.110301 0.221445 -0.949697 0.221445 4.9169e-08 -1 4.9169e-08 0.00397178 -0.999984 0.00397178 4.9169e-08 -1 4.9169e-08 0.707107 -5.96244e-09 0.707107 -0.404413 -0.891061 -0.206059 -0.27849 -0.949899 -0.141898 -0.275344 -0.951054 -0.140295 -6.19565e-08 -1 -3.15684e-08 -0.139302 -0.987703 -0.0709777 -0.00500473 -0.999984 -0.00255004 -0.63003 -0.707114 -0.321016 -0.721026 -0.587496 -0.367381 -0.631511 -0.705449 -0.321771 -0.525695 -0.807403 -0.267855 -0.407172 -0.889477 -0.207464 -0.523837 -0.808922 -0.266908 -0.847547 -0.308499 -0.431847 -0.847657 -0.308118 -0.431903 -0.794449 -0.452763 -0.404792 -0.721804 -0.586292 -0.367778 -0.793955 -0.453853 -0.40454 -0.880076 -0.156154 -0.448421 -0.880099 -0.155996 -0.448433 -0.891007 -5.96244e-09 -0.45399 -0.891007 -5.96244e-09 -0.45399 -0.143402 -0.986964 -0.0730672 -6.19565e-08 -1 -3.15684e-08 0.828459 -0.155578 0.538007 0.838671 -5.96244e-09 0.544639 0.828336 -0.156506 0.537928 0.678236 -0.588216 0.440452 0.679715 -0.585784 0.441412 0.747178 -0.454186 0.485223 0.797549 -0.309289 0.517934 0.747979 -0.452307 0.485743 0.798035 -0.307501 0.51825 0.383636 -0.889244 0.249136 0.492463 -0.809445 0.319809 0.380379 -0.891231 0.247021 0.594724 -0.705081 0.386218 0.59281 -0.707368 0.384976 0.49524 -0.807033 0.321613 0.135331 -0.986895 0.0878848 0.258509 -0.95131 0.167878 0.130824 -0.987759 0.0849579 0.262647 -0.949697 0.170565 5.83173e-08 -1 3.78717e-08 0.00471077 -0.999984 0.00305921 5.83173e-08 -1 3.78717e-08 0.838671 -5.96244e-09 0.544639 -0.438417 -0.891061 -0.117474 -0.301906 -0.949899 -0.0808956 -0.298496 -0.951054 -0.0799818 -6.71661e-08 -1 -1.79971e-08 -0.151015 -0.987703 -0.0404642 -0.00542555 -0.999984 -0.00145377 -0.683006 -0.707114 -0.183011 -0.781653 -0.587496 -0.209443 -0.684611 -0.705449 -0.183441 -0.569897 -0.807403 -0.152703 -0.441408 -0.889477 -0.118275 -0.567883 -0.808922 -0.152164 -0.918812 -0.308499 -0.246195 -0.918932 -0.308118 -0.246227 -0.86125 -0.452763 -0.230771 -0.782497 -0.586292 -0.209669 -0.860714 -0.453853 -0.230628 -0.954077 -0.156154 -0.255644 -0.954101 -0.155996 -0.25565 -0.965926 -5.96244e-09 -0.258819 -0.965926 -5.96244e-09 -0.258819 -0.15546 -0.986964 -0.0416555 -6.71661e-08 -1 -1.79971e-08 0.922213 -0.155578 0.354004 0.93358 -5.96245e-09 0.358368 0.922076 -0.156506 0.353952 0.75499 -0.588216 0.289814 0.756636 -0.585784 0.290445 0.831733 -0.454186 0.319273 0.887805 -0.309289 0.340797 0.832625 -0.452307 0.319615 0.888346 -0.307501 0.341004 0.427051 -0.889244 0.163929 0.548194 -0.809445 0.210432 0.423425 -0.891231 0.162538 0.662027 -0.705081 0.254128 0.659897 -0.707368 0.253311 0.551285 -0.807033 0.211618 0.150646 -0.986895 0.0578275 0.287764 -0.95131 0.110462 0.145629 -0.987759 0.0559016 0.292369 -0.949697 0.11223 6.49169e-08 -1 2.49193e-08 0.00524387 -0.999984 0.00201293 6.49169e-08 -1 2.49193e-08 0.93358 -5.96245e-09 0.358368 -0.423736 -0.891061 0.162657 -0.291797 -0.949899 0.11201 -0.288501 -0.951054 0.110745 -6.49169e-08 -1 2.49193e-08 -0.145958 -0.987703 0.0560279 -0.00524387 -0.999984 0.00201293 -0.660134 -0.707114 0.253402 -0.755478 -0.587496 0.290001 -0.661685 -0.705449 0.253997 -0.550813 -0.807403 0.211437 -0.426627 -0.889477 0.163767 -0.548867 -0.808922 0.21069 -0.888045 -0.308499 0.340888 -0.88816 -0.308118 0.340933 -0.832409 -0.452763 0.319532 -0.756294 -0.586292 0.290314 -0.831892 -0.453853 0.319333 -0.922128 -0.156154 0.353972 -0.922151 -0.155996 0.353981 -0.93358 -5.96244e-09 0.358368 -0.93358 -5.96244e-09 0.358368 -0.150254 -0.986964 0.0576773 -6.49169e-08 -1 2.49193e-08 0.954164 -0.155578 -0.255668 0.965926 -5.96244e-09 -0.258819 0.954023 -0.156506 -0.25563 0.781148 -0.588216 -0.209308 0.782851 -0.585784 -0.209764 0.86055 -0.454186 -0.230584 0.918565 -0.309289 -0.246129 0.861473 -0.452307 -0.230831 0.919124 -0.307501 -0.246279 0.441847 -0.889244 -0.118392 0.567187 -0.809445 -0.151977 0.438095 -0.891231 -0.117387 0.684964 -0.705081 -0.183536 0.68276 -0.707368 -0.182945 0.570385 -0.807033 -0.152834 0.155865 -0.986895 -0.0417639 0.297734 -0.95131 -0.0797776 0.150674 -0.987759 -0.040373 0.302499 -0.949697 -0.0810544 6.71661e-08 -1 -1.79971e-08 0.00542555 -0.999984 -0.00145377 6.71661e-08 -1 -1.79971e-08 0.965926 -5.96244e-09 -0.258819 -0.380658 -0.891061 0.247202 -0.262132 -0.949899 0.17023 -0.259171 -0.951054 0.168308 -5.83173e-08 -1 3.78717e-08 -0.131119 -0.987703 0.0851499 -0.00471077 -0.999984 0.00305921 -0.593024 -0.707114 0.385114 -0.678675 -0.587496 0.440737 -0.594417 -0.705449 0.386019 -0.494816 -0.807403 0.321338 -0.383255 -0.889477 0.248889 -0.493068 -0.808922 0.320202 -0.797764 -0.308499 0.518074 -0.797868 -0.308118 0.518141 -0.747785 -0.452763 0.485617 -0.679407 -0.586292 0.441212 -0.74732 -0.453853 0.485315 -0.828382 -0.156154 0.537958 -0.828403 -0.155996 0.537971 -0.838671 -5.96244e-09 0.544639 -0.838671 -5.96244e-09 0.544639 -0.134979 -0.986964 0.0876566 -5.83173e-08 -1 3.78717e-08 0.880157 -0.155578 -0.448463 0.891007 -5.96244e-09 -0.45399 0.880027 -0.156506 -0.448396 0.720561 -0.588216 -0.367144 0.722131 -0.585784 -0.367944 0.793804 -0.454186 -0.404463 0.847319 -0.309289 -0.431731 0.794655 -0.452307 -0.404897 0.847835 -0.307501 -0.431994 0.407576 -0.889244 -0.20767 0.523195 -0.809445 -0.266581 0.404116 -0.891231 -0.205907 0.631837 -0.705081 -0.321937 0.629804 -0.707368 -0.320901 0.526145 -0.807033 -0.268084 0.143776 -0.986895 -0.0732575 0.274641 -0.95131 -0.139937 0.138987 -0.987759 -0.0708176 0.279037 -0.949697 -0.142176 6.19565e-08 -1 -3.15684e-08 0.00500473 -0.999984 -0.00255004 6.19565e-08 -1 -3.15684e-08 0.891007 -5.96244e-09 -0.45399 -0.320944 -0.891061 0.320944 -0.221011 -0.949899 0.221011 -0.218514 -0.951054 0.218514 -4.9169e-08 -1 4.9169e-08 -0.11055 -0.987703 0.11055 -0.00397178 -0.999984 0.00397178 -0.499995 -0.707114 0.499995 -0.57221 -0.587496 0.57221 -0.50117 -0.705449 0.50117 -0.417194 -0.807403 0.417194 -0.323133 -0.889477 0.323133 -0.415719 -0.808922 0.415719 -0.672617 -0.308499 0.672617 -0.672705 -0.308118 0.672705 -0.630478 -0.452763 0.630478 -0.572827 -0.586292 0.572827 -0.630086 -0.453853 0.630086 -0.698433 -0.156154 0.698433 -0.69845 -0.155996 0.69845 -0.707107 -5.96245e-09 0.707107 -0.707107 -5.96245e-09 0.707107 -0.113805 -0.986964 0.113805 -4.9169e-08 -1 4.9169e-08 0.767683 -0.155578 -0.621657 0.777146 -5.96244e-09 -0.62932 0.767569 -0.156506 -0.621565 0.628481 -0.588216 -0.508934 0.629851 -0.585784 -0.510043 0.692365 -0.454186 -0.560666 0.739041 -0.309289 -0.598464 0.693107 -0.452307 -0.561267 0.739491 -0.307501 -0.598828 0.355493 -0.889244 -0.287872 0.456336 -0.809445 -0.369534 0.352474 -0.891231 -0.285428 0.551095 -0.705081 -0.446268 0.549322 -0.707368 -0.444832 0.458909 -0.807033 -0.371618 0.125403 -0.986895 -0.101549 0.239545 -0.95131 -0.19398 0.121226 -0.987759 -0.0981672 0.243379 -0.949697 -0.197084 5.40392e-08 -1 -4.37601e-08 0.00436518 -0.999984 -0.00353486 5.40392e-08 -1 -4.37601e-08 0.777146 -5.96244e-09 -0.62932 -0.247202 -0.891061 0.380658 -0.17023 -0.949899 0.262132 -0.168308 -0.951054 0.259171 -3.78717e-08 -1 5.83173e-08 -0.0851499 -0.987703 0.131119 -0.00305921 -0.999984 0.00471077 -0.385114 -0.707114 0.593024 -0.440737 -0.587496 0.678675 -0.386019 -0.705449 0.594417 -0.321338 -0.807403 0.494816 -0.248889 -0.889477 0.383255 -0.320202 -0.808922 0.493068 -0.518074 -0.308499 0.797764 -0.518141 -0.308118 0.797868 -0.485617 -0.452763 0.747785 -0.441212 -0.586292 0.679407 -0.485315 -0.453853 0.74732 -0.537958 -0.156154 0.828382 -0.537971 -0.155996 0.828403 -0.544639 -5.96244e-09 0.838671 -0.544639 -5.96244e-09 0.838671 -0.0876566 -0.986964 0.134979 -3.78717e-08 -1 5.83173e-08 0.621657 -0.155578 -0.767683 0.62932 -5.96244e-09 -0.777146 0.621565 -0.156506 -0.767569 0.508934 -0.588216 -0.628481 0.510043 -0.585784 -0.629851 0.560666 -0.454186 -0.692365 0.598464 -0.309289 -0.739041 0.561267 -0.452307 -0.693107 0.598828 -0.307501 -0.739491 0.287872 -0.889244 -0.355493 0.369534 -0.809445 -0.456336 0.285428 -0.891231 -0.352474 0.446268 -0.705081 -0.551095 0.444832 -0.707368 -0.549322 0.371618 -0.807033 -0.458909 0.101549 -0.986895 -0.125403 0.19398 -0.95131 -0.239545 0.0981672 -0.987759 -0.121226 0.197084 -0.949697 -0.243379 4.37601e-08 -1 -5.40392e-08 0.00353486 -0.999984 -0.00436518 4.37601e-08 -1 -5.40392e-08 0.62932 -5.96244e-09 -0.777146 -0.162657 -0.891061 0.423736 -0.11201 -0.949899 0.291797 -0.110745 -0.951054 0.288501 -2.49193e-08 -1 6.49169e-08 -0.0560279 -0.987703 0.145958 -0.00201293 -0.999984 0.00524387 -0.253402 -0.707114 0.660134 -0.290001 -0.587496 0.755478 -0.253997 -0.705449 0.661685 -0.211437 -0.807403 0.550813 -0.163767 -0.889477 0.426627 -0.21069 -0.808922 0.548867 -0.340888 -0.308499 0.888045 -0.340933 -0.308118 0.88816 -0.319532 -0.452763 0.832409 -0.290314 -0.586292 0.756294 -0.319333 -0.453853 0.831892 -0.353972 -0.156154 0.922128 -0.353981 -0.155996 0.922151 -0.358368 -5.96244e-09 0.93358 -0.358368 -5.96244e-09 0.93358 -0.0576773 -0.986964 0.150254 -2.49193e-08 -1 6.49169e-08 0.448463 -0.155578 -0.880157 0.45399 -5.96245e-09 -0.891007 0.448396 -0.156506 -0.880027 0.367144 -0.588216 -0.720561 0.367944 -0.585784 -0.722131 0.404463 -0.454186 -0.793804 0.431731 -0.309289 -0.847319 0.404897 -0.452307 -0.794655 0.431994 -0.307501 -0.847835 0.20767 -0.889244 -0.407576 0.266581 -0.809445 -0.523195 0.205907 -0.891231 -0.404116 0.321937 -0.705081 -0.631837 0.320901 -0.707368 -0.629804 0.268084 -0.807033 -0.526145 0.0732575 -0.986895 -0.143776 0.139937 -0.95131 -0.274641 0.0708176 -0.987759 -0.138987 0.142176 -0.949697 -0.279037 3.15684e-08 -1 -6.19565e-08 0.00255004 -0.999984 -0.00500473 3.15684e-08 -1 -6.19565e-08 0.45399 -5.96245e-09 -0.891007 -0.0710029 -0.891061 0.448295 -0.0488946 -0.949899 0.308708 -0.0483423 -0.951054 0.305221 -1.08777e-08 -1 6.86794e-08 -0.0244572 -0.987703 0.154417 -0.000878684 -0.999984 0.00554779 -0.110615 -0.707114 0.698394 -0.126591 -0.587496 0.799264 -0.110875 -0.705449 0.700035 -0.0922965 -0.807403 0.582737 -0.0714873 -0.889477 0.451353 -0.0919703 -0.808922 0.580678 -0.148804 -0.308499 0.939513 -0.148824 -0.308118 0.939636 -0.139482 -0.452763 0.880654 -0.126728 -0.586292 0.800126 -0.139395 -0.453853 0.880106 -0.154515 -0.156154 0.975572 -0.154519 -0.155996 0.975597 -0.156434 -5.96244e-09 0.987688 -0.156434 -5.96244e-09 0.987688 -0.0251772 -0.986964 0.158963 -1.08777e-08 -1 6.86794e-08 0.255668 -0.155578 -0.954164 0.258819 -5.96244e-09 -0.965926 0.25563 -0.156506 -0.954023 0.209308 -0.588216 -0.781148 0.209764 -0.585784 -0.782851 0.230584 -0.454186 -0.86055 0.246129 -0.309289 -0.918565 0.230831 -0.452307 -0.861473 0.246279 -0.307501 -0.919124 0.118392 -0.889244 -0.441847 0.151977 -0.809445 -0.567187 0.117387 -0.891231 -0.438095 0.183536 -0.705081 -0.684964 0.182945 -0.707368 -0.68276 0.152834 -0.807033 -0.570385 0.0417639 -0.986895 -0.155865 0.0797776 -0.95131 -0.297734 0.040373 -0.987759 -0.150674 0.0810544 -0.949697 -0.302499 1.79971e-08 -1 -6.71661e-08 0.00145377 -0.999984 -0.00542555 1.79971e-08 -1 -6.71661e-08 0.258819 -5.96244e-09 -0.965926 0.117474 -0.891061 0.438417 0.0808956 -0.949899 0.301906 0.0799818 -0.951054 0.298496 1.79971e-08 -1 6.71661e-08 0.0404642 -0.987703 0.151015 0.00145377 -0.999984 0.00542555 0.183011 -0.707114 0.683006 0.209443 -0.587496 0.781653 0.183441 -0.705449 0.684611 0.152703 -0.807403 0.569897 0.118275 -0.889477 0.441408 0.152164 -0.808922 0.567883 0.246195 -0.308499 0.918812 0.246227 -0.308118 0.918932 0.230771 -0.452763 0.86125 0.209669 -0.586292 0.782497 0.230628 -0.453853 0.860714 0.255644 -0.156154 0.954077 0.25565 -0.155996 0.954101 0.258819 -5.96244e-09 0.965926 0.258819 -5.96244e-09 0.965926 0.0416555 -0.986964 0.15546 1.79971e-08 -1 6.71661e-08 -0.15453 -0.155578 -0.975662 -0.156434 -5.96244e-09 -0.987688 -0.154507 -0.156506 -0.975517 -0.126509 -0.588216 -0.798748 -0.126785 -0.585784 -0.800489 -0.139369 -0.454186 -0.879938 -0.148764 -0.309289 -0.93926 -0.139518 -0.452307 -0.880882 -0.148855 -0.307501 -0.939833 -0.0715583 -0.889244 -0.451802 -0.0918576 -0.809445 -0.579966 -0.0709508 -0.891231 -0.447966 -0.110932 -0.705081 -0.700396 -0.110575 -0.707368 -0.698143 -0.0923755 -0.807033 -0.583236 -0.0252428 -0.986895 -0.159377 -0.0482189 -0.95131 -0.304442 -0.0244021 -0.987759 -0.154069 -0.0489906 -0.949697 -0.309314 -1.08777e-08 -1 -6.86794e-08 -0.000878684 -0.999984 -0.00554779 -1.08777e-08 -1 -6.86794e-08 -0.156434 -5.96244e-09 -0.987688 -0.996584 -4.12661e-33 0.0825793 -0.996584 -4.12661e-33 0.0825793 -0.996584 -4.12661e-33 -0.0825795 -0.9694 -4.01404e-33 0.245486 -0.9694 -4.01404e-33 0.245486 -0.915773 -3.79199e-33 0.401695 -0.915773 -3.79199e-33 0.401695 -0.837166 -3.4665e-33 0.546948 -0.837166 -3.4665e-33 0.546948 -0.735724 -3.04645e-33 0.677282 -0.735724 -3.04645e-33 0.677282 -0.614213 -2.5433e-33 0.789141 -0.614213 -2.5433e-33 0.789141 -0.475947 -1.97078e-33 0.879474 -0.475947 -1.97078e-33 0.879474 -0.3247 -1.3445e-33 0.945817 -0.3247 -1.3445e-33 0.945817 -0.164595 -6.81545e-34 0.986361 -0.164595 -6.81545e-34 0.986361 -4.37114e-08 -1.80997e-40 1 -4.37114e-08 -1.80997e-40 1 -0.996584 -4.12661e-33 -0.0825795 -0.9694 -4.01404e-33 -0.245486 -0.9694 -4.01404e-33 -0.245486 -0.915773 -3.79199e-33 -0.401695 -0.915773 -3.79199e-33 -0.401695 -0.837166 -3.4665e-33 -0.546948 -0.837166 -3.4665e-33 -0.546948 -0.735724 -3.04645e-33 -0.677281 -0.735724 -3.04645e-33 -0.677281 -0.614213 -2.5433e-33 -0.789141 -0.614213 -2.5433e-33 -0.789141 -0.475947 -1.97078e-33 -0.879474 -0.475947 -1.97078e-33 -0.879474 -0.3247 -1.3445e-33 -0.945817 -0.3247 -1.3445e-33 -0.945817 -0.164595 -6.81545e-34 -0.986361 -0.164595 -6.81545e-34 -0.986361 1.19249e-08 4.93776e-41 -1 1.19249e-08 4.93776e-41 -1 0 5.77779e-34 -1 0 5.77779e-34 -1 0 5.77779e-34 -1 0 5.77779e-34 -1 0 5.77779e-34 -1 0 5.77779e-34 -1 0 5.77779e-34 -1 0 5.77779e-34 -1 0 5.77779e-34 -1 0 5.77779e-34 -1 0 5.77779e-34 -1 0 5.77779e-34 -1 0 5.77779e-34 -1 0 5.77779e-34 -1 0 5.77779e-34 -1 0 5.77779e-34 -1 0 5.77779e-34 -1 0 5.77779e-34 -1 0 5.77779e-34 -1 0 5.77779e-34 -1 0 5.77779e-34 -1 0 5.77779e-34 -1 0 5.77779e-34 -1 0 5.77779e-34 -1 0 5.77779e-34 -1 0 5.77779e-34 -1 0 5.77779e-34 -1 0 5.77779e-34 -1 0 5.77779e-34 -1 0 5.77779e-34 -1 0 5.77779e-34 -1 0 5.77779e-34 -1 0 5.77779e-34 -1 0 5.77779e-34 -1 0 5.77779e-34 -1 0 5.77779e-34 -1 0 5.77779e-34 -1 0 5.77779e-34 -1 0 5.77779e-34 -1 0 5.77779e-34 -1 0 5.77779e-34 -1 0 5.77779e-34 -1 0 5.77779e-34 -1 -9.00521e-08 -0.857167 0.515038 0.0870419 -0.857167 0.50763 -9.00521e-08 -0.857167 0.515038 -0.0870419 -0.857167 0.50763 0.17158 -0.857167 0.485618 0.251181 -0.857167 0.449636 0.323557 -0.857167 0.400718 0.386625 -0.857167 0.340273 0.43857 -0.857167 0.270038 0.477898 -0.857167 0.192035 0.503478 -0.857167 0.108508 0.514574 -0.857167 0.0218587 0.510867 -0.857167 -0.065419 0.492462 -0.857167 -0.150815 0.459891 -0.857167 -0.231872 0.414089 -0.857167 -0.306259 0.356375 -0.857167 -0.371835 0.288408 -0.857167 -0.426714 0.212145 -0.857167 -0.469317 0.129778 -0.857167 -0.498419 0.0436783 -0.857167 -0.513183 -0.129778 -0.857167 -0.498419 -0.0436783 -0.857167 -0.513183 -0.288408 -0.857167 -0.426714 -0.212145 -0.857167 -0.469317 -0.414089 -0.857167 -0.306259 -0.356375 -0.857167 -0.371835 -0.492462 -0.857167 -0.150815 -0.459891 -0.857167 -0.231872 -0.514574 -0.857167 0.0218588 -0.510867 -0.857167 -0.065419 -0.477898 -0.857167 0.192035 -0.503478 -0.857167 0.108508 -0.386625 -0.857167 0.340273 -0.43857 -0.857167 0.270038 -0.251181 -0.857167 0.449636 -0.323557 -0.857167 0.400718 -0.17158 -0.857167 0.485618 -9.00521e-08 -0.857167 0.515038 0.0870419 -0.857167 0.50763 -9.00521e-08 -0.857167 0.515038 -0.0870419 -0.857167 0.50763 0.17158 -0.857167 0.485618 0.251181 -0.857167 0.449636 0.323557 -0.857167 0.400718 0.386625 -0.857167 0.340273 0.43857 -0.857167 0.270038 0.477898 -0.857167 0.192035 0.503478 -0.857167 0.108508 0.514574 -0.857167 0.0218587 0.510867 -0.857167 -0.065419 0.492462 -0.857167 -0.150815 0.459891 -0.857167 -0.231872 0.414089 -0.857167 -0.306259 0.356375 -0.857167 -0.371835 0.288408 -0.857167 -0.426714 0.212145 -0.857167 -0.469317 0.129778 -0.857167 -0.498419 0.0436783 -0.857167 -0.513183 -0.129778 -0.857167 -0.498419 -0.0436783 -0.857167 -0.513183 -0.288408 -0.857167 -0.426714 -0.212145 -0.857167 -0.469317 -0.414089 -0.857167 -0.306259 -0.356375 -0.857167 -0.371835 -0.492462 -0.857167 -0.150815 -0.459891 -0.857167 -0.231872 -0.514574 -0.857167 0.0218588 -0.510867 -0.857167 -0.065419 -0.477898 -0.857167 0.192035 -0.503478 -0.857167 0.108508 -0.386625 -0.857167 0.340273 -0.43857 -0.857167 0.270038 -0.251181 -0.857167 0.449636 -0.323557 -0.857167 0.400718 -0.17158 -0.857167 0.485618 -9.00521e-08 -0.857167 0.515038 0.0870419 -0.857167 0.50763 -9.00521e-08 -0.857167 0.515038 -0.0870419 -0.857167 0.50763 0.17158 -0.857167 0.485618 0.251181 -0.857167 0.449636 0.323557 -0.857167 0.400718 0.386625 -0.857167 0.340273 0.43857 -0.857167 0.270038 0.477898 -0.857167 0.192035 0.503478 -0.857167 0.108508 0.514574 -0.857167 0.0218587 0.510867 -0.857167 -0.065419 0.492462 -0.857167 -0.150815 0.459891 -0.857167 -0.231872 0.414089 -0.857167 -0.306259 0.356375 -0.857167 -0.371835 0.288408 -0.857167 -0.426714 0.212145 -0.857167 -0.469317 0.129778 -0.857167 -0.498419 0.0436783 -0.857167 -0.513183 -0.129778 -0.857167 -0.498419 -0.0436783 -0.857167 -0.513183 -0.288408 -0.857167 -0.426714 -0.212145 -0.857167 -0.469317 -0.414089 -0.857167 -0.306259 -0.356375 -0.857167 -0.371835 -0.492462 -0.857167 -0.150815 -0.459891 -0.857167 -0.231872 -0.514574 -0.857167 0.0218588 -0.510867 -0.857167 -0.065419 -0.477898 -0.857167 0.192035 -0.503478 -0.857167 0.108508 -0.386625 -0.857167 0.340273 -0.43857 -0.857167 0.270038 -0.251181 -0.857167 0.449636 -0.323557 -0.857167 0.400718 -0.17158 -0.857167 0.485618 -0.996584 -4.07889e-33 -0.0825792 -0.996584 -4.17432e-33 0.0825794 -0.999099 -4.16154e-33 0.0424412 0.0848059 9.26857e-34 -0.996397 8.74228e-08 5.77779e-34 -1 -0.0848059 2.24537e-34 -0.996397 -0.977555 -4.16954e-33 0.210679 -0.9694 -4.15588e-33 0.245485 -0.915773 -4.02408e-33 0.401695 -0.927889 -4.05758e-33 0.372856 -0.837166 -3.78251e-33 0.546948 -0.851529 -3.8289e-33 0.524307 -0.750672 -3.49007e-33 0.660675 -0.735724 -3.43777e-33 0.677282 -0.614213 -2.99925e-33 0.789141 -0.62822 -3.05083e-33 0.778036 -0.475947 -2.47892e-33 0.879474 -0.487695 -2.52383e-33 0.873014 -0.33314 -1.92422e-33 0.942877 -0.324699 -1.89097e-33 0.945817 -0.164595 -1.25144e-33 0.986361 -0.169001 -1.26926e-33 0.985616 1.37155e-11 -5.77779e-34 1 6.08389e-24 -5.77779e-34 1 -0.9919 -4.03382e-33 -0.127018 -0.956167 -3.79006e-33 -0.292823 -0.9694 -3.87221e-33 -0.245485 -0.915773 -3.5599e-33 -0.401695 -0.892926 -3.43726e-33 -0.450204 -0.803997 -2.98558e-33 -0.594633 -0.837166 -3.15048e-33 -0.546948 -0.691939 -2.44801e-33 -0.721956 -0.735724 -2.65513e-33 -0.677282 -0.614213 -2.08735e-33 -0.78914 -0.559975 -1.84002e-33 -0.82851 -0.411901 -1.17909e-33 -0.911229 -0.475947 -1.46264e-33 -0.879474 -0.251978 -4.84242e-34 -0.967733 -0.324699 -7.98025e-34 -0.945817 -0.164595 -1.11646e-34 -0.986361 0.559975 2.79741e-33 -0.82851 0.475947 2.47892e-33 -0.879474 0.411901 2.23207e-33 -0.911228 0.251978 1.60251e-33 -0.967733 0.324699 1.89097e-33 -0.945817 0.164595 1.25144e-33 -0.986361 0.837167 3.78251e-33 -0.546948 0.803997 3.67272e-33 -0.594633 0.892926 3.9575e-33 -0.450204 0.614213 2.99925e-33 -0.78914 0.691939 3.28228e-33 -0.721956 0.735724 3.43777e-33 -0.677282 0.9919 4.1806e-33 -0.127018 0.999099 4.1125e-33 0.0424415 0.996584 4.17432e-33 -0.0825794 0.956167 4.12843e-33 -0.292823 0.9694 4.15588e-33 -0.245486 0.915773 4.02408e-33 -0.401695 0.851529 3.22304e-33 0.524307 0.915773 3.5599e-33 0.401695 0.927889 3.62673e-33 0.372856 0.9694 3.87221e-33 0.245485 0.996584 4.07889e-33 0.0825794 0.977555 3.92609e-33 0.210679 0.614213 2.08735e-33 0.789141 0.735724 2.65513e-33 0.677282 0.62822 2.15177e-33 0.778036 0.837166 3.15048e-33 0.546948 0.750672 2.72662e-33 0.660675 0.487695 1.51501e-33 0.873014 0.475947 1.46264e-33 0.879474 0.33314 8.34675e-34 0.942877 0.324699 7.98024e-34 0.945817 0.164595 1.11646e-34 0.986361 0.169001 1.30322e-34 0.985616 -0.996584 -4.07889e-33 -0.0825792 -0.996584 -4.17432e-33 0.0825794 -0.999099 -4.16154e-33 0.0424412 0.0848059 9.26857e-34 -0.996397 8.74228e-08 5.77779e-34 -1 -0.0848059 2.24537e-34 -0.996397 -0.977555 -4.16954e-33 0.210679 -0.9694 -4.15588e-33 0.245485 -0.915773 -4.02408e-33 0.401695 -0.927889 -4.05758e-33 0.372856 -0.837166 -3.78251e-33 0.546948 -0.851529 -3.8289e-33 0.524307 -0.750672 -3.49007e-33 0.660675 -0.735724 -3.43777e-33 0.677282 -0.614213 -2.99925e-33 0.789141 -0.62822 -3.05083e-33 0.778036 -0.475947 -2.47892e-33 0.879474 -0.487695 -2.52383e-33 0.873014 -0.33314 -1.92422e-33 0.942877 -0.324699 -1.89097e-33 0.945817 -0.164595 -1.25144e-33 0.986361 -0.169001 -1.26926e-33 0.985616 1.37155e-11 -5.77779e-34 1 6.08389e-24 -5.77779e-34 1 -0.9919 -4.03382e-33 -0.127018 -0.956167 -3.79006e-33 -0.292823 -0.9694 -3.87221e-33 -0.245485 -0.915773 -3.5599e-33 -0.401695 -0.892926 -3.43726e-33 -0.450204 -0.803997 -2.98558e-33 -0.594633 -0.837166 -3.15048e-33 -0.546948 -0.691939 -2.44801e-33 -0.721956 -0.735724 -2.65513e-33 -0.677282 -0.614213 -2.08735e-33 -0.78914 -0.559975 -1.84002e-33 -0.82851 -0.411901 -1.17909e-33 -0.911229 -0.475947 -1.46264e-33 -0.879474 -0.251978 -4.84242e-34 -0.967733 -0.324699 -7.98025e-34 -0.945817 -0.164595 -1.11646e-34 -0.986361 0.559975 2.79741e-33 -0.82851 0.475947 2.47892e-33 -0.879474 0.411901 2.23207e-33 -0.911228 0.251978 1.60251e-33 -0.967733 0.324699 1.89097e-33 -0.945817 0.164595 1.25144e-33 -0.986361 0.837167 3.78251e-33 -0.546948 0.803997 3.67272e-33 -0.594633 0.892926 3.9575e-33 -0.450204 0.614213 2.99925e-33 -0.78914 0.691939 3.28228e-33 -0.721956 0.735724 3.43777e-33 -0.677282 0.9919 4.1806e-33 -0.127018 0.999099 4.1125e-33 0.0424415 0.996584 4.17432e-33 -0.0825794 0.956167 4.12843e-33 -0.292823 0.9694 4.15588e-33 -0.245486 0.915773 4.02408e-33 -0.401695 0.851529 3.22304e-33 0.524307 0.915773 3.5599e-33 0.401695 0.927889 3.62673e-33 0.372856 0.9694 3.87221e-33 0.245485 0.996584 4.07889e-33 0.0825794 0.977555 3.92609e-33 0.210679 0.614213 2.08735e-33 0.789141 0.735724 2.65513e-33 0.677282 0.62822 2.15177e-33 0.778036 0.837166 3.15048e-33 0.546948 0.750672 2.72662e-33 0.660675 0.487695 1.51501e-33 0.873014 0.475947 1.46264e-33 0.879474 0.33314 8.34675e-34 0.942877 0.324699 7.98024e-34 0.945817 0.164595 1.11646e-34 0.986361 0.169001 1.30322e-34 0.985616 -0.996584 -4.07889e-33 -0.0825792 -0.996584 -4.17432e-33 0.0825794 -0.999099 -4.16154e-33 0.0424412 0.0848059 9.26857e-34 -0.996397 8.74228e-08 5.77779e-34 -1 -0.0848059 2.24537e-34 -0.996397 -0.977555 -4.16954e-33 0.210679 -0.9694 -4.15588e-33 0.245485 -0.915773 -4.02408e-33 0.401695 -0.927889 -4.05758e-33 0.372856 -0.837166 -3.78251e-33 0.546948 -0.851529 -3.8289e-33 0.524307 -0.750672 -3.49007e-33 0.660675 -0.735724 -3.43777e-33 0.677282 -0.614213 -2.99925e-33 0.789141 -0.62822 -3.05083e-33 0.778036 -0.475947 -2.47892e-33 0.879474 -0.487695 -2.52383e-33 0.873014 -0.33314 -1.92422e-33 0.942877 -0.324699 -1.89097e-33 0.945817 -0.164595 -1.25144e-33 0.986361 -0.169001 -1.26926e-33 0.985616 1.37155e-11 -5.77779e-34 1 -4.70056e-24 -5.77779e-34 1 -0.9919 -4.03382e-33 -0.127018 -0.956167 -3.79006e-33 -0.292823 -0.9694 -3.87221e-33 -0.245485 -0.915773 -3.5599e-33 -0.401695 -0.892926 -3.43726e-33 -0.450204 -0.803997 -2.98558e-33 -0.594633 -0.837166 -3.15048e-33 -0.546948 -0.691939 -2.44801e-33 -0.721956 -0.735724 -2.65513e-33 -0.677282 -0.614213 -2.08735e-33 -0.78914 -0.559975 -1.84002e-33 -0.82851 -0.411901 -1.17909e-33 -0.911229 -0.475947 -1.46264e-33 -0.879474 -0.251978 -4.84242e-34 -0.967733 -0.324699 -7.98025e-34 -0.945817 -0.164595 -1.11646e-34 -0.986361 0.559975 2.79741e-33 -0.82851 0.475947 2.47892e-33 -0.879474 0.411901 2.23207e-33 -0.911228 0.251978 1.60251e-33 -0.967733 0.324699 1.89097e-33 -0.945817 0.164595 1.25144e-33 -0.986361 0.837167 3.78251e-33 -0.546948 0.803997 3.67272e-33 -0.594633 0.892926 3.9575e-33 -0.450204 0.614213 2.99925e-33 -0.78914 0.691939 3.28228e-33 -0.721956 0.735724 3.43777e-33 -0.677282 0.9919 4.1806e-33 -0.127018 0.999099 4.1125e-33 0.0424415 0.996584 4.17432e-33 -0.0825794 0.956167 4.12843e-33 -0.292823 0.9694 4.15588e-33 -0.245486 0.915773 4.02408e-33 -0.401695 0.851529 3.22304e-33 0.524307 0.915773 3.5599e-33 0.401695 0.927889 3.62673e-33 0.372856 0.9694 3.87221e-33 0.245485 0.996584 4.07889e-33 0.0825794 0.977555 3.92609e-33 0.210679 0.614213 2.08735e-33 0.789141 0.735724 2.65513e-33 0.677282 0.62822 2.15177e-33 0.778036 0.837166 3.15048e-33 0.546948 0.750672 2.72662e-33 0.660675 0.487695 1.51501e-33 0.873014 0.475947 1.46264e-33 0.879474 0.33314 8.34675e-34 0.942877 0.324699 7.98024e-34 0.945817 0.164595 1.11646e-34 0.986361 0.169001 1.30322e-34 0.985616 -0.996584 -4.12661e-33 -0.0825792 -0.996584 -4.12661e-33 0.0825794 -0.998427 -4.13424e-33 0.0560704 0.0560706 2.32174e-34 -0.998427 8.74228e-08 3.61996e-40 -1 -0.111964 -4.63617e-34 -0.993712 -0.974928 -4.03693e-33 0.222521 -0.9694 -4.01404e-33 0.245485 -0.915773 -3.79199e-33 0.401695 -0.92388 -3.82555e-33 0.382683 -0.837166 -3.4665e-33 0.546948 -0.846724 -3.50607e-33 0.532032 -0.745642 -3.08752e-33 0.666347 -0.735724 -3.04645e-33 0.677282 -0.614213 -2.5433e-33 0.789141 -0.62349 -2.58172e-33 0.781831 -0.475947 -1.97078e-33 0.879474 -0.483719 -2.00296e-33 0.875223 -0.330279 -1.3676e-33 0.943883 -0.324699 -1.3445e-33 0.945817 -0.164595 -6.81545e-34 0.986361 -0.167506 -6.93601e-34 0.985871 1.37152e-11 5.74532e-44 1 8.40523e-26 0 1 -0.993712 -4.11471e-33 -0.111964 -0.960917 -3.97892e-33 -0.276836 -0.9694 -4.01404e-33 -0.245485 -0.915773 -3.79199e-33 -0.401695 -0.900969 -3.73069e-33 -0.433884 -0.815561 -3.37703e-33 -0.578671 -0.837166 -3.4665e-33 -0.546948 -0.707107 -2.92795e-33 -0.707107 -0.735724 -3.04645e-33 -0.677282 -0.614213 -2.5433e-33 -0.78914 -0.578671 -2.39613e-33 -0.815561 -0.433884 -1.7966e-33 -0.900969 -0.475947 -1.97078e-33 -0.879474 -0.276836 -1.14631e-33 -0.960917 -0.324699 -1.3445e-33 -0.945817 -0.164595 -6.81545e-34 -0.986361 0.382683 1.5846e-33 -0.92388 0.475947 1.97078e-33 -0.879474 0.324699 1.3445e-33 -0.945817 0.222521 9.21403e-34 -0.974928 0.164595 6.81546e-34 -0.986361 0.837167 3.4665e-33 -0.546948 0.735724 3.04645e-33 -0.677282 0.781831 3.23737e-33 -0.62349 0.614213 2.5433e-33 -0.78914 0.532032 2.20301e-33 -0.846724 0.666346 2.75917e-33 -0.745642 0.9694 4.01404e-33 -0.245486 0.985871 4.08224e-33 -0.167506 0.996584 4.12661e-33 -0.0825794 0.875224 3.62408e-33 -0.483719 0.943883 3.90838e-33 -0.330279 0.915773 3.79199e-33 -0.401695 0.939693 3.89103e-33 0.34202 0.915773 3.79199e-33 0.401695 0.9694 4.01404e-33 0.245485 0.984808 4.07784e-33 0.173648 0.996584 4.12661e-33 0.0825794 1 4.14075e-33 1.19249e-08 0.837166 3.4665e-33 0.546948 0.866025 3.58599e-33 0.5 0.766044 3.172e-33 0.642788 0.5 2.07037e-33 0.866026 0.614213 2.5433e-33 0.789141 0.642788 2.66162e-33 0.766044 0.735724 3.04645e-33 0.677282 0.34202 1.41622e-33 0.939693 0.475947 1.97078e-33 0.879474 0.324699 1.3445e-33 0.945817 0.173648 7.19035e-34 0.984808 0.164595 6.81545e-34 0.986361 0.989821 -0.142315 -8.22265e-35 1 1.37186e-11 8.40779e-45 1 -1.35811e-22 0 0.841254 -0.540641 -3.12371e-34 0.905448 -0.424457 -2.45242e-34 0.909632 -0.415415 -2.40018e-34 0.959493 -0.281733 -1.62779e-34 0.957601 -0.288099 -1.66458e-34 0.989343 -0.145601 -8.41253e-35 0.639673 -0.768647 -4.44108e-34 0.654861 -0.75575 -4.36656e-34 0.540641 -0.841254 -4.86059e-34 0.833998 -0.551768 -3.188e-34 0.75575 -0.654861 -3.78365e-34 0.744772 -0.667319 -3.85563e-34 0.281733 -0.959493 -5.54375e-34 0.142315 -0.989821 -5.71898e-34 0.252933 -0.967484 -5.58992e-34 0.415415 -0.909632 -5.25566e-34 0.391105 -0.920346 -5.31757e-34 0.52094 -0.853593 -4.93188e-34 -0.290285 -0.95694 -5.529e-34 -0.181637 -0.983366 -5.68168e-34 -0.14673 -0.989177 -5.71525e-34 -0.0365221 -0.999333 -5.77394e-34 0.109371 -0.994001 -5.74313e-34 -4.37114e-08 -1 -5.77779e-34 -0.581859 -0.81329 -4.69902e-34 -0.55557 -0.83147 -4.80406e-34 -0.671559 -0.740951 -4.28106e-34 -0.32288 -0.94644 -5.46833e-34 -0.427555 -0.903989 -5.22306e-34 -0.457242 -0.889342 -5.13843e-34 -0.857729 -0.514103 -2.97038e-34 -0.92388 -0.382683 -2.21106e-34 -0.872049 -0.489418 -2.82775e-34 -0.77301 -0.634393 -3.66539e-34 -0.791497 -0.611174 -3.53123e-34 -0.694074 -0.719903 -4.15945e-34 -0.998795 0.0490677 2.83503e-35 -0.997332 -0.0729952 -4.21751e-35 -0.995185 -0.0980171 -5.66322e-35 -0.976076 -0.21743 -1.25627e-34 -0.934016 -0.357231 -2.06401e-34 -0.970031 -0.24298 -1.40389e-34 -0.934016 0.357231 2.064e-34 -0.941544 0.33689 1.94648e-34 -0.881921 0.471397 2.72363e-34 -0.997332 0.0729954 4.21752e-35 -0.980785 0.19509 1.12719e-34 -0.976076 0.21743 1.25627e-34 -0.707107 0.707107 4.08551e-34 -0.595699 0.803208 4.64076e-34 -0.694074 0.719904 4.15945e-34 -0.803208 0.595699 3.44183e-34 -0.791497 0.611174 3.53123e-34 -0.872049 0.489418 2.82775e-34 -0.19509 0.980785 5.66677e-34 -0.322881 0.94644 5.46833e-34 -0.33689 0.941544 5.44004e-34 -0.457243 0.889342 5.13843e-34 -0.581859 0.81329 4.69902e-34 -0.471397 0.881921 5.09556e-34 0.109371 0.994001 5.74313e-34 -0.0365219 0.999333 5.77394e-34 0.098017 0.995185 5.74997e-34 -0.181637 0.983366 5.68168e-34 -0.0490678 0.998795 5.77083e-34 0.24298 0.970031 5.60464e-34 0.252933 0.967484 5.58992e-34 0.382684 0.923879 5.33798e-34 0.391105 0.920346 5.31757e-34 0.52094 0.853593 4.93188e-34 0.514103 0.857729 4.95578e-34 0.634393 0.77301 4.46629e-34 0.639673 0.768647 4.44108e-34 0.740951 0.671559 3.88013e-34 0.744772 0.667319 3.85563e-34 0.833998 0.551767 3.188e-34 0.83147 0.55557 3.20997e-34 0.903989 0.427555 2.47032e-34 0.905448 0.424457 2.45242e-34 0.95694 0.290285 1.6772e-34 0.957601 0.288099 1.66458e-34 0.989343 0.145601 8.41254e-35 0.989177 0.14673 8.47777e-35 0.0541388 2.24175e-34 0.998533 0.0230072 9.5267e-35 0.999735 -8.74228e-08 -3.61996e-40 1 -0.161782 -6.699e-34 0.986826 -0.156435 -6.47757e-34 0.987688 -0.207912 -8.6091e-34 0.978148 0.0689725 2.85598e-34 0.997619 0.0689725 2.85598e-34 0.997619 0.071586 2.9642e-34 0.997434 0.0696352 2.88342e-34 0.997573 0.074787 3.09674e-34 0.9972 0.0907512 3.75778e-34 0.995874 0.108119 4.47694e-34 0.994138 0.0976932 4.04523e-34 0.995217 0.0791307 3.2766e-34 0.996864 0.0845073 3.49924e-34 0.996423 0.127951 5.29812e-34 0.991781 0.134854 5.58396e-34 0.990865 0.112824 4.67176e-34 0.993615 0.10513 4.35315e-34 0.994459 0.319302 1.32215e-33 0.947653 0.370138 1.53265e-33 0.928977 0.344654 1.42713e-33 0.93873 0.146386 6.06149e-34 0.989228 0.161782 6.69899e-34 0.986827 0.150695 6.23992e-34 0.98858 0.299351 1.23954e-33 0.954143 0.292075 1.20941e-33 0.956395 0.838336 3.47134e-33 0.545154 0.837338 3.46721e-33 0.546685 0.827689 3.42725e-33 0.561187 0.272952 1.13023e-33 0.962028 0.268047 1.10992e-33 0.963406 0.267528 1.10777e-33 0.96355 0.278702 1.15404e-33 0.960378 0.285115 1.18059e-33 0.958493 0.264088 1.09352e-33 0.964499 0.261187 1.08151e-33 0.965288 0.259419 1.07419e-33 0.965765 0.21497 8.90139e-34 0.976621 0.207912 8.6091e-34 0.978148 0.258819 1.07171e-33 0.965926 0.258819 1.07171e-33 0.965926 0.156434 6.47756e-34 0.987688 0.156434 6.47756e-34 0.987688 0.318667 1.31952e-33 0.947867 0.311241 1.28877e-33 0.950331 0.306792 1.27035e-33 0.951777 0.339056 1.40394e-33 0.940766 0.33274 1.37779e-33 0.943019 0.3259 1.34947e-33 0.945404 0.515554 2.13478e-33 0.856857 0.515339 2.13389e-33 0.856987 0.508776 2.10671e-33 0.860899 0.349445 1.44696e-33 0.936957 0.910718 3.77106e-33 -0.413028 0.907575 3.75804e-33 -0.419889 0.907818 3.75905e-33 -0.419363 0.916908 3.79669e-33 -0.399099 0.919969 3.80936e-33 -0.391992 0.502024 2.07876e-33 0.864853 0.467004 1.93375e-33 0.884255 0.462493 1.91507e-33 0.886623 0.468408 1.93956e-33 0.883512 0.357794 1.48154e-33 0.9338 0.358368 1.48391e-33 0.93358 0.458847 1.89997e-33 0.888515 0.358368 1.48391e-33 0.93358 0.456174 1.8889e-33 0.889891 0.454544 1.88215e-33 0.890724 0.419889 1.73866e-33 0.907575 0.406737 1.68419e-33 0.913545 0.453991 1.87986e-33 0.891006 0.453991 1.87986e-33 0.891006 0.472286 1.95562e-33 0.881446 0.478167 1.97997e-33 0.878269 0.491187 2.03388e-33 0.871054 0.484538 2.00635e-33 0.87477 0.497973 2.06198e-33 0.867193 0.521533 2.15954e-33 0.853231 0.527243 2.18318e-33 0.849715 0.687699 2.84759e-33 0.725995 0.682255 2.82505e-33 0.731114 0.676649 2.80183e-33 0.736306 0.670867 2.77789e-33 0.741578 0.899594 3.725e-33 -0.436726 0.900986 3.73076e-33 -0.433848 0.902869 3.73856e-33 -0.429915 0.667391 2.7635e-33 0.744708 0.640646 2.65275e-33 0.767836 0.636726 2.63652e-33 0.77109 0.647386 2.68066e-33 0.762162 0.544124 2.25308e-33 0.839005 0.561187 2.32374e-33 0.827689 0.544639 2.25521e-33 0.838671 0.633553 2.62339e-33 0.773699 0.544639 2.25521e-33 0.838671 0.631224 2.61374e-33 0.775601 0.605174 2.50587e-33 0.796093 0.629321 2.60586e-33 0.777146 0.629803 2.60786e-33 0.776755 0.629321 2.60586e-33 0.777146 0.587785 2.43387e-33 0.809017 0.645228 2.67173e-33 0.76399 0.65032 2.69281e-33 0.75966 0.661556 2.73934e-33 0.749896 0.655825 2.71561e-33 0.754913 0.687533 2.8469e-33 0.726153 0.692387 2.867e-33 0.721527 0.81039 3.35562e-33 0.585891 0.814949 3.3745e-33 0.579533 0.706672 2.92615e-33 0.707541 0.705378 2.92079e-33 0.708831 0.725995 3.00617e-33 0.687699 0.783503 3.24429e-33 -0.621388 0.796093 3.29642e-33 -0.605174 0.780788 3.23305e-33 -0.624796 0.883512 3.6584e-33 -0.468408 0.898737 3.72144e-33 -0.438489 0.796093 3.29642e-33 0.605174 0.786289 3.25582e-33 0.617859 0.78313 3.24275e-33 0.621858 0.789971 3.27107e-33 0.613145 0.794051 3.28797e-33 0.607851 0.762162 3.15592e-33 0.647386 0.78057 3.23214e-33 0.625069 0.778687 3.22435e-33 0.627413 0.707107 2.92795e-33 0.707107 0.707107 2.92795e-33 0.707107 0.777146 3.21797e-33 0.62932 0.777537 3.21958e-33 0.628838 0.777146 3.21797e-33 0.62932 0.743145 3.07718e-33 0.669131 0.803011 3.32507e-33 0.595964 0.798449 3.30618e-33 0.602063 0.80764 3.34424e-33 0.589676 0.823485 3.40984e-33 0.567338 0.819353 3.39274e-33 0.573289 0.82727 3.42552e-33 0.561804 0.928977 3.84666e-33 0.370138 0.917632 3.79968e-33 0.397431 0.907575 3.75804e-33 0.419889 0.856857 3.54803e-33 0.515554 0.777146 3.21797e-33 -0.62932 0.777558 3.21967e-33 -0.628812 0.762162 3.15592e-33 -0.647386 0.914494 3.78669e-33 0.404599 0.897566 3.7166e-33 0.440879 0.883512 3.6584e-33 0.468408 0.900188 3.72745e-33 0.435502 0.903079 3.73942e-33 0.429475 0.893471 3.69964e-33 0.44912 0.895309 3.70725e-33 0.445447 0.892117 3.69403e-33 0.451805 0.838671 3.47272e-33 0.544639 0.838671 3.47272e-33 0.544639 0.891007 3.68943e-33 0.45399 0.891288 3.6906e-33 0.453437 0.891007 3.68943e-33 0.45399 0.866026 3.58599e-33 0.5 0.909371 3.76548e-33 0.415985 0.906177 3.75225e-33 0.422899 0.912592 3.77881e-33 0.408872 0.920642 3.81215e-33 0.390408 0.923446 3.82376e-33 0.383728 0.976621 4.04394e-33 0.21497 0.981694 4.06495e-33 0.190465 0.98021 4.0588e-33 0.19796 0.93358 3.86572e-33 0.358368 0.93336 3.86481e-33 0.358941 0.655794 2.71548e-33 -0.75494 0.647386 2.68066e-33 -0.762162 0.650308 2.69276e-33 -0.759671 0.661543 2.73928e-33 -0.749907 0.978631 4.05227e-33 0.205623 0.96355 3.98982e-33 0.267528 0.971062 4.02093e-33 0.238826 0.969616 4.01494e-33 0.24463 0.972637 4.02745e-33 0.23233 0.967324 4.00545e-33 0.253542 0.968357 4.00973e-33 0.249567 0.966558 4.00227e-33 0.25645 0.93358 3.86572e-33 0.358368 0.947653 3.92399e-33 0.319302 0.965926 3.99966e-33 0.258819 0.966086 4.00032e-33 0.258219 0.965926 3.99966e-33 0.258819 0.951057 3.93809e-33 0.309017 0.975988 4.04132e-33 0.217826 0.9743 4.03433e-33 0.225253 0.977659 4.04824e-33 0.210199 0.986827 4.0862e-33 0.161782 0.983048 4.07056e-33 0.183348 0.987688 4.08977e-33 0.156434 0.994138 4.11648e-33 0.108119 0.987592 4.08937e-33 0.157041 0.633546 2.62335e-33 -0.773705 0.636706 2.63644e-33 -0.771107 0.640636 2.65271e-33 -0.767844 0.6452 2.67161e-33 -0.764014 0.978631 4.05227e-33 -0.205623 0.980207 4.05879e-33 -0.197976 0.976621 4.04394e-33 -0.21497 0.986827 4.0862e-33 -0.161782 0.984249 4.07553e-33 -0.176789 0.985289 4.07983e-33 -0.170898 0.983045 4.07054e-33 -0.183363 0.98682 4.08617e-33 -0.161824 0.986147 4.08339e-33 -0.165875 0.987302 4.08817e-33 -0.158856 1 4.14075e-33 4.37114e-08 1 4.14075e-33 4.37114e-08 0.99863 4.13507e-33 -0.052336 0.994522 4.11807e-33 -0.104529 0.987688 4.08977e-33 -0.156434 0.987688 4.08977e-33 -0.156434 0.987591 4.08937e-33 -0.157048 0.99863 4.13507e-33 0.0523359 0.998533 4.13468e-33 0.0541388 0.998533 4.13468e-33 -0.054139 0.994522 4.11807e-33 0.104528 0.987688 4.08977e-33 0.156435 0.994138 4.11648e-33 -0.108119 0.981686 4.06492e-33 -0.190504 0.977659 4.04824e-33 -0.210199 0.975984 4.04131e-33 -0.217842 0.969613 4.01493e-33 -0.244642 0.971054 4.02089e-33 -0.238861 0.96355 3.98982e-33 -0.267528 0.974291 4.0343e-33 -0.225293 0.898449 3.72025e-33 -0.439077 0.631216 2.61371e-33 -0.775607 0.794932 3.29161e-33 -0.606699 0.799443 3.31029e-33 -0.600741 0.629797 2.60783e-33 -0.776759 0.91378 3.78374e-33 -0.406209 0.927888 3.84215e-33 -0.37286 0.929884 3.85042e-33 -0.367852 0.928977 3.84666e-33 -0.370138 0.966085 4.00031e-33 -0.258226 0.965926 3.99966e-33 -0.258819 0.931477 3.85701e-33 -0.363801 0.965926 3.99966e-33 -0.258819 0.932639 3.86182e-33 -0.360811 0.933342 3.86474e-33 -0.358988 0.93358 3.86572e-33 -0.358368 0.951056 3.93809e-33 -0.309017 0.947653 3.92399e-33 -0.319302 0.93358 3.86572e-33 -0.358368 0.925534 3.8324e-33 -0.378666 0.922872 3.82138e-33 -0.385107 0.905171 3.74809e-33 -0.425048 0.468408 1.93956e-33 -0.883512 0.472253 1.95548e-33 -0.881463 0.478153 1.97991e-33 -0.878277 0.786835 3.25809e-33 -0.617163 0.813036 3.36658e-33 -0.582213 0.827689 3.42725e-33 -0.561187 0.817076 3.38331e-33 -0.57653 0.820674 3.39821e-33 -0.571397 0.823744 3.41092e-33 -0.566961 0.856857 3.54803e-33 -0.515554 0.8773 3.63268e-33 -0.479943 0.826207 3.42111e-33 -0.563367 0.828011 3.42858e-33 -0.560713 0.829106 3.43312e-33 -0.559092 0.854293 3.53741e-33 -0.519792 0.829477 3.43466e-33 -0.558541 0.829477 3.43466e-33 -0.558541 0.898449 3.72025e-33 -0.439077 0.804084 3.32951e-33 -0.594516 0.808662 3.34847e-33 -0.588274 0.790688 3.27404e-33 -0.61222 0.778788 3.22477e-33 -0.627287 0.466993 1.9337e-33 -0.884261 0.687699 2.84759e-33 -0.725995 0.670867 2.77789e-33 -0.741578 0.676637 2.80178e-33 -0.736317 0.696664 2.88471e-33 -0.717397 0.70031 2.89981e-33 -0.713838 0.69236 2.86689e-33 -0.721552 0.687522 2.84686e-33 -0.726164 0.703236 2.91193e-33 -0.710956 0.705371 2.92076e-33 -0.708838 0.725995 3.00617e-33 -0.687699 0.706667 2.92613e-33 -0.707546 0.707107 2.92795e-33 -0.707107 0.743145 3.07718e-33 -0.669131 0.707107 2.92795e-33 -0.707107 0.777146 3.21797e-33 -0.62932 0.682225 2.82492e-33 -0.731142 0.667391 2.7635e-33 -0.744708 0.491172 2.03382e-33 -0.871062 0.515554 2.13478e-33 -0.856857 0.46247 1.91497e-33 -0.886635 0.605174 2.50587e-33 -0.796093 0.497973 2.06198e-33 -0.867193 0.532285 2.20406e-33 -0.846565 0.536592 2.22189e-33 -0.843842 0.527211 2.18305e-33 -0.849734 0.52152 2.15948e-33 -0.853239 0.540053 2.23622e-33 -0.841631 0.561187 2.32374e-33 -0.827689 0.542581 2.24669e-33 -0.840003 0.62932 2.60586e-33 -0.777146 0.62932 2.60586e-33 -0.777146 0.544639 2.25521e-33 -0.838671 0.544118 2.25306e-33 -0.839009 0.544639 2.25521e-33 -0.838671 0.587785 2.43387e-33 -0.809017 0.508761 2.10665e-33 -0.860908 0.515304 2.13375e-33 -0.857007 0.502024 2.07876e-33 -0.864854 0.484503 2.0062e-33 -0.87479 0.456165 1.88886e-33 -0.889895 0.458839 1.89994e-33 -0.88852 0.419889 1.73866e-33 -0.907575 0.454538 1.88213e-33 -0.890728 0.319302 1.32215e-33 -0.947653 0.299335 1.23947e-33 -0.954148 0.306792 1.27035e-33 -0.951777 0.344643 1.42708e-33 -0.938734 0.370138 1.53265e-33 -0.928977 0.339021 1.4038e-33 -0.940779 0.332725 1.37773e-33 -0.943024 0.353266 1.46279e-33 -0.935523 0.349421 1.44687e-33 -0.936966 0.356078 1.47443e-33 -0.934456 0.45399 1.87986e-33 -0.891007 0.45399 1.87986e-33 -0.891007 0.358368 1.48391e-33 -0.93358 0.357788 1.48151e-33 -0.933803 0.358368 1.48391e-33 -0.93358 0.406737 1.68419e-33 -0.913545 0.318651 1.31945e-33 -0.947872 0.325862 1.34931e-33 -0.945417 0.311241 1.28877e-33 -0.950331 0.292036 1.20925e-33 -0.956407 0.267528 1.10777e-33 -0.96355 0.2851 1.18053e-33 -0.958498 0.278667 1.15389e-33 -0.960388 0.268022 1.10981e-33 -0.963413 0.27294 1.13018e-33 -0.962031 0.108982 4.51269e-34 -0.994044 0.163068 6.75222e-34 -0.986615 0.161782 6.69899e-34 -0.986827 0.264078 1.09348e-33 -0.964501 0.108119 4.47694e-34 -0.994138 0.261177 1.08147e-33 -0.965291 0.21497 8.90139e-34 -0.976621 0.259412 1.07416e-33 -0.965767 0.216667 8.97162e-34 -0.976246 0.258819 1.0717e-33 -0.965926 0.216667 8.97162e-34 -0.976246 0.258819 1.0717e-33 -0.965926 0.0545726 2.25971e-34 -0.99851 0.966555 4.00226e-33 -0.25646 2.28581e-12 9.80909e-45 -1 0.0541389 2.24176e-34 -0.998533 -1.11661e-27 -0 -1 0.967322 4.00544e-33 -0.253552 0.968351 4.0097e-33 -0.249592 0.972633 4.02743e-33 -0.232345 0.986821 4.08618e-33 0.161814 0.987303 4.08818e-33 0.158846 0.986151 4.0834e-33 0.16585 0.985291 4.07984e-33 0.170885 0.984255 4.07555e-33 0.176752 0.932703 3.86209e-33 0.360646 0.931614 3.85758e-33 0.36345 0.930119 3.85139e-33 0.367258 0.928231 3.84357e-33 0.372005 0.925998 3.83433e-33 0.377528 0.83569 3.46039e-33 0.549201 0.833436 3.45105e-33 0.552616 0.830603 3.43932e-33 0.556865 0.703243 2.91195e-33 0.710949 0.700329 2.89988e-33 0.713821 0.696673 2.88475e-33 0.717389 0.54259 2.24673e-33 0.839998 0.540061 2.23626e-33 0.841626 0.536613 2.22198e-33 0.843828 0.532296 2.2041e-33 0.846558 0.356087 1.47447e-33 0.934453 0.353276 1.46283e-33 0.935519 0.153853 6.37065e-34 0.988094 0.155788 6.45079e-34 0.987791 0.141061 5.84099e-34 0.990001 0.120536 4.99108e-34 0.992709 -0.0230069 -9.52657e-35 0.999735 -0.0689725 -2.85598e-34 0.997619 -0.0541387 -2.24175e-34 0.998533 -0.258819 -1.07171e-33 0.965926 -0.214971 -8.9014e-34 0.97662 -0.108119 -4.47693e-34 0.994138 -0.0976659 -4.0441e-34 0.995219 -0.105103 -4.35206e-34 0.994461 -0.406737 -1.68419e-33 0.913545 -0.370138 -1.53265e-33 0.928977 -0.358368 -1.48391e-33 0.93358 -0.267528 -1.10777e-33 0.96355 -0.292036 -1.20925e-33 0.956407 -0.319301 -1.32215e-33 0.947653 -0.52152 -2.15948e-33 0.853239 -0.527211 -2.18305e-33 0.849734 -0.515554 -2.13478e-33 0.856857 -0.46247 -1.91497e-33 0.886635 -0.468409 -1.93956e-33 0.883512 -0.458839 -1.89994e-33 0.88852 -0.640637 -2.65272e-33 0.767844 -0.647386 -2.68066e-33 0.762162 -0.636706 -2.63644e-33 0.771107 -0.587785 -2.43387e-33 0.809017 -0.605174 -2.50587e-33 0.796093 -0.561187 -2.32374e-33 0.827689 -0.743145 -3.07718e-33 0.669131 -0.762162 -3.15592e-33 0.647386 -0.725996 -3.00617e-33 0.687699 -0.707107 -2.92795e-33 0.707107 -0.707107 -2.92795e-33 0.707107 -0.838671 -3.47272e-33 0.544639 -0.856857 -3.54803e-33 0.515554 -0.838671 -3.47272e-33 0.544639 -0.796093 -3.29642e-33 0.605174 -0.80764 -3.34423e-33 0.589676 -0.81039 -3.35562e-33 0.585891 -0.93011 -3.85135e-33 0.367282 -0.928977 -3.84666e-33 0.370138 -0.928226 -3.84355e-33 0.372016 -0.891285 -3.69059e-33 0.453443 -0.883512 -3.6584e-33 0.468409 -0.891007 -3.68944e-33 0.45399 -0.971054 -4.02089e-33 0.238861 -0.972633 -4.02743e-33 0.232345 -0.976621 -4.04394e-33 0.21497 -0.947653 -3.92399e-33 0.319301 -0.951056 -3.93809e-33 0.309017 -0.96355 -3.98982e-33 0.267528 -0.994522 -4.11807e-33 0.104528 -0.99863 -4.13507e-33 0.0523356 -0.998533 -4.13468e-33 0.0541389 -0.994138 -4.11648e-33 0.108119 -0.987688 -4.08977e-33 0.156435 -0.998533 -4.13468e-33 -0.0541389 -0.994522 -4.11807e-33 -0.104528 -0.994138 -4.11648e-33 -0.108119 -1 -4.14075e-33 -1.19249e-08 -1 -4.14075e-33 -1.19249e-08 -0.99863 -4.13507e-33 -0.0523361 -0.96355 -3.98982e-33 -0.267528 -0.965926 -3.99966e-33 -0.258819 -0.965926 -3.99966e-33 -0.258819 -0.986826 -4.0862e-33 -0.161782 -0.981694 -4.06495e-33 -0.190464 -0.976621 -4.04394e-33 -0.21497 -0.922882 -3.82142e-33 -0.385082 -0.919979 -3.8094e-33 -0.391967 -0.928977 -3.84666e-33 -0.370138 -0.947653 -3.92399e-33 -0.319301 -0.951056 -3.93809e-33 -0.309017 -0.93358 -3.86572e-33 -0.358368 -0.8773 -3.63268e-33 -0.479943 -0.854293 -3.53741e-33 -0.519792 -0.856857 -3.54803e-33 -0.515554 -0.883512 -3.6584e-33 -0.468409 -0.898449 -3.72025e-33 -0.439077 -0.817088 -3.38336e-33 -0.576512 -0.813052 -3.36664e-33 -0.582191 -0.827689 -3.42725e-33 -0.561187 -0.828013 -3.4286e-33 -0.560708 -0.829111 -3.43314e-33 -0.559084 -0.762162 -3.15592e-33 -0.647386 -0.777146 -3.21797e-33 -0.62932 -0.777146 -3.21797e-33 -0.62932 -0.796093 -3.29642e-33 -0.605174 -0.794949 -3.29168e-33 -0.606677 -0.790701 -3.27409e-33 -0.612203 -0.725996 -3.00617e-33 -0.687699 -0.743145 -3.07718e-33 -0.669131 -0.687699 -2.84759e-33 -0.725996 -0.700329 -2.89989e-33 -0.713821 -0.696673 -2.88475e-33 -0.717388 -0.707107 -2.92795e-33 -0.707107 -0.707107 -2.92795e-33 -0.707107 -0.629321 -2.60586e-33 -0.777146 -0.605174 -2.50587e-33 -0.796093 -0.629321 -2.60586e-33 -0.777146 -0.670867 -2.77789e-33 -0.741578 -0.667391 -2.7635e-33 -0.744708 -0.515554 -2.13478e-33 -0.856857 -0.502024 -2.07876e-33 -0.864854 -0.497973 -2.06198e-33 -0.867192 -0.561187 -2.32374e-33 -0.827689 -0.587785 -2.43387e-33 -0.809017 -0.453991 -1.87986e-33 -0.891007 -0.406736 -1.68419e-33 -0.913546 -0.419889 -1.73866e-33 -0.907575 -0.453991 -1.87986e-33 -0.891007 -0.357795 -1.48154e-33 -0.9338 -0.356087 -1.47447e-33 -0.934453 -0.370138 -1.53265e-33 -0.928977 -0.299351 -1.23954e-33 -0.954143 -0.319302 -1.32215e-33 -0.947653 -0.306792 -1.27035e-33 -0.951777 -0.344655 -1.42713e-33 -0.93873 -0.339056 -1.40395e-33 -0.940766 -0.216667 -8.97163e-34 -0.976246 -0.258819 -1.07171e-33 -0.965926 -0.216666 -8.97161e-34 -0.976246 -0.268047 -1.10992e-33 -0.963406 -0.264088 -1.09352e-33 -0.964499 -0.267529 -1.10777e-33 -0.96355 -0.214971 -8.9014e-34 -0.97662 -0.258819 -1.07171e-33 -0.965926 -0.163068 -6.75222e-34 -0.986615 -0.161782 -6.699e-34 -0.986826 -0.108982 -4.51269e-34 -0.994044 -0.108119 -4.47693e-34 -0.994138 -0.0541387 -2.24175e-34 -0.998533 -0.0545725 -2.25971e-34 -0.99851 -0.462493 -1.91507e-33 -0.886623 -0.468408 -1.93956e-33 -0.883512 -0.467004 -1.93375e-33 -0.884255 -0.527243 -2.18318e-33 -0.849715 -0.532296 -2.2041e-33 -0.846558 -0.544639 -2.25521e-33 -0.838671 -0.544124 -2.25308e-33 -0.839005 -0.640646 -2.65276e-33 -0.767836 -0.647386 -2.68066e-33 -0.762162 -0.645228 -2.67173e-33 -0.76399 -0.829477 -3.43466e-33 -0.558541 -0.259419 -1.07419e-33 -0.965765 -0.261187 -1.08151e-33 -0.965288 -0.272952 -1.13022e-33 -0.962028 -0.285115 -1.18059e-33 -0.958493 -0.278702 -1.15404e-33 -0.960378 -0.292075 -1.20941e-33 -0.956395 -0.311241 -1.28877e-33 -0.950331 -0.3259 -1.34947e-33 -0.945404 -0.318667 -1.31952e-33 -0.947867 -0.33274 -1.37779e-33 -0.943018 -0.353276 -1.46283e-33 -0.935519 -0.349445 -1.44696e-33 -0.936957 -0.358368 -1.48391e-33 -0.93358 -0.358368 -1.48391e-33 -0.93358 -0.907575 -3.75804e-33 -0.419889 -0.907827 -3.75909e-33 -0.419344 -0.905181 -3.74813e-33 -0.425026 -0.898449 -3.72025e-33 -0.439078 -0.932641 -3.86183e-33 -0.360807 -0.931483 -3.85704e-33 -0.363784 -0.454544 -1.88215e-33 -0.890724 -0.458847 -1.89997e-33 -0.888515 -0.456174 -1.8889e-33 -0.889891 -0.472286 -1.95562e-33 -0.881446 -0.484538 -2.00635e-33 -0.87477 -0.478167 -1.97997e-33 -0.878269 -0.491187 -2.03388e-33 -0.871054 -0.515339 -2.13389e-33 -0.856986 -0.508776 -2.10672e-33 -0.860899 -0.521533 -2.15954e-33 -0.853231 -0.536613 -2.22198e-33 -0.843828 -0.540061 -2.23626e-33 -0.841626 -0.54259 -2.24673e-33 -0.839998 -0.544639 -2.25522e-33 -0.83867 -0.975988 -4.04132e-33 -0.217826 -0.9743 -4.03433e-33 -0.225254 -0.631224 -2.61374e-33 -0.775601 -0.629803 -2.60786e-33 -0.776755 -0.633553 -2.62338e-33 -0.773699 -0.636726 -2.63652e-33 -0.77109 -0.65032 -2.69281e-33 -0.75966 -0.661556 -2.73934e-33 -0.749896 -0.655825 -2.71561e-33 -0.754913 -0.682255 -2.82505e-33 -0.731114 -0.676649 -2.80183e-33 -0.736306 -0.692387 -2.867e-33 -0.721527 -0.687534 -2.8469e-33 -0.726153 -0.703243 -2.91196e-33 -0.710949 -0.705378 -2.92079e-33 -0.708831 -0.706672 -2.92615e-33 -0.707541 -0.987688 -4.08977e-33 -0.156435 -0.987303 -4.08818e-33 -0.158845 -0.986821 -4.08618e-33 -0.161814 -0.778791 -3.22478e-33 -0.627283 -0.780799 -3.23309e-33 -0.624782 -0.777564 -3.2197e-33 -0.628804 -0.783511 -3.24432e-33 -0.621377 -0.78685 -3.25815e-33 -0.617144 -0.799459 -3.31036e-33 -0.60072 -0.804084 -3.32951e-33 -0.594516 -0.808677 -3.34853e-33 -0.588253 -0.820688 -3.39826e-33 -0.571377 -0.826217 -3.42116e-33 -0.563352 -0.823752 -3.41095e-33 -0.56695 -0.829477 -3.43466e-33 -0.558541 -0.898741 -3.72146e-33 -0.43848 -0.900994 -3.73079e-33 -0.433832 -0.899597 -3.725e-33 -0.436722 -0.902875 -3.73858e-33 -0.429903 -0.91073 -3.7711e-33 -0.413003 -0.916908 -3.79668e-33 -0.399099 -0.913791 -3.78378e-33 -0.406184 -0.925542 -3.83244e-33 -0.378646 -0.929889 -3.85044e-33 -0.36784 -0.927897 -3.84219e-33 -0.372838 -0.933346 -3.86475e-33 -0.358979 -0.93358 -3.86572e-33 -0.358368 -0.986826 -4.0862e-33 0.161782 -0.987302 -4.08817e-33 0.158856 -0.987591 -4.08937e-33 0.157048 -0.987688 -4.08977e-33 0.156435 -0.980207 -4.05879e-33 0.197976 -0.978631 -4.05227e-33 0.205623 -0.966558 -4.00227e-33 -0.25645 -0.967324 -4.00545e-33 -0.253542 -0.966086 -4.00032e-33 -0.258219 -0.969616 -4.01494e-33 -0.24463 -0.968357 -4.00973e-33 -0.249567 -0.971062 -4.02093e-33 -0.238826 -0.972637 -4.02745e-33 -0.23233 -0.977659 -4.04824e-33 -0.210199 -0.978631 -4.05227e-33 -0.205623 -0.98021 -4.0588e-33 -0.19796 -0.983048 -4.07056e-33 -0.183348 -0.985291 -4.07984e-33 -0.170885 -0.984255 -4.07555e-33 -0.176753 -0.986151 -4.0834e-33 -0.16585 -0.987592 -4.08937e-33 -0.157041 -0.987688 -4.08977e-33 -0.156435 -0.933581 -3.86572e-33 0.358368 -0.966084 -4.00031e-33 0.258226 -0.966555 -4.00226e-33 0.25646 -0.914494 -3.78669e-33 0.404598 -0.907575 -3.75804e-33 0.419889 -0.912591 -3.77881e-33 0.408873 -0.933581 -3.86572e-33 0.358368 -0.866025 -3.58599e-33 0.5 -0.900172 -3.72739e-33 0.435535 -0.897561 -3.71657e-33 0.440891 -0.98682 -4.08617e-33 0.161824 -0.985289 -4.07983e-33 0.170898 -0.986147 -4.08339e-33 0.165875 -0.983045 -4.07054e-33 0.183363 -0.984249 -4.07553e-33 0.176788 -0.981686 -4.06492e-33 0.190504 -0.977659 -4.04824e-33 0.210199 -0.974291 -4.0343e-33 0.225293 -0.975984 -4.04131e-33 0.217842 -0.968351 -4.0097e-33 0.249592 -0.969613 -4.01493e-33 0.244642 -0.967322 -4.00544e-33 0.253552 -0.965926 -3.99966e-33 0.258819 -0.965926 -3.99966e-33 0.258819 -0.786281 -3.25579e-33 0.617869 -0.783115 -3.24268e-33 0.621877 -0.827689 -3.42725e-33 0.561187 -0.82725 -3.42543e-33 0.561834 -0.830596 -3.43929e-33 0.556876 -0.777146 -3.21797e-33 0.62932 -0.777146 -3.21797e-33 0.62932 -0.933358 -3.8648e-33 0.358948 -0.93161 -3.85756e-33 0.363459 -0.932699 -3.86207e-33 0.360656 -0.925984 -3.83427e-33 0.377562 -0.920626 -3.81208e-33 0.390445 -0.92344 -3.82373e-33 0.383743 -0.917625 -3.79966e-33 0.397446 -0.906159 -3.75218e-33 0.422936 -0.909365 -3.76545e-33 0.416 -0.903072 -3.73939e-33 0.429489 -0.893467 -3.69962e-33 0.449129 -0.895297 -3.7072e-33 0.445469 -0.892112 -3.69401e-33 0.451814 -0.891007 -3.68944e-33 0.45399 -0.687699 -2.84759e-33 0.725996 -0.687522 -2.84686e-33 0.726163 -0.69236 -2.86689e-33 0.721552 -0.661543 -2.73928e-33 0.749907 -0.66739 -2.7635e-33 0.744708 -0.838332 -3.47132e-33 0.54516 -0.835685 -3.46036e-33 0.549209 -0.837333 -3.46718e-33 0.546694 -0.833422 -3.45099e-33 0.552637 -0.823476 -3.40981e-33 0.567351 -0.814939 -3.37446e-33 0.579547 -0.81933 -3.39264e-33 0.573322 -0.798424 -3.30608e-33 0.602095 -0.803001 -3.32503e-33 0.595977 -0.789948 -3.27098e-33 0.613174 -0.794042 -3.28793e-33 0.607863 -0.780563 -3.23212e-33 0.625076 -0.77868 -3.22432e-33 0.627421 -0.777532 -3.21957e-33 0.628843 -0.544639 -2.25521e-33 0.838671 -0.62932 -2.60586e-33 0.777146 -0.544639 -2.25521e-33 0.838671 -0.705371 -2.92076e-33 0.708838 -0.706668 -2.92613e-33 0.707546 -0.70031 -2.89981e-33 0.713838 -0.703236 -2.91193e-33 0.710956 -0.696664 -2.88471e-33 0.717397 -0.682225 -2.82492e-33 0.731142 -0.670867 -2.77789e-33 0.741578 -0.676637 -2.80178e-33 0.736317 -0.655794 -2.71548e-33 0.75494 -0.6452 -2.67161e-33 0.764014 -0.650308 -2.69276e-33 0.759671 -0.633546 -2.62335e-33 0.773705 -0.631216 -2.61371e-33 0.775607 -0.629797 -2.60783e-33 0.77676 -0.629321 -2.60586e-33 0.777146 -0.453991 -1.87986e-33 0.891007 -0.419889 -1.73865e-33 0.907575 -0.484503 -2.0062e-33 0.87479 -0.491172 -2.03382e-33 0.871062 -0.542581 -2.24669e-33 0.840003 -0.540053 -2.23622e-33 0.841631 -0.544118 -2.25306e-33 0.839009 -0.536592 -2.22189e-33 0.843842 -0.532285 -2.20406e-33 0.846565 -0.508761 -2.10665e-33 0.860908 -0.515304 -2.13374e-33 0.857007 -0.502024 -2.07876e-33 0.864854 -0.497973 -2.06198e-33 0.867193 -0.478153 -1.97991e-33 0.878277 -0.466993 -1.9337e-33 0.884261 -0.472253 -1.95548e-33 0.881463 -0.456165 -1.88886e-33 0.889895 -0.454537 -1.88213e-33 0.890728 -0.453991 -1.87986e-33 0.891007 -0.325862 -1.34931e-33 0.945417 -0.332725 -1.37773e-33 0.943024 -0.358368 -1.48391e-33 0.93358 -0.356078 -1.47443e-33 0.934456 -0.353267 -1.46279e-33 0.935523 -0.357788 -1.48151e-33 0.933803 -0.344643 -1.42708e-33 0.938734 -0.349421 -1.44687e-33 0.936966 -0.339021 -1.4038e-33 0.940779 -0.318651 -1.31945e-33 0.947872 -0.311241 -1.28877e-33 0.950331 -0.306791 -1.27035e-33 0.951777 -0.299335 -1.23947e-33 0.954148 -0.2851 -1.18053e-33 0.958498 -0.27294 -1.13018e-33 0.962031 -0.278667 -1.15389e-33 0.960388 -0.264079 -1.09348e-33 0.964501 -0.268022 -1.10981e-33 0.963413 -0.259412 -1.07416e-33 0.965767 -0.261177 -1.08147e-33 0.965291 -0.258819 -1.0717e-33 0.965926 -0.156434 -6.47756e-34 0.987688 -0.153848 -6.37046e-34 0.988095 -0.150678 -6.2392e-34 0.988583 -0.155779 -6.45042e-34 0.987792 -0.141037 -5.84e-34 0.990004 -0.146373 -6.06093e-34 0.98923 -0.134833 -5.58308e-34 0.990868 -0.120509 -4.98997e-34 0.992712 -0.127923 -5.29698e-34 0.991784 -0.112824 -4.67176e-34 0.993615 -0.09073 -3.7569e-34 0.995876 -0.0844833 -3.49824e-34 0.996425 -0.0747694 -3.09601e-34 0.997201 -0.0791169 -3.27603e-34 0.996865 -0.0696258 -2.88303e-34 0.997573 -0.0715815 -2.96401e-34 0.997435 -0.0689727 -2.85599e-34 0.997619 -0.998954 -4.13642e-33 0.0457354 -0.999884 -4.14027e-33 -0.0152499 -0.999526 -4.13879e-33 0.0307951 0.0304962 1.26277e-34 -0.999535 0.0913749 3.7836e-34 -0.995817 0.0615609 2.54908e-34 -0.998103 -0.995734 -4.12309e-33 0.0922684 -0.994307 -4.11718e-33 0.106551 -0.988165 -4.09175e-33 0.153392 -0.985962 -4.08262e-33 0.166969 -0.973949 -4.03288e-33 0.226767 -0.976848 -4.04488e-33 0.213933 -0.961826 -3.98268e-33 0.273663 -0.958313 -3.96813e-33 0.285721 -0.943154 -3.90537e-33 0.332355 -0.939112 -3.88863e-33 0.343612 -0.916417 -3.79465e-33 0.400225 -0.920906 -3.81324e-33 0.389786 -0.895163 -3.70665e-33 0.445738 -0.890313 -3.68656e-33 0.455349 -0.866025 -3.58599e-33 0.5 -0.860897 -3.56476e-33 0.508779 -0.828279 -3.42969e-33 0.560316 -0.833602 -3.45174e-33 0.552365 -0.798017 -3.30439e-33 0.602635 -0.792579 -3.28187e-33 0.609769 -0.759405 -3.14451e-33 0.650618 -0.753931 -3.12184e-33 0.656954 -0.712478 -2.95019e-33 0.701694 -0.717912 -2.97269e-33 0.696134 -0.673696 -2.7896e-33 0.739009 -0.668375 -2.76757e-33 0.743825 -0.626924 -2.59593e-33 0.779081 -0.621785 -2.57466e-33 0.783188 -0.572882 -2.37216e-33 0.819638 -0.577774 -2.39242e-33 0.816197 -0.526432 -2.17982e-33 0.850217 -0.521848 -2.16084e-33 0.853038 -0.473094 -1.95896e-33 0.881012 -0.468873 -1.94149e-33 0.883266 -0.414153 -1.71491e-33 0.910207 -0.41796 -1.73067e-33 0.908465 -0.361242 -1.49581e-33 0.932472 -0.357893 -1.48195e-33 0.933762 -0.303153 -1.25528e-33 0.952942 -0.300302 -1.24347e-33 0.953844 -0.241593 -1.00038e-33 0.970378 -0.243914 -1.00999e-33 0.969797 -0.18375 -7.60861e-34 0.982973 -0.181986 -7.53557e-34 0.983301 -0.122888 -5.0885e-34 0.99242 -0.121701 -5.03934e-34 0.992567 -0.060964 -2.52437e-34 0.99814 -0.0615609 -2.54908e-34 0.998103 1.37152e-11 5.74532e-44 1 -1.67261e-23 0 1 -0.999526 -4.13879e-33 -0.030795 -0.995734 -4.12309e-33 -0.0922683 -0.997094 -4.12872e-33 -0.0761784 -0.990595 -4.10181e-33 -0.136824 -0.988165 -4.09175e-33 -0.153392 -0.980412 -4.05964e-33 -0.19696 -0.976848 -4.04488e-33 -0.213933 -0.961826 -3.98268e-33 -0.273663 -0.966581 -4.00237e-33 -0.256363 -0.949154 -3.93021e-33 -0.314813 -0.943154 -3.90537e-33 -0.332355 -0.928196 -3.84343e-33 -0.372091 -0.920906 -3.81324e-33 -0.389786 -0.895163 -3.70665e-33 -0.445738 -0.903785 -3.74235e-33 -0.427986 -0.876013 -3.62735e-33 -0.482288 -0.866026 -3.58599e-33 -0.5 -0.844981 -3.49885e-33 -0.534796 -0.833602 -3.45174e-33 -0.552365 -0.798017 -3.30439e-33 -0.602634 -0.810806 -3.35734e-33 -0.585315 -0.773615 -3.20335e-33 -0.633656 -0.759405 -3.14451e-33 -0.650618 -0.733546 -3.03743e-33 -0.67964 -0.717912 -2.97269e-33 -0.696134 -0.673696 -2.7896e-33 -0.739009 -0.690748 -2.86021e-33 -0.723096 -0.64538 -2.67236e-33 -0.763862 -0.626924 -2.59593e-33 -0.779081 -0.597611 -2.47456e-33 -0.801786 -0.577774 -2.39242e-33 -0.816197 -0.526432 -2.17982e-33 -0.850217 -0.54762 -2.26756e-33 -0.836727 -0.495591 -2.05212e-33 -0.868556 -0.473093 -1.95896e-33 -0.881012 -0.441719 -1.82905e-33 -0.897154 -0.41796 -1.73067e-33 -0.908465 -0.361242 -1.49581e-33 -0.932472 -0.386203 -1.59917e-33 -0.922414 -0.329251 -1.36334e-33 -0.944243 -0.303153 -1.25528e-33 -0.952942 -0.271074 -1.12245e-33 -0.962559 -0.243914 -1.00999e-33 -0.969797 -0.18375 -7.60861e-34 -0.982973 -0.211888 -8.77375e-34 -0.977294 -0.151914 -6.29038e-34 -0.988394 -0.122888 -5.08849e-34 -0.99242 -0.0913752 -3.78362e-34 -0.995817 -0.0615609 -2.54908e-34 -0.998103 8.74228e-08 3.61996e-40 -1 -0.0304963 -1.26278e-34 -0.999535 0.183749 7.60861e-34 -0.982973 0.122888 5.0885e-34 -0.99242 0.151914 6.29038e-34 -0.988394 0.361242 1.49581e-33 -0.932472 0.303153 1.25528e-33 -0.952942 0.329251 1.36335e-33 -0.944242 0.243914 1.00999e-33 -0.969797 0.211888 8.77376e-34 -0.977294 0.271073 1.12245e-33 -0.962559 0.473094 1.95896e-33 -0.881012 0.495591 2.05212e-33 -0.868556 0.526432 2.17982e-33 -0.850217 0.386203 1.59917e-33 -0.922414 0.441719 1.82905e-33 -0.897154 0.41796 1.73067e-33 -0.908465 0.64538 2.67236e-33 -0.763862 0.673696 2.7896e-33 -0.739009 0.626924 2.59593e-33 -0.779081 0.597612 2.47456e-33 -0.801786 0.577774 2.39242e-33 -0.816197 0.54762 2.26756e-33 -0.836727 0.798017 3.30439e-33 -0.602634 0.759405 3.14451e-33 -0.650618 0.773615 3.20334e-33 -0.633656 0.717912 2.97269e-33 -0.696134 0.690748 2.86021e-33 -0.723096 0.733545 3.03743e-33 -0.67964 0.866025 3.58599e-33 -0.5 0.876013 3.62735e-33 -0.482288 0.895163 3.70665e-33 -0.445738 0.810806 3.35734e-33 -0.585315 0.844981 3.49885e-33 -0.534796 0.833602 3.45174e-33 -0.552365 0.949154 3.93021e-33 -0.314812 0.961826 3.98268e-33 -0.273663 0.943154 3.90537e-33 -0.332355 0.928196 3.84343e-33 -0.372092 0.920906 3.81324e-33 -0.389786 0.903785 3.74235e-33 -0.427986 0.995734 4.12309e-33 -0.0922686 0.988165 4.09175e-33 -0.153391 0.990595 4.10181e-33 -0.136824 0.976848 4.04488e-33 -0.213933 0.966581 4.00237e-33 -0.256363 0.980412 4.05964e-33 -0.19696 0.999526 4.13879e-33 0.030795 0.998954 4.13642e-33 0.0457351 0.995734 4.12309e-33 0.0922687 0.997094 4.12872e-33 -0.0761786 0.999884 4.14027e-33 -0.0152496 0.999526 4.13879e-33 -0.030795 0.973949 4.03288e-33 0.226767 0.961826 3.98268e-33 0.273663 0.976848 4.04488e-33 0.213933 0.985962 4.08262e-33 0.166969 0.988165 4.09175e-33 0.153392 0.994307 4.11718e-33 0.106551 0.895163 3.70665e-33 0.445738 0.920905 3.81324e-33 0.389786 0.916417 3.79465e-33 0.400225 0.943154 3.90537e-33 0.332355 0.958313 3.96813e-33 0.285721 0.939112 3.88863e-33 0.343612 0.833602 3.45174e-33 0.552365 0.828279 3.42969e-33 0.560316 0.798017 3.30439e-33 0.602635 0.890313 3.68656e-33 0.455349 0.860897 3.56476e-33 0.508779 0.866025 3.58599e-33 0.5 0.712478 2.95019e-33 0.701694 0.673695 2.7896e-33 0.739009 0.717912 2.97269e-33 0.696134 0.753931 3.12184e-33 0.656954 0.759405 3.14451e-33 0.650618 0.792579 3.28187e-33 0.609769 0.668375 2.76757e-33 0.743825 0.626924 2.59593e-33 0.779081 0.577774 2.39242e-33 0.816197 0.621785 2.57466e-33 0.783188 0.572882 2.37216e-33 0.819638 0.526432 2.17982e-33 0.850217 0.521848 2.16084e-33 0.853038 0.473093 1.95896e-33 0.881012 0.41796 1.73067e-33 0.908465 0.468873 1.94149e-33 0.883266 0.414154 1.71491e-33 0.910207 0.361242 1.49581e-33 0.932472 0.357893 1.48195e-33 0.933762 0.303153 1.25528e-33 0.952942 0.243914 1.00998e-33 0.969797 0.300302 1.24348e-33 0.953844 0.241593 1.00038e-33 0.970378 0.183749 7.6086e-34 0.982973 0.181986 7.53558e-34 0.983301 0.122888 5.0885e-34 0.99242 0.0615611 2.54909e-34 0.998103 0.121701 5.03933e-34 0.992567 0.0609643 2.52438e-34 0.99814 -0.704692 -0.707107 -0.0583924 -0.704692 -0.707107 0.0583924 -0.704692 -0.707107 0.0583924 6.18172e-08 -0.707107 -0.707107 0.116386 -0.707107 -0.697463 0.116386 -0.707107 -0.697463 -0.68547 -0.707107 0.173584 -0.68547 -0.707107 0.173584 -0.64755 -0.707107 0.284042 -0.64755 -0.707107 0.284042 -0.591966 -0.707107 0.386751 -0.591966 -0.707107 0.386751 -0.520235 -0.707107 0.47891 -0.520235 -0.707107 0.47891 -0.434314 -0.707107 0.558007 -0.434314 -0.707107 0.558007 -0.336546 -0.707107 0.621882 -0.336546 -0.707107 0.621882 -0.229597 -0.707107 0.668794 -0.229597 -0.707107 0.668794 -0.116386 -0.707107 0.697463 -0.116386 -0.707107 0.697463 -4.98723e-11 -0.707107 0.707107 -2.81047e-14 -0.707107 0.707107 -0.704692 -0.707107 -0.0583925 -0.68547 -0.707107 -0.173585 -0.68547 -0.707107 -0.173584 -0.64755 -0.707107 -0.284042 -0.591966 -0.707107 -0.386751 -0.64755 -0.707107 -0.284042 -0.591966 -0.707107 -0.386751 -0.520235 -0.707107 -0.47891 -0.520235 -0.707107 -0.47891 -0.434314 -0.707107 -0.558007 -0.336546 -0.707107 -0.621882 -0.434314 -0.707107 -0.558007 -0.336546 -0.707107 -0.621882 -0.229597 -0.707107 -0.668794 -0.229597 -0.707107 -0.668794 -0.116386 -0.707107 -0.697463 -1.0677e-07 -0.707107 -0.707107 -0.116386 -0.707107 -0.697463 0.336546 -0.707107 -0.621882 0.229597 -0.707107 -0.668794 0.229597 -0.707107 -0.668794 0.591966 -0.707107 -0.386751 0.520235 -0.707107 -0.47891 0.520235 -0.707107 -0.47891 0.434314 -0.707107 -0.558007 0.336546 -0.707107 -0.621882 0.434314 -0.707107 -0.558007 0.685469 -0.707107 -0.173585 0.685469 -0.707107 -0.173585 0.704692 -0.707107 -0.0583924 0.591966 -0.707107 -0.386751 0.64755 -0.707107 -0.284041 0.64755 -0.707107 -0.284041 0.685469 -0.707107 0.173585 0.64755 -0.707107 0.284041 0.68547 -0.707107 0.173584 0.704692 -0.707107 0.0583925 0.704692 -0.707107 0.0583925 0.704692 -0.707107 -0.0583924 0.434314 -0.707107 0.558007 0.520235 -0.707107 0.47891 0.520235 -0.707107 0.47891 0.591966 -0.707107 0.386751 0.64755 -0.707107 0.284041 0.591966 -0.707107 0.386751 0.434314 -0.707107 0.558006 0.336545 -0.707107 0.621882 0.336546 -0.707107 0.621882 0.229597 -0.707107 0.668794 0.116386 -0.707107 0.697463 0.229597 -0.707107 0.668794 0.116386 -0.707107 0.697463 -0.704692 -0.707107 -0.0583924 -0.704692 -0.707107 0.0583924 -0.704692 -0.707107 0.0583924 6.18172e-08 -0.707107 -0.707107 0.116386 -0.707107 -0.697463 0.116386 -0.707107 -0.697463 -0.68547 -0.707107 0.173584 -0.68547 -0.707107 0.173584 -0.64755 -0.707107 0.284042 -0.64755 -0.707107 0.284042 -0.591966 -0.707107 0.386751 -0.591966 -0.707107 0.386751 -0.520235 -0.707107 0.47891 -0.520235 -0.707107 0.47891 -0.434314 -0.707107 0.558007 -0.434314 -0.707107 0.558007 -0.336546 -0.707107 0.621882 -0.336546 -0.707107 0.621882 -0.229597 -0.707107 0.668794 -0.229597 -0.707107 0.668794 -0.116386 -0.707107 0.697463 -0.116386 -0.707107 0.697463 -4.98723e-11 -0.707107 0.707107 -2.30804e-14 -0.707107 0.707107 -0.704692 -0.707107 -0.0583925 -0.68547 -0.707107 -0.173585 -0.68547 -0.707107 -0.173584 -0.64755 -0.707107 -0.284042 -0.591966 -0.707107 -0.386751 -0.64755 -0.707107 -0.284042 -0.591966 -0.707107 -0.386751 -0.520235 -0.707107 -0.47891 -0.520235 -0.707107 -0.47891 -0.434314 -0.707107 -0.558007 -0.336546 -0.707107 -0.621882 -0.434314 -0.707107 -0.558007 -0.336546 -0.707107 -0.621882 -0.229597 -0.707107 -0.668794 -0.229597 -0.707107 -0.668794 -0.116386 -0.707107 -0.697463 -1.0677e-07 -0.707107 -0.707107 -0.116386 -0.707107 -0.697463 0.336546 -0.707107 -0.621882 0.229597 -0.707107 -0.668794 0.229597 -0.707107 -0.668794 0.591966 -0.707107 -0.386751 0.520235 -0.707107 -0.47891 0.520235 -0.707107 -0.47891 0.434314 -0.707107 -0.558007 0.336546 -0.707107 -0.621882 0.434314 -0.707107 -0.558007 0.685469 -0.707107 -0.173585 0.685469 -0.707107 -0.173585 0.704692 -0.707107 -0.0583924 0.591966 -0.707107 -0.386751 0.64755 -0.707107 -0.284041 0.64755 -0.707107 -0.284041 0.685469 -0.707107 0.173585 0.64755 -0.707107 0.284041 0.68547 -0.707107 0.173584 0.704692 -0.707107 0.0583925 0.704692 -0.707107 0.0583925 0.704692 -0.707107 -0.0583924 0.434314 -0.707107 0.558007 0.520235 -0.707107 0.47891 0.520235 -0.707107 0.47891 0.591966 -0.707107 0.386751 0.64755 -0.707107 0.284041 0.591966 -0.707107 0.386751 0.434314 -0.707107 0.558006 0.336545 -0.707107 0.621882 0.336546 -0.707107 0.621882 0.229597 -0.707107 0.668794 0.116386 -0.707107 0.697463 0.229597 -0.707107 0.668794 0.116386 -0.707107 0.697463 -0.704692 -0.707107 -0.0583924 -0.704692 -0.707107 0.0583924 -0.704692 -0.707107 0.0583924 6.18172e-08 -0.707107 -0.707107 0.116386 -0.707107 -0.697463 0.116386 -0.707107 -0.697463 -0.68547 -0.707107 0.173584 -0.68547 -0.707107 0.173584 -0.64755 -0.707107 0.284042 -0.64755 -0.707107 0.284042 -0.591966 -0.707107 0.386751 -0.591966 -0.707107 0.386751 -0.520235 -0.707107 0.47891 -0.520235 -0.707107 0.47891 -0.434314 -0.707107 0.558007 -0.434314 -0.707107 0.558007 -0.336546 -0.707107 0.621882 -0.336546 -0.707107 0.621882 -0.229597 -0.707107 0.668794 -0.229597 -0.707107 0.668794 -0.116386 -0.707107 0.697463 -0.116386 -0.707107 0.697463 -4.98723e-11 -0.707107 0.707107 -2.12355e-14 -0.707107 0.707107 -0.704692 -0.707107 -0.0583925 -0.68547 -0.707107 -0.173585 -0.68547 -0.707107 -0.173584 -0.64755 -0.707107 -0.284042 -0.591966 -0.707107 -0.386751 -0.64755 -0.707107 -0.284042 -0.591966 -0.707107 -0.386751 -0.520235 -0.707107 -0.47891 -0.520235 -0.707107 -0.47891 -0.434314 -0.707107 -0.558007 -0.336546 -0.707107 -0.621882 -0.434314 -0.707107 -0.558007 -0.336546 -0.707107 -0.621882 -0.229597 -0.707107 -0.668794 -0.229597 -0.707107 -0.668794 -0.116386 -0.707107 -0.697463 -1.0677e-07 -0.707107 -0.707107 -0.116386 -0.707107 -0.697463 0.336546 -0.707107 -0.621882 0.229597 -0.707107 -0.668794 0.229597 -0.707107 -0.668794 0.591966 -0.707107 -0.386751 0.520235 -0.707107 -0.47891 0.520235 -0.707107 -0.47891 0.434314 -0.707107 -0.558007 0.336546 -0.707107 -0.621882 0.434314 -0.707107 -0.558007 0.685469 -0.707107 -0.173585 0.685469 -0.707107 -0.173585 0.704692 -0.707107 -0.0583924 0.591966 -0.707107 -0.386751 0.64755 -0.707107 -0.284041 0.64755 -0.707107 -0.284041 0.685469 -0.707107 0.173585 0.64755 -0.707107 0.284041 0.68547 -0.707107 0.173584 0.704692 -0.707107 0.0583925 0.704692 -0.707107 0.0583925 0.704692 -0.707107 -0.0583924 0.434314 -0.707107 0.558007 0.520235 -0.707107 0.47891 0.520235 -0.707107 0.47891 0.591966 -0.707107 0.386751 0.64755 -0.707107 0.284041 0.591966 -0.707107 0.386751 0.434314 -0.707107 0.558006 0.336545 -0.707107 0.621882 0.336546 -0.707107 0.621882 0.229597 -0.707107 0.668794 0.116386 -0.707107 0.697463 0.229597 -0.707107 0.668794 0.116386 -0.707107 0.697463 -0.704692 -0.707107 -0.0583924 -0.704692 -0.707107 0.0583924 -0.704692 -0.707107 0.0583924 6.18172e-08 -0.707107 -0.707107 0.116386 -0.707107 -0.697463 0.116386 -0.707107 -0.697463 -0.68547 -0.707107 0.173584 -0.68547 -0.707107 0.173584 -0.64755 -0.707107 0.284042 -0.64755 -0.707107 0.284042 -0.591966 -0.707107 0.386751 -0.591966 -0.707107 0.386751 -0.520235 -0.707107 0.47891 -0.520235 -0.707107 0.47891 -0.434314 -0.707107 0.558007 -0.434314 -0.707107 0.558007 -0.336546 -0.707107 0.621882 -0.336546 -0.707107 0.621882 -0.229597 -0.707107 0.668794 -0.229597 -0.707107 0.668794 -0.116386 -0.707107 0.697463 -0.116386 -0.707107 0.697463 -4.98719e-11 -0.707107 0.707107 -2.49252e-14 -0.707107 0.707107 -0.704692 -0.707107 -0.0583925 -0.68547 -0.707107 -0.173585 -0.68547 -0.707107 -0.173584 -0.64755 -0.707107 -0.284042 -0.591966 -0.707107 -0.386751 -0.64755 -0.707107 -0.284042 -0.591966 -0.707107 -0.386751 -0.520235 -0.707107 -0.47891 -0.520235 -0.707107 -0.47891 -0.434314 -0.707107 -0.558007 -0.336546 -0.707107 -0.621882 -0.434314 -0.707107 -0.558007 -0.336546 -0.707107 -0.621882 -0.229597 -0.707107 -0.668794 -0.229597 -0.707107 -0.668794 -0.116386 -0.707107 -0.697463 -1.0677e-07 -0.707107 -0.707107 -0.116386 -0.707107 -0.697463 0.336546 -0.707107 -0.621882 0.229597 -0.707107 -0.668794 0.229597 -0.707107 -0.668794 0.591966 -0.707107 -0.386751 0.520235 -0.707107 -0.47891 0.520235 -0.707107 -0.47891 0.434314 -0.707107 -0.558007 0.336546 -0.707107 -0.621882 0.434314 -0.707107 -0.558007 0.685469 -0.707107 -0.173585 0.685469 -0.707107 -0.173585 0.704692 -0.707107 -0.0583924 0.591966 -0.707107 -0.386751 0.64755 -0.707107 -0.284041 0.64755 -0.707107 -0.284041 0.685469 -0.707107 0.173585 0.64755 -0.707107 0.284041 0.68547 -0.707107 0.173584 0.704692 -0.707107 0.0583925 0.704692 -0.707107 0.0583925 0.704692 -0.707107 -0.0583924 0.434314 -0.707107 0.558007 0.520235 -0.707107 0.47891 0.520235 -0.707107 0.47891 0.591966 -0.707107 0.386751 0.64755 -0.707107 0.284041 0.591966 -0.707107 0.386751 0.434314 -0.707107 0.558006 0.336545 -0.707107 0.621882 0.336546 -0.707107 0.621882 0.229597 -0.707107 0.668794 0.116386 -0.707107 0.697463 0.229597 -0.707107 0.668794 0.116386 -0.707107 0.697463 -0.0154934 -0.707107 0.706937 0.0162685 -0.707107 0.70692 0.0154934 -0.707107 0.706937 -0.0487709 -0.707107 0.705423 -0.0162685 -0.707107 0.70692 -0.0464504 -0.707107 0.705579 0.0464505 -0.707107 0.705579 0.0487709 -0.707107 0.705423</float_array>
          <technique_common>
            <accessor count="5439" source="#ID17" stride="3">
              <param name="X" type="float"/>
              <param name="Y" type="float"/>
              <param name="Z" type="float"/>
            </accessor>
          </technique_common>
        </source>
        <vertices id="ID18">
          <input semantic="POSITION" source="#ID14"/>
          <input semantic="NORMAL" source="#ID16"/>
        </vertices>
        <triangles count="4906" material="ID19">
          <input offset="0" semantic="VERTEX" source="#ID18"/>
          <p>0 2 1 1 3 0 4 6 5 7 9 8 8 4 5 4 10 6 7 8 5 11 13 12 14 12 15 16 11 12 15 12 13 17 19 18 17 20 19 21 23 22 23 24 22 25 27 26 28 29 25 26 30 25 25 30 28 31 33 32 34 36 35 34 35 32 33 31 37 32 35 31 38 40 39 38 41 40 42 44 43 43 45 42 46 48 47 49 51 50 50 46 47 46 52 48 49 50 47 53 55 54 54 56 53 57 59 58 57 60 59 61 63 62 62 64 61 65 67 66 68 69 65 66 70 65 65 70 68 71 73 72 71 72 74 75 77 76 75 78 77 79 81 80 81 82 80 83 85 84 86 87 84 84 87 83 84 88 86 89 91 90 92 94 93 92 93 90 91 89 95 90 93 89 96 98 97 96 99 98 100 102 101 101 103 100 104 106 105 107 109 108 104 110 106 111 108 105 104 105 108 107 108 111 112 114 113 115 113 116 117 112 113 116 113 114 118 120 119 118 121 120 122 124 123 124 125 123 126 128 127 129 130 127 126 127 130 129 127 131 132 134 133 135 137 136 135 136 133 134 132 138 133 136 132 139 141 140 139 142 141 143 145 144 144 146 143 147 149 148 150 151 147 148 152 147 147 152 150 153 155 154 156 154 157 158 153 154 157 154 155 159 161 160 159 162 161 163 165 164 165 166 164 167 169 168 170 172 171 171 167 168 167 173 169 170 171 168 174 176 175 177 179 178 177 178 175 176 174 180 175 178 174 181 183 182 181 184 183 185 187 186 186 188 185 189 191 190 192 194 193 195 197 196 197 199 198 200 201 196 195 196 201 197 195 199 198 202 189 198 199 202 190 193 189 202 191 189 193 190 192 203 205 204 206 204 207 208 203 204 207 204 205 209 211 210 209 212 211 213 215 214 215 216 214 217 219 218 220 222 221 221 217 218 217 223 219 220 221 218 224 226 225 224 228 227 224 227 229 226 224 229 230 232 231 230 233 232 234 236 235 235 237 234 238 240 239 241 242 238 241 238 243 238 239 243 244 246 245 247 249 248 250 247 248 245 246 247 249 247 246 244 245 251 252 254 253 252 255 254 256 258 257 258 259 257 260 262 261 263 265 264 260 261 264 260 266 262 264 261 263 267 269 268 267 271 270 267 270 272 269 267 272 273 275 274 273 276 275 277 279 278 278 280 277 281 283 282 284 285 281 284 281 286 281 282 286 287 289 288 290 288 291 292 287 288 291 288 289 293 295 294 293 296 295 297 299 298 299 300 298 301 303 302 304 306 305 305 301 302 301 307 303 304 305 302 308 310 309 311 313 312 311 312 309 310 308 314 309 312 308 315 317 316 315 318 317 319 321 320 320 322 319 323 325 324 326 327 323 324 328 323 323 328 326 329 331 330 332 334 333 335 337 336 337 339 338 340 341 335 335 336 340 332 339 337 337 338 336 333 334 331 339 332 333 329 330 342 331 334 330 343 345 344 343 346 345 347 349 348 349 350 348 351 353 352 354 356 355 355 351 352 351 357 353 354 355 352 358 360 359 361 363 362 361 362 359 360 358 364 359 362 358 365 367 366 365 368 367 369 371 370 370 372 369 373 375 374 376 377 373 373 374 378 376 373 378 379 381 380 382 380 383 384 379 380 383 380 381 385 387 386 385 388 387 389 391 390 391 392 390 393 395 394 396 398 397 393 394 397 393 399 395 397 394 396 400 402 401 403 405 404 403 404 401 402 400 406 401 404 400 407 409 408 407 410 409 411 413 412 412 414 411 415 417 416 418 419 415 416 420 415 415 420 418 421 423 422 424 422 425 426 421 422 425 422 423 427 429 428 427 430 429 431 433 432 433 434 432 435 437 436 438 440 439 435 436 439 435 441 437 439 436 438 442 444 443 445 447 446 445 446 443 444 442 448 443 446 442 449 451 450 449 452 451 453 455 454 454 456 453 457 459 458 460 461 457 458 462 457 457 462 460 463 465 464 466 464 467 468 463 464 467 464 465 469 471 470 469 472 471 473 475 474 475 476 474 477 479 478 480 481 478 478 481 477 478 482 480 483 485 484 486 488 487 486 487 484 485 483 489 484 487 483 490 492 491 490 493 492 494 496 495 495 497 494 498 500 499 501 499 502 503 498 499 502 499 500 504 506 505 504 507 506 508 510 509 510 511 509 512 514 513 515 516 513 513 516 512 513 517 515 518 520 519 521 523 522 521 522 519 520 518 524 519 522 518 525 527 526 525 528 527 529 531 530 530 532 529 533 535 534 536 537 533 536 533 538 533 534 538 539 541 540 542 540 543 544 539 540 543 540 541 545 547 546 545 548 547 549 551 550 551 552 550 553 555 554 556 558 557 557 554 556 555 553 559 557 553 554 560 562 561 563 565 564 566 568 567 569 571 570 572 574 573 573 575 572 576 577 574 573 574 577 568 572 575 576 578 577 567 568 575 566 569 570 567 569 566 571 560 561 571 561 570 564 565 562 564 562 560 565 563 579 580 582 581 581 584 583 583 580 581 585 586 584 583 584 586 587 585 588 585 587 586 589 587 588 589 588 590 580 591 582 592 593 591 582 591 593 594 592 595 592 594 593 595 597 596 596 594 595 596 597 598 597 599 598 600 602 601 603 605 604 606 608 607 609 611 610 612 614 613 612 616 615 617 618 613 613 614 617 612 615 614 617 619 618 608 615 616 606 607 609 608 616 607 610 611 601 606 609 610 600 605 602 611 600 601 603 602 605 620 622 621 623 620 621 624 621 622 623 626 625 625 620 623 627 628 626 625 626 628 627 629 628 629 627 630 631 632 630 629 630 632 633 631 634 631 633 632 634 636 635 635 633 634 637 638 636 635 636 638 637 639 638 640 642 641 643 645 644 646 648 647 649 651 650 652 654 653 652 656 655 657 658 653 653 654 657 652 655 654 657 659 658 648 655 656 646 647 649 648 656 647 650 651 641 646 649 650 640 645 642 651 640 641 643 642 645 660 662 661 663 661 664 661 663 660 664 666 665 665 663 664 667 668 666 665 666 668 667 669 668 669 667 670 671 672 670 669 670 672 673 671 674 671 673 672 674 676 675 675 673 674 677 678 676 675 676 678 677 679 678 680 682 681 683 685 684 686 688 687 689 691 690 692 694 693 692 696 695 697 698 693 693 694 697 692 695 694 697 699 698 688 695 696 686 687 689 688 696 687 690 691 681 686 689 690 680 685 682 691 680 681 683 682 685 700 702 701 703 700 701 704 701 702 703 706 705 705 700 703 707 708 706 705 706 708 707 709 708 709 707 710 711 712 710 709 710 712 713 711 714 711 713 712 714 716 715 715 713 714 717 718 716 715 716 718 717 719 718 720 722 721 723 725 724 726 728 727 729 731 730 732 734 733 732 736 735 737 738 733 733 734 737 732 735 734 737 739 738 728 735 736 726 727 729 728 736 727 730 731 721 726 729 730 720 725 722 731 720 721 723 722 725 740 742 741 743 741 744 741 743 740 744 746 745 745 743 744 747 748 746 745 746 748 747 749 748 749 747 750 751 752 750 749 750 752 753 751 754 751 753 752 754 756 755 755 753 754 757 758 756 755 756 758 757 759 758 760 762 761 763 765 764 766 768 767 769 771 770 772 774 773 772 776 775 777 778 773 773 774 777 772 775 774 777 779 778 768 775 776 766 767 769 768 776 767 770 771 761 766 769 770 760 765 762 771 760 761 763 762 765 780 782 781 783 780 781 784 781 782 783 786 785 785 780 783 787 788 786 785 786 788 787 789 788 789 787 790 791 792 790 789 790 792 793 791 794 791 793 792 794 796 795 795 793 794 797 798 796 795 796 798 797 799 798 800 802 801 803 805 804 806 807 802 801 802 807 808 806 809 806 808 807 809 811 810 810 808 809 812 813 811 810 811 813 814 812 815 812 814 813 815 817 816 816 814 815 818 819 817 816 817 819 820 818 821 818 820 819 820 821 822 823 800 801 824 823 825 823 824 800 825 827 826 826 824 825 828 829 827 826 827 829 830 828 831 828 830 829 831 833 832 832 830 831 834 835 833 832 833 835 836 834 837 834 836 835 837 839 838 838 836 837 804 805 839 838 839 805 840 842 841 840 843 842 844 846 845 845 847 844 848 850 849 851 853 852 854 850 855 848 855 850 854 857 856 857 854 855 858 859 856 856 857 858 860 859 861 858 861 859 860 863 862 863 860 861 864 865 862 862 863 864 866 865 867 864 867 865 866 869 868 869 866 867 868 869 870 870 871 868 872 848 849 872 874 873 874 872 849 875 876 873 873 874 875 877 876 878 875 878 876 877 880 879 880 877 878 881 882 879 879 880 881 883 882 884 881 884 882 883 886 885 886 883 884 887 853 885 885 886 887 887 852 853 888 890 889 891 893 892 893 891 894 895 897 896 898 900 899 896 901 895 896 902 901 897 903 896 904 905 896 896 903 904 906 907 905 906 905 904 908 909 905 908 905 907 905 910 898 910 905 909 898 912 911 910 912 898 913 898 899 911 900 898 914 913 915 913 914 898 914 917 916 915 917 914 918 914 919 916 919 914 920 922 921 920 923 922 924 926 925 927 929 928 927 930 929 931 933 932 934 936 935 932 937 931 932 938 937 933 939 932 940 941 932 932 939 940 942 943 941 942 941 940 944 945 941 944 941 943 941 946 934 946 941 945 934 948 947 946 948 934 949 934 935 947 936 934 950 949 951 949 950 934 950 953 952 951 953 950 954 950 955 952 955 950 956 958 957 956 959 958 960 962 961 963 965 964 963 966 965 967 969 968 970 972 971 968 973 967 968 974 973 969 975 968 976 977 968 968 975 976 978 979 977 978 977 976 980 981 977 980 977 979 977 982 970 982 977 981 970 984 983 982 984 970 985 970 971 983 972 970 986 985 987 985 986 970 986 989 988 987 989 986 990 986 991 988 991 986 992 994 993 992 995 994 996 998 997 996 999 998 1000 1002 1001 1003 1005 1004 1006 1000 1001 1007 1000 1006 1008 1009 1000 1008 1000 1007 1000 1010 1003 1010 1000 1009 1003 1012 1011 1010 1012 1003 1011 1013 1003 1014 1003 1004 1013 1005 1003 1015 1014 1016 1014 1015 1003 1015 1018 1017 1016 1018 1015 1015 1020 1019 1017 1020 1015 1015 1019 1021 1022 1024 1023 1022 1025 1024 1026 1028 1027 1026 1029 1028 1030 1032 1031 1033 1035 1034 1036 1030 1031 1037 1030 1036 1038 1039 1030 1038 1030 1037 1030 1040 1033 1040 1030 1039 1033 1042 1041 1040 1042 1033 1041 1043 1033 1044 1033 1034 1043 1035 1033 1045 1044 1046 1044 1045 1033 1045 1048 1047 1046 1048 1045 1045 1050 1049 1047 1050 1045 1045 1049 1051 1052 1054 1053 1052 1055 1054 1056 1058 1057 1059 1061 1060 1059 1062 1061 1063 1065 1064 1066 1068 1067 1064 1069 1063 1064 1070 1069 1065 1071 1064 1072 1073 1064 1064 1071 1072 1074 1075 1073 1074 1073 1072 1076 1077 1073 1076 1073 1075 1073 1078 1066 1078 1073 1077 1066 1080 1079 1078 1080 1066 1081 1066 1067 1079 1068 1066 1082 1081 1083 1081 1082 1066 1082 1085 1084 1083 1085 1082 1086 1082 1087 1084 1087 1082 1088 1090 1089 1088 1091 1090 1092 1094 1093 1095 1097 1096 1095 1098 1097 1099 1101 1100 1102 1104 1103 1100 1105 1099 1100 1106 1105 1101 1107 1100 1108 1109 1100 1100 1107 1108 1110 1111 1109 1110 1109 1108 1112 1113 1109 1112 1109 1111 1109 1114 1102 1114 1109 1113 1102 1116 1115 1114 1116 1102 1117 1102 1103 1115 1104 1102 1118 1117 1119 1117 1118 1102 1118 1121 1120 1119 1121 1118 1122 1118 1123 1120 1123 1118 1124 1126 1125 1124 1127 1126 1128 1130 1129 1131 1133 1132 1133 1131 1134 1135 1137 1136 1138 1140 1139 1136 1141 1135 1136 1142 1141 1137 1143 1136 1144 1145 1136 1136 1143 1144 1146 1147 1145 1146 1145 1144 1148 1149 1145 1148 1145 1147 1145 1150 1138 1150 1145 1149 1138 1152 1151 1150 1152 1138 1153 1138 1139 1151 1140 1138 1154 1153 1155 1153 1154 1138 1154 1157 1156 1155 1157 1154 1158 1154 1159 1156 1159 1154 1160 1162 1161 1160 1163 1162 1164 1166 1165 1167 1169 1168 1167 1170 1169 1171 1173 1172 1174 1176 1175 1172 1177 1171 1172 1178 1177 1173 1179 1172 1180 1181 1172 1172 1179 1180 1182 1183 1181 1182 1181 1180 1184 1185 1181 1184 1181 1183 1181 1186 1174 1186 1181 1185 1174 1188 1187 1186 1188 1174 1189 1174 1175 1187 1176 1174 1190 1189 1191 1189 1190 1174 1190 1193 1192 1191 1193 1190 1194 1190 1195 1192 1195 1190 1196 1198 1197 1198 1196 1199 1200 1202 1201 1203 1205 1204 1203 1206 1205 1207 1209 1208 1210 1212 1211 1208 1213 1207 1208 1214 1213 1209 1215 1208 1216 1217 1208 1208 1215 1216 1218 1219 1217 1218 1217 1216 1220 1221 1217 1220 1217 1219 1217 1222 1210 1222 1217 1221 1210 1224 1223 1222 1224 1210 1225 1210 1211 1223 1212 1210 1226 1225 1227 1225 1226 1210 1226 1229 1228 1227 1229 1226 1230 1226 1231 1228 1231 1226 1232 1234 1233 1232 1235 1234 1236 1238 1237 1239 1241 1240 1239 1242 1241 1243 1245 1244 1246 1248 1247 1244 1249 1243 1244 1250 1249 1245 1251 1244 1252 1253 1244 1244 1251 1252 1254 1255 1253 1254 1253 1252 1256 1257 1253 1256 1253 1255 1253 1258 1246 1258 1253 1257 1246 1260 1259 1258 1260 1246 1261 1246 1247 1259 1248 1246 1262 1261 1263 1261 1262 1246 1262 1265 1264 1263 1265 1262 1266 1262 1267 1264 1267 1262 1268 1270 1269 1268 1271 1270 1272 1274 1273 1275 1277 1276 1275 1278 1277 1279 1281 1280 1282 1284 1283 1280 1285 1279 1280 1286 1285 1281 1287 1280 1288 1289 1280 1280 1287 1288 1290 1291 1289 1290 1289 1288 1292 1293 1289 1292 1289 1291 1289 1294 1282 1294 1289 1293 1282 1296 1295 1294 1296 1282 1297 1282 1283 1295 1284 1282 1298 1297 1299 1297 1298 1282 1298 1301 1300 1299 1301 1298 1302 1298 1303 1300 1303 1298 1304 1306 1305 1304 1307 1306 1308 1310 1309 1308 1311 1310 1312 1314 1313 1315 1317 1316 1318 1312 1313 1319 1312 1318 1320 1321 1312 1320 1312 1319 1312 1322 1315 1322 1312 1321 1315 1324 1323 1322 1324 1315 1323 1325 1315 1326 1315 1316 1325 1317 1315 1327 1326 1328 1326 1327 1315 1327 1330 1329 1328 1330 1327 1327 1332 1331 1329 1332 1327 1327 1331 1333 1334 1336 1335 1334 1337 1336 1338 1340 1339 1338 1341 1340 1342 1344 1343 1345 1347 1346 1348 1342 1343 1349 1342 1348 1350 1351 1342 1350 1342 1349 1342 1352 1345 1352 1342 1351 1345 1354 1353 1352 1354 1345 1353 1355 1345 1356 1345 1346 1355 1347 1345 1357 1356 1358 1356 1357 1345 1357 1360 1359 1358 1360 1357 1357 1362 1361 1359 1362 1357 1357 1361 1363 1364 1366 1365 1364 1367 1366 1368 1370 1369 1371 1373 1372 1371 1374 1373 1375 1377 1376 1378 1380 1379 1376 1381 1375 1376 1382 1381 1377 1383 1376 1384 1385 1376 1376 1383 1384 1386 1387 1385 1386 1385 1384 1388 1389 1385 1388 1385 1387 1385 1390 1378 1390 1385 1389 1378 1392 1391 1390 1392 1378 1393 1378 1379 1391 1380 1378 1394 1393 1395 1393 1394 1378 1394 1397 1396 1395 1397 1394 1398 1394 1399 1396 1399 1394 1400 1402 1401 1402 1400 1403 1404 1406 1405 1407 1409 1408 1409 1407 1410 1411 1413 1412 1414 1416 1415 1412 1417 1411 1412 1418 1417 1413 1419 1412 1420 1421 1412 1412 1419 1420 1422 1423 1421 1422 1421 1420 1424 1425 1421 1424 1421 1423 1421 1426 1414 1426 1421 1425 1414 1428 1427 1426 1428 1414 1429 1414 1415 1427 1416 1414 1430 1429 1431 1429 1430 1414 1430 1433 1432 1431 1433 1430 1434 1430 1435 1432 1435 1430 1436 1438 1437 1438 1436 1439 1440 1442 1441 1443 1445 1444 1445 1443 1446 1447 1449 1448 1450 1452 1451 1448 1453 1447 1448 1454 1453 1449 1455 1448 1456 1457 1448 1448 1455 1456 1458 1459 1457 1458 1457 1456 1460 1461 1457 1460 1457 1459 1457 1462 1450 1462 1457 1461 1450 1464 1463 1462 1464 1450 1465 1450 1451 1463 1452 1450 1466 1465 1467 1465 1466 1450 1466 1469 1468 1467 1469 1466 1470 1466 1471 1468 1471 1466 1472 1474 1473 1472 1475 1474 1476 1478 1477 1479 1481 1480 1479 1482 1481 1483 1485 1484 1486 1488 1487 1484 1489 1483 1484 1490 1489 1485 1491 1484 1492 1493 1484 1484 1491 1492 1494 1495 1493 1494 1493 1492 1496 1497 1493 1496 1493 1495 1493 1498 1486 1498 1493 1497 1486 1500 1499 1498 1500 1486 1501 1486 1487 1499 1488 1486 1502 1501 1503 1501 1502 1486 1502 1505 1504 1503 1505 1502 1506 1502 1507 1504 1507 1502 1508 1510 1509 1510 1508 1511 1512 1514 1513 1515 1517 1516 1517 1515 1518 1519 1521 1520 1522 1524 1523 1520 1525 1519 1520 1526 1525 1521 1527 1520 1528 1529 1520 1520 1527 1528 1530 1531 1529 1530 1529 1528 1532 1533 1529 1532 1529 1531 1529 1534 1522 1534 1529 1533 1522 1536 1535 1534 1536 1522 1537 1522 1523 1535 1524 1522 1538 1537 1539 1537 1538 1522 1538 1541 1540 1539 1541 1538 1542 1538 1543 1540 1543 1538 1544 1546 1545 1546 1544 1547 1548 1550 1549 1551 1553 1552 1553 1551 1554 1555 1557 1556 1558 1560 1559 1556 1561 1555 1556 1562 1561 1557 1563 1556 1564 1565 1556 1556 1563 1564 1566 1567 1565 1566 1565 1564 1568 1569 1565 1568 1565 1567 1565 1570 1558 1570 1565 1569 1558 1572 1571 1570 1572 1558 1573 1558 1559 1571 1560 1558 1574 1573 1575 1573 1574 1558 1574 1577 1576 1575 1577 1574 1578 1574 1579 1576 1579 1574 1580 1582 1581 1582 1580 1583 1584 1586 1585 1584 1587 1586 1588 1590 1589 1591 1593 1592 1594 1588 1589 1595 1588 1594 1596 1597 1588 1596 1588 1595 1588 1598 1591 1598 1588 1597 1591 1600 1599 1598 1600 1591 1599 1601 1591 1602 1591 1592 1601 1593 1591 1603 1602 1604 1602 1603 1591 1603 1606 1605 1604 1606 1603 1603 1608 1607 1605 1608 1603 1603 1607 1609 1610 1612 1611 1610 1613 1612 1614 1616 1615 1614 1617 1616 1618 1620 1619 1621 1623 1622 1624 1618 1619 1625 1618 1624 1626 1627 1618 1626 1618 1625 1618 1628 1621 1628 1618 1627 1621 1630 1629 1628 1630 1621 1629 1631 1621 1632 1621 1622 1631 1623 1621 1633 1632 1634 1632 1633 1621 1633 1636 1635 1634 1636 1633 1633 1638 1637 1635 1638 1633 1633 1637 1639 1640 1642 1641 1640 1643 1642 1644 1646 1645 1647 1649 1648 1649 1647 1650 1651 1653 1652 1654 1656 1655 1652 1657 1651 1652 1658 1657 1653 1659 1652 1660 1661 1652 1652 1659 1660 1662 1663 1661 1662 1661 1660 1664 1665 1661 1664 1661 1663 1661 1666 1654 1666 1661 1665 1654 1668 1667 1666 1668 1654 1669 1654 1655 1667 1656 1654 1670 1669 1671 1669 1670 1654 1670 1673 1672 1671 1673 1670 1674 1670 1675 1672 1675 1670 1676 1678 1677 1678 1676 1679 1680 1682 1681 1683 1685 1684 1685 1683 1686 1687 1689 1688 1690 1692 1691 1688 1693 1687 1688 1694 1693 1689 1695 1688 1696 1697 1688 1688 1695 1696 1698 1699 1697 1698 1697 1696 1700 1701 1697 1700 1697 1699 1697 1702 1690 1702 1697 1701 1690 1704 1703 1702 1704 1690 1705 1690 1691 1703 1692 1690 1706 1705 1707 1705 1706 1690 1706 1709 1708 1707 1709 1706 1710 1706 1711 1708 1711 1706 1712 1714 1713 1714 1712 1715 1716 1718 1717 1719 1721 1720 1721 1719 1722 1723 1725 1724 1726 1728 1727 1724 1729 1723 1724 1730 1729 1725 1731 1724 1732 1733 1724 1724 1731 1732 1734 1735 1733 1734 1733 1732 1736 1737 1733 1736 1733 1735 1733 1738 1726 1738 1733 1737 1726 1740 1739 1738 1740 1726 1741 1726 1727 1739 1728 1726 1742 1741 1743 1741 1742 1726 1742 1745 1744 1743 1745 1742 1746 1742 1747 1744 1747 1742 1748 1750 1749 1750 1748 1751 1752 1754 1753 1755 1757 1756 1757 1755 1758 1759 1761 1760 1762 1764 1763 1760 1765 1759 1760 1766 1765 1761 1767 1760 1768 1769 1760 1760 1767 1768 1770 1771 1769 1770 1769 1768 1772 1773 1769 1772 1769 1771 1769 1774 1762 1774 1769 1773 1762 1776 1775 1774 1776 1762 1777 1762 1763 1775 1764 1762 1778 1777 1779 1777 1778 1762 1778 1781 1780 1779 1781 1778 1782 1778 1783 1780 1783 1778 1784 1786 1785 1786 1784 1787 1788 1790 1789 1791 1793 1792 1794 1796 1795 1797 1798 1796 1791 1800 1799 1801 1793 1791 1793 1802 1792 1792 1800 1791 1803 1793 1801 1792 1804 1800 1802 1793 1805 1806 1804 1792 1804 1795 1800 1795 1796 1798 1795 1798 1800 1807 1796 1794 1794 1795 1808 1809 1811 1810 1810 1807 1794 1807 1811 1812 1807 1810 1811 1811 1814 1813 1812 1811 1813 1815 1816 1814 1815 1814 1811 1816 1818 1817 1817 1814 1816 1819 1821 1820 1822 1819 1820 1823 1789 1790 1824 1826 1825 1827 1829 1828 1830 1832 1831 1833 1835 1834 1827 1837 1836 1838 1840 1839 1838 1842 1841 1843 1845 1844 1846 1848 1847 1849 1843 1844 1850 1852 1851 1853 1852 1850 1854 1856 1855 1857 1859 1858 1860 1862 1861 1861 1855 1856 1863 1865 1864 1862 1863 1866 1867 1865 1868 1867 1870 1869 1857 1871 1854 1872 1856 1873 1874 1867 1868 1864 1867 1869 1867 1864 1865 1875 1865 1860 1876 1864 1877 1876 1863 1864 1860 1863 1862 1860 1865 1863 1872 1861 1856 1860 1861 1872 1854 1855 1878 1879 1855 1861 1859 1854 1878 1857 1858 1851 1854 1859 1857 1850 1851 1880 1851 1858 1880 1881 1882 1853 1881 1853 1850 1882 1848 1846 1848 1882 1881 1849 1847 1843 1849 1846 1847 1883 1845 1884 1844 1845 1883 1839 1840 1884 1883 1884 1840 1841 1842 1834 1839 1842 1838 1835 1833 1836 1835 1841 1834 1885 1836 1837 1885 1835 1836 1829 1831 1828 1828 1837 1827 1830 1886 1832 1829 1830 1831 1789 1823 1886 1832 1886 1823 1825 1887 1788 1887 1790 1788 1888 1826 1824 1826 1887 1825 1888 1821 1819 1821 1888 1824 1889 1822 1818 1822 1889 1819 1817 1890 1814 1822 1817 1818 1891 1893 1892 1891 1894 1893 1895 1897 1896 1895 1898 1897 1899 1901 1900 1902 1903 1901 1900 1901 1903 1904 1902 1905 1902 1904 1903 1905 1907 1906 1906 1904 1905 1908 1909 1907 1906 1907 1909 1910 1908 1911 1908 1910 1909 1911 1913 1912 1912 1910 1911 1914 1915 1913 1912 1913 1915 1916 1914 1917 1914 1916 1915 1918 1916 1917 1918 1917 1919 1900 1920 1899 1921 1920 1922 1920 1921 1899 1922 1924 1923 1923 1921 1922 1925 1926 1924 1923 1924 1926 1927 1925 1928 1925 1927 1926 1928 1930 1929 1929 1927 1928 1931 1932 1930 1929 1930 1932 1933 1931 1934 1931 1933 1932 1934 1936 1935 1935 1933 1934 1935 1936 1937 1936 1938 1937 1939 1941 1940 1941 1942 1940 1941 1939 1943 1944 1945 1941 1941 1945 1942 1941 1946 1944 1947 1941 1948 1947 1946 1941 1949 1950 1948 1948 1941 1949 1951 1953 1952 1954 1950 1951 1955 1951 1956 1951 1955 1957 1958 1953 1951 1957 1958 1951 1951 1959 1954 1951 1952 1959 1960 1951 1961 1962 1960 1963 1960 1965 1964 1960 1964 1966 1960 1968 1967 1965 1960 1967 1960 1962 1969 1968 1960 1969 1970 1961 1951 1960 1961 1963 1949 1970 1950 1970 1951 1950 1971 1972 1949 1949 1972 1970 1973 1974 1949 1949 1974 1971 1975 1976 1949 1949 1976 1973 1977 1978 1949 1949 1978 1975 1979 1981 1980 1982 1984 1983 1985 1987 1986 1983 1984 1981 1981 1979 1983 1985 1986 1980 1986 1979 1980 1988 1990 1989 1991 1993 1992 1994 1996 1995 1997 1993 1991 1998 1999 1993 2000 1998 1993 2001 1997 2002 2003 2005 2004 1991 1992 2006 1994 1995 2005 1991 2004 2005 2002 1997 1995 1991 2005 1995 2007 1993 1997 1995 1997 1991 2008 2007 2009 2007 2008 1993 2010 2000 2008 2008 2000 1993 2000 2010 2011 2010 2012 2011 2013 2011 2014 2013 2000 2011 2015 2016 2011 2014 2011 2016 2016 2015 2017 2015 2018 2017 2019 2017 2020 2019 2016 2017 2021 2022 2017 2020 2017 2022 2021 2023 1989 1989 2022 2021 1990 1988 2024 1988 1989 2023 2025 2027 2026 2028 2026 2029 2030 2032 2031 2033 2034 2025 2035 2037 2036 2038 2031 2039 2040 2042 2041 2043 2045 2044 2046 2047 2042 2048 2050 2049 2050 2052 2051 2053 2055 2054 2056 2058 2057 2059 2061 2060 2062 2053 2060 2063 2065 2064 2066 2067 2063 2068 2070 2069 2071 2072 2063 2073 2074 2070 2075 2068 2069 2076 2059 2060 2077 2078 2073 2079 2081 2080 2082 2083 2073 2084 2081 2085 2086 2079 2080 2077 2073 2070 2083 2082 2087 2079 2073 2083 2088 2083 2089 2088 2089 2090 2081 2083 2088 2081 2088 2085 2091 2073 2079 2083 2081 2079 2091 2092 2074 2074 2073 2091 2070 2074 2069 2093 2068 2094 2068 2093 2070 2071 2095 2068 2094 2068 2095 2064 2095 2063 2095 2071 2063 2059 2067 2066 2065 2063 2067 2096 2061 2059 2096 2059 2066 2097 2062 2060 2060 2061 2097 2055 2056 2054 2053 2062 2055 2056 2098 2058 2055 2098 2056 2049 2057 2048 2048 2057 2058 2050 2051 2099 2048 2052 2050 2045 2043 2099 2099 2051 2045 2044 2046 2042 2044 2045 2046 2041 2100 2040 2042 2047 2041 2035 2100 2037 2041 2037 2100 2039 2035 2038 2038 2035 2036 2030 2031 2101 2031 2032 2039 2034 2033 2030 2030 2101 2034 2102 2025 2026 2033 2025 2102 1990 2028 2029 2026 2027 2029 1990 2103 1989 1990 2024 2028 2104 2106 2105 2106 2104 2107 2108 2110 2109 2111 2106 2107 2112 2114 2113 2115 2117 2116 2118 2120 2119 2121 2123 2122 2118 2124 2120 2125 2118 2119 2121 2127 2126 2128 2130 2129 2131 2133 2132 2134 2136 2135 2132 2138 2137 2121 2140 2139 2141 2143 2142 2144 2146 2145 2140 2148 2147 2149 2144 2150 2144 2149 2143 2143 2149 2151 2152 2154 2153 2155 2157 2156 2158 2160 2159 2161 2163 2162 2164 2166 2165 2167 2169 2168 2170 2172 2171 2173 2174 2168 2175 2177 2176 2174 2179 2178 2180 2182 2181 2183 2185 2184 2185 2186 2184 2175 2188 2187 2189 2188 2175 2190 2188 2189 2191 2193 2192 2194 2195 2193 2196 2198 2197 2199 2201 2200 2202 2201 2199 2203 2201 2202 2204 2206 2205 2207 2209 2208 2210 2204 2211 2212 2214 2213 2215 2214 2216 2214 2212 2216 2204 2217 2211 2197 2205 2206 2218 2220 2219 2217 2204 2207 2221 2220 2222 2220 2218 2222 2223 2225 2224 2226 2228 2227 2229 2228 2230 2228 2229 2227 2206 2231 2197 2204 2210 2206 2231 2196 2197 2232 2233 2157 2234 2233 2235 2233 2234 2157 2236 2238 2237 2239 2240 2236 2241 2238 2242 2243 2245 2244 2237 2238 2241 2246 2244 2247 2248 2241 2249 2250 2252 2251 2253 2255 2254 2256 2250 2257 2241 2242 2249 2258 2256 2259 2250 2256 2258 2217 2207 2260 2261 2263 2262 2264 2266 2265 2267 2269 2268 2270 2264 2271 2268 2273 2272 2266 2264 2270 2274 2276 2275 2277 2112 2113 2113 2278 2277 2156 2279 2155 2280 2281 2155 2282 2154 2152 2268 2284 2283 2285 2284 2286 2268 2286 2284 2191 2288 2287 2160 2158 2289 2290 2158 2142 2291 2194 2287 2292 2294 2293 2185 2296 2295 2297 2299 2298 2300 2185 2183 2287 2194 2191 2301 2302 2294 2303 2305 2304 2306 2308 2307 2309 2295 2296 2310 2156 2157 2294 2302 2293 2311 2313 2312 2314 2197 2261 2315 2317 2316 2318 2320 2319 2321 2319 2322 2323 2325 2324 2326 2325 2327 2154 2328 2308 2329 2330 2321 2331 2317 2332 2332 2315 2333 2334 2336 2335 2337 2339 2338 2340 2342 2341 2332 2317 2315 2343 2345 2344 2346 2348 2347 2349 2351 2350 2352 2353 2349 2338 2355 2354 2351 2357 2356 2358 2359 2338 2360 2361 2359 2362 2299 2297 2363 2364 2234 2359 2361 2338 2326 2366 2365 2367 2369 2368 2368 2371 2370 2372 2374 2373 2375 2363 2234 2368 2370 2367 2376 2373 2377 2378 2380 2379 2379 2382 2381 2378 2379 2381 2374 2372 2383 2218 2385 2384 2386 2388 2387 2389 2325 2326 2117 2391 2390 2392 2116 2117 2393 2395 2394 2120 2397 2396 2117 2115 2391 2398 2400 2399 2119 2402 2401 2400 2398 2403 2404 2403 2398 2388 2386 2405 2401 2127 2121 2154 2308 2306 2343 2407 2406 2387 2409 2408 2212 2411 2410 2395 2393 2412 2394 2395 2374 2377 2373 2374 2116 2365 2413 2325 2415 2414 2416 2381 2417 2370 2354 2418 2419 2367 2420 2339 2355 2338 2348 2362 2361 2361 2297 2337 2348 2346 2362 2351 2421 2348 2347 2348 2421 2351 2356 2422 2351 2422 2421 2351 2353 2423 2357 2351 2423 2351 2349 2353 2349 2425 2424 2352 2349 2424 2426 2425 2343 2349 2343 2425 2343 2406 2426 2345 2335 2344 2407 2343 2344 2427 2428 2335 2335 2428 2344 2334 2335 2429 2335 2336 2427 2430 2429 2342 2335 2342 2429 2342 2315 2341 2342 2340 2430 2295 2309 2341 2405 2431 2388 2395 2402 2119 2134 2135 2432 2143 2134 2432 2132 2433 2134 2136 2134 2433 2132 2133 2434 2132 2434 2433 2132 2137 2435 2131 2132 2435 2129 2130 2137 2137 2138 2129 2129 2437 2436 2128 2129 2436 2140 2147 2437 2129 2140 2437 2121 2438 2140 2148 2140 2438 2123 2121 2439 2121 2122 2438 2439 2121 2126 2440 2401 2441 2440 2127 2401 2395 2412 2402 2402 2441 2401 2374 2383 2394 2377 2442 2376 2443 2442 2377 2107 2445 2444 2170 2447 2446 2155 2279 2280 2154 2282 2328 2448 2449 2223 2199 2450 2202 2216 2410 2451 2446 2452 2170 2453 2454 2170 2447 2454 2431 2144 2141 2146 2144 2145 2453 2241 2248 2455 2246 2241 2455 2456 2458 2457 2250 2258 2252 2459 2236 2240 2236 2459 2238 2281 2236 2155 2239 2236 2281 2460 2181 2461 2306 2307 2310 2157 2364 2306 2306 2310 2157 2152 2153 2462 2364 2157 2234 2463 2464 2227 2465 2467 2466 2431 2454 2388 2463 2229 2468 2223 2449 2469 2209 2207 2470 2195 2472 2471 2277 2473 2112 2474 2476 2475 2477 2266 2270 2251 2478 2250 2479 2250 2478 2457 2480 2258 2475 2258 2480 2457 2458 2480 2244 2481 2457 2456 2457 2481 2245 2482 2244 2244 2482 2481 2243 2244 2483 2484 2483 2246 2244 2246 2483 2485 2486 2246 2246 2486 2484 2455 2485 2246 2185 2300 2296 2487 2409 2488 2489 2491 2490 2487 2492 2409 2493 2470 2207 2208 2260 2207 2293 2495 2494 2493 2496 2470 2497 2498 2302 2495 2302 2498 2499 2153 2182 2465 2493 2467 2186 2501 2500 2501 2502 2500 2186 2185 2501 2315 2316 2295 2503 2504 2317 2505 2503 2317 2319 2320 2506 2319 2507 2505 2319 2330 2508 2318 2319 2508 2319 2321 2330 2489 2509 2321 2329 2321 2509 2510 2511 2489 2489 2511 2509 2489 2490 2510 2312 2313 2489 2491 2489 2313 2311 2312 2512 2304 2513 2312 2512 2312 2513 2514 2515 2304 2304 2515 2513 2303 2304 2516 2304 2305 2514 2262 2516 2261 2304 2261 2516 2261 2197 2263 2198 2263 2197 2517 2172 2518 2519 2450 2199 2520 2522 2521 2384 2523 2222 2524 2526 2525 2447 2170 2454 2387 2388 2409 2526 2488 2525 2408 2409 2492 2462 2153 2527 2528 2275 2276 2528 2297 2298 2467 2529 2466 2468 2530 2523 2531 2532 2385 2533 2411 2534 2189 2536 2535 2537 2189 2535 2225 2177 2538 2538 2177 2175 2168 2169 2224 2167 2168 2539 2539 2168 2540 2174 2541 2168 2540 2168 2541 2174 2178 2541 2542 2179 2521 2174 2521 2179 2543 2544 2521 2521 2544 2542 2521 2522 2543 2166 2520 2165 2521 2165 2520 2164 2165 2545 2546 2545 2163 2165 2163 2545 2161 2547 2163 2163 2547 2546 2162 2163 2548 2517 2548 2172 2163 2172 2548 2172 2170 2518 2452 2549 2170 2170 2549 2518 2223 2224 2448 2499 2527 2153 2550 2464 2375 2375 2234 2550 2550 2227 2464 2227 2229 2463 2229 2530 2468 2530 2222 2523 2222 2218 2384 2218 2531 2385 2216 2451 2532 2531 2216 2532 2216 2212 2410 2534 2202 2533 2212 2534 2411 2168 2225 2538 2202 2450 2533 2537 2519 2199 2536 2175 2176 2535 2519 2537 2175 2536 2189 2168 2224 2225 2524 2525 2469 2223 2469 2525 2290 2142 2551 2432 2551 2142 2409 2525 2488 2143 2432 2142 2145 2454 2453 2143 2141 2144 2158 2290 2289 2158 2159 2377 2110 2445 2104 2552 2120 2553 2159 2443 2377 2395 2119 2396 2119 2120 2396 2397 2120 2552 2553 2107 2444 2552 2553 2444 2107 2104 2445 2104 2109 2110 2554 2108 2400 2109 2400 2108 2554 2403 2555 2403 2554 2400 2556 2557 2555 2555 2403 2556 2117 2390 2557 2556 2117 2557 2413 2115 2116 2326 2365 2116 2326 2327 2366 2325 2414 2327 2415 2325 2323 2558 2559 2378 2324 2378 2559 2323 2324 2559 2416 2558 2381 2378 2381 2558 2417 2419 2416 2297 2361 2362 2370 2420 2367 2367 2419 2417 2355 2418 2354 2418 2420 2370 2338 2361 2337 2297 2528 2276 2274 2560 2276 2529 2467 2506 2501 2560 2502 2560 2501 2276 2319 2506 2507 2505 2507 2503 2295 2341 2315 2316 2317 2504 2507 2506 2467 2493 2465 2561 2471 2286 2269 2561 2496 2493 2562 2205 2563 2205 2197 2563 2293 2494 2562 2563 2293 2562 2293 2302 2495 2497 2191 2192 2498 2497 2192 2191 2194 2193 2194 2472 2195 2472 2286 2471 2267 2268 2272 2286 2268 2269 2272 2273 2564 2473 2564 2112 2273 2112 2564 2277 2253 2473 2266 2254 2255 2255 2253 2277 2565 2477 2270 2477 2254 2266 2479 2478 2565 2565 2270 2479 2252 2258 2476 2476 2474 2461 2475 2476 2258 2460 2180 2181 2476 2461 2181 2182 2153 2181 2566 2568 2567 2568 2570 2569 2571 2568 2572 2573 2575 2574 2576 2577 2568 2568 2577 2567 2578 2579 2568 2568 2579 2576 2580 2581 2568 2568 2581 2578 2568 2569 2580 2568 2583 2582 2570 2568 2582 2584 2583 2574 2568 2574 2583 2585 2586 2574 2574 2586 2584 2587 2588 2574 2574 2588 2585 2589 2590 2574 2574 2590 2587 2591 2592 2574 2574 2592 2589 2574 2575 2593 2574 2593 2591 2594 2573 2595 2596 2597 2573 2573 2597 2575 2573 2594 2598 2573 2598 2596 2573 2600 2599 2595 2573 2599 2573 2602 2601 2600 2573 2601 2571 2603 2573 2602 2573 2603 2604 2605 2571 2571 2605 2603 2606 2607 2571 2571 2607 2604 2608 2609 2571 2571 2609 2606 2610 2611 2571 2571 2611 2608 2572 2612 2571 2571 2612 2610 2568 2566 2572 2613 2615 2614 2616 2618 2617 2619 2620 2618 2621 2623 2622 2624 2626 2625 2617 2627 2616 2626 2627 2625 2628 2626 2624 2627 2617 2625 2621 2620 2619 2619 2618 2616 2613 2622 2623 2622 2620 2621 2614 2615 2629 2613 2623 2615 2630 2631 2629 2614 2629 2631 2632 2630 2633 2630 2632 2631 2633 2635 2634 2634 2632 2633 2634 2635 2636 2636 2638 2637 2638 2636 2635 2639 2640 2637 2637 2638 2639 2641 2642 2640 2639 2643 2640 2644 2646 2645 2647 2649 2648 2645 2647 2648 2648 2644 2645 2642 2641 2649 2642 2649 2647 2641 2640 2643 2650 2652 2651 2653 2655 2654 2656 2658 2657 2659 2661 2660 2662 2664 2663 2664 2666 2665 2663 2668 2667 2667 2662 2663 2669 2670 2668 2667 2668 2670 2662 2666 2664 2665 2666 2657 2656 2659 2658 2657 2658 2665 2650 2660 2661 2661 2659 2656 2671 2651 2652 2651 2660 2650 2654 2655 2671 2671 2652 2654 2655 2653 2672 2673 2675 2674 2676 2678 2677 2679 2681 2680 2682 2684 2683 2685 2687 2686 2688 2690 2689 2689 2691 2688 2692 2690 2693 2688 2693 2690 2694 2692 2693 2684 2691 2689 2682 2691 2684 2687 2682 2683 2685 2686 2676 2687 2683 2686 2677 2678 2680 2685 2676 2677 2679 2675 2681 2678 2679 2680 2674 2695 2673 2675 2673 2681 2696 2698 2697 2699 2701 2700 2702 2704 2703 2705 2707 2706 2708 2710 2709 2710 2712 2711 2709 2714 2713 2713 2708 2709 2715 2716 2714 2713 2714 2716 2708 2712 2710 2711 2712 2703 2702 2705 2704 2703 2704 2711 2696 2706 2707 2707 2705 2702 2717 2697 2698 2697 2706 2696 2700 2701 2717 2717 2698 2700 2701 2699 2718 2719 2721 2720 2722 2724 2723 2725 2727 2726 2728 2730 2729 2731 2733 2732 2734 2736 2735 2735 2737 2734 2738 2736 2739 2734 2739 2736 2740 2738 2739 2730 2737 2735 2728 2737 2730 2733 2728 2729 2731 2732 2722 2733 2729 2732 2723 2724 2726 2731 2722 2723 2725 2721 2727 2724 2725 2726 2720 2741 2719 2721 2719 2727 2742 2744 2743 2745 2747 2746 2748 2750 2749 2751 2753 2752 2754 2756 2755 2756 2758 2757 2755 2760 2759 2759 2754 2755 2761 2762 2760 2759 2760 2762 2754 2758 2756 2757 2758 2749 2748 2751 2750 2749 2750 2757 2742 2752 2753 2753 2751 2748 2763 2743 2744 2743 2752 2742 2746 2747 2763 2763 2744 2746 2747 2745 2764 2765 2767 2766 2768 2770 2769 2771 2773 2772 2774 2776 2775 2777 2779 2778 2780 2782 2781 2781 2783 2780 2784 2782 2785 2780 2785 2782 2786 2784 2785 2776 2783 2781 2774 2783 2776 2779 2774 2775 2777 2778 2768 2779 2775 2778 2769 2770 2772 2777 2768 2769 2771 2767 2773 2770 2771 2772 2766 2787 2765 2767 2765 2773 2788 2790 2789 2791 2793 2792 2794 2796 2795 2797 2799 2798 2800 2802 2801 2802 2804 2803 2801 2806 2805 2805 2800 2801 2807 2808 2806 2805 2806 2808 2800 2804 2802 2803 2804 2795 2794 2797 2796 2795 2796 2803 2788 2798 2799 2799 2797 2794 2809 2789 2790 2789 2798 2788 2792 2793 2809 2809 2790 2792 2793 2791 2810 2811 2813 2812 2814 2816 2815 2817 2819 2818 2820 2822 2821 2823 2825 2824 2826 2828 2827 2827 2829 2826 2830 2828 2831 2826 2831 2828 2832 2830 2831 2822 2829 2827 2820 2829 2822 2825 2820 2821 2823 2824 2814 2825 2821 2824 2815 2816 2818 2823 2814 2815 2817 2813 2819 2816 2817 2818 2812 2833 2811 2813 2811 2819 2834 2836 2835 2837 2839 2838 2840 2842 2841 2843 2845 2844 2846 2848 2847 2848 2850 2849 2847 2852 2851 2851 2846 2847 2853 2854 2852 2851 2852 2854 2846 2850 2848 2849 2850 2841 2840 2843 2842 2841 2842 2849 2834 2844 2845 2845 2843 2840 2855 2835 2836 2835 2844 2834 2838 2839 2855 2855 2836 2838 2839 2837 2856 2857 2859 2858 2860 2862 2861 2863 2865 2864 2866 2868 2867 2869 2871 2870 2872 2874 2873 2873 2875 2872 2876 2874 2877 2872 2877 2874 2878 2876 2877 2868 2875 2873 2866 2875 2868 2871 2866 2867 2869 2870 2860 2871 2867 2870 2861 2862 2864 2869 2860 2861 2863 2859 2865 2862 2863 2864 2858 2879 2857 2859 2857 2865 2880 2882 2881 2883 2885 2884 2886 2888 2887 2889 2891 2890 2892 2894 2893 2894 2896 2895 2893 2898 2897 2897 2892 2893 2899 2900 2898 2897 2898 2900 2892 2896 2894 2895 2896 2887 2886 2889 2888 2887 2888 2895 2880 2890 2891 2891 2889 2886 2901 2881 2882 2881 2890 2880 2884 2885 2901 2901 2882 2884 2885 2883 2902 2903 2905 2904 2906 2908 2907 2909 2911 2910 2912 2914 2913 2915 2917 2916 2918 2920 2919 2919 2921 2918 2922 2920 2923 2918 2923 2920 2924 2922 2923 2914 2921 2919 2912 2921 2914 2917 2912 2913 2915 2916 2906 2917 2913 2916 2907 2908 2910 2915 2906 2907 2909 2905 2911 2908 2909 2910 2904 2925 2903 2905 2903 2911 2926 2928 2927 2929 2931 2930 2932 2934 2933 2935 2937 2936 2938 2940 2939 2940 2942 2941 2939 2944 2943 2943 2938 2939 2945 2946 2944 2943 2944 2946 2938 2942 2940 2941 2942 2933 2932 2935 2934 2933 2934 2941 2926 2936 2937 2937 2935 2932 2947 2927 2928 2927 2936 2926 2930 2931 2947 2947 2928 2930 2931 2929 2948 2949 2951 2950 2952 2954 2953 2955 2957 2956 2958 2960 2959 2961 2963 2962 2964 2966 2965 2965 2967 2964 2968 2966 2969 2964 2969 2966 2970 2968 2969 2960 2967 2965 2958 2967 2960 2963 2958 2959 2961 2962 2952 2963 2959 2962 2953 2954 2956 2961 2952 2953 2955 2951 2957 2954 2955 2956 2950 2971 2949 2951 2949 2957 2972 2974 2973 2975 2977 2976 2978 2980 2979 2981 2983 2982 2984 2986 2985 2986 2988 2987 2985 2990 2989 2989 2984 2985 2991 2992 2990 2989 2990 2992 2984 2988 2986 2987 2988 2979 2978 2981 2980 2979 2980 2987 2972 2982 2983 2983 2981 2978 2993 2973 2974 2973 2982 2972 2976 2977 2993 2993 2974 2976 2977 2975 2994 2995 2997 2996 2998 3000 2999 3001 3003 3002 3004 3006 3005 3007 3009 3008 3010 3012 3011 3011 3013 3010 3014 3012 3015 3010 3015 3012 3016 3014 3015 3006 3013 3011 3004 3013 3006 3009 3004 3005 3007 3008 2998 3009 3005 3008 2999 3000 3002 3007 2998 2999 3001 2997 3003 3000 3001 3002 2996 3017 2995 2997 2995 3003 3018 3020 3019 3021 3023 3022 3024 3026 3025 3027 3029 3028 3030 3032 3031 3032 3034 3033 3031 3036 3035 3035 3030 3031 3037 3038 3036 3035 3036 3038 3030 3034 3032 3033 3034 3025 3024 3027 3026 3025 3026 3033 3018 3028 3029 3029 3027 3024 3039 3019 3020 3019 3028 3018 3022 3023 3039 3039 3020 3022 3023 3021 3040 3041 3043 3042 3044 3046 3045 3047 3049 3048 3050 3052 3051 3053 3055 3054 3056 3058 3057 3057 3059 3056 3060 3058 3061 3056 3061 3058 3062 3060 3061 3052 3059 3057 3050 3059 3052 3055 3050 3051 3053 3054 3044 3055 3051 3054 3045 3046 3048 3053 3044 3045 3047 3043 3049 3046 3047 3048 3042 3063 3041 3043 3041 3049 3064 3066 3065 3067 3069 3068 3070 3072 3071 3073 3075 3074 3076 3078 3077 3078 3080 3079 3077 3082 3081 3081 3076 3077 3083 3084 3082 3081 3082 3084 3076 3080 3078 3079 3080 3071 3070 3073 3072 3071 3072 3079 3064 3074 3075 3075 3073 3070 3085 3065 3066 3065 3074 3064 3068 3069 3085 3085 3066 3068 3069 3067 3086 3087 3089 3088 3090 3092 3091 3093 3095 3094 3096 3098 3097 3099 3101 3100 3102 3104 3103 3103 3105 3102 3106 3104 3107 3102 3107 3104 3108 3106 3107 3098 3105 3103 3096 3105 3098 3101 3096 3097 3099 3100 3090 3101 3097 3100 3091 3092 3094 3099 3090 3091 3093 3089 3095 3092 3093 3094 3088 3109 3087 3089 3087 3095 3110 3112 3111 3113 3115 3114 3116 3118 3117 3119 3121 3120 3122 3124 3123 3124 3126 3125 3123 3128 3127 3127 3122 3123 3129 3130 3128 3127 3128 3130 3122 3126 3124 3125 3126 3117 3116 3119 3118 3117 3118 3125 3110 3120 3121 3121 3119 3116 3131 3111 3112 3111 3120 3110 3114 3115 3131 3131 3112 3114 3115 3113 3132 3133 3135 3134 3136 3138 3137 3139 3141 3140 3142 3144 3143 3145 3147 3146 3148 3150 3149 3149 3151 3148 3152 3150 3153 3148 3153 3150 3154 3152 3153 3144 3151 3149 3142 3151 3144 3147 3142 3143 3145 3146 3136 3147 3143 3146 3137 3138 3140 3145 3136 3137 3139 3135 3141 3138 3139 3140 3134 3155 3133 3135 3133 3141 3156 3158 3157 3159 3161 3160 3162 3164 3163 3165 3167 3166 3168 3170 3169 3170 3172 3171 3169 3174 3173 3173 3168 3169 3175 3176 3174 3173 3174 3176 3168 3172 3170 3171 3172 3163 3162 3165 3164 3163 3164 3171 3156 3166 3167 3167 3165 3162 3177 3157 3158 3157 3166 3156 3160 3161 3177 3177 3158 3160 3161 3159 3178 3179 3181 3180 3182 3184 3183 3185 3187 3186 3188 3190 3189 3191 3193 3192 3194 3196 3195 3195 3197 3194 3198 3196 3199 3194 3199 3196 3200 3198 3199 3190 3197 3195 3188 3197 3190 3193 3188 3189 3191 3192 3182 3193 3189 3192 3183 3184 3186 3191 3182 3183 3185 3181 3187 3184 3185 3186 3180 3201 3179 3181 3179 3187 3202 3204 3203 3205 3207 3206 3208 3210 3209 3211 3213 3212 3214 3216 3215 3216 3218 3217 3215 3220 3219 3219 3214 3215 3221 3222 3220 3219 3220 3222 3214 3218 3216 3217 3218 3209 3208 3211 3210 3209 3210 3217 3202 3212 3213 3213 3211 3208 3223 3203 3204 3203 3212 3202 3206 3207 3223 3223 3204 3206 3207 3205 3224 3225 3227 3226 3228 3230 3229 3231 3233 3232 3234 3236 3235 3237 3239 3238 3240 3242 3241 3241 3243 3240 3244 3242 3245 3240 3245 3242 3246 3244 3245 3236 3243 3241 3234 3243 3236 3239 3234 3235 3237 3238 3228 3239 3235 3238 3229 3230 3232 3237 3228 3229 3231 3227 3233 3230 3231 3232 3226 3247 3225 3227 3225 3233 3248 3250 3249 3251 3253 3252 3254 3256 3255 3257 3259 3258 3260 3262 3261 3262 3264 3263 3261 3266 3265 3265 3260 3261 3267 3268 3266 3265 3266 3268 3260 3264 3262 3263 3264 3255 3254 3257 3256 3255 3256 3263 3248 3258 3259 3259 3257 3254 3269 3249 3250 3249 3258 3248 3252 3253 3269 3269 3250 3252 3253 3251 3270 3271 3273 3272 3274 3276 3275 3277 3279 3278 3280 3282 3281 3283 3285 3284 3286 3288 3287 3287 3289 3286 3290 3288 3291 3286 3291 3288 3292 3290 3291 3282 3289 3287 3280 3289 3282 3285 3280 3281 3283 3284 3274 3285 3281 3284 3275 3276 3278 3283 3274 3275 3277 3273 3279 3276 3277 3278 3272 3293 3271 3273 3271 3279 3294 3296 3295 3297 3299 3298 3300 3302 3301 3303 3305 3304 3306 3308 3307 3308 3310 3309 3307 3312 3311 3311 3306 3307 3313 3314 3312 3311 3312 3314 3306 3310 3308 3309 3310 3301 3300 3303 3302 3301 3302 3309 3294 3304 3305 3305 3303 3300 3315 3295 3296 3295 3304 3294 3298 3299 3315 3315 3296 3298 3299 3297 3316 3317 3319 3318 3320 3322 3321 3323 3325 3324 3326 3328 3327 3329 3331 3330 3332 3334 3333 3333 3335 3332 3336 3334 3337 3332 3337 3334 3338 3336 3337 3328 3335 3333 3326 3335 3328 3331 3326 3327 3329 3330 3320 3331 3327 3330 3321 3322 3324 3329 3320 3321 3323 3319 3325 3322 3323 3324 3318 3339 3317 3319 3317 3325 3340 3342 3341 3343 3345 3344 3346 3348 3347 3349 3351 3350 3352 3354 3353 3354 3356 3355 3353 3358 3357 3357 3352 3353 3359 3360 3358 3357 3358 3360 3352 3356 3354 3355 3356 3347 3346 3349 3348 3347 3348 3355 3340 3350 3351 3351 3349 3346 3361 3341 3342 3341 3350 3340 3344 3345 3361 3361 3342 3344 3345 3343 3362 3363 3365 3364 3366 3368 3367 3369 3371 3370 3372 3374 3373 3375 3377 3376 3378 3380 3379 3379 3381 3378 3382 3380 3383 3378 3383 3380 3384 3382 3383 3374 3381 3379 3372 3381 3374 3377 3372 3373 3375 3376 3366 3377 3373 3376 3367 3368 3370 3375 3366 3367 3369 3365 3371 3368 3369 3370 3364 3385 3363 3365 3363 3371 3386 3388 3387 3389 3391 3390 3392 3394 3393 3395 3397 3396 3398 3400 3399 3400 3402 3401 3399 3404 3403 3403 3398 3399 3405 3406 3404 3403 3404 3406 3398 3402 3400 3401 3402 3393 3392 3395 3394 3393 3394 3401 3386 3396 3397 3397 3395 3392 3407 3387 3388 3387 3396 3386 3390 3391 3407 3407 3388 3390 3391 3389 3408 3409 3411 3410 3412 3414 3413 3415 3417 3416 3418 3420 3419 3421 3423 3422 3424 3426 3425 3425 3427 3424 3428 3426 3429 3424 3429 3426 3430 3428 3429 3420 3427 3425 3418 3427 3420 3423 3418 3419 3421 3422 3412 3423 3419 3422 3413 3414 3416 3421 3412 3413 3415 3411 3417 3414 3415 3416 3410 3431 3409 3411 3409 3417 3432 3434 3433 3435 3437 3436 3438 3440 3439 3441 3443 3442 3444 3446 3445 3446 3448 3447 3445 3450 3449 3449 3444 3445 3451 3452 3450 3449 3450 3452 3444 3448 3446 3447 3448 3439 3438 3441 3440 3439 3440 3447 3432 3442 3443 3443 3441 3438 3453 3433 3434 3433 3442 3432 3436 3437 3453 3453 3434 3436 3437 3435 3454 3455 3457 3456 3458 3460 3459 3461 3463 3462 3464 3466 3465 3467 3469 3468 3470 3472 3471 3471 3473 3470 3474 3472 3475 3470 3475 3472 3476 3474 3475 3466 3473 3471 3464 3473 3466 3469 3464 3465 3467 3468 3458 3469 3465 3468 3459 3460 3462 3467 3458 3459 3461 3457 3463 3460 3461 3462 3456 3477 3455 3457 3455 3463 3478 3480 3479 3481 3483 3482 3484 3486 3485 3487 3489 3488 3490 3492 3491 3492 3494 3493 3491 3496 3495 3495 3490 3491 3497 3498 3496 3495 3496 3498 3490 3494 3492 3493 3494 3485 3484 3487 3486 3485 3486 3493 3478 3488 3489 3489 3487 3484 3499 3479 3480 3479 3488 3478 3482 3483 3499 3499 3480 3482 3483 3481 3500 3501 3503 3502 3504 3506 3505 3507 3509 3508 3510 3512 3511 3513 3515 3514 3516 3518 3517 3517 3519 3516 3520 3518 3521 3516 3521 3518 3522 3520 3521 3512 3519 3517 3510 3519 3512 3515 3510 3511 3513 3514 3504 3515 3511 3514 3505 3506 3508 3513 3504 3505 3507 3503 3509 3506 3507 3508 3502 3523 3501 3503 3501 3509 3524 3526 3525 3527 3529 3528 3530 3532 3531 3533 3535 3534 3536 3538 3537 3538 3540 3539 3537 3542 3541 3541 3536 3537 3543 3544 3542 3541 3542 3544 3536 3540 3538 3539 3540 3531 3530 3533 3532 3531 3532 3539 3524 3534 3535 3535 3533 3530 3545 3525 3526 3525 3534 3524 3528 3529 3545 3545 3526 3528 3529 3527 3546 3547 3549 3548 3550 3552 3551 3553 3555 3554 3556 3558 3557 3559 3561 3560 3562 3564 3563 3563 3565 3562 3566 3564 3567 3562 3567 3564 3568 3566 3567 3558 3565 3563 3556 3565 3558 3561 3556 3557 3559 3560 3550 3561 3557 3560 3551 3552 3554 3559 3550 3551 3553 3549 3555 3552 3553 3554 3548 3569 3547 3549 3547 3555 3570 3572 3571 3571 3574 3573 3573 3570 3571 3575 3576 3574 3573 3574 3576 3577 3575 3578 3575 3577 3576 3578 3580 3579 3579 3577 3578 3581 3582 3580 3579 3580 3582 3583 3581 3584 3581 3583 3582 3584 3586 3585 3585 3583 3584 3587 3588 3586 3585 3586 3588 3589 3587 3590 3587 3589 3588 3570 3591 3572 3592 3591 3593 3591 3592 3572 3593 3595 3594 3594 3592 3593 3596 3597 3595 3594 3595 3597 3598 3596 3599 3596 3598 3597 3599 3601 3600 3600 3598 3599 3602 3603 3601 3600 3601 3603 3604 3602 3605 3602 3604 3603 3605 3607 3606 3606 3604 3605 3606 3607 3608 3607 3609 3608 3610 3612 3611 3613 3615 3614 3616 3618 3617 3619 3621 3620 3622 3624 3623 3617 3626 3625 3627 3629 3628 3628 3623 3627 3630 3628 3629 3624 3622 3626 3627 3623 3624 3617 3625 3631 3626 3622 3625 3618 3616 3620 3617 3631 3616 3632 3621 3619 3621 3618 3620 3619 3611 3632 3612 3610 3633 3632 3611 3612 3614 3615 3633 3633 3610 3614 3634 3615 3613 3634 3636 3635 3636 3634 3613 3637 3635 3638 3636 3638 3635 3639 3640 3637 3637 3638 3639 3640 3642 3641 3642 3640 3639 3643 3645 3644 3641 3642 3646 3647 3649 3648 3650 3652 3651 3647 3652 3650 3650 3649 3647 3651 3644 3645 3651 3652 3644 3641 3646 3643 3646 3645 3643 3653 3655 3654 3653 3656 3655 3655 3658 3657 3654 3655 3657 3655 3660 3659 3658 3655 3659 3655 3662 3661 3660 3655 3661 3655 3664 3663 3662 3655 3663 3655 3666 3665 3664 3655 3665 3655 3668 3667 3666 3655 3667 3655 3670 3669 3668 3655 3669 3655 3672 3671 3670 3655 3671 3672 3655 3673 3674 3675 3655 3655 3675 3673 3676 3677 3655 3655 3677 3674 3678 3679 3655 3655 3679 3676 3680 3681 3655 3655 3681 3678 3682 3683 3655 3655 3683 3680 3684 3685 3655 3655 3685 3682 3686 3687 3655 3655 3687 3684 3688 3689 3655 3655 3689 3686 3656 3690 3655 3655 3690 3688 3691 3693 3692 3691 3694 3693 3693 3696 3695 3692 3693 3695 3693 3698 3697 3696 3693 3697 3693 3700 3699 3698 3693 3699 3693 3702 3701 3700 3693 3701 3693 3704 3703 3702 3693 3703 3693 3706 3705 3704 3693 3705 3693 3708 3707 3706 3693 3707 3693 3710 3709 3708 3693 3709 3710 3693 3711 3712 3713 3693 3693 3713 3711 3714 3715 3693 3693 3715 3712 3716 3717 3693 3693 3717 3714 3718 3719 3693 3693 3719 3716 3720 3721 3693 3693 3721 3718 3722 3723 3693 3693 3723 3720 3724 3725 3693 3693 3725 3722 3726 3727 3693 3693 3727 3724 3694 3728 3693 3693 3728 3726 3729 3731 3730 3729 3732 3731 3731 3734 3733 3730 3731 3733 3731 3736 3735 3734 3731 3735 3731 3738 3737 3736 3731 3737 3731 3740 3739 3738 3731 3739 3731 3742 3741 3740 3731 3741 3731 3744 3743 3742 3731 3743 3731 3746 3745 3744 3731 3745 3731 3748 3747 3746 3731 3747 3748 3731 3749 3750 3751 3731 3731 3751 3749 3752 3753 3731 3731 3753 3750 3754 3755 3731 3731 3755 3752 3756 3757 3731 3731 3757 3754 3758 3759 3731 3731 3759 3756 3760 3761 3731 3731 3761 3758 3762 3763 3731 3731 3763 3760 3764 3765 3731 3731 3765 3762 3732 3766 3731 3731 3766 3764 3767 3769 3768 3770 3772 3771 3773 3774 3768 3768 3769 3773 3775 3774 3776 3773 3776 3774 3775 3778 3777 3778 3775 3776 3779 3780 3777 3777 3778 3779 3781 3780 3782 3779 3782 3780 3781 3784 3783 3784 3781 3782 3785 3786 3783 3783 3784 3785 3787 3786 3788 3785 3788 3786 3787 3790 3789 3790 3787 3788 3767 3791 3769 3791 3793 3792 3793 3791 3767 3794 3795 3792 3792 3793 3794 3796 3795 3797 3794 3797 3795 3796 3799 3798 3799 3796 3797 3800 3801 3798 3798 3799 3800 3802 3801 3803 3800 3803 3801 3802 3805 3804 3805 3802 3803 3806 3772 3804 3804 3805 3806 3806 3771 3772 3807 3809 3808 3810 3812 3811 3813 3815 3814 3816 3818 3817 3819 3821 3820 3822 3824 3823 3825 3827 3826 3828 3830 3829 3831 3833 3832 3834 3832 3835 3836 3831 3837 3831 3836 3833 3837 3839 3838 3838 3836 3837 3840 3841 3839 3838 3839 3841 3790 3840 3789 3840 3790 3841 3825 3834 3835 3832 3833 3835 3826 3827 3828 3834 3825 3826 3830 3820 3829 3827 3830 3828 3819 3823 3821 3820 3821 3829 3815 3824 3822 3822 3823 3819 3818 3813 3814 3813 3824 3815 3816 3817 3807 3818 3814 3817 3808 3809 3811 3816 3807 3808 3810 3770 3812 3809 3810 3811 3771 3812 3770 3842 3844 3843 3845 3847 3846 3848 3849 3843 3843 3844 3848 3850 3849 3851 3848 3851 3849 3850 3853 3852 3853 3850 3851 3854 3855 3852 3852 3853 3854 3856 3855 3857 3854 3857 3855 3856 3859 3858 3859 3856 3857 3860 3861 3858 3858 3859 3860 3862 3861 3863 3860 3863 3861 3862 3865 3864 3865 3862 3863 3842 3866 3844 3866 3868 3867 3868 3866 3842 3869 3870 3867 3867 3868 3869 3871 3870 3872 3869 3872 3870 3871 3874 3873 3874 3871 3872 3875 3876 3873 3873 3874 3875 3877 3876 3878 3875 3878 3876 3877 3880 3879 3880 3877 3878 3881 3847 3879 3879 3880 3881 3881 3846 3847 3882 3884 3883 3885 3887 3886 3888 3890 3889 3891 3893 3892 3894 3896 3895 3897 3899 3898 3900 3902 3901 3903 3905 3904 3906 3908 3907 3909 3907 3910 3911 3906 3912 3906 3911 3908 3912 3914 3913 3913 3911 3912 3915 3916 3914 3913 3914 3916 3865 3915 3864 3915 3865 3916 3900 3909 3910 3907 3908 3910 3901 3902 3903 3909 3900 3901 3905 3895 3904 3902 3905 3903 3894 3898 3896 3895 3896 3904 3890 3899 3897 3897 3898 3894 3893 3888 3889 3888 3899 3890 3891 3892 3882 3893 3889 3892 3883 3884 3886 3891 3882 3883 3885 3845 3887 3884 3885 3886 3846 3887 3845 3917 3919 3918 3920 3922 3921 3923 3924 3918 3918 3919 3923 3925 3924 3926 3923 3926 3924 3925 3928 3927 3928 3925 3926 3929 3930 3927 3927 3928 3929 3931 3930 3932 3929 3932 3930 3931 3934 3933 3934 3931 3932 3935 3936 3933 3933 3934 3935 3937 3936 3938 3935 3938 3936 3937 3940 3939 3940 3937 3938 3917 3941 3919 3941 3943 3942 3943 3941 3917 3944 3945 3942 3942 3943 3944 3946 3945 3947 3944 3947 3945 3946 3949 3948 3949 3946 3947 3950 3951 3948 3948 3949 3950 3952 3951 3953 3950 3953 3951 3952 3955 3954 3955 3952 3953 3956 3922 3954 3954 3955 3956 3956 3921 3922 3957 3959 3958 3960 3962 3961 3963 3965 3964 3966 3968 3967 3969 3971 3970 3972 3974 3973 3975 3977 3976 3978 3980 3979 3981 3983 3982 3984 3982 3985 3986 3981 3987 3981 3986 3983 3987 3989 3988 3988 3986 3987 3990 3991 3989 3988 3989 3991 3940 3990 3939 3990 3940 3991 3975 3984 3985 3982 3983 3985 3976 3977 3978 3984 3975 3976 3980 3970 3979 3977 3980 3978 3969 3973 3971 3970 3971 3979 3965 3974 3972 3972 3973 3969 3968 3963 3964 3963 3974 3965 3966 3967 3957 3968 3964 3967 3958 3959 3961 3966 3957 3958 3960 3920 3962 3959 3960 3961 3921 3962 3920 3992 3994 3993 3995 3997 3996 3998 3999 3993 3993 3994 3998 4000 3999 4001 3998 4001 3999 4000 4003 4002 4003 4000 4001 4004 4005 4002 4002 4003 4004 4006 4005 4007 4004 4007 4005 4006 4009 4008 4009 4006 4007 4010 4011 4008 4008 4009 4010 4012 4011 4013 4010 4013 4011 4012 4015 4014 4015 4012 4013 3992 4016 3994 4016 4018 4017 4018 4016 3992 4019 4020 4017 4017 4018 4019 4021 4020 4022 4019 4022 4020 4021 4024 4023 4024 4021 4022 4025 4026 4023 4023 4024 4025 4027 4026 4028 4025 4028 4026 4027 4030 4029 4030 4027 4028 4031 3997 4029 4029 4030 4031 4031 3996 3997 4032 4034 4033 3995 4036 4035 4037 4039 4038 4040 4042 4041 4043 4045 4044 4046 4048 4047 4049 4051 4050 4052 4054 4053 4055 4057 4056 4058 4060 4059 4061 4059 4060 4058 4063 4062 4063 4058 4059 4064 4065 4062 4062 4063 4064 4015 4065 4066 4064 4066 4065 4014 4015 4066 4061 4057 4055 4061 4060 4057 4056 4049 4050 4055 4056 4050 4052 4053 4051 4049 4052 4051 4044 4045 4054 4054 4045 4053 4048 4043 4047 4047 4043 4044 4037 4046 4039 4037 4048 4046 4038 4042 4040 4038 4039 4042 4041 4032 4033 4040 4041 4033 4035 4036 4034 4032 4035 4034 3995 3996 4036 4067 4069 4068 4070 4072 4071 4073 4075 4074 4076 4078 4077 4079 4081 4080 4082 4084 4083 4085 4087 4086 4088 4090 4089 4091 4093 4092 4094 4096 4095 4097 4099 4098 4100 4102 4101 4103 4105 4104 4106 4108 4107 4109 4111 4110 4112 4114 4113 4115 4117 4116 4118 4120 4119 4121 4123 4122 4124 4126 4125 4127 4129 4128 4130 4132 4131 4133 4131 4134 4135 4130 4136 4130 4135 4132 4136 4138 4137 4137 4135 4136 4139 4140 4138 4137 4138 4140 4141 4139 4142 4139 4141 4140 4142 4144 4143 4143 4141 4142 4145 4146 4144 4143 4144 4146 4147 4145 4148 4145 4147 4146 4148 4150 4149 4149 4147 4148 4151 4152 4150 4149 4150 4152 4069 4151 4068 4151 4069 4152 4124 4133 4134 4131 4132 4134 4125 4126 4127 4133 4124 4125 4129 4119 4128 4126 4129 4127 4118 4122 4120 4119 4120 4128 4114 4123 4121 4121 4122 4118 4117 4112 4113 4112 4123 4114 4115 4116 4106 4117 4113 4116 4107 4108 4109 4115 4106 4107 4111 4101 4110 4108 4111 4109 4100 4104 4102 4101 4102 4110 4096 4105 4103 4103 4104 4100 4099 4094 4095 4094 4105 4096 4097 4098 4088 4099 4095 4098 4089 4090 4091 4097 4088 4089 4093 4083 4092 4090 4093 4091 4082 4086 4084 4083 4084 4092 4078 4087 4085 4085 4086 4082 4081 4076 4077 4076 4087 4078 4079 4080 4070 4081 4077 4080 4071 4072 4074 4079 4070 4071 4073 4067 4075 4072 4073 4074 4068 4075 4067 4153 4155 4154 4156 4158 4157 4159 4160 4153 4153 4154 4159 4153 4162 4161 4160 4162 4153 4153 4161 4163 4164 4166 4165 4167 4168 4153 4169 4170 4165 4165 4172 4171 4173 4175 4174 4176 4178 4177 4179 4173 4180 4181 4183 4182 4184 4186 4185 4187 4188 4186 4189 4185 4186 4190 4189 4186 4190 4186 4191 4192 4177 4193 4192 4193 4194 4195 4186 4192 4194 4195 4192 4196 4197 4193 4186 4195 4191 4184 4187 4186 4177 4196 4193 4186 4188 4180 4173 4186 4180 4198 4173 4199 4179 4200 4173 4173 4202 4201 4198 4203 4173 4204 4206 4205 4174 4175 4207 4208 4210 4209 4209 4212 4211 4204 4213 4206 4214 4216 4215 4217 4218 4174 4219 4215 4216 4218 4220 4174 4221 4216 4222 4219 4216 4221 4222 4216 4223 4224 4223 4174 4225 4226 4223 4224 4225 4223 4220 4224 4174 4226 4222 4223 4227 4228 4216 4216 4214 4227 4229 4216 4230 4216 4228 4230 4213 4204 4231 4229 4204 4216 4232 4204 4205 4204 4232 4233 4234 4236 4235 4237 4236 4234 4209 4239 4238 4240 4239 4209 4237 4234 4241 4242 4244 4243 4245 4247 4246 4248 4243 4244 4246 4247 4249 4244 4251 4250 4248 4244 4250 4252 4253 4251 4253 4250 4251 4254 4252 4251 4255 4254 4251 4249 4255 4246 4255 4251 4246 4256 4257 4244 4244 4242 4256 4258 4244 4259 4244 4257 4259 4241 4234 4244 4241 4244 4258 4260 4234 4235 4234 4260 4261 4262 4263 4183 4264 4266 4265 4267 4269 4268 4270 4209 4271 4183 4272 4262 4273 4272 4274 4275 4276 4272 4277 4278 4272 4272 4278 4274 4277 4279 4278 4280 4266 4281 4282 4283 4277 4283 4279 4277 4284 4282 4277 4285 4284 4277 4280 4285 4266 4285 4277 4266 4272 4273 4275 4281 4266 4264 4286 4272 4287 4272 4276 4287 4262 4272 4288 4288 4272 4286 4289 4183 4290 4183 4289 4291 4292 4294 4293 4295 4183 4181 4296 4298 4297 4269 4298 4268 4294 4299 4293 4294 4301 4300 4302 4303 4294 4304 4305 4301 4305 4300 4301 4301 4306 4304 4307 4295 4308 4309 4310 4301 4310 4306 4301 4311 4309 4301 4312 4311 4301 4307 4312 4295 4312 4301 4295 4294 4300 4302 4308 4295 4181 4313 4294 4314 4294 4303 4314 4299 4294 4315 4315 4294 4313 4293 4316 4292 4317 4292 4316 4318 4320 4319 4292 4322 4321 4323 4325 4324 4323 4324 4326 4318 4327 4320 4328 4330 4329 4329 4331 4318 4332 4333 4328 4333 4330 4328 4328 4334 4332 4335 4336 4321 4337 4338 4328 4338 4334 4328 4339 4337 4328 4340 4339 4328 4335 4340 4336 4340 4328 4336 4328 4329 4318 4336 4292 4321 4341 4318 4342 4318 4331 4342 4327 4318 4343 4343 4318 4341 4319 4344 4318 4345 4344 4319 4346 4347 4344 4348 4346 4344 4324 4350 4349 4324 4352 4351 4353 4355 4354 4356 4358 4357 4356 4357 4359 4360 4361 4356 4361 4358 4356 4356 4362 4360 4363 4365 4364 4366 4368 4367 4369 4362 4356 4370 4364 4371 4364 4365 4372 4346 4374 4373 4366 4372 4365 4356 4375 4367 4367 4375 4366 4366 4375 4372 4369 4356 4367 4356 4376 4355 4359 4376 4356 4355 4376 4354 4377 4378 4355 4377 4355 4353 4379 4381 4380 4378 4382 4355 4270 4271 4383 4380 4381 4355 4349 4384 4324 4268 4386 4385 4324 4384 4387 4388 4208 4209 4389 4391 4390 4392 4393 4381 4394 4390 4391 4393 4395 4381 4396 4391 4397 4394 4391 4396 4398 4397 4391 4399 4400 4381 4401 4398 4400 4399 4401 4400 4395 4399 4381 4400 4398 4391 4402 4403 4391 4391 4389 4402 4391 4403 4212 4391 4212 4209 4210 4404 4209 4388 4209 4211 4271 4209 4238 4240 4209 4404 4405 4407 4406 4268 4408 4267 4409 4268 4410 4410 4412 4411 4410 4413 4412 4414 4270 4415 4413 4410 4416 4410 4417 4416 4410 4418 4417 4419 4421 4420 4418 4410 4420 4420 4414 4419 4422 4415 4270 4420 4410 4414 4411 4409 4410 4415 4419 4414 4270 4383 4422 4268 4424 4423 4424 4268 4409 4268 4425 4408 4386 4268 4423 4426 4298 4269 4425 4268 4385 4406 4427 4405 4297 4298 4426 4428 4430 4429 4431 4428 4432 4433 4434 4428 4428 4436 4435 4428 4435 4432 4428 4437 4436 4437 4438 4436 4437 4440 4439 4437 4298 4440 4439 4441 4437 4442 4440 4298 4437 4441 4438 4431 4433 4428 4298 4296 4442 4430 4428 4443 4443 4428 4434 4444 4324 4428 4444 4428 4429 4324 4325 4352 4324 4444 4326 4405 4446 4445 4324 4351 4350 4427 4447 4405 4387 4448 4324 4446 4449 4445 4450 4446 4451 4452 4453 4446 4454 4451 4455 4455 4451 4446 4455 4456 4454 4457 4448 4458 4459 4460 4455 4460 4456 4455 4461 4459 4455 4462 4461 4455 4457 4462 4448 4462 4455 4448 4446 4450 4452 4458 4448 4387 4463 4446 4464 4446 4453 4464 4449 4446 4465 4465 4446 4463 4445 4466 4405 4407 4405 4466 4467 4405 4468 4447 4468 4405 4469 4405 4470 4467 4470 4405 4471 4473 4472 4471 4475 4474 4476 4477 4471 4478 4479 4475 4479 4474 4475 4475 4480 4478 4481 4469 4482 4483 4484 4475 4484 4480 4475 4485 4483 4475 4486 4485 4475 4481 4486 4469 4486 4475 4469 4471 4474 4476 4482 4469 4470 4487 4471 4488 4471 4477 4488 4473 4471 4489 4489 4471 4487 4490 4491 4471 4492 4491 4490 4492 4493 4491 4490 4471 4472 4494 4491 4495 4491 4493 4495 4496 4498 4497 4491 4494 4499 4496 4500 4498 4501 4491 4499 4502 4497 4498 4491 4501 4503 4502 4504 4497 4502 4491 4505 4503 4505 4491 4505 4506 4504 4504 4502 4505 4505 4507 4506 4508 4500 4496 4392 4381 4509 4510 4511 4508 4500 4508 4511 4512 4511 4510 4509 4381 4513 4379 4514 4381 4381 4514 4513 4355 4382 4515 4355 4515 4380 4373 4370 4371 4370 4363 4364 4373 4347 4346 4347 4373 4371 4516 4517 4344 4348 4344 4517 4518 4344 4519 4518 4516 4344 4344 4345 4520 4519 4344 4520 4521 4292 4522 4292 4521 4322 4292 4524 4523 4522 4292 4523 4317 4525 4292 4292 4525 4524 4182 4183 4526 4527 4183 4528 4527 4526 4183 4263 4290 4183 4528 4183 4291 4265 4234 4529 4266 4234 4265 4234 4531 4530 4529 4234 4530 4246 4532 4245 4234 4261 4531 4533 4246 4534 4533 4532 4246 4535 4534 4204 4246 4204 4534 4231 4204 4229 4233 4535 4204 4174 4537 4536 4174 4536 4217 4173 4201 4175 4174 4207 4537 4199 4173 4200 4173 4203 4202 4538 4539 4177 4196 4177 4539 4177 4540 4176 4178 4538 4177 4165 4170 4177 4540 4177 4170 4541 4169 4165 4172 4165 4166 4165 4171 4541 4168 4164 4165 4153 4163 4167 4153 4168 4165 4155 4542 4154 4543 4542 4544 4155 4544 4542 4545 4158 4546 4547 4549 4548 4550 4552 4551 4553 4555 4554 4556 4558 4557 4559 4561 4560 4562 4564 4563 4565 4567 4566 4568 4570 4569 4571 4572 4570 4573 4575 4574 4576 4578 4577 4579 4581 4580 4582 4584 4583 4585 4587 4586 4588 4590 4589 4591 4593 4592 4594 4591 4595 4596 4598 4597 4599 4601 4600 4602 4604 4603 4605 4607 4606 4608 4610 4609 4611 4613 4612 4614 4616 4615 4617 4614 4618 4619 4621 4620 4622 4623 4621 4624 4626 4625 4627 4629 4628 4630 4631 4624 4631 4626 4624 4632 4634 4633 4635 4636 4630 4637 4639 4638 4632 4641 4640 4642 4644 4643 4645 4646 4638 4647 4649 4648 4649 4647 4650 4651 4653 4652 4653 4648 4649 4654 4656 4655 4655 4658 4657 4659 4661 4660 4662 4664 4663 4659 4660 4665 4660 4661 4666 4665 4668 4667 4667 4659 4665 4669 4668 4670 4668 4669 4667 4671 4672 4670 4669 4670 4672 4671 4512 4510 4510 4672 4671 4673 4675 4674 4676 4677 4642 4645 4679 4678 4680 4682 4681 4637 4638 4646 4615 4616 4683 4617 4616 4614 4684 4664 4660 4665 4660 4664 4663 4664 4685 4664 4684 4685 4662 4686 4664 4664 4688 4687 4686 4688 4664 4655 4664 4689 4687 4689 4664 4655 4689 4654 4656 4690 4655 4655 4692 4691 4690 4692 4655 4655 4693 4658 4691 4693 4655 4657 4653 4655 4653 4695 4694 4657 4695 4653 4696 4653 4651 4694 4652 4653 4697 4653 4696 4648 4653 4697 4698 4700 4699 4701 4617 4618 4610 4703 4702 4674 4649 4704 4649 4650 4704 4705 4674 4706 4674 4704 4706 4675 4707 4674 4674 4705 4673 4674 4709 4708 4707 4709 4674 4642 4674 4710 4708 4710 4674 4642 4710 4644 4642 4712 4711 4643 4712 4642 4642 4713 4676 4711 4713 4642 4714 4642 4677 4645 4714 4715 4714 4645 4642 4645 4716 4679 4715 4716 4645 4717 4645 4678 4646 4645 4717 4612 4604 4602 4612 4602 4611 4718 4607 4719 4638 4721 4720 4638 4639 4721 4722 4681 4720 4638 4720 4681 4680 4681 4723 4681 4722 4723 4682 4724 4681 4681 4726 4725 4724 4726 4681 4725 4641 4681 4681 4641 4632 4632 4728 4727 4640 4728 4632 4632 4730 4729 4727 4730 4632 4731 4632 4633 4729 4634 4632 4632 4732 4630 4732 4632 4731 4630 4733 4635 4732 4733 4630 4631 4630 4636 4597 4598 4734 4735 4605 4736 4596 4597 4601 4737 4738 4624 4624 4739 4737 4624 4625 4739 4740 4627 4738 4624 4738 4627 4629 4627 4741 4627 4740 4741 4628 4742 4627 4742 4743 4627 4627 4744 4620 4743 4744 4627 4619 4745 4621 4627 4620 4621 4621 4747 4746 4745 4747 4621 4683 4621 4623 4746 4622 4621 4683 4616 4621 4748 4615 4683 4599 4600 4592 4599 4596 4601 4592 4593 4599 4594 4593 4591 4698 4617 4749 4617 4701 4749 4750 4698 4751 4698 4749 4751 4700 4698 4752 4698 4750 4752 4699 4753 4698 4698 4755 4754 4753 4755 4698 4610 4698 4609 4754 4609 4698 4608 4756 4610 4610 4758 4757 4756 4758 4610 4759 4610 4702 4757 4703 4610 4610 4760 4611 4760 4610 4759 4760 4613 4611 4761 4763 4762 4595 4591 4764 4765 4766 4587 4767 4768 4602 4602 4769 4767 4602 4603 4769 4602 4771 4770 4768 4771 4602 4607 4602 4772 4770 4772 4602 4719 4607 4773 4607 4772 4773 4718 4774 4607 4774 4775 4607 4607 4776 4606 4775 4776 4607 4606 4777 4605 4605 4779 4778 4777 4779 4605 4605 4780 4736 4778 4780 4605 4781 4605 4735 4605 4734 4598 4734 4605 4781 4782 4597 4734 4783 4588 4589 4784 4590 4785 4786 4788 4787 4588 4783 4789 4583 4790 4574 4791 4792 4787 4790 4573 4574 4763 4761 4595 4761 4594 4595 4762 4793 4761 4761 4795 4794 4793 4795 4761 4761 4797 4796 4794 4797 4761 4587 4761 4798 4796 4798 4761 4587 4798 4765 4766 4799 4587 4587 4801 4800 4799 4801 4587 4585 4590 4587 4800 4586 4587 4590 4803 4802 4585 4803 4590 4590 4804 4785 4802 4804 4590 4805 4590 4784 4806 4590 4805 4589 4590 4806 4807 4808 4576 4809 4811 4810 4812 4813 4569 4814 4580 4789 4580 4588 4789 4815 4580 4816 4580 4814 4816 4581 4817 4580 4580 4815 4579 4580 4819 4818 4817 4819 4580 4787 4580 4820 4818 4820 4580 4787 4820 4786 4787 4822 4821 4788 4822 4787 4787 4823 4791 4821 4823 4787 4792 4583 4787 4583 4825 4824 4792 4825 4583 4583 4826 4582 4824 4826 4583 4827 4583 4584 4790 4583 4827 4828 4830 4829 4568 4571 4570 4563 4832 4831 4809 4574 4833 4574 4575 4833 4834 4809 4835 4809 4833 4835 4811 4809 4836 4809 4834 4836 4810 4837 4809 4809 4839 4838 4837 4839 4809 4838 4578 4809 4809 4578 4576 4576 4841 4840 4577 4841 4576 4576 4843 4842 4840 4843 4576 4844 4576 4808 4842 4807 4576 4569 4844 4845 4844 4569 4576 4569 4846 4812 4845 4846 4569 4568 4569 4813 4565 4847 4567 4848 4565 4566 4847 4849 4567 4570 4850 4828 4570 4851 4850 4570 4572 4851 4852 4828 4853 4828 4850 4853 4830 4828 4854 4828 4852 4854 4829 4855 4828 4828 4857 4856 4855 4857 4828 4856 4832 4828 4831 4858 4563 4828 4832 4563 4563 4860 4859 4858 4860 4563 4861 4563 4564 4859 4562 4563 4862 4863 4563 4862 4563 4861 4566 4863 4864 4863 4566 4563 4864 4848 4566 4865 4550 4866 4560 4868 4867 4866 4550 4551 4869 4870 4567 4567 4871 4869 4567 4849 4871 4558 4567 4872 4870 4872 4567 4557 4558 4873 4558 4872 4873 4558 4875 4874 4558 4556 4875 4874 4876 4558 4876 4877 4558 4560 4558 4868 4877 4868 4558 4867 4878 4560 4560 4880 4879 4878 4880 4560 4881 4560 4561 4879 4559 4560 4560 4882 4866 4882 4560 4881 4882 4883 4866 4883 4865 4866 4884 4555 4885 4552 4886 4551 4887 4888 4551 4551 4889 4887 4551 4886 4889 4551 4891 4890 4888 4891 4551 4892 4555 4890 4551 4890 4555 4884 4893 4555 4555 4892 4885 4893 4894 4555 4894 4895 4555 4555 4896 4554 4895 4896 4555 4554 4897 4553 4553 4899 4898 4897 4899 4553 4553 4901 4900 4898 4901 4553 4553 4903 4902 4900 4903 4553 4553 4904 4546 4902 4904 4553 4904 4545 4546 4905 4157 4158 4546 4158 4156 4906 4907 4156 4156 4908 4906 4156 4157 4908 4156 4910 4909 4907 4910 4156 4547 4156 4911 4909 4911 4156 4912 4547 4913 4547 4911 4913 4549 4547 4914 4547 4912 4914 4548 4915 4547 4544 4547 4916 4915 4916 4547 4917 4544 4918 4544 4916 4918 4919 4544 4920 4544 4917 4920 4543 4544 4921 4544 4919 4921 4922 4924 4923 4925 4927 4926 4928 4922 4929 4922 4928 4924 4929 4931 4930 4930 4928 4929 4932 4933 4931 4930 4931 4933 4934 4932 4935 4932 4934 4933 4935 4937 4936 4936 4934 4935 4938 4939 4937 4936 4937 4939 4940 4938 4941 4938 4940 4939 4941 4943 4942 4942 4940 4941 4944 4945 4943 4942 4943 4945 4946 4944 4947 4944 4946 4945 4947 4949 4948 4948 4946 4947 4950 4951 4949 4948 4949 4951 4952 4950 4953 4950 4952 4951 4953 4955 4954 4954 4952 4953 4956 4957 4955 4954 4955 4957 4958 4956 4959 4956 4958 4957 4959 4961 4960 4960 4958 4959 4962 4963 4961 4960 4961 4963 4964 4962 4965 4962 4964 4963 4965 4967 4966 4966 4964 4965 4968 4969 4967 4966 4967 4969 4970 4968 4971 4968 4970 4969 4971 4973 4972 4972 4970 4971 4974 4975 4973 4972 4973 4975 4976 4974 4977 4974 4976 4975 4924 4978 4923 4979 4980 4978 4923 4978 4980 4981 4979 4982 4979 4981 4980 4982 4984 4983 4983 4981 4982 4985 4986 4984 4983 4984 4986 4987 4985 4988 4985 4987 4986 4988 4990 4989 4989 4987 4988 4991 4992 4990 4989 4990 4992 4993 4991 4994 4991 4993 4992 4994 4996 4995 4995 4993 4994 4997 4998 4996 4995 4996 4998 4999 4997 5000 4997 4999 4998 5000 5002 5001 5001 4999 5000 5003 5004 5002 5001 5002 5004 5005 5003 5006 5003 5005 5004 5006 5008 5007 5007 5005 5006 5009 5010 5008 5007 5008 5010 5011 5009 5012 5009 5011 5010 5012 5014 5013 5013 5011 5012 5015 5016 5014 5013 5014 5016 5017 5015 5018 5015 5017 5016 5018 5020 5019 5019 5017 5018 5021 5022 5020 5019 5020 5022 5023 5021 5024 5021 5023 5022 5024 5026 5025 5025 5023 5024 5027 5028 5026 5025 5026 5028 5029 5031 5030 5027 4925 5028 5032 5034 5033 5035 5037 5036 5038 5040 5039 5041 5043 5042 5044 5046 5045 5047 5049 5048 5050 5052 5051 5053 5055 5054 5056 5058 5057 5059 5061 5060 5062 5064 5063 5065 5067 5066 5068 5070 5069 5071 5073 5072 5074 5076 5075 5077 5079 5078 5080 5082 5081 5083 5085 5084 5086 5088 5087 5089 5091 5090 5092 5094 5093 5095 5097 5096 5098 5100 5099 5101 5103 5102 5099 5105 5104 5104 5098 5099 5106 5107 5105 5104 5105 5107 5108 5106 5109 5106 5108 5107 5109 5111 5110 5110 5108 5109 5112 5113 5111 5110 5111 5113 5114 5112 5115 5112 5114 5113 5115 5117 5116 5116 5114 5115 5118 5119 5117 5116 5117 5119 5120 5118 5121 5118 5120 5119 5121 5123 5122 5122 5120 5121 5124 5125 5123 5122 5123 5125 4977 5126 5124 5124 5126 5125 4976 4977 5124 5102 5100 5101 5098 5101 5100 5093 5094 5103 5103 5094 5102 5097 5092 5096 5096 5092 5093 5086 5095 5088 5086 5097 5095 5087 5091 5089 5087 5088 5091 5090 5080 5081 5089 5090 5081 5083 5084 5082 5080 5083 5082 5075 5076 5085 5085 5076 5084 5079 5074 5078 5078 5074 5075 5068 5077 5070 5068 5079 5077 5069 5073 5071 5069 5070 5073 5072 5062 5063 5071 5072 5063 5065 5066 5064 5062 5065 5064 5057 5058 5067 5067 5058 5066 5061 5056 5060 5060 5056 5057 5050 5059 5052 5050 5061 5059 5051 5055 5053 5051 5052 5055 5054 5044 5045 5053 5054 5045 5047 5048 5046 5044 5047 5046 5039 5040 5049 5049 5040 5048 5043 5038 5042 5042 5038 5039 5032 5041 5034 5032 5043 5041 5033 5037 5035 5033 5034 5037 5036 5031 5029 5035 5036 5029 4926 4927 5030 5031 4926 5030 4925 5027 4927 5127 5129 5128 5130 5132 5131 5133 5134 5128 5128 5129 5133 5135 5134 5136 5133 5136 5134 5135 5138 5137 5138 5135 5136 5139 5140 5137 5137 5138 5139 5141 5140 5142 5139 5142 5140 5141 5144 5143 5144 5141 5142 5145 5146 5143 5143 5144 5145 5147 5146 5148 5145 5148 5146 5147 5150 5149 5150 5147 5148 5151 5127 5152 5127 5151 5129 5152 5154 5153 5153 5151 5152 5155 5156 5154 5153 5154 5156 5157 5155 5158 5155 5157 5156 5158 5160 5159 5159 5157 5158 5161 5162 5160 5159 5160 5162 5163 5161 5164 5161 5163 5162 5164 5166 5165 5165 5163 5164 5167 5168 5166 5165 5166 5168 5169 5171 5170 5167 5130 5168 5172 5174 5173 5175 5177 5176 5178 5180 5179 5181 5183 5182 5184 5186 5185 5187 5189 5188 5190 5192 5191 5193 5195 5194 5196 5190 5197 5190 5196 5192 5197 5199 5198 5198 5196 5197 5200 5201 5199 5198 5199 5201 5202 5200 5149 5200 5202 5201 5150 5202 5149 5191 5192 5195 5193 5194 5185 5191 5195 5193 5184 5187 5186 5194 5184 5185 5189 5180 5188 5187 5188 5186 5182 5178 5179 5179 5180 5189 5172 5183 5181 5183 5178 5182 5173 5174 5177 5172 5181 5174 5175 5176 5169 5173 5177 5175 5171 5131 5170 5176 5171 5169 5130 5167 5132 5131 5132 5170 5203 5205 5204 5206 5208 5207 5209 5210 5204 5204 5205 5209 5211 5210 5212 5209 5212 5210 5211 5214 5213 5214 5211 5212 5215 5216 5213 5213 5214 5215 5217 5216 5218 5215 5218 5216 5217 5220 5219 5220 5217 5218 5221 5222 5219 5219 5220 5221 5223 5222 5224 5221 5224 5222 5223 5226 5225 5226 5223 5224 5227 5203 5228 5203 5227 5205 5228 5230 5229 5229 5227 5228 5231 5232 5230 5229 5230 5232 5233 5231 5234 5231 5233 5232 5234 5236 5235 5235 5233 5234 5237 5238 5236 5235 5236 5238 5239 5237 5240 5237 5239 5238 5240 5242 5241 5241 5239 5240 5243 5244 5242 5241 5242 5244 5245 5247 5246 5243 5206 5244 5248 5250 5249 5251 5253 5252 5254 5256 5255 5257 5259 5258 5260 5262 5261 5263 5265 5264 5266 5268 5267 5269 5271 5270 5272 5266 5273 5266 5272 5268 5273 5275 5274 5274 5272 5273 5276 5277 5275 5274 5275 5277 5278 5276 5225 5276 5278 5277 5226 5278 5225 5267 5268 5271 5269 5270 5261 5267 5271 5269 5260 5263 5262 5270 5260 5261 5265 5256 5264 5263 5264 5262 5258 5254 5255 5255 5256 5265 5248 5259 5257 5259 5254 5258 5249 5250 5253 5248 5257 5250 5251 5252 5245 5249 5253 5251 5247 5207 5246 5252 5247 5245 5206 5243 5208 5207 5208 5246 5279 5281 5280 5282 5284 5283 5285 5286 5280 5280 5281 5285 5287 5286 5288 5285 5288 5286 5287 5290 5289 5290 5287 5288 5291 5292 5289 5289 5290 5291 5293 5292 5294 5291 5294 5292 5293 5296 5295 5296 5293 5294 5297 5298 5295 5295 5296 5297 5299 5298 5300 5297 5300 5298 5299 5302 5301 5302 5299 5300 5303 5279 5304 5279 5303 5281 5304 5306 5305 5305 5303 5304 5307 5308 5306 5305 5306 5308 5309 5307 5310 5307 5309 5308 5310 5312 5311 5311 5309 5310 5313 5314 5312 5311 5312 5314 5315 5313 5316 5313 5315 5314 5316 5318 5317 5317 5315 5316 5319 5320 5318 5317 5318 5320 5321 5323 5322 5319 5282 5320 5324 5326 5325 5327 5329 5328 5330 5332 5331 5333 5335 5334 5336 5338 5337 5339 5341 5340 5342 5344 5343 5345 5347 5346 5348 5342 5349 5342 5348 5344 5349 5351 5350 5350 5348 5349 5352 5353 5351 5350 5351 5353 5354 5352 5301 5352 5354 5353 5302 5354 5301 5343 5344 5347 5345 5346 5337 5343 5347 5345 5336 5339 5338 5346 5336 5337 5341 5332 5340 5339 5340 5338 5334 5330 5331 5331 5332 5341 5324 5335 5333 5335 5330 5334 5325 5326 5329 5324 5333 5326 5327 5328 5321 5325 5329 5327 5323 5283 5322 5328 5323 5321 5282 5319 5284 5283 5284 5322 5355 5357 5356 5358 5360 5359 5361 5362 5356 5356 5357 5361 5363 5362 5364 5361 5364 5362 5363 5366 5365 5366 5363 5364 5367 5368 5365 5365 5366 5367 5369 5368 5370 5367 5370 5368 5369 5372 5371 5372 5369 5370 5373 5374 5371 5371 5372 5373 5375 5374 5376 5373 5376 5374 5375 5378 5377 5378 5375 5376 5379 5355 5380 5355 5379 5357 5380 5382 5381 5381 5379 5380 5383 5384 5382 5381 5382 5384 5385 5383 5386 5383 5385 5384 5386 5388 5387 5387 5385 5386 5389 5390 5388 5387 5388 5390 5391 5389 5392 5389 5391 5390 5392 5394 5393 5393 5391 5392 5395 5396 5394 5393 5394 5396 5397 5399 5398 5395 5358 5396 5400 5402 5401 5403 5405 5404 5406 5408 5407 5409 5411 5410 5412 5414 5413 5415 5417 5416 5418 5420 5419 5421 5423 5422 5424 5418 5425 5418 5424 5420 5425 5427 5426 5426 5424 5425 5428 5429 5427 5426 5427 5429 5430 5428 5377 5428 5430 5429 5378 5430 5377 5419 5420 5423 5421 5422 5413 5419 5423 5421 5412 5415 5414 5422 5412 5413 5417 5408 5416 5415 5416 5414 5410 5406 5407 5407 5408 5417 5400 5411 5409 5411 5406 5410 5401 5402 5405 5400 5409 5402 5403 5404 5397 5401 5405 5403 5399 5359 5398 5404 5399 5397 5358 5395 5360 5359 5360 5398 5431 5433 5432 5434 5436 5435 5437 5432 5433 5437 5438 5432 5431 5432 5435 5431 5435 5436</p>
        </triangles>
      </mesh>
    </geometry>
    <geometry id="ID21">
      <mesh>
        <source id="ID22">
          <float_array count="9336" id="ID23">0.0230515 0.0381355 -0.0191997 0.0237966 0.0381355 -0.0182671 0.0239775 0.0381355 -0.0180288 0.0257976 0.0381355 -0.0153127 0.0269322 0.0381355 -0.0132141 0.0270622 0.0381355 -0.0129458 -0.0243942 0.0381355 0.0175903 -0.0250018 0.0381355 0.0168628 -0.0249859 0.0381355 0.0168385 0.0248434 0.0381355 -0.0168158 0.0226676 0.0381355 -0.0196513 0.0228607 0.0381355 -0.0194264 0.013313 0.0381355 -0.0268836 0.0135789 0.0381355 -0.0267503 0.010579 0.0381355 -0.0280728 -0.0219426 0.0381355 -0.0204578 -0.0217395 0.0381355 -0.0206735 -0.0211112 0.0381355 -0.0213139 -0.0125956 0.0381355 -0.027227 -0.013934 0.0381355 -0.0265677 -0.0128667 0.0381355 -0.0271001 0.0208633 0.0381355 0.0215572 -0.0221435 0.0381355 -0.02024 -0.0101174 0.0381355 -0.0282422 0.0277894 0.0381355 0.0113007 -0.0103962 0.0381355 -0.0281407 -0.026432 0.0381355 -0.0141883 0.0131108 0.0381355 0.0269831 -0.0265716 0.0381355 -0.013925 -0.0275071 0.0381355 0.0119724 -0.0272641 0.0381355 0.0125168 -0.0273864 0.0381355 0.012247 -0.0261889 0.0381355 0.0146322 -0.0263327 0.0381355 0.014372 -0.0281728 0.0381355 0.0103079 -0.0249686 0.0381355 0.0168151 -0.0270114 0.0381355 0.0130529 -0.0271391 0.0381355 0.0127854 -0.0276252 0.0381355 0.0116969 -0.0268811 0.0381355 0.0133191 -0.0277404 0.0381355 0.0114205 -0.026748 0.0381355 0.0135841 -0.0266123 0.0381355 0.013848 -0.0278528 0.0381355 0.0111435 -0.0279623 0.0381355 0.0108657 -0.0264739 0.0381355 0.0141106 -0.028069 0.0381355 0.0105872 -0.0282737 0.0381355 0.0100279 -0.0283718 0.0381355 0.00974724 -0.0260424 0.0381355 0.0148913 -0.00742817 0.0381355 0.0290658 -0.00914358 0.0381355 0.0285719 -0.00942678 0.0381355 0.0284797 -0.0105471 0.0381355 0.0280843 -0.010824 0.0381355 0.0279788 -0.0071414 0.0381355 0.0291375 -0.0299966 0.0381355 0.000401833 -0.0299992 0.0381355 0.000104177 -0.00186673 0.0381355 0.0299417 -0.0297744 0.0381355 0.00367058 -0.0298093 0.0381355 0.00337619 -0.00216178 0.0381355 0.0299219 0.00287887 0.0381355 0.0298614 0.00258448 0.0381355 0.0298884 -0.029953 0.0381355 -0.00167625 0.00050472 0.0381355 0.029995 0.00228991 0.0381355 0.0299125 0.000802534 0.0381355 0.0299886 0.00581266 0.0381355 0.0294308 0.00726613 0.0381355 0.0291067 0.00610503 0.0381355 0.0293716 -0.029311 0.0381355 -0.00639174 0.00522737 0.0381355 0.0295403 0.00493445 0.0381355 0.0295907 -0.0289004 0.0381355 0.00804771 -0.0295034 0.0381355 0.00543197 -0.0288194 0.0381355 0.00833279 -0.0295559 0.0381355 0.00513899 -0.0296055 0.0381355 0.00484578 -0.0289785 0.0381355 0.00776191 -0.029264 0.0381355 0.00660149 -0.0293896 0.0381355 0.0060172 -0.0293283 0.0381355 0.00630946 -0.0291267 0.0381355 0.00718483 -0.0291968 0.0381355 0.00689328 -0.0290537 0.0381355 0.00747537 -0.029448 0.0381355 0.0057247 -0.0294875 0.0381355 -0.00551911 0.00405459 0.0381355 0.0297243 0.00376093 0.0381355 0.029763 0.00812329 0.0381355 0.0288791 -0.0285322 0.0381355 -0.00926653 -0.0284388 0.0381355 -0.00954954 0.00464135 0.0381355 0.0296382 -0.0293727 0.0381355 -0.00610162 0.00869138 0.0381355 0.028713 -0.0283426 0.0381355 -0.00983132 -0.0282439 0.0381355 -0.0101119 0.00840767 0.0381355 0.0287975 0.010937 0.0381355 0.0279347 0.0106587 0.0381355 0.028042 0.0120372 0.0381355 0.0274792 -0.0278219 0.0381355 -0.0112219 0.0100999 0.0381355 0.028248 -0.0279314 0.0381355 -0.0109462 -0.0261454 0.0381355 -0.01471 -0.0259985 0.0381355 -0.0149683 0.0136409 0.0381355 0.0267189 0.0123073 0.0381355 0.0273592 -0.0277097 0.0381355 -0.0114963 -0.0275948 0.0381355 -0.0117695 -0.0299397 0.0381355 0.00189405 -0.0298703 0.0381355 0.00278669 -0.0299195 0.0381355 0.00219328 -0.0298413 0.0381355 0.00308156 -0.0299712 0.0381355 0.00129637 -0.0299826 0.0381355 0.000997931 -0.0299569 0.0381355 0.00159508 -0.0298964 0.0381355 0.00249159 -0.0299911 0.0381355 0.000699751 0.00755252 0.0381355 0.0290337 -0.0292465 0.0381355 -0.0066811 -0.0291791 0.0381355 -0.00696972 0.00639722 0.0381355 0.0293096 0.00697907 0.0381355 0.0291769 0.00668922 0.0381355 0.0292446 -0.0256973 0.0381355 -0.0154801 0.0141663 0.0381355 0.0264438 -0.0258491 0.0381355 -0.015225 0.0125763 0.0381355 0.0272366 0.0162206 0.0381355 0.0252367 0.0157155 0.0381355 0.0255538 0.0164684 0.0381355 0.0250757 -0.025543 0.0381355 -0.0157334 0.0149461 0.0381355 0.026011 0.0146873 0.0381355 0.026158 0.0176838 0.0381355 0.0242335 0.0174438 0.0381355 0.0244069 -0.0234909 0.0381355 -0.0186584 0.0169592 0.0381355 0.0247463 -0.0250657 0.0381355 -0.0164836 -0.0242142 0.0381355 -0.0177097 0.0144274 0.0381355 0.0263023 0.0188599 0.0381355 0.0233294 -0.0227337 0.0381355 -0.0195745 -0.0225391 0.0381355 -0.0197984 -0.0298631 0.0381355 -0.00286053 -0.0299142 0.0381355 -0.00226763 -0.0298903 0.0381355 -0.00256293 -0.0298328 0.0381355 -0.00315895 -0.0297996 0.0381355 -0.0034566 -0.0297635 0.0381355 -0.00375351 -0.0299351 0.0381355 -0.00197207 -0.0297246 0.0381355 -0.00404966 0.0183942 0.0381355 0.0236984 -0.0229262 0.0381355 -0.0193485 0.00434806 0.0381355 0.0296827 -0.0294315 0.0381355 -0.00581074 0.0206499 0.0381355 0.0217618 -0.0223424 0.0381355 -0.0200202 0.0204345 0.0381355 0.0219642 0.0197726 0.0381355 0.0225615 0.0195468 0.0381355 0.0227572 0.0216974 0.0381355 0.020717 -0.0198026 0.0381355 -0.0225349 -0.0195784 0.0381355 -0.02273 0.0210748 0.0381355 0.0213504 -0.0204648 0.0381355 -0.0219351 0.0212843 0.0381355 0.0211415 -0.0186642 0.0381355 -0.023487 0.0238237 0.0381355 0.0182326 0.0228896 0.0381355 0.0193914 0.0223023 0.0381355 0.020064 0.0221026 0.0381355 0.0202839 -0.0191248 0.0381355 -0.0231133 -0.0159909 0.0381355 -0.0253821 -0.0157384 0.0381355 -0.0255395 0.024693 0.0381355 0.0170362 0.0241783 0.0381355 0.0177595 -0.0181966 0.0381355 -0.0238513 0.0243522 0.0381355 0.0175202 -0.0290358 0.0381355 -0.00754468 -0.0289591 0.0381355 -0.00783316 -0.0288791 0.0381355 -0.00812228 -0.0287964 0.0381355 -0.00841018 -0.0291089 0.0381355 -0.00725758 -0.028711 0.0381355 -0.00869685 0.0133764 0.0381355 0.0268524 -0.0262899 0.0381355 -0.01445 0.00981955 0.0381355 0.0283467 0.00953851 0.0381355 0.0284426 0.023643 0.0381355 0.0184664 0.0234592 0.0381355 0.0186992 0.0232713 0.0381355 0.0189321 0.0193194 0.0381355 0.0229504 0.0250246 0.0381355 0.016545 -0.0152295 0.0381355 -0.0258464 0.025187 0.0381355 0.0162966 -0.0154846 0.0381355 -0.0256943 0.0258134 0.0381355 0.0152849 0.0265403 0.0381355 0.0139861 0.0259643 0.0381355 0.0150274 -0.0147152 0.0381355 -0.0261428 0.0255048 0.0381355 0.0157944 -0.014973 0.0381355 -0.025996 -0.0123237 0.0381355 -0.0273511 0.026942 0.0381355 0.0131953 0.0266767 0.0381355 0.013724 -0.0144562 0.0381355 -0.0262871 -0.0141958 0.0381355 -0.0264287 0.0275601 0.0381355 0.0118491 -0.0106741 0.0381355 -0.0280364 -0.0112274 0.0381355 -0.0278192 0.0271969 0.0381355 0.0126611 -0.0115028 0.0381355 -0.0277064 -0.0274773 0.0381355 -0.0120415 -0.0269759 0.0381355 -0.013125 -0.0268435 0.0381355 -0.0133933 0.028414 0.0381355 0.00962516 0.028114 0.0381355 0.0104676 0.0285074 0.0381355 0.00934478 -0.0271058 0.0381355 -0.0128551 -0.027357 0.0381355 -0.0123123 -0.0272332 0.0381355 -0.0125835 0.0214918 0.0381355 0.0209304 0.0261129 0.0381355 0.0147681 0.0264012 0.0381355 0.0142469 0.0262592 0.0381355 0.014507 0.0248599 0.0381355 0.0167915 0.028771 0.0381355 0.00849787 0.0286859 0.0381355 0.00878114 -0.00927597 0.0381355 -0.0285299 -0.00955731 0.0381355 -0.0284368 0.0285981 0.0381355 0.00906344 0.0289329 0.0381355 0.00792845 -0.00610695 0.0381355 -0.0293713 0.0290098 0.0381355 0.00764229 -0.00697818 0.0381355 -0.0291764 0.0288534 0.0381355 0.00821364 0.0295245 0.0381355 0.0053183 0.0294699 0.0381355 0.00561218 -0.00494017 0.0381355 -0.0295903 0.0290838 0.0381355 0.00735516 -0.0055243 0.0381355 -0.0294866 0.029155 0.0381355 0.00706708 0.0298798 0.0381355 0.00267694 -0.00227851 0.0381355 -0.0299126 -0.00198103 0.0381355 -0.0299338 0.0296696 0.0381355 0.00443957 -0.00464756 0.0381355 -0.0296377 0.0297119 0.0381355 0.00414702 -0.0243897 0.0381355 -0.0174674 0.0299459 0.0381355 0.00178903 -0.000792403 0.0381355 -0.0299891 0.0299621 0.0381355 0.00149208 -0.0249017 0.0381355 -0.0167304 -0.0245631 0.0381355 -0.017223 -0.0247343 0.0381355 -0.0169766 0.0292235 0.0381355 0.00677802 -0.00639773 0.0381355 -0.0293092 0.029986 0.0381355 0.000896714 0.0299755 0.0381355 0.00119464 9.76867e-05 0.0381355 -0.0299997 -0.00435458 0.0381355 -0.0296822 0.0299858 0.0381355 -0.000899246 0.0299935 0.0381355 0.000598298 0.0299982 0.0381355 -0.000300246 0.0299982 0.0381355 0.000299394 0.0299935 0.0381355 -0.000599994 0.00425349 0.0381355 -0.0296965 0.0299263 0.0381355 -0.00209128 0.0299456 0.0381355 -0.00179402 0.0299619 0.0381355 -0.00149626 0.000394121 0.0381355 -0.0299973 0.000690424 0.0381355 -0.029992 0.0297103 0.0381355 -0.00415819 0.0297499 0.0381355 -0.00386441 0.0294689 0.0381355 -0.00561963 0.0048403 0.0381355 -0.0296067 0.0294119 0.0381355 -0.00591043 0.0298791 0.0381355 -0.00268431 0.0283091 0.0381355 -0.00992938 0.0284067 0.0381355 -0.00964555 0.0282094 0.0381355 -0.0102092 0.0292892 0.0381355 -0.00649054 0.00542461 0.0381355 -0.0295054 0.00889526 0.0381355 -0.0286503 -0.0213232 0.0381355 -0.0211021 -0.00755716 0.0381355 -0.0290318 -0.0208975 0.0381355 -0.0215233 -0.0215334 0.0381355 -0.0208879 0.00395914 0.0381355 -0.029737 -0.00108936 0.0381355 -0.0299797 0.029009 0.0381355 -0.00764477 0.0280022 0.0381355 -0.0107644 0.0289317 0.0381355 -0.00793209 0.0298203 0.0381355 -0.00327535 0.0277839 0.0381355 -0.0113156 0.0100221 0.0381355 -0.0282762 0.0103011 0.0381355 -0.0281759 0.00974208 0.0381355 -0.0283739 0.0278944 0.0381355 -0.0110405 0.0266638 0.0381355 -0.0137477 0.0259476 0.0381355 -0.0150572 0.0265255 0.0381355 -0.014013 0.0254898 0.0381355 -0.0158195 0.025645 0.0381355 -0.0155668 0.0275544 0.0381355 -0.0118629 0.02324 0.0381355 -0.0189711 0.0236131 0.0381355 -0.018504 0.0271894 0.0381355 -0.0126766 0.0190467 0.0381355 -0.0231779 0.0220746 0.0381355 -0.0203148 0.0188167 0.0381355 -0.0233649 0.0222745 0.0381355 -0.0200954 -0.0172335 0.0381355 -0.0245555 -0.0179602 0.0381355 -0.0240298 -0.0174781 0.0381355 -0.0243823 -0.00523242 0.0381355 -0.0295399 0.0294124 0.0381355 0.00590508 0.0293522 0.0381355 0.00619703 -0.0177213 0.0381355 -0.0242064 0.00454721 0.0381355 -0.029653 0.0299042 0.0381355 -0.00238804 -0.0169876 0.0381355 -0.0247261 0.0281072 0.0381355 -0.0104873 0.0287683 0.0381355 -0.00850523 0.0290834 0.0381355 -0.00735696 0.0246754 0.0381355 -0.0170612 0.0263843 0.0381355 -0.0142774 0.0260951 0.0381355 -0.0148002 0.0262404 0.0381355 -0.0145408 0.0164091 0.0381355 -0.0251138 0.0153969 0.0381355 -0.0257475 0.0161576 0.0381355 -0.0252766 0.0156504 0.0381355 -0.0255942 0.0159042 0.0381355 -0.0254371 0.0119602 0.0381355 -0.0275121 0.0108557 0.0381355 -0.027967 0.011685 0.0381355 -0.0276303 0.0224722 0.0381355 -0.0198743 0.0169062 0.0381355 -0.0247817 0.0151418 0.0381355 -0.0258983 0.0218723 0.0381355 -0.0205322 -0.0131369 0.0381355 -0.0269704 -0.013671 0.0381355 -0.026704 0.0197251 0.0381355 -0.0226035 0.0201716 0.0381355 -0.0222054 0.019501 0.0381355 -0.0227972 -0.0134063 0.0381355 -0.0268378 0.0298512 0.0381355 -0.00298008 0.0143673 0.0381355 -0.0263356 0.014627 0.0381355 -0.0261923 0.0288514 0.0381355 -0.00821891 0.017877 0.0381355 -0.024091 0.0181149 0.0381355 -0.0239128 0.0148852 0.0381355 -0.0260466 0.0185847 0.0381355 -0.0235498 0.0253321 0.0381355 -0.0160707 0.0171518 0.0381355 -0.0246124 0.00658855 0.0381355 -0.0292673 0.00688075 0.0381355 -0.0291998 0.00600641 0.0381355 -0.0293925 0.0130455 0.0381355 -0.0270143 0.0127765 0.0381355 -0.0271425 0.0276705 0.0381355 -0.0115898 -0.00899377 0.0381355 -0.0286201 -0.0078461 0.0381355 -0.0289551 0.0285015 0.0381355 -0.00936121 0.0285933 0.0381355 -0.00907638 -0.00871071 0.0381355 -0.0287076 -0.00842288 0.0381355 -0.028793 -0.00813467 0.0381355 -0.0288755 0.0273138 0.0381355 -0.0124063 0.0274355 0.0381355 -0.0121351 0.0299753 0.0381355 -0.001198 0.0216677 0.0381355 -0.0207479 0.0243316 0.0381355 -0.0175479 0.00571582 0.0381355 -0.0294504 0.0083252 0.0381355 -0.028821 0.00861078 0.0381355 -0.028737 0.0295742 0.0381355 -0.00503655 0.0296225 0.0381355 -0.00474426 0.029523 0.0381355 -0.00532834 0.0241558 0.0381355 -0.0177891 -0.00287387 0.0381355 -0.0298614 -0.00406123 0.0381355 -0.0297238 -0.00257613 0.0381355 -0.0298884 -0.00376751 0.0381355 -0.0297625 -0.00346976 0.0381355 -0.0297984 -0.00317175 0.0381355 -0.0298313 0.0176373 0.0381355 -0.024267 0.0173955 0.0381355 -0.0244408 0.0192748 0.0381355 -0.0229886 0.0210403 0.0381355 -0.0213836 0.012506 0.0381355 -0.0272682 0.00307235 0.0381355 -0.0298415 0.0027755 0.0381355 -0.0298706 0.00247802 0.0381355 -0.0298967 0.00217992 0.0381355 -0.02992 0.000986595 0.0381355 -0.0299838 0.00188119 0.0381355 -0.0299405 0.00158184 0.0381355 -0.029958 0.0251718 0.0381355 -0.0163205 0.00336857 0.0381355 -0.0298096 0.0206105 0.0381355 -0.0217982 0.0203922 0.0381355 -0.0220027 0.00128264 0.0381355 -0.0299726 0.00775073 0.0381355 -0.0289807 0.00803852 0.0381355 -0.0289022 0.00746184 0.0381355 -0.0290564 0.00717184 0.0381355 -0.0291295 0.00629637 0.0381355 -0.0293318 0.014106 0.0381355 -0.0264763 0.0122339 0.0381355 -0.0273914 0.0114083 0.0381355 -0.027746 0.0111314 0.0381355 -0.0278584 0.0138432 0.0381355 -0.0266146 0.0250089 0.0381355 -0.0165688 0.0166586 0.0381355 -0.0249489 0.0183508 0.0381355 -0.0237324 0.0212518 0.0381355 -0.0211735 0.0208266 0.0381355 -0.0215918 0.0214609 0.0381355 -0.0209616 0.0199487 0.0381355 -0.0224063 0.0245047 0.0381355 -0.0173053 0.023427 0.0381355 -0.0187395 0.0267994 0.0381355 -0.0134814 0.0286823 0.0381355 -0.00879106 0.0291549 0.0381355 -0.00706865 0.00946091 0.0381355 -0.0284687 0.00917864 0.0381355 -0.0285609 0.0292235 0.0381355 -0.00677984 0.029352 0.0381355 -0.00620073 0.00513277 0.0381355 -0.0295575 0.0296679 0.0381355 -0.00445147 0.0297866 0.0381355 -0.00357013 0.00366417 0.0381355 -0.0297747 0.03 0.0381355 2.70221e-13 -0.000198879 0.0381355 -0.0299991 -0.000495575 0.0381355 -0.0299956 0.0299268 0.0381355 0.00208549 0.0299047 0.0381355 0.00238146 -0.00138645 0.0381355 -0.0299673 -0.00168367 0.0381355 -0.029952 0.029852 0.0381355 0.00297194 0.0298213 0.0381355 0.00326644 0.0297877 0.0381355 0.00356046 0.0297513 0.0381355 0.00385398 0.0296245 0.0381355 0.00473163 0.0295764 0.0381355 0.00502347 0.0292893 0.0381355 0.00648801 -0.00581581 0.0381355 -0.0294304 -0.00668814 0.0381355 -0.0292443 -0.00726785 0.0381355 -0.0291055 -0.0098378 0.0381355 -0.0283409 0.0282171 0.0381355 0.010187 0.0280084 0.0381355 0.0107467 0.0283176 0.0381355 0.00990507 0.0279002 0.0381355 0.0110244 0.027676 0.0381355 0.0115756 0.0274416 0.0381355 0.0121212 0.0273206 0.0381355 0.0123918 -0.0109512 0.0381355 -0.0279292 0.0270707 0.0381355 0.0129289 -0.0117773 0.0381355 -0.0275908 -0.0120509 0.0381355 -0.0274723 0.0268106 0.0381355 0.0134604 0.0256603 0.0381355 0.0155405 0.025347 0.0381355 0.0160464 0.0245237 0.0381355 0.0172792 -0.016242 0.0381355 -0.025222 -0.0164919 0.0381355 -0.0250594 -0.0167404 0.0381355 -0.024894 -0.0184313 0.0381355 -0.0236703 0.0240022 0.0381355 0.017997 0.0230814 0.0381355 0.0191628 0.0226958 0.0381355 0.0196178 -0.0188954 0.0381355 -0.0233013 0.0225 0.0381355 0.019842 -0.0193525 0.0381355 -0.0229228 0.021901 0.0381355 0.0205015 -0.0200251 0.0381355 -0.0223373 -0.0202458 0.0381355 -0.0221374 -0.020682 0.0381355 -0.0217304 0.0199968 0.0381355 0.0223634 0.0202172 0.0381355 0.0221645 0.0190904 0.0381355 0.0231411 0.0186278 0.0381355 0.0235151 0.0181589 0.0381355 0.0238793 0.0179221 0.0381355 0.0240576 -0.0231165 0.0381355 -0.0191206 -0.0233048 0.0381355 -0.0188905 -0.0236749 0.0381355 -0.0184243 0.0172023 0.0381355 0.0245778 -0.0238568 0.0381355 -0.0181882 -0.0240365 0.0381355 -0.0179499 -0.0252272 0.0381355 -0.0162352 0.0167146 0.0381355 0.0249122 -0.0253864 0.0381355 -0.0159852 0.0154602 0.0381355 0.0257089 0.0152037 0.0381355 0.0258613 0.0159698 0.0381355 0.025396 0.0139042 0.0381355 0.0265827 0.0128441 0.0381355 0.0271112 -0.0267088 0.0381355 -0.01366 0.0117659 0.0381355 0.0275964 0.0112147 0.0381355 0.0278246 0.0114917 0.0381355 0.0277116 0.0103796 0.0381355 0.0281464 -0.0280382 0.0381355 -0.0106693 0.00897443 0.0381355 0.0286257 0.00925681 0.0381355 0.0285356 -0.0281424 0.0381355 -0.0103912 -0.0286229 0.0381355 -0.0089823 0.00783824 0.0381355 0.0289578 0.00552011 0.0381355 0.029487 -0.0295406 0.0381355 -0.00522673 0.0034671 0.0381355 0.0297987 -0.0296383 0.0381355 -0.0046397 -0.0295909 0.0381355 -0.00493359 0.00317308 0.0381355 0.0298315 -0.0296829 0.0381355 -0.00434506 0.00110065 0.0381355 0.0299792 -0.029968 0.0381355 -0.00138017 0.00139908 0.0381355 0.0299669 0.00199516 0.0381355 0.0299336 0.00169782 0.0381355 0.0299517 0.000207214 0.0381355 0.0299986 -8.99855e-05 0.0381355 0.0299992 -0.0299801 0.0381355 -0.00108382 -0.000386878 0.0381355 0.0299969 -0.000683463 0.0381355 0.0299917 -0.000979741 0.0381355 0.0299835 -0.0299893 0.0381355 -0.000787218 -0.00127571 0.0381355 0.0299725 -0.0299955 0.0381355 -0.000490348 -0.00157138 0.0381355 0.0299586 -0.0299988 0.0381355 -0.000193217 -0.00245652 0.0381355 0.0298992 -0.0039348 0.0381355 0.0297402 -0.00275096 0.0381355 0.0298736 -0.00363855 0.0381355 0.0297781 -0.00452492 0.0381355 0.029656 -0.00481879 0.0381355 0.0296097 -0.00334152 0.0381355 0.0298131 -0.00423025 0.0381355 0.0296995 -0.00304509 0.0381355 0.0298451 -0.00511188 0.0381355 0.0295606 -0.00540418 0.0381355 0.0295086 -0.00569569 0.0381355 0.0294538 -0.0297366 0.0381355 0.00396474 -0.00598641 0.0381355 0.0293962 -0.0296958 0.0381355 0.00425866 -0.00627634 0.0381355 0.0293358 -0.0296521 0.0381355 0.00455234 -0.00656548 0.0381355 0.0292725 -0.00685383 0.0381355 0.0292064 -0.0287356 0.0381355 0.00861714 -0.00970873 0.0381355 0.0283848 -0.0286489 0.0381355 0.00890076 -0.00857344 0.0381355 0.0287484 -0.00885913 0.0381355 0.0286615 -0.00771416 0.0381355 0.0289912 -0.00998943 0.0381355 0.0282873 -0.0102689 0.0381355 0.0281871 -0.00828649 0.0381355 0.0288326 -0.00799935 0.0381355 0.0289138 -0.0110997 0.0381355 0.0278707 -0.0285594 0.0381355 0.00918365 -0.028467 0.0381355 0.00946581 -0.0113742 0.0381355 0.0277599 -0.0116474 0.0381355 0.0276465 -0.0258932 0.0381355 0.0151491 -0.0151007 0.0381355 0.0259218 -0.0119194 0.0381355 0.0275304 -0.0148436 0.0381355 0.0260697 -0.015356 0.0381355 0.0257714 -0.0121901 0.0381355 0.0274117 -0.0137987 0.0381355 0.0266374 -0.0140625 0.0381355 0.0264991 -0.0143245 0.0381355 0.0263584 -0.0145849 0.0381355 0.0262153 -0.0132662 0.0381355 0.0269069 -0.0124595 0.0381355 0.0272903 -0.0129975 0.0381355 0.027038 -0.0135333 0.0381355 0.0267734 -0.0127278 0.0381355 0.0271662 -0.0156097 0.0381355 0.0256187 -0.0158618 0.0381355 0.0254635 -0.0161121 0.0381355 0.0253059 -0.0257413 0.0381355 0.0154057 -0.0187686 0.0381355 0.023403 -0.0189993 0.0381355 0.0232162 -0.0166078 0.0381355 0.0249836 -0.0199015 0.0381355 0.0224481 -0.019679 0.0381355 0.0226433 -0.0180642 0.0381355 0.0239508 -0.0178253 0.0381355 0.0241292 -0.0163608 0.0381355 0.0251459 -0.0173414 0.0381355 0.0244798 -0.0175844 0.0381355 0.0243056 -0.0168531 0.0381355 0.0248188 -0.0183011 0.0381355 0.0237703 -0.0170968 0.0381355 0.0246516 -0.0185358 0.0381355 0.0235877 -0.0192279 0.0381355 0.0230273 -0.0194545 0.0381355 0.0228363 -0.0233697 0.0381355 0.0188099 -0.0203403 0.0381355 0.0220515 -0.0229924 0.0381355 0.0192694 -0.0201219 0.0381355 0.0222508 -0.0205566 0.0381355 0.02185 -0.0224112 0.0381355 0.0199428 -0.0228007 0.0381355 0.0194959 -0.022607 0.0381355 0.0197204 -0.0216074 0.0381355 0.0208114 -0.0218114 0.0381355 0.0205974 -0.0220134 0.0381355 0.0203813 -0.0207709 0.0381355 0.0216465 -0.0211932 0.0381355 0.0212331 -0.0214014 0.0381355 0.0210233 -0.0209831 0.0381355 0.0214409 -0.0222133 0.0381355 0.0201631 -0.0231821 0.0381355 0.0190407 -0.0255868 0.0381355 0.0156612 -0.0254295 0.0381355 0.0159154 -0.0235552 0.0381355 0.0185771 -0.0237387 0.0381355 0.0183422 -0.0252696 0.0381355 0.0161684 -0.0239202 0.0381355 0.0181051 -0.0240996 0.0381355 0.017866 -0.0251069 0.0381355 0.0164203 -0.0242769 0.0381355 0.0176248 -0.0249343 0.0381355 0.0166836 -0.0249416 0.0381355 0.0166709 -0.0242863 0.0381355 0.0176136 -0.0249291 0.0381355 0.0166973 -0.0242973 0.0381355 0.0176039 -0.024934 0.0381355 0.0167685 -0.0243511 0.0381355 0.0175837 -0.0243657 0.0381355 0.0175838 -0.0249247 0.0381355 0.016726 -0.0243227 0.0381355 0.0175899 -0.0249257 0.0381355 0.0167406 -0.0243095 0.0381355 0.017596 -0.0249258 0.0381355 0.0167115 -0.0243367 0.0381355 0.0175858 -0.0249288 0.0381355 0.0167548 -0.024941 0.0381355 0.0167812 -0.0243802 0.0381355 0.017586 -0.0249499 0.0381355 0.0167928 -0.0244216 0.0381355 0.0176001 -0.0244495 0.0381355 0.0176083 -0.0244778 0.0381355 0.0176148 -0.024743 0.0386129 0.0169867 -0.0247499 0.0386016 0.0169975 -0.0246965 0.0386409 0.0170534 -0.0248379 0.0385028 0.0168954 -0.0247923 0.0385618 0.0169368 -0.0248306 0.0385102 0.0168821 -0.0247587 0.0385925 0.0170086 -0.0248003 0.0385535 0.016949 -0.02481 0.0385473 0.0169607 -0.024847 0.0384974 0.0169079 -0.0248788 0.0384373 0.0168627 -0.0248702 0.0384417 0.0168495 -0.0248636 0.0384478 0.0168353 -0.0248963 0.0383726 0.016813 -0.0248902 0.0383772 0.0167981 -0.0247864 0.0385721 0.0169245 -0.0248839 0.0384453 0.0168814 -0.0248695 0.0384734 0.0169018 -0.0248257 0.0385192 0.0168685 -0.0248595 0.0384553 0.0168206 -0.0249156 0.0382973 0.0167865 -0.02491 0.0383003 0.0167711 -0.0249045 0.0383692 0.0168267 -0.0248867 0.038383 0.0167825 -0.0249235 0.038295 0.0168006 -0.0249086 0.0383842 0.0168466 -0.024668 0.0386329 0.0171389 -0.0246797 0.0386255 0.0171477 -0.0246211 0.0386329 0.0172062 -0.0249199 0.0382207 0.0167382 -0.0249257 0.0381355 0.0167406 -0.0249226 0.0382189 0.0167548 -0.024858 0.0384639 0.016806 -0.024886 0.0383896 0.0167668 -0.0249292 0.0382109 0.0166893 -0.0249354 0.0381732 0.0166801 -0.0249343 0.0381355 0.0166836 -0.0249291 0.0381355 0.0166973 -0.024923 0.0382252 0.016705 -0.024923 0.0382485 0.0166987 -0.02492 0.0382229 0.0167213 -0.0249258 0.0381355 0.0167115 -0.0249247 0.0381355 0.016726 -0.0249167 0.0382861 0.016708 -0.0249094 0.0383135 0.0167225 -0.0249068 0.0383086 0.0167384 -0.024907 0.0383042 0.0167548 -0.0249357 0.0382165 0.016785 -0.024928 0.0382175 0.0167706 -0.0249288 0.0381355 0.0167548 -0.024934 0.0381355 0.0167685 -0.024941 0.0381355 0.0167812 -0.0249499 0.0381355 0.0167928 -0.0249486 0.0381731 0.0167936 -0.024769 0.0385857 0.0170194 -0.0247252 0.038612 0.0170823 -0.0247143 0.0386192 0.0170724 -0.0247215 0.0386135 0.0171138 -0.0246482 0.0386552 0.0171228 -0.0247045 0.0386289 0.0170626 -0.0246334 0.0386255 0.0172141 -0.0246794 0.0386221 0.0171743 -0.0245408 0.0386544 0.0172601 -0.024569 0.0386701 0.0172152 -0.0245906 0.0386693 0.0171887 -0.0245301 0.0385921 0.0173367 -0.0244887 0.0385531 0.0173962 -0.0244744 0.0385614 0.017393 -0.0249279 0.0383176 0.01682 -0.0249416 0.0381355 0.0166709 -0.0246573 0.0386429 0.0171304 -0.0245991 0.0386551 0.0171932 -0.0245747 0.038619 0.0172727 -0.0245167 0.0386012 0.0173322 -0.024637 0.0386191 0.0172352 -0.0246159 0.0386132 0.0172654 -0.0245507 0.0386406 0.0172627 -0.0246094 0.0386428 0.0171991 -0.0245877 0.0386118 0.0172796 -0.0245621 0.0386287 0.017267 -0.0244486 0.0385835 0.0173926 -0.0244618 0.0386089 0.0173672 -0.0244931 0.0386255 0.0173286 -0.0245438 0.0385853 0.0173426 -0.0245042 0.0386125 0.0173295 -0.0244088 0.0385295 0.01745 -0.0244231 0.0385673 0.0174216 -0.024503 0.0385469 0.0174013 -0.0244664 0.0384974 0.017454 -0.0244516 0.0385028 0.0174498 -0.0244609 0.0385717 0.0173917 -0.0244353 0.0384377 0.0174991 -0.0244686 0.0384733 0.0174772 -0.0243749 0.0384644 0.0174992 -0.0243438 0.0384267 0.0175321 -0.0243574 0.0384585 0.0175133 -0.0244366 0.0385101 0.0174476 -0.0243315 0.0383935 0.0175491 -0.024348 0.03839 0.0175389 -0.0244221 0.0385191 0.0174476 -0.0243926 0.0382951 0.0175626 -0.0243659 0.0382173 0.0175773 -0.0243767 0.0382973 0.0175601 -0.0243892 0.0384557 0.0174955 -0.0243629 0.0383834 0.0175342 -0.0244044 0.0384482 0.0174943 -0.0243145 0.0383135 0.0175763 -0.0243033 0.0382858 0.0175881 -0.0243115 0.0383227 0.0175768 -0.0243026 0.038225 0.0175954 -0.0242955 0.038249 0.017599 -0.0243284 0.0383087 0.0175684 -0.0242886 0.0382115 0.0176086 -0.0244106 0.0383696 0.0175355 -0.0244419 0.0384158 0.017516 -0.0242973 0.0381355 0.0176039 -0.0242863 0.0381355 0.0176136 -0.0242827 0.0381735 0.0176167 -0.0242769 0.0381355 0.0176248 -0.0244207 0.0383516 0.0175473 -0.0243949 0.038373 0.0175326 -0.02442 0.0384422 0.0174956 -0.0244054 0.0382824 0.0175705 -0.0244001 0.0382464 0.0175789 -0.0244123 0.0383175 0.0175599 -0.024382 0.0382163 0.0175796 -0.0243964 0.0382099 0.017585 -0.0243942 0.0381355 0.0175903 -0.0243802 0.0381355 0.017586 -0.0243945 0.038173 0.0175888 -0.0249093 0.0383229 0.016719 -0.0248897 0.0383934 0.0167482 -0.0249001 0.0383587 0.0167326 -0.0249413 0.0382467 0.0168022 -0.0249457 0.0382101 0.0167967 -0.024865 0.0384584 0.0167849 -0.024878 0.0384266 0.0167656 -0.0249353 0.0382825 0.01681 -0.0248508 0.0384884 0.0168058 -0.0248355 0.0385168 0.0168285 -0.0248233 0.0385295 0.0168552 -0.0248969 0.0384155 0.016863 -0.024919 0.0383515 0.0168322 -0.0248191 0.0385431 0.0168526 -0.0248017 0.0385673 0.0168783 -0.024783 0.0385839 0.0169127 -0.0247833 0.0385893 0.0169052 -0.0247641 0.038609 0.0169334 -0.0247384 0.0386259 0.0169766 -0.0248373 0.038523 0.0169477 -0.024854 0.0384993 0.0169239 -0.0247441 0.0386263 0.0169625 -0.0247235 0.0386411 0.0169925 -0.0246906 0.0386546 0.0170451 -0.0247023 0.0386534 0.0170233 -0.0248014 0.0385634 0.0169992 -0.0248198 0.0385444 0.0169728 -0.0246807 0.0386631 0.0170547 -0.024641 0.0386693 0.0171164 -0.0246587 0.0386702 0.0170866 -0.0247625 0.0385937 0.017055 -0.0247823 0.0385798 0.0170266 -0.0246364 0.0386744 0.0171186 -0.0246139 0.0386759 0.017151 -0.0247423 0.0386049 0.0170841 -0.0245915 0.0386744 0.0171831 -0.0245249 0.0386534 0.0172781 -0.0245468 0.0386631 0.0172469 -0.0247006 0.0386192 0.0171439 -0.0245033 0.0386411 0.0173086 -0.0246582 0.0386221 0.0172048 -0.0244823 0.0386262 0.0173383 -0.0244421 0.0385893 0.0173949 -0.0245749 0.0385933 0.0173242 -0.0245952 0.0386046 0.0172951 -0.024536 0.0385628 0.0173801 -0.0245551 0.0385794 0.0173525 -0.0244051 0.0385432 0.0174468 -0.024388 0.0385168 0.0174706 -0.0243722 0.0384887 0.0174928 -0.0245002 0.0385226 0.0174315 -0.0245177 0.038544 0.0174063 -0.0244838 0.0384991 0.0174551 -0.0243207 0.0383588 0.0175641 -0.0243788 0.0383776 0.0175321 -0.0244546 0.0384455 0.0174975 -0.0243439 0.0383042 0.0175629 -0.0243602 0.0383004 0.0175601 -0.0244306 0.0383844 0.0175326 -0.0243169 0.0382227 0.0175869 -0.0243326 0.0382205 0.017581 -0.0243492 0.0382187 0.0175777 -0.0243095 0.0381355 0.017596 -0.0243227 0.0381355 0.0175899 -0.0243367 0.0381355 0.0175858 -0.0243511 0.0381355 0.0175837 -0.0243657 0.0381355 0.0175838 -0.0245361 0.0385632 0.0173804 -0.024583 0.0385743 0.0173641 -0.0245432 0.0385366 0.0174212 -0.0244216 0.0381355 0.0176001 -0.0243942 0.0381355 0.0175903 -0.0243944 0.0381728 0.0175889 -0.0244339 0.0382911 0.017578 -0.0244228 0.0382144 0.017594 -0.0244 0.0382464 0.0175793 -0.0243964 0.0382098 0.0175852 -0.0244521 0.0383636 0.0175519 -0.0244123 0.0383174 0.0175605 -0.0244519 0.0382128 0.0176027 -0.0245041 0.0383498 0.0175705 -0.0244956 0.0383161 0.0175838 -0.0244806 0.038359 0.0175615 -0.0244769 0.0384298 0.0175164 -0.0244689 0.038473 0.0174775 -0.0245075 0.038488 0.0174724 -0.0245048 0.0384239 0.0175267 -0.0245348 0.038481 0.0174836 -0.0245683 0.0384929 0.0174741 -0.0245528 0.0384682 0.017497 -0.0246403 0.0385671 0.0173685 -0.024621 0.0385525 0.0173966 -0.0246088 0.0385655 0.0173774 -0.0246508 0.0385907 0.0173173 -0.0246258 0.0386 0.0173027 -0.0246795 0.0386221 0.0171741 -0.0246704 0.038613 0.0172387 -0.0246582 0.0386221 0.0172048 -0.024637 0.0386192 0.0172353 -0.0246159 0.0386134 0.0172655 -0.0247603 0.0386 0.0171097 -0.0247156 0.038613 0.0171737 -0.0247219 0.0386136 0.0171134 -0.0247015 0.0385938 0.0172799 -0.0246945 0.0386035 0.0172545 -0.0247226 0.0385968 0.0172495 -0.0248245 0.0385655 0.0170679 -0.0248031 0.0385743 0.0170483 -0.0248428 0.0385366 0.0169912 -0.0247649 0.0385939 0.0171888 -0.0247388 0.0386035 0.0171909 -0.0247826 0.0385907 0.0171281 -0.0248379 0.0385228 0.0169475 -0.0248785 0.038488 0.01694 -0.0248466 0.0385526 0.0170728 -0.0248269 0.0385672 0.0171007 -0.0249172 0.0384683 0.0169741 -0.024901 0.0384931 0.0169966 -0.0248985 0.038481 0.0169617 -0.0249285 0.0384239 0.0169187 -0.0249092 0.0384298 0.016896 -0.024909 0.0383844 0.0168468 -0.0248973 0.0384157 0.0168633 -0.0248842 0.0384454 0.0168817 -0.0248699 0.0384732 0.016902 -0.024946 0.0384127 0.0169345 -0.0249322 0.0384415 0.0169534 -0.0249339 0.0383636 0.0168605 -0.0249283 0.0383175 0.0168201 -0.0249521 0.0382911 0.0168344 -0.0249706 0.038288 0.0168583 -0.0249528 0.038359 0.0168839 -0.0249632 0.0382144 0.0168185 -0.0249694 0.0383498 0.0169028 -0.0249584 0.0383821 0.0169177 -0.0249415 0.0382464 0.0168022 -0.0249788 0.0383164 0.0168903 -0.0249859 0.0381355 0.0168385 -0.0249815 0.0382128 0.0168427 -0.0249686 0.0381355 0.0168151 -0.0249867 0.0382815 0.01688 -0.0250006 0.0381727 0.0168635 -0.0250018 0.0381355 0.0168628 -0.024993 0.0382459 0.0168721 -0.0249976 0.0382094 0.0168666 -0.0249487 0.0381728 0.0167935 -0.0249499 0.0381355 0.0167928 -0.0248545 0.0384991 0.0169239 -0.0248635 0.0385286 0.017012 -0.0248838 0.0385154 0.0170206 -0.0248656 0.0385353 0.0170461 -0.024802 0.0385633 0.0169987 -0.0247859 0.0385879 0.0171588 -0.0248067 0.038579 0.0171293 -0.0247631 0.0385939 0.0170545 -0.0247438 0.0385968 0.0172191 -0.0246806 0.0385878 0.0173099 -0.0246602 0.0385789 0.0173396 -0.0245749 0.0385937 0.0173245 -0.0245952 0.0386049 0.0172953 -0.0246025 0.0385352 0.0174237 -0.0245698 0.0385286 0.0174334 -0.0245849 0.0385153 0.0174496 -0.0245005 0.0385226 0.0174318 -0.0245386 0.0384414 0.0175183 -0.0245257 0.0384126 0.0175377 -0.0245141 0.0383819 0.0175552 -0.0244421 0.0384155 0.0175165 -0.0244628 0.038288 0.0175871 -0.0244887 0.0382814 0.0175947 -0.0244835 0.0382457 0.0176034 -0.0244208 0.0383514 0.0175479 -0.0244053 0.0382823 0.017571 -0.0244799 0.0382094 0.0176096 -0.024478 0.0381727 0.0176134 -0.0244778 0.0381355 0.0176148 -0.0244495 0.0381355 0.0176083 -0.0249459 0.0382099 0.0167966 -0.0249357 0.0382824 0.01681 -0.0249194 0.0383516 0.0168324 -0.0248204 0.0385443 0.0169725 -0.0247829 0.0385799 0.0170261 -0.0247427 0.0386052 0.0170836 -0.0247008 0.0386192 0.0171436 -0.0245551 0.0385798 0.0173529 -0.0245179 0.0385441 0.0174067 -0.0244842 0.0384989 0.0174554 -0.0244549 0.0384452 0.0174979 -0.0244307 0.0383842 0.0175332 -0.0249788 0.0383164 0.0168903 -0.0249867 0.0382815 0.01688 -0.0244887 0.0382814 0.0175947 -0.0247015 0.0385938 0.0172799 -0.0247438 0.0385968 0.0172191 -0.0247649 0.0385939 0.0171888 -0.0247226 0.0385968 0.0172495 -0.0247859 0.0385879 0.0171588 -0.0246806 0.0385878 0.0173099 -0.0248067 0.038579 0.0171293 -0.0246602 0.0385789 0.0173396 -0.0246403 0.0385671 0.0173685 -0.0248269 0.0385672 0.0171007 -0.0248466 0.0385526 0.0170728 -0.024621 0.0385525 0.0173966 -0.0248656 0.0385353 0.0170461 -0.0246025 0.0385352 0.0174237 -0.0245849 0.0385153 0.0174496 -0.0248838 0.0385154 0.0170206 -0.024901 0.0384931 0.0169966 -0.0245683 0.0384929 0.0174741 -0.0249172 0.0384683 0.0169741 -0.0245528 0.0384682 0.017497 -0.0245386 0.0384414 0.0175183 -0.0249322 0.0384415 0.0169534 -0.024946 0.0384127 0.0169345 -0.0245257 0.0384126 0.0175377 -0.0245141 0.0383819 0.0175552 -0.0245041 0.0383498 0.0175705 -0.0249584 0.0383821 0.0169177 -0.0249694 0.0383498 0.0169028 -0.0244956 0.0383161 0.0175838 -0.0244835 0.0382457 0.0176034 -0.0244799 0.0382094 0.0176096 -0.024993 0.0382459 0.0168721 -0.0249976 0.0382094 0.0168666 -0.024478 0.0381727 0.0176134 -0.0250006 0.0381727 0.0168635 -0.0244778 0.0381355 0.0176148 -0.0250018 0.0381355 0.0168628 -0.0249304 0.0382093 0.0166875 -0.0249238 0.0382484 0.0166974 -0.0251069 0.0381355 0.0164203 -0.0250173 0.0421355 0.0165565 -0.0248617 0.0384658 0.0167898 -0.024847 0.038496 0.0168116 -0.0249081 0.038329 0.0167208 -0.0248984 0.0383655 0.0167353 -0.0251811 0.0421355 0.0163059 -0.0248752 0.0384338 0.0167697 -0.0248875 0.0384003 0.0167515 -0.024814 0.0385506 0.0168602 -0.024796 0.0385746 0.0168867 -0.0248508 0.0421355 0.0168059 -0.024831 0.0385244 0.0168351 -0.0246838 0.0421355 0.0170501 -0.024736 0.0386324 0.0169744 -0.0247145 0.0386467 0.0170056 -0.0247569 0.0386156 0.0169438 -0.0246248 0.0386741 0.0171353 -0.0246019 0.038674 0.0171682 -0.0246699 0.0386652 0.0170703 -0.0246923 0.0386583 0.0170378 -0.0245144 0.0421355 0.0172928 -0.0245117 0.0386443 0.0172967 -0.0244895 0.0386311 0.0173281 -0.0245565 0.0386649 0.017233 -0.0245791 0.0386715 0.0172008 -0.0243604 0.0384651 0.0175092 -0.0243426 0.0421355 0.0175338 -0.0243758 0.0384954 0.0174878 -0.0244477 0.0385953 0.017387 -0.0244682 0.0386147 0.0173582 -0.0226864 0.0421355 0.0196285 -0.0228007 0.0381355 0.0194959 -0.022607 0.0381355 0.0197204 -0.0243221 0.0383647 0.0175623 -0.024312 0.0383283 0.0175764 -0.0241683 0.0421355 0.0177731 -0.0166876 0.0421355 0.0249301 -0.016933 0.0421355 0.0247642 -0.0168531 0.0381355 0.0248188 -0.0212676 0.0421355 0.0211587 -0.0214014 0.0381355 0.0210233 -0.0211932 0.0381355 0.0212331 0.00749565 0.0421355 0.0290483 0.00726613 0.0381355 0.0291067 0.00755252 0.0381355 0.0290337 -0.0158618 0.0381355 0.0254635 -0.0156888 0.0421355 0.02557 -0.0159412 0.0421355 0.0254136 -0.00750673 0.0421355 0.0290454 -0.00771416 0.0381355 0.0289912 -0.00742817 0.0381355 0.0290658 0.0178893 0.0421355 0.0240819 0.0176838 0.0381355 0.0242335 0.0179221 0.0381355 0.0240576 -0.0199015 0.0381355 0.0224481 -0.019679 0.0381355 0.0226433 -0.0197543 0.0421355 0.0225772 -0.0189993 0.0381355 0.0232162 -0.0187686 0.0381355 0.023403 -0.0188429 0.0421355 0.0233431 -0.0210577 0.0421355 0.0213674 -0.0214752 0.0421355 0.0209479 -0.0216074 0.0381355 0.0208114 -0.0220134 0.0381355 0.0203813 -0.021887 0.0421355 0.0205168 -0.0220905 0.0421355 0.0202972 -0.0228802 0.0421355 0.0194024 -0.0224902 0.0421355 0.0198531 -0.0224112 0.0381355 0.0199428 -0.0232604 0.0421355 0.0189451 -0.0234469 0.0421355 0.018714 -0.0233697 0.0381355 0.0188099 -0.0230715 0.0421355 0.0191746 -0.0231821 0.0381355 0.0190407 -0.0229924 0.0381355 0.0192694 -0.0236309 0.0421355 0.0184812 -0.0235552 0.0381355 0.0185771 -0.0238125 0.0421355 0.0182468 -0.0239916 0.0421355 0.0180108 -0.0239202 0.0381355 0.0181051 -0.0237387 0.0381355 0.0183422 -0.0240996 0.0381355 0.017866 -0.0243032 0.038291 0.0175885 -0.0242958 0.038253 0.0175987 -0.0242895 0.0382143 0.0176074 -0.024283 0.0381752 0.0176164 -0.0242769 0.0381355 0.0176248 -0.0218114 0.0381355 0.0205974 -0.0222916 0.0421355 0.0200759 -0.0205566 0.0381355 0.02185 -0.0203403 0.0381355 0.0220515 -0.0204156 0.0421355 0.0219815 -0.0209831 0.0381355 0.0214409 -0.0208458 0.0421355 0.0215741 -0.0201219 0.0381355 0.0222508 -0.0199769 0.0421355 0.0223807 -0.0183011 0.0381355 0.0237703 -0.0181371 0.0421355 0.0238961 -0.0183745 0.0421355 0.0237138 -0.0194545 0.0381355 0.0228363 -0.0193029 0.0421355 0.0229642 -0.0195297 0.0421355 0.0227717 -0.0171765 0.0421355 0.024596 -0.0170968 0.0381355 0.0246516 -0.0176585 0.0421355 0.0242524 -0.0178253 0.0381355 0.0241292 -0.0175844 0.0381355 0.0243056 -0.0161121 0.0381355 0.0253059 -0.0164406 0.0421355 0.0250936 -0.0166078 0.0381355 0.0249836 -0.0149214 0.0421355 0.0260251 -0.0151007 0.0381355 0.0259218 -0.0148436 0.0381355 0.0260697 -0.0151789 0.0421355 0.0258758 -0.0154348 0.0421355 0.0257241 -0.015356 0.0381355 0.0257714 -0.0141382 0.0421355 0.0264589 -0.0143245 0.0381355 0.0263584 -0.0140625 0.0381355 0.0264991 -0.0146621 0.0421355 0.0261721 -0.0145849 0.0381355 0.0262153 -0.0132662 0.0381355 0.0269069 -0.0133416 0.0421355 0.0268701 -0.0135333 0.0381355 0.0267734 -0.0136073 0.0421355 0.0267364 -0.0122709 0.0421355 0.0273754 -0.0121901 0.0381355 0.0274117 -0.012 0.0421355 0.0274951 -0.0128089 0.0421355 0.027128 -0.0129975 0.0381355 0.027038 -0.0127278 0.0381355 0.0271662 -0.0109028 0.0421355 0.027948 -0.0110997 0.0381355 0.0278707 -0.010824 0.0381355 0.0279788 -0.011454 0.0421355 0.0277268 -0.0117276 0.0421355 0.0276123 -0.0116474 0.0381355 0.0276465 -0.00950158 0.0421355 0.0284549 -0.00970873 0.0381355 0.0283848 -0.00942678 0.0381355 0.0284797 -0.010066 0.0421355 0.02826 -0.0103463 0.0421355 0.0281586 -0.0102689 0.0381355 0.0281871 -0.00807856 0.0421355 0.0288917 -0.00836318 0.0421355 0.0288107 -0.00828649 0.0381355 0.0288326 -0.00885913 0.0381355 0.0286615 -0.00893182 0.0421355 0.0286393 -0.00914358 0.0381355 0.0285719 -0.00627634 0.0381355 0.0293358 -0.00606208 0.0421355 0.0293805 -0.00635273 0.0421355 0.0293191 -0.00685383 0.0381355 0.0292064 -0.00693145 0.0421355 0.0291879 -0.0071414 0.0381355 0.0291375 -0.00481879 0.0381355 0.0296097 -0.00459592 0.0421355 0.0296452 -0.00489088 0.0421355 0.0295979 -0.00569569 0.0381355 0.0294538 -0.00540418 0.0381355 0.0295086 -0.0054782 0.0421355 0.0294948 -0.00363855 0.0381355 0.0297781 -0.00334152 0.0381355 0.0298131 -0.00341359 0.0421355 0.0298051 -0.00430011 0.0421355 0.0296897 -0.00423025 0.0381355 0.0296995 -0.00400343 0.0421355 0.0297315 -0.00216178 0.0381355 0.0299219 -0.00186673 0.0381355 0.0299417 -0.00193896 0.0421355 0.0299369 -0.00282486 0.0421355 0.0298666 -0.00275096 0.0381355 0.0298736 -0.00252993 0.0421355 0.0298929 -0.000752533 0.0421355 0.0299898 -0.000683463 0.0381355 0.0299917 -0.000454993 0.0421355 0.0299958 -0.00134649 0.0421355 0.0299692 -0.00157138 0.0381355 0.0299586 -0.00127571 0.0381355 0.0299725 0.000738899 0.0421355 0.0299904 0.00050472 0.0381355 0.029995 0.000802534 0.0381355 0.0299886 0.000141206 0.0421355 0.0299989 -8.99855e-05 0.0381355 0.0299992 0.000207214 0.0381355 0.0299986 0.00222336 0.0421355 0.0299174 0.00199516 0.0381355 0.0299336 0.00228991 0.0381355 0.0299125 0.00163268 0.0421355 0.0299555 0.00133715 0.0421355 0.0299702 0.00139908 0.0381355 0.0299669 0.00369789 0.0421355 0.0297707 0.00340323 0.0421355 0.0298059 0.0034671 0.0381355 0.0297987 0.00310845 0.0421355 0.0298382 0.00281355 0.0421355 0.0298675 0.00287887 0.0381355 0.0298614 0.00516929 0.0421355 0.0295505 0.00487526 0.0421355 0.0296004 0.00493445 0.0381355 0.0295907 0.00434806 0.0381355 0.0296827 0.00428682 0.0421355 0.0296914 0.00405459 0.0381355 0.0297243 0.00639722 0.0381355 0.0293096 0.00634383 0.0421355 0.0293216 0.00610503 0.0381355 0.0293716 0.00581266 0.0381355 0.0294308 0.00575698 0.0421355 0.0294419 0.00552011 0.0381355 0.029487 0.00783824 0.0381355 0.0289578 0.00778205 0.0421355 0.0289728 0.00697907 0.0381355 0.0291769 0.00720862 0.0421355 0.029121 0.00692098 0.0421355 0.0291907 0.00897443 0.0381355 0.0286257 0.0092048 0.0421355 0.0285522 0.00892149 0.0421355 0.0286421 0.00812329 0.0381355 0.0288791 0.00840767 0.0381355 0.0287975 0.00835301 0.0421355 0.0288132 0.0103796 0.0381355 0.0281464 0.0106121 0.0421355 0.0280598 0.0103318 0.0421355 0.028164 0.00953851 0.0381355 0.0284426 0.00981955 0.0381355 0.0283467 0.00976956 0.0421355 0.0283639 0.0111706 0.0421355 0.0278427 0.0112147 0.0381355 0.0278246 0.0114449 0.0421355 0.0277311 0.0108917 0.0421355 0.0279527 0.010937 0.0381355 0.0279347 0.0123073 0.0381355 0.0273592 0.0125302 0.0421355 0.0272577 0.0122605 0.0421355 0.0273801 0.0114917 0.0381355 0.0277116 0.0117659 0.0381355 0.0275964 0.0117179 0.0421355 0.0276168 0.0133764 0.0381355 0.0268524 0.0136409 0.0381355 0.0267189 0.0135979 0.0421355 0.0267406 0.0128441 0.0381355 0.0271112 0.0131108 0.0381355 0.0269831 0.0130663 0.0421355 0.0270046 0.0146873 0.0381355 0.026158 0.0149461 0.0381355 0.026011 0.014908 0.0421355 0.0260329 0.0141252 0.0421355 0.0264657 0.0141663 0.0381355 0.0264438 0.0143872 0.0421355 0.0263242 0.015933 0.0421355 0.0254193 0.0159698 0.0381355 0.025396 0.0161829 0.0421355 0.0252609 0.0154243 0.0421355 0.0257307 0.0152037 0.0381355 0.0258613 0.0154602 0.0381355 0.0257089 0.0171673 0.0421355 0.0246022 0.0172023 0.0381355 0.0245778 0.0174095 0.0421355 0.0244312 0.0166782 0.0421355 0.0249365 0.0164684 0.0381355 0.0250757 0.0167146 0.0381355 0.0249122 0.0181589 0.0381355 0.0238793 0.0181269 0.0421355 0.0239034 0.0176502 0.0421355 0.0242578 0.0183942 0.0381355 0.0236984 0.018363 0.0421355 0.0237225 0.0185975 0.0421355 0.023539 0.0186278 0.0381355 0.0235151 0.0188599 0.0381355 0.0233294 0.0188305 0.0421355 0.0233531 0.0190904 0.0381355 0.0231411 0.0190619 0.0421355 0.0231646 0.0192918 0.0421355 0.0229737 0.0193194 0.0381355 0.0229504 0.0195468 0.0381355 0.0227572 0.0195202 0.0421355 0.0227802 0.0197726 0.0381355 0.0225615 0.019747 0.0421355 0.0225843 0.0199699 0.0421355 0.0223876 0.0199968 0.0381355 0.0223634 0.0202172 0.0381355 0.0221645 0.0201897 0.0421355 0.0221895 0.0204345 0.0381355 0.0219642 0.0204076 0.0421355 0.0219892 0.0206235 0.0421355 0.0217867 0.0206499 0.0381355 0.0217618 0.0208633 0.0381355 0.0215572 0.0208375 0.0421355 0.021582 0.0210748 0.0381355 0.0213504 0.0210496 0.0421355 0.0213751 0.0212597 0.0421355 0.021166 0.0212843 0.0381355 0.0211415 0.0214918 0.0381355 0.0209304 0.0214679 0.0421355 0.0209547 0.0216974 0.0381355 0.020717 0.0216741 0.0421355 0.0207412 0.0218784 0.0421355 0.0205254 0.021901 0.0381355 0.0205015 0.0221026 0.0381355 0.0202839 0.0220808 0.0421355 0.0203075 0.0223023 0.0381355 0.020064 0.0222812 0.0421355 0.0200874 0.0224797 0.0421355 0.019865 0.0225 0.0381355 0.019842 0.0226958 0.0381355 0.0196178 0.0226762 0.0421355 0.0196405 0.0228896 0.0381355 0.0193914 0.0228708 0.0421355 0.0194137 0.0230634 0.0421355 0.0191847 0.0230814 0.0381355 0.0191628 0.0232713 0.0381355 0.0189321 0.0232541 0.0421355 0.0189536 0.0234592 0.0381355 0.0186992 0.0234412 0.0421355 0.0187219 0.0236247 0.0421355 0.0184898 0.023643 0.0381355 0.0184664 0.0238237 0.0381355 0.0182326 0.0238059 0.0421355 0.0182558 0.0240022 0.0381355 0.017997 0.0239849 0.0421355 0.01802 0.0241615 0.0421355 0.0177823 0.0241783 0.0381355 0.0177595 0.0243522 0.0381355 0.0175202 0.0243359 0.0421355 0.0175428 0.0245237 0.0381355 0.0172792 0.0245079 0.0421355 0.0173014 0.0246777 0.0421355 0.0170582 0.024693 0.0381355 0.0170362 0.0248599 0.0381355 0.0167915 0.0248452 0.0421355 0.0168131 0.0250246 0.0381355 0.016545 0.0250104 0.0421355 0.0165662 0.0251733 0.0421355 0.0163175 0.025187 0.0381355 0.0162966 0.025347 0.0381355 0.0160464 0.0253339 0.0421355 0.0160669 0.0255048 0.0381355 0.0157944 0.0254923 0.0421355 0.0158145 0.0256483 0.0421355 0.0155602 0.0256603 0.0381355 0.0155405 0.0258134 0.0381355 0.0152849 0.0258021 0.0421355 0.015304 0.0259643 0.0381355 0.0150274 0.0259536 0.0421355 0.015046 0.0261028 0.0421355 0.0147862 0.0261129 0.0381355 0.0147681 0.0262592 0.0381355 0.014507 0.0262487 0.0421355 0.014526 0.0264012 0.0381355 0.0142469 0.0263907 0.0421355 0.0142664 0.0265301 0.0421355 0.0140054 0.0265403 0.0381355 0.0139861 0.0266767 0.0381355 0.013724 0.0266669 0.0421355 0.0137429 0.0268106 0.0381355 0.0134604 0.0268012 0.0421355 0.013479 0.0269329 0.0421355 0.0132136 0.026942 0.0381355 0.0131953 0.0270707 0.0381355 0.0129289 0.0270621 0.0421355 0.0129468 0.0271969 0.0381355 0.0126611 0.0271887 0.0421355 0.0126786 0.0273127 0.0421355 0.012409 0.0273206 0.0381355 0.0123918 0.0274416 0.0381355 0.0121212 0.0274341 0.0421355 0.0121379 0.0275601 0.0381355 0.0118491 0.027553 0.0421355 0.0118654 0.0276693 0.0421355 0.0115915 0.027676 0.0381355 0.0115756 0.0277894 0.0381355 0.0113007 0.0277831 0.0421355 0.0113161 0.0279002 0.0381355 0.0110244 0.0278943 0.0421355 0.0110393 0.0280029 0.0421355 0.010761 0.0280084 0.0381355 0.0107467 0.028114 0.0381355 0.0104676 0.0281089 0.0421355 0.0104813 0.0282171 0.0381355 0.010187 0.0282124 0.0421355 0.0102002 0.0283129 0.0421355 0.00991876 0.0283176 0.0381355 0.00990507 0.028414 0.0381355 0.00962516 0.0284093 0.0421355 0.00963902 0.0285074 0.0381355 0.00934478 0.028503 0.0421355 0.0093583 0.0285939 0.0421355 0.00907661 0.0285981 0.0381355 0.00906344 0.0286859 0.0381355 0.00878114 0.028682 0.0421355 0.00879393 0.028771 0.0381355 0.00849787 0.0287673 0.0421355 0.00851028 0.0288499 0.0421355 0.00822564 0.0288534 0.0381355 0.00821364 0.0289329 0.0381355 0.00792845 0.0289297 0.0421355 0.00794003 0.0290098 0.0381355 0.00764229 0.0290067 0.0421355 0.00765344 0.029081 0.0421355 0.00736587 0.0290838 0.0381355 0.00735516 0.029155 0.0381355 0.00706708 0.0291525 0.0421355 0.00707732 0.0292235 0.0381355 0.00677802 0.0292212 0.0421355 0.00678779 0.0292893 0.0381355 0.00648801 0.0292872 0.0421355 0.00649728 0.0293504 0.0421355 0.00620579 0.0293522 0.0381355 0.00619703 0.0294124 0.0381355 0.00590508 0.0294108 0.0421355 0.00591332 0.0294699 0.0381355 0.00561218 0.0294684 0.0421355 0.00561988 0.0295233 0.0421355 0.00532545 0.0295245 0.0381355 0.0053183 0.0295764 0.0381355 0.00502347 0.0295752 0.0421355 0.00503061 0.0296245 0.0381355 0.00473163 0.0296234 0.0421355 0.00473867 0.0296686 0.0421355 0.00444623 0.0296696 0.0381355 0.00443957 0.0297119 0.0381355 0.00414702 0.029711 0.0421355 0.00415329 0.0297513 0.0381355 0.00385398 0.0297505 0.0421355 0.00385985 0.0297871 0.0421355 0.00356592 0.0297877 0.0381355 0.00356046 0.0298213 0.0381355 0.00326644 0.0298207 0.0421355 0.00327149 0.029852 0.0381355 0.00297194 0.0298515 0.0421355 0.00297657 0.0298794 0.0421355 0.00268115 0.0298798 0.0381355 0.00267694 0.0299047 0.0381355 0.00238146 0.0299044 0.0421355 0.00238523 0.0299268 0.0381355 0.00208549 0.0299265 0.0421355 0.00208881 0.0299457 0.0421355 0.0017919 0.0299459 0.0381355 0.00178903 0.0299621 0.0381355 0.00149208 0.029962 0.0421355 0.00149449 0.0299755 0.0381355 0.00119464 0.0299754 0.0421355 0.00119659 0.0299859 0.0421355 0.000898187 0.029986 0.0381355 0.000896714 0.0299935 0.0381355 0.000598298 0.0299935 0.0421355 0.000599288 0.0299982 0.0381355 0.000299394 0.0299982 0.0421355 0.000299892 0.03 0.0421355 0 0.03 0.0381355 2.70221e-13 0.0174438 0.0381355 0.0244069 0.0169235 0.0421355 0.0247706 0.0169592 0.0381355 0.0247463 0.0164313 0.0421355 0.0250999 0.0162206 0.0381355 0.0252367 0.0156808 0.0421355 0.0255755 0.0157155 0.0381355 0.0255538 0.0151667 0.0421355 0.0258832 0.0146481 0.0421355 0.0261799 0.0144274 0.0381355 0.0263023 0.0139042 0.0381355 0.0265827 0.0138621 0.0421355 0.0266045 0.0133326 0.0421355 0.026874 0.0127988 0.0421355 0.0271325 0.0125763 0.0381355 0.0272366 0.0120372 0.0381355 0.0274792 0.0119897 0.0421355 0.0274998 0.0106587 0.0381355 0.028042 0.0100999 0.0381355 0.028248 0.010051 0.0421355 0.0282654 0.00948749 0.0421355 0.0284595 0.00925681 0.0381355 0.0285356 0.00869138 0.0381355 0.028713 0.00863756 0.0421355 0.0287291 0.00806784 0.0421355 0.0288945 0.00668922 0.0381355 0.0292446 0.00663271 0.0421355 0.0292576 0.00605064 0.0421355 0.0293832 0.0054632 0.0421355 0.0294977 0.00522737 0.0381355 0.0295403 0.00458111 0.0421355 0.0296474 0.00464135 0.0381355 0.0296382 0.00399242 0.0421355 0.0297325 0.00376093 0.0381355 0.029763 0.00317308 0.0381355 0.0298315 0.00258448 0.0381355 0.0298884 0.00251852 0.0421355 0.0298939 0.00192808 0.0421355 0.0299379 0.00169782 0.0381355 0.0299517 0.00110065 0.0381355 0.0299792 0.00103831 0.0421355 0.0299818 0.000439866 0.0421355 0.0299961 -0.00015708 0.0421355 0.0299988 -0.000386878 0.0381355 0.0299969 -0.000979741 0.0381355 0.0299835 -0.0010497 0.0421355 0.029981 -0.00164291 0.0421355 0.0299545 -0.00223463 0.0421355 0.0299164 -0.00245652 0.0381355 0.0298992 -0.00304509 0.0381355 0.0298451 -0.00311941 0.0421355 0.0298373 -0.00370739 0.0421355 0.02977 -0.0039348 0.0381355 0.0297402 -0.00452492 0.0381355 0.029656 -0.00518497 0.0421355 0.0295478 -0.00511188 0.0381355 0.0295606 -0.00598641 0.0381355 0.0293962 -0.00577057 0.0421355 0.029439 -0.00664252 0.0421355 0.0292549 -0.00656548 0.0381355 0.0292725 -0.00721952 0.0421355 0.0291181 -0.00779307 0.0421355 0.02897 -0.00799935 0.0381355 0.0289138 -0.00857344 0.0381355 0.0287484 -0.00864695 0.0421355 0.0287268 -0.00921736 0.0421355 0.0285485 -0.00978447 0.0421355 0.0283588 -0.00998943 0.0381355 0.0282873 -0.0106252 0.0421355 0.0280546 -0.0105471 0.0381355 0.0280843 -0.0111791 0.0421355 0.0278387 -0.0113742 0.0381355 0.0277599 -0.0119194 0.0381355 0.0275304 -0.0124595 0.0381355 0.0272903 -0.0125406 0.0421355 0.027253 -0.0130759 0.0421355 0.0270003 -0.0138736 0.0421355 0.0265988 -0.0137987 0.0381355 0.0266374 -0.014401 0.0421355 0.0263167 -0.0156097 0.0381355 0.0256187 -0.0161917 0.0421355 0.0252548 -0.0163608 0.0381355 0.0251459 -0.0173414 0.0381355 0.0244798 -0.0174184 0.0421355 0.0244254 -0.0178976 0.0421355 0.0240764 -0.0180642 0.0381355 0.0239508 -0.0185358 0.0381355 0.0235877 -0.0186098 0.0421355 0.0235294 -0.019074 0.0421355 0.0231546 -0.0192279 0.0381355 0.0230273 -0.0201973 0.0421355 0.0221821 -0.0206318 0.0421355 0.0217788 -0.0207709 0.0381355 0.0216465 -0.0216811 0.0421355 0.0207347 -0.0222133 0.0381355 0.0201631 -0.0243336 0.0383996 0.0175464 -0.0243464 0.0384333 0.0175287 -0.0243922 0.0385236 0.0174649 -0.0244097 0.0385498 0.0174404 -0.0244282 0.0385737 0.0174145 -0.0245339 0.0386575 0.0172652 -0.0246475 0.0386717 0.0171027 -0.0247769 0.0385963 0.0169146 -0.0252696 0.0381355 0.0161684 -0.0249165 0.038289 0.0167084 -0.0254295 0.0381355 0.0159154 -0.0253422 0.0421355 0.016054 -0.0258932 0.0381355 0.0151491 -0.0257413 0.0381355 0.0154057 -0.0258096 0.0421355 0.0152911 -0.0255868 0.0381355 0.0156612 -0.0255007 0.0421355 0.0158009 -0.0256565 0.0421355 0.0155466 -0.0261889 0.0381355 0.0146322 -0.0262529 0.0421355 0.0145174 -0.0263327 0.0381355 0.014372 -0.02596 0.0421355 0.0150344 -0.0261078 0.0421355 0.0147765 -0.0260424 0.0381355 0.0148913 -0.026672 0.0421355 0.0137327 -0.026748 0.0381355 0.0135841 -0.0266123 0.0381355 0.013848 -0.026535 0.0421355 0.0139955 -0.0264739 0.0381355 0.0141106 -0.0263953 0.0421355 0.014257 -0.0271391 0.0381355 0.0127854 -0.0270114 0.0381355 0.0130529 -0.0270671 0.0421355 0.0129372 -0.0268811 0.0381355 0.0133191 -0.0268064 0.0421355 0.0134687 -0.0269381 0.0421355 0.0132036 -0.0273864 0.0381355 0.012247 -0.0274392 0.0421355 0.0121275 -0.0275071 0.0381355 0.0119724 -0.0271934 0.0421355 0.0126696 -0.0273171 0.0421355 0.0124007 -0.0272641 0.0381355 0.0125168 -0.0277891 0.0421355 0.0113014 -0.0278528 0.0381355 0.0111435 -0.0277404 0.0381355 0.0114205 -0.0276753 0.0421355 0.0115775 -0.0276252 0.0381355 0.0116969 -0.0275587 0.0421355 0.0118529 -0.0281728 0.0381355 0.0103079 -0.028069 0.0381355 0.0105872 -0.0281134 0.0421355 0.0104686 -0.0279623 0.0381355 0.0108657 -0.0279001 0.0421355 0.0110245 -0.0280082 0.0421355 0.0107469 -0.0283718 0.0381355 0.00974724 -0.0284122 0.0421355 0.00962911 -0.028467 0.0381355 0.00946581 -0.0282159 0.0421355 0.0101895 -0.0283155 0.0421355 0.00990967 -0.0282737 0.0381355 0.0100279 -0.0286853 0.0421355 0.00878298 -0.0287356 0.0381355 0.00861714 -0.0286489 0.0381355 0.00890076 -0.0285971 0.0421355 0.00906576 -0.0285594 0.0381355 0.00918365 -0.0285061 0.0421355 0.00934781 -0.0289785 0.0381355 0.00776191 -0.0289004 0.0381355 0.00804771 -0.0289329 0.0421355 0.00793018 -0.0288194 0.0381355 0.00833279 -0.0287707 0.0421355 0.00849945 -0.0288532 0.0421355 0.00821519 -0.0291267 0.0381355 0.00718483 -0.0291559 0.0421355 0.00706426 -0.0291968 0.0381355 0.00689328 -0.0290097 0.0421355 0.00764444 -0.0290842 0.0421355 0.00735511 -0.0290537 0.0381355 0.00747537 -0.0293536 0.0421355 0.00619023 -0.0293896 0.0381355 0.0060172 -0.0293283 0.0381355 0.00630946 -0.0292906 0.0421355 0.00648182 -0.029264 0.0381355 0.00660149 -0.0292247 0.0421355 0.00677317 -0.0295559 0.0381355 0.00513899 -0.0295034 0.0381355 0.00543197 -0.029525 0.0421355 0.00531395 -0.029448 0.0381355 0.0057247 -0.0294137 0.0421355 0.00589838 -0.0294708 0.0421355 0.00560629 -0.0296521 0.0381355 0.00455234 -0.0296699 0.0421355 0.00443542 -0.0296958 0.0381355 0.00425866 -0.0295762 0.0421355 0.00502135 -0.0296245 0.0421355 0.00472851 -0.0296055 0.0381355 0.00484578 -0.0297885 0.0421355 0.00355465 -0.0298093 0.0381355 0.00337619 -0.0297744 0.0381355 0.00367058 -0.0297519 0.0421355 0.00384849 -0.0297366 0.0381355 0.00396474 -0.0297124 0.0421355 0.00414208 -0.0298964 0.0381355 0.00249159 -0.0298703 0.0381355 0.00278669 -0.0298808 0.0421355 0.00267164 -0.0298413 0.0381355 0.00308156 -0.0298222 0.0421355 0.00326057 -0.029853 0.0421355 0.00296623 -0.0299397 0.0381355 0.00189405 -0.0299467 0.0421355 0.00177706 -0.0299569 0.0381355 0.00159508 -0.0299057 0.0421355 0.00237446 -0.0299277 0.0421355 0.00207564 -0.0299195 0.0381355 0.00219328 -0.0299862 0.0421355 0.000882836 -0.0299911 0.0381355 0.000699751 -0.0299826 0.0381355 0.000997931 -0.029976 0.0421355 0.00118066 -0.0299712 0.0381355 0.00129637 -0.0299628 0.0421355 0.00147874 -0.0299988 0.0381355 -0.000193217 -0.0299992 0.0381355 0.000104177 -0.0299994 0.0421355 -9.14894e-06 -0.0299966 0.0381355 0.000401833 -0.0299936 0.0421355 0.000585259 -0.029998 0.0421355 0.00028793 -0.0299893 0.0381355 -0.000787218 -0.0299862 0.0421355 -0.000898891 -0.0299801 0.0381355 -0.00108382 -0.029998 0.0421355 -0.000305979 -0.0299936 0.0421355 -0.000602559 -0.0299955 0.0381355 -0.000490348 -0.0299467 0.0421355 -0.00178639 -0.0299351 0.0381355 -0.00197207 -0.029953 0.0381355 -0.00167625 -0.0299628 0.0421355 -0.00149081 -0.029968 0.0381355 -0.00138017 -0.029976 0.0421355 -0.00119497 -0.0298631 0.0381355 -0.00286053 -0.0298903 0.0381355 -0.00256293 -0.0298805 0.0421355 -0.00267342 -0.0299142 0.0381355 -0.00226763 -0.0299277 0.0421355 -0.00208172 -0.0299057 0.0421355 -0.00237681 -0.0297996 0.0381355 -0.0034566 -0.0297866 0.0421355 -0.00356621 -0.0297635 0.0381355 -0.00375351 -0.029852 0.0421355 -0.00297176 -0.0298207 0.0421355 -0.00326935 -0.0298328 0.0381355 -0.00315895 -0.029667 0.0421355 -0.00445234 -0.0296383 0.0381355 -0.0046397 -0.0296829 0.0381355 -0.00434506 -0.0297097 0.0421355 -0.0041577 -0.0297246 0.0381355 -0.00404966 -0.0297496 0.0421355 -0.00386233 -0.0294875 0.0381355 -0.00551911 -0.0295406 0.0381355 -0.00522673 -0.0295219 0.0421355 -0.0053318 -0.0295909 0.0381355 -0.00493359 -0.0296215 0.0421355 -0.00474623 -0.0295731 0.0421355 -0.00503939 -0.0293727 0.0381355 -0.00610162 -0.0293512 0.0421355 -0.00620459 -0.029311 0.0381355 -0.00639174 -0.0294678 0.0421355 -0.00562347 -0.0294109 0.0421355 -0.0059144 -0.0294315 0.0381355 -0.00581074 -0.0291548 0.0421355 -0.00707072 -0.0291089 0.0381355 -0.00725758 -0.0291791 0.0381355 -0.00696972 -0.0292231 0.0421355 -0.00678275 -0.0292465 0.0381355 -0.0066811 -0.0292885 0.0421355 -0.00649404 -0.0288791 0.0381355 -0.00812228 -0.0289591 0.0381355 -0.00783316 -0.0289312 0.0421355 -0.00793501 -0.0290358 0.0381355 -0.00754468 -0.0290837 0.0421355 -0.00735795 -0.0290093 0.0421355 -0.00764561 -0.028711 0.0381355 -0.00869685 -0.0286808 0.0421355 -0.00879595 -0.0286229 0.0381355 -0.0089823 -0.0288504 0.0421355 -0.0082232 -0.0287669 0.0421355 -0.00851018 -0.0287964 0.0381355 -0.00841018 -0.0284062 0.0421355 -0.00964598 -0.0283426 0.0381355 -0.00983132 -0.0284388 0.0381355 -0.00954954 -0.0285004 0.0421355 -0.00936385 -0.0285322 0.0381355 -0.00926653 -0.0285919 0.0421355 -0.0090805 -0.0280382 0.0381355 -0.0106693 -0.0281424 0.0381355 -0.0103912 -0.0281076 0.0421355 -0.0104851 -0.0282439 0.0381355 -0.0101119 -0.0283094 0.0421355 -0.00992691 -0.0282098 0.0421355 -0.0102066 -0.0278219 0.0381355 -0.0112219 -0.0277849 0.0421355 -0.0113134 -0.0277097 0.0381355 -0.0114963 -0.0280027 0.0421355 -0.0107624 -0.0278951 0.0421355 -0.0110385 -0.0279314 0.0381355 -0.0109462 -0.027438 0.0421355 -0.0121307 -0.027357 0.0381355 -0.0123123 -0.0274773 0.0381355 -0.0120415 -0.0275563 0.0421355 -0.0118595 -0.0275948 0.0381355 -0.0117695 -0.0276719 0.0421355 -0.011587 -0.0269759 0.0381355 -0.013125 -0.0271058 0.0381355 -0.0128551 -0.0270631 0.0421355 -0.0129442 -0.0272332 0.0381355 -0.0125835 -0.0273167 0.0421355 -0.0124013 -0.0271912 0.0421355 -0.0126736 -0.0267088 0.0381355 -0.01366 -0.0266645 0.0421355 -0.0137462 -0.0265716 0.0381355 -0.013925 -0.0269327 0.0421355 -0.0132132 -0.0267998 0.0421355 -0.0134805 -0.0268435 0.0381355 -0.0133933 -0.026244 0.0421355 -0.0145333 -0.0261454 0.0381355 -0.01471 -0.0262899 0.0381355 -0.01445 -0.0263866 0.0421355 -0.0142726 -0.026432 0.0381355 -0.0141883 -0.0265268 0.0421355 -0.0140102 -0.0256973 0.0381355 -0.0154801 -0.0258491 0.0381355 -0.015225 -0.0258015 0.0421355 -0.0153056 -0.0259985 0.0381355 -0.0149683 -0.0260989 0.0421355 -0.0147924 -0.0259514 0.0421355 -0.0150498 -0.0253864 0.0381355 -0.0159852 -0.0253371 0.0421355 -0.0160632 -0.0252272 0.0381355 -0.0162352 -0.0256491 0.0421355 -0.0155598 -0.0254943 0.0421355 -0.0158123 -0.025543 0.0381355 -0.0157334 -0.0248507 0.0421355 -0.016806 -0.0247343 0.0381355 -0.0169766 -0.0249017 0.0381355 -0.0167304 -0.0250153 0.0421355 -0.0165599 -0.0250657 0.0381355 -0.0164836 -0.0251774 0.0421355 -0.0163124 -0.0242142 0.0381355 -0.0177097 -0.0243897 0.0381355 -0.0174674 -0.0243359 0.0421355 -0.017542 -0.0245631 0.0381355 -0.017223 -0.0246812 0.0421355 -0.0170534 -0.0245096 0.0421355 -0.0172987 -0.0238568 0.0381355 -0.0181882 -0.023802 0.0421355 -0.0182598 -0.0236749 0.0381355 -0.0184243 -0.02416 0.0421355 -0.0177833 -0.0239821 0.0421355 -0.0180226 -0.0240365 0.0381355 -0.0179499 -0.0232489 0.0421355 -0.0189593 -0.0231165 0.0381355 -0.0191206 -0.0233048 0.0381355 -0.0188905 -0.0234354 0.0421355 -0.0187282 -0.0234909 0.0381355 -0.0186584 -0.0236197 0.0421355 -0.018495 -0.0225391 0.0381355 -0.0197984 -0.0227337 0.0381355 -0.0195745 -0.0226768 0.0421355 -0.0196405 -0.0229262 0.0381355 -0.0193485 -0.0230603 0.0421355 -0.0191884 -0.0228696 0.0421355 -0.0194154 -0.0221435 0.0381355 -0.02024 -0.0220856 0.0421355 -0.0203033 -0.0219426 0.0381355 -0.0204578 -0.0224818 0.0421355 -0.0198634 -0.0222848 0.0421355 -0.0200844 -0.0223424 0.0381355 -0.0200202 -0.0214725 0.0421355 -0.0209503 -0.0213232 0.0381355 -0.0211021 -0.0215334 0.0381355 -0.0208879 -0.0216808 0.0421355 -0.0207351 -0.0217395 0.0381355 -0.0206735 -0.0218842 0.0421355 -0.0205202 -0.020682 0.0381355 -0.0217304 -0.0208975 0.0381355 -0.0215233 -0.0208362 0.0421355 -0.0215826 -0.0211112 0.0381355 -0.0213139 -0.0212622 0.0421355 -0.0211634 -0.02105 0.0421355 -0.0213742 -0.0202458 0.0381355 -0.0221374 -0.0201841 0.0421355 -0.0221937 -0.0200251 0.0381355 -0.0223373 -0.0206205 0.0421355 -0.0217887 -0.0204032 0.0421355 -0.0219924 -0.0204648 0.0381355 -0.0219351 -0.0195162 0.0421355 -0.0227835 -0.0193525 0.0381355 -0.0229228 -0.0195784 0.0381355 -0.02273 -0.0197406 0.0421355 -0.0225893 -0.0198026 0.0381355 -0.0225349 -0.0199632 0.0421355 -0.0223927 -0.0186642 0.0381355 -0.023487 -0.0188954 0.0381355 -0.0233013 -0.0188327 0.0421355 -0.0233521 -0.0191248 0.0381355 -0.0231133 -0.0192901 0.0421355 -0.0229754 -0.0190623 0.0421355 -0.0231649 -0.0181966 0.0381355 -0.0238513 -0.0181334 0.0421355 -0.0238993 -0.0179602 0.0381355 -0.0240298 -0.0186013 0.0421355 -0.0235369 -0.0183682 0.0421355 -0.0237193 -0.0184313 0.0381355 -0.0236703 -0.0174126 0.0421355 -0.0244289 -0.0172335 0.0381355 -0.0245555 -0.0174781 0.0381355 -0.0243823 -0.0176558 0.0421355 -0.024254 -0.0177213 0.0381355 -0.0242064 -0.0178968 0.0421355 -0.024077 -0.0164919 0.0381355 -0.0250594 -0.0167404 0.0381355 -0.024894 -0.0166751 0.0421355 -0.0249378 -0.0169876 0.0381355 -0.0247261 -0.0171681 0.0421355 -0.0246011 -0.0169223 0.0421355 -0.0247708 -0.0159909 0.0381355 -0.0253821 -0.0159257 0.0421355 -0.0254231 -0.0157384 0.0381355 -0.0255395 -0.0164267 0.0421355 -0.0251022 -0.0161768 0.0421355 -0.0252639 -0.016242 0.0381355 -0.025222 -0.0151644 0.0421355 -0.0258847 -0.014973 0.0381355 -0.025996 -0.0152295 0.0381355 -0.0258464 -0.0154195 0.0421355 -0.0257335 -0.0154846 0.0381355 -0.0256943 -0.0156733 0.0421355 -0.0255796 -0.0141958 0.0381355 -0.0264287 -0.0144562 0.0381355 -0.0262871 -0.0143911 0.0421355 -0.0263228 -0.0147152 0.0381355 -0.0261428 -0.014908 0.0421355 -0.0260334 -0.0146502 0.0421355 -0.0261794 -0.013671 0.0381355 -0.026704 -0.013606 0.0421355 -0.0267372 -0.0134063 0.0381355 -0.0268378 -0.0141307 0.0421355 -0.0264635 -0.013869 0.0421355 -0.0266017 -0.013934 0.0381355 -0.0265677 -0.0128001 0.0421355 -0.0271315 -0.0125956 0.0381355 -0.027227 -0.0128667 0.0381355 -0.0271001 -0.0130701 0.0421355 -0.0270027 -0.0131369 0.0381355 -0.0269704 -0.0133392 0.0421355 -0.026871 -0.0117773 0.0381355 -0.0275908 -0.0120509 0.0381355 -0.0274723 -0.011985 0.0421355 -0.0275012 -0.0123237 0.0381355 -0.0273511 -0.0125293 0.0421355 -0.0272575 -0.0122576 0.0421355 -0.0273808 -0.0112274 0.0381355 -0.0278192 -0.0111621 0.0421355 -0.0278455 -0.0109512 0.0381355 -0.0279292 -0.0117115 0.0421355 -0.0276188 -0.0114372 0.0421355 -0.0277335 -0.0115028 0.0381355 -0.0277064 -0.0103315 0.0421355 -0.0281646 -0.0101174 0.0381355 -0.0282422 -0.0103962 0.0381355 -0.0281407 -0.0106092 0.0421355 -0.028061 -0.0106741 0.0381355 -0.0280364 -0.0108861 0.0421355 -0.0279547 -0.00927597 0.0381355 -0.0285299 -0.00955731 0.0381355 -0.0284368 -0.00949308 0.0421355 -0.0284583 -0.0098378 0.0381355 -0.0283409 -0.0100529 0.0421355 -0.0282653 -0.0097734 0.0421355 -0.0283632 -0.00871071 0.0381355 -0.0287076 -0.00864497 0.0421355 -0.0287272 -0.00842288 0.0381355 -0.028793 -0.00921189 0.0421355 -0.0285506 -0.00892985 0.0421355 -0.0286401 -0.00899377 0.0381355 -0.0286201 -0.00778148 0.0421355 -0.0289725 -0.00755716 0.0381355 -0.0290318 -0.0078461 0.0381355 -0.0289551 -0.00806968 0.0421355 -0.0288937 -0.00813467 0.0381355 -0.0288755 -0.00835751 0.0421355 -0.0288119 -0.00668814 0.0381355 -0.0292443 -0.00697818 0.0381355 -0.0291764 -0.00691462 0.0421355 -0.0291915 -0.00726785 0.0381355 -0.0291055 -0.0074929 0.0421355 -0.0290484 -0.00720394 0.0421355 -0.0291214 -0.00610695 0.0381355 -0.0293713 -0.0060444 0.0421355 -0.0293843 -0.00581581 0.0381355 -0.0294304 -0.00662492 0.0421355 -0.0292587 -0.00633485 0.0421355 -0.0293229 -0.00639773 0.0381355 -0.0293092 -0.00517082 0.0421355 -0.0295508 -0.00494017 0.0381355 -0.0295903 -0.00523242 0.0381355 -0.0295399 -0.00546239 0.0421355 -0.0294982 -0.0055243 0.0381355 -0.0294866 -0.00575358 0.0421355 -0.0294427 -0.00406123 0.0381355 -0.0297238 -0.00435458 0.0381355 -0.0296822 -0.00429389 0.0421355 -0.0296911 -0.00464756 0.0381355 -0.0296377 -0.00487888 0.0421355 -0.0296005 -0.00458657 0.0421355 -0.0296472 -0.00346976 0.0381355 -0.0297984 -0.00340828 0.0421355 -0.0298054 -0.00317175 0.0381355 -0.0298313 -0.00400083 0.0421355 -0.029732 -0.00370593 0.0421355 -0.0297701 -0.00376751 0.0381355 -0.0297625 -0.00251608 0.0421355 -0.0298935 -0.00227851 0.0381355 -0.0299126 -0.00257613 0.0381355 -0.0298884 -0.00281335 0.0421355 -0.0298671 -0.00287387 0.0381355 -0.0298614 -0.00311075 0.0421355 -0.0298377 -0.00138645 0.0381355 -0.0299673 -0.00168367 0.0381355 -0.029952 -0.001625 0.0421355 -0.0299553 -0.00198103 0.0381355 -0.0299338 -0.00221893 0.0421355 -0.0299171 -0.0019219 0.0421355 -0.0299376 -0.000792403 0.0381355 -0.0299891 -0.000735044 0.0421355 -0.0299906 -0.000495575 0.0381355 -0.0299956 -0.00132822 0.0421355 -0.02997 -0.00103157 0.0421355 -0.0299818 -0.00108936 0.0381355 -0.0299797 0.000153788 0.0421355 -0.0299995 0.000394121 0.0381355 -0.0299973 9.76867e-05 0.0381355 -0.0299997 -0.000142364 0.0421355 -0.0299994 -0.000198879 0.0381355 -0.0299991 -0.000438642 0.0421355 -0.0299965 0.00128264 0.0381355 -0.0299726 0.000986595 0.0381355 -0.0299838 0.0010415 0.0421355 -0.0299819 0.000690424 0.0381355 -0.029992 0.000449816 0.0421355 -0.0299965 0.000745719 0.0421355 -0.0299907 0.00188119 0.0381355 -0.0299405 0.00193626 0.0421355 -0.0299369 0.00217992 0.0381355 -0.02992 0.00133806 0.0421355 -0.0299701 0.00163747 0.0421355 -0.0299549 0.00158184 0.0381355 -0.029958 0.00282892 0.0421355 -0.0298655 0.00307235 0.0381355 -0.0298415 0.0027755 0.0381355 -0.0298706 0.00253199 0.0421355 -0.0298922 0.00247802 0.0381355 -0.0298967 0.00223443 0.0421355 -0.029916 0.00395914 0.0381355 -0.029737 0.00366417 0.0381355 -0.0297747 0.00371601 0.0421355 -0.0297683 0.00336857 0.0381355 -0.0298096 0.00312523 0.0421355 -0.029836 0.00342093 0.0421355 -0.0298036 0.00454721 0.0381355 -0.029653 0.00459752 0.0421355 -0.0296453 0.0048403 0.0381355 -0.0296067 0.00401046 0.0421355 -0.0297302 0.0043043 0.0421355 -0.0296892 0.00425349 0.0381355 -0.0296965 0.00547346 0.0421355 -0.0294964 0.00571582 0.0381355 -0.0294504 0.00542461 0.0381355 -0.0295054 0.0051821 0.0421355 -0.0295489 0.00513277 0.0381355 -0.0295575 0.00489012 0.0421355 -0.0295985 0.00658855 0.0381355 -0.0292673 0.00629637 0.0381355 -0.0293318 0.00634416 0.0421355 -0.0293215 0.00600641 0.0381355 -0.0293925 0.0057642 0.0421355 -0.029441 0.00605433 0.0421355 -0.0293827 0.00717184 0.0381355 -0.0291295 0.00721894 0.0421355 -0.0291178 0.00746184 0.0381355 -0.0290564 0.00663685 0.0421355 -0.0292563 0.00692844 0.0421355 -0.0291884 0.00688075 0.0381355 -0.0291998 0.00808386 0.0421355 -0.0288895 0.0083252 0.0381355 -0.028821 0.00803852 0.0381355 -0.0289022 0.00779665 0.0421355 -0.0289684 0.00775073 0.0381355 -0.0289807 0.00750835 0.0421355 -0.0290444 0.00917864 0.0381355 -0.0285609 0.00889526 0.0381355 -0.0286503 0.00893892 0.0421355 -0.0286368 0.00861078 0.0381355 -0.028737 0.00836998 0.0421355 -0.028808 0.008655 0.0421355 -0.0287237 0.00974208 0.0381355 -0.0283739 0.00978412 0.0421355 -0.0283594 0.0100221 0.0381355 -0.0282762 0.00922175 0.0421355 -0.028547 0.00950348 0.0421355 -0.0284546 0.00946091 0.0381355 -0.0284687 0.0106194 0.0421355 -0.0280575 0.0108557 0.0381355 -0.027967 0.010579 0.0381355 -0.0280728 0.0103421 0.0421355 -0.0281609 0.0103011 0.0381355 -0.0281759 0.0100637 0.0421355 -0.0282615 0.011685 0.0381355 -0.0276303 0.0114083 0.0381355 -0.027746 0.0114483 0.0421355 -0.0277294 0.0111314 0.0381355 -0.0278584 0.0108957 0.0421355 -0.0279514 0.0111709 0.0421355 -0.0278426 0.0122339 0.0381355 -0.0273914 0.0122721 0.0421355 -0.0273743 0.012506 0.0381355 -0.0272682 0.0117245 0.0421355 -0.0276135 0.011999 0.0421355 -0.0274951 0.0119602 0.0381355 -0.0275121 0.013082 0.0421355 -0.0269966 0.013313 0.0381355 -0.0268836 0.0130455 0.0381355 -0.0270143 0.0128136 0.0421355 -0.027125 0.0127765 0.0381355 -0.0271425 0.0125436 0.0421355 -0.0272509 0.014106 0.0381355 -0.0264763 0.0138432 0.0381355 -0.0266146 0.013878 0.0421355 -0.0265965 0.0135789 0.0381355 -0.0267503 0.0133489 0.0421355 -0.0268658 0.0136142 0.0421355 -0.0267324 0.014627 0.0381355 -0.0261923 0.0146602 0.0421355 -0.0261738 0.0148852 0.0381355 -0.0260466 0.0141403 0.0421355 -0.0264581 0.014401 0.0421355 -0.0263172 0.0143673 0.0381355 -0.0263356 0.0154285 0.0421355 -0.0257286 0.0156504 0.0381355 -0.0255942 0.0153969 0.0381355 -0.0257475 0.0151739 0.0421355 -0.0258795 0.0151418 0.0381355 -0.0258983 0.0149179 0.0421355 -0.0260279 0.0164091 0.0381355 -0.0251138 0.0161576 0.0381355 -0.0252766 0.0161885 0.0421355 -0.0252567 0.0159042 0.0381355 -0.0254371 0.0156815 0.0421355 -0.0255752 0.0159357 0.0421355 -0.0254173 0.0169062 0.0381355 -0.0247817 0.0169354 0.0421355 -0.0247618 0.0171518 0.0381355 -0.0246124 0.0164394 0.0421355 -0.025094 0.0166884 0.0421355 -0.024929 0.0166586 0.0381355 -0.0249489 0.0176648 0.0421355 -0.024247 0.017877 0.0381355 -0.024091 0.0176373 0.0381355 -0.024267 0.0174236 0.0421355 -0.0244208 0.0173955 0.0381355 -0.0244408 0.0171804 0.0421355 -0.0245924 0.017904 0.0421355 -0.024071 0.0181413 0.0421355 -0.0238928 0.0181149 0.0381355 -0.0239128 0.0183508 0.0381355 -0.0237324 0.0183767 0.0421355 -0.0237123 0.0186101 0.0421355 -0.0235297 0.0185847 0.0381355 -0.0235498 0.0188416 0.0421355 -0.0233449 0.0188167 0.0381355 -0.0233649 0.0190467 0.0381355 -0.0231779 0.0190711 0.0421355 -0.0231578 0.0192987 0.0421355 -0.0229686 0.0192748 0.0381355 -0.0229886 0.0195244 0.0421355 -0.0227771 0.019501 0.0381355 -0.0227972 0.0197251 0.0381355 -0.0226035 0.0197481 0.0421355 -0.0225835 0.0199718 0.0421355 -0.0223856 0.0199487 0.0381355 -0.0224063 0.0201942 0.0421355 -0.0221848 0.0201716 0.0381355 -0.0222054 0.0203922 0.0381355 -0.0220027 0.0204143 0.0421355 -0.0219823 0.0206321 0.0421355 -0.0217778 0.0206105 0.0381355 -0.0217982 0.0208476 0.0421355 -0.0215715 0.0208266 0.0381355 -0.0215918 0.0210403 0.0381355 -0.0213836 0.0210608 0.0421355 -0.0213634 0.0212718 0.0421355 -0.0211535 0.0212518 0.0381355 -0.0211735 0.0214804 0.0421355 -0.0209416 0.0214609 0.0381355 -0.0209616 0.0216677 0.0381355 -0.0207479 0.0216868 0.0421355 -0.020728 0.0218909 0.0421355 -0.0205125 0.0218723 0.0381355 -0.0205322 0.0220927 0.0421355 -0.0202951 0.0220746 0.0381355 -0.0203148 0.0222745 0.0381355 -0.0200954 0.0222922 0.0421355 -0.0200759 0.0224894 0.0421355 -0.0198548 0.0224722 0.0381355 -0.0198743 0.0226843 0.0421355 -0.0196319 0.0226676 0.0381355 -0.0196513 0.0228607 0.0381355 -0.0194264 0.022877 0.0421355 -0.0194072 0.0230674 0.0421355 -0.0191806 0.0230515 0.0381355 -0.0191997 0.0232554 0.0421355 -0.0189522 0.02324 0.0381355 -0.0189711 0.023427 0.0381355 -0.0187395 0.0234425 0.0421355 -0.01872 0.0236281 0.0421355 -0.0184848 0.0236131 0.0381355 -0.018504 0.0238111 0.0421355 -0.0182481 0.0237966 0.0381355 -0.0182671 0.0239775 0.0381355 -0.0180288 0.0239916 0.0421355 -0.01801 0.0241695 0.0421355 -0.0177705 0.0241558 0.0381355 -0.0177891 0.0243448 0.0421355 -0.0175295 0.0243316 0.0381355 -0.0175479 0.0245047 0.0381355 -0.0173053 0.0245176 0.0421355 -0.0172871 0.0246878 0.0421355 -0.0170433 0.0246754 0.0381355 -0.0170612 0.0248554 0.0421355 -0.016798 0.0248434 0.0381355 -0.0168158 0.0250089 0.0381355 -0.0165688 0.0250205 0.0421355 -0.0165513 0.025183 0.0421355 -0.0163031 0.0251718 0.0381355 -0.0163205 0.025343 0.0421355 -0.0160536 0.0253321 0.0381355 -0.0160707 0.0254898 0.0381355 -0.0158195 0.0255003 0.0421355 -0.0158026 0.0256551 0.0421355 -0.0155501 0.025645 0.0381355 -0.0155668 0.0258074 0.0421355 -0.0152962 0.0257976 0.0381355 -0.0153127 0.0259476 0.0381355 -0.0150572 0.0259571 0.0421355 -0.0150409 0.0261042 0.0421355 -0.0147842 0.0260951 0.0381355 -0.0148002 0.0262494 0.0421355 -0.0145245 0.0262404 0.0381355 -0.0145408 0.0263843 0.0381355 -0.0142774 0.026393 0.0421355 -0.0142614 0.0265337 0.0421355 -0.0139973 0.0265255 0.0381355 -0.014013 0.0266717 0.0421355 -0.0137323 0.0266638 0.0381355 -0.0137477 0.0267994 0.0381355 -0.0134814 0.026807 0.0421355 -0.0134662 0.0269395 0.0421355 -0.0131992 0.0269322 0.0381355 -0.0132141 0.0270691 0.0421355 -0.0129312 0.0270622 0.0381355 -0.0129458 0.0271894 0.0381355 -0.0126766 0.0271961 0.0421355 -0.0126623 0.0273202 0.0421355 -0.0123923 0.0273138 0.0381355 -0.0124063 0.0274416 0.0421355 -0.0121214 0.0274355 0.0381355 -0.0121351 0.0275544 0.0381355 -0.0118629 0.0275602 0.0421355 -0.0118495 0.027676 0.0421355 -0.0115766 0.0276705 0.0381355 -0.0115898 0.0277891 0.0421355 -0.0113028 0.0277839 0.0381355 -0.0113156 0.0278944 0.0381355 -0.0110405 0.0278994 0.0421355 -0.0110279 0.0280069 0.0421355 -0.0107521 0.0280022 0.0381355 -0.0107644 0.0281117 0.0421355 -0.0104753 0.0281072 0.0381355 -0.0104873 0.0282094 0.0381355 -0.0102092 0.0282137 0.0421355 -0.0101975 0.0283131 0.0421355 -0.00991766 0.0283091 0.0381355 -0.00992938 0.0284106 0.0421355 -0.00963416 0.0284067 0.0381355 -0.00964555 0.0285015 0.0381355 -0.00936121 0.0285051 0.0421355 -0.00935016 0.0285967 0.0421355 -0.00906567 0.0285933 0.0381355 -0.00907638 0.0286854 0.0421355 -0.00878068 0.0286823 0.0381355 -0.00879106 0.0287683 0.0381355 -0.00850523 0.0287713 0.0421355 -0.00849519 0.0288542 0.0421355 -0.00820921 0.0288514 0.0381355 -0.00821891 0.0289342 0.0421355 -0.00792273 0.0289317 0.0381355 -0.00793209 0.0290114 0.0421355 -0.00763575 0.029009 0.0381355 -0.00764477 0.0290834 0.0381355 -0.00735696 0.0290856 0.0421355 -0.00734828 0.0291569 0.0421355 -0.00706031 0.0291549 0.0381355 -0.00706865 0.0292254 0.0421355 -0.00677184 0.0292235 0.0381355 -0.00677984 0.0292892 0.0381355 -0.00649054 0.0292909 0.0421355 -0.00648288 0.0293536 0.0421355 -0.00619342 0.029352 0.0381355 -0.00620073 0.0294133 0.0421355 -0.00590346 0.0294119 0.0381355 -0.00591043 0.0294689 0.0381355 -0.00561963 0.0294702 0.0421355 -0.00561301 0.0295241 0.0421355 -0.00532206 0.029523 0.0381355 -0.00532834 0.0295752 0.0421355 -0.00503061 0.0295742 0.0381355 -0.00503655 0.0296225 0.0381355 -0.00474426 0.0296234 0.0421355 -0.00473867 0.0296686 0.0421355 -0.00444623 0.0296679 0.0381355 -0.00445147 0.029711 0.0421355 -0.00415329 0.0297103 0.0381355 -0.00415819 0.0297499 0.0381355 -0.00386441 0.0297505 0.0421355 -0.00385985 0.0297871 0.0421355 -0.00356592 0.0297866 0.0381355 -0.00357013 0.0298207 0.0421355 -0.00327149 0.0298203 0.0381355 -0.00327535 0.0298512 0.0381355 -0.00298008 0.0298515 0.0421355 -0.00297657 0.0298794 0.0421355 -0.00268115 0.0298791 0.0381355 -0.00268431 0.0299044 0.0421355 -0.00238523 0.0299042 0.0381355 -0.00238804 0.0299263 0.0381355 -0.00209128 0.0299265 0.0421355 -0.00208881 0.0299457 0.0421355 -0.0017919 0.0299456 0.0381355 -0.00179402 0.029962 0.0421355 -0.00149449 0.0299619 0.0381355 -0.00149626 0.0299753 0.0381355 -0.001198 0.0299754 0.0421355 -0.00119659 0.0299859 0.0421355 -0.000898187 0.0299858 0.0381355 -0.000899246 0.0299935 0.0421355 -0.000599288 0.0299935 0.0381355 -0.000599994 0.0299982 0.0381355 -0.000300246 0.0299982 0.0421355 -0.000299892 -0.0249364 0.0381717 0.0166787 -0.0249416 0.0381355 0.0166709 0.00552774 0.0552183 -0.0201722 -4.53983e-07 0.0516802 -0.0244199 -4.53983e-07 0.0555879 -0.0204801 -0.0108906 0.0504457 -0.0229621 -0.0108906 0.0461865 -0.0259762 -0.015925 0.0450086 -0.0239615 0.0210608 0.0421355 -0.0213634 0.0208476 0.0421355 -0.0215715 0.0204799 0.0434098 -0.0212267 0.0281117 0.0421355 -0.0104753 0.0280069 0.0421355 -0.0107521 0.0276252 0.0434098 -0.0103366 0.0244197 0.0443648 -0.0157816 0.0245176 0.0421355 -0.0172871 0.0243448 0.0421355 -0.0175295 0.0232554 0.0421355 -0.0189522 0.0204799 0.0468902 -0.0187637 0.0258074 0.0421355 -0.0152962 0.0256551 0.0421355 -0.0155501 0.0234425 0.0421355 -0.01872 0.0244197 0.0468902 -0.0132355 0.027676 0.0421355 -0.0115766 0.0277891 0.0421355 -0.0113028 0.0273202 0.0421355 -0.0123923 0.0274416 0.0421355 -0.0121214 0.0275602 0.0421355 -0.0118495 0.0265337 0.0421355 -0.0139973 0.0266717 0.0421355 -0.0137323 0.0271961 0.0421355 -0.0126623 0.0259571 0.0421355 -0.0150409 0.026393 0.0421355 -0.0142614 0.0261042 0.0421355 -0.0147842 0.0262494 0.0421355 -0.0145245 0.0159242 0.0489378 -0.0211815 0.0159242 0.0450089 -0.0239619 0.0270691 0.0421355 -0.0129312 0.025183 0.0421355 -0.0163031 0.0250205 0.0421355 -0.0165513 0.0238111 0.0421355 -0.0182481 0.0236281 0.0421355 -0.0184848 0.0239916 0.0421355 -0.01801 0.0241695 0.0421355 -0.0177705 0.0246878 0.0421355 -0.0170433 0.0248554 0.0421355 -0.016798 0.025343 0.0421355 -0.0160536 0.0255003 0.0421355 -0.0158026 0.0278994 0.0421355 -0.0110279 0.0197481 0.0421355 -0.0225835 0.0195244 0.0421355 -0.0227771 0.0192987 0.0421355 -0.0229686 0.0199718 0.0421355 -0.0223856 0.0201942 0.0421355 -0.0221848 0.0206321 0.0421355 -0.0217778 0.0204143 0.0421355 -0.0219823 0.0212718 0.0421355 -0.0211535 0.0214804 0.0421355 -0.0209416 0.0218909 0.0421355 -0.0205125 0.0216868 0.0421355 -0.020728 0.0222922 0.0421355 -0.0200759 0.0220927 0.0421355 -0.0202951 0.0224894 0.0421355 -0.0198548 0.0190711 0.0421355 -0.0231578 0.0226843 0.0421355 -0.0196319 0.0282137 0.0421355 -0.0101975 0.0283131 0.0421355 -0.00991766 0.0284106 0.0421355 -0.00963416 0.0188416 0.0421355 -0.0233449 0.0204799 0.0498928 -0.0157365 0.0287713 0.0421355 -0.00849519 0.0286854 0.0421355 -0.00878068 0.0186101 0.0421355 -0.0235297 0.0183767 0.0421355 -0.0237123 0.0181413 0.0421355 -0.0238928 0.0288542 0.0421355 -0.00820921 0.017904 0.0421355 -0.024071 0.0174236 0.0421355 -0.0244208 0.0176648 0.0421355 -0.024247 0.0171804 0.0421355 -0.0245924 0.0169354 0.0421355 -0.0247618 0.0276252 0.0450089 -0.00803729 0.0166884 0.0421355 -0.024929 0.0164394 0.0421355 -0.025094 0.0161885 0.0421355 -0.0252567 0.0159357 0.0421355 -0.0254173 0.0156815 0.0421355 -0.0255752 0.0289342 0.0421355 -0.00792273 0.0154285 0.0421355 -0.0257286 0.0151739 0.0421355 -0.0258795 0.0149179 0.0421355 -0.0260279 0.0290856 0.0421355 -0.00734828 0.0290114 0.0421355 -0.00763575 0.0146602 0.0421355 -0.0261738 0.014401 0.0421355 -0.0263172 0.0141403 0.0421355 -0.0264581 0.013878 0.0421355 -0.0265965 0.0108897 0.0461867 -0.0259765 0.0159242 0.0523273 -0.0177642 0.0136142 0.0421355 -0.0267324 0.0133489 0.0421355 -0.0268658 0.013082 0.0421355 -0.0269966 0.00552774 0.0469078 -0.02721 0.0108897 0.0504459 -0.0229624 0.0128136 0.0421355 -0.027125 0.0125436 0.0421355 -0.0272509 0.0122721 0.0421355 -0.0273743 0.0294133 0.0421355 -0.00590346 0.0293536 0.0421355 -0.00619342 0.0117245 0.0421355 -0.0276135 0.011999 0.0421355 -0.0274951 0.0114483 0.0421355 -0.0277294 0.0294702 0.0421355 -0.00561301 0.0111709 0.0421355 -0.0278426 0.0108957 0.0421355 -0.0279514 0.0295241 0.0421355 -0.00532206 0.0106194 0.0421355 -0.0280575 0.0276252 0.0461868 -0.00549634 0.0103421 0.0421355 -0.0281609 0.00978412 0.0421355 -0.0283594 0.0100637 0.0421355 -0.0282615 0.00950348 0.0421355 -0.0284546 0.0295752 0.0421355 -0.00503061 0.008655 0.0421355 -0.0287237 0.00893892 0.0421355 -0.0286368 0.00922175 0.0421355 -0.028547 0.00836998 0.0421355 -0.028808 0.00808386 0.0421355 -0.0288895 0.00779665 0.0421355 -0.0289684 0.0244197 0.0489378 -0.0102914 0.00721894 0.0421355 -0.0291178 0.00750835 0.0421355 -0.0290444 0.00692844 0.0421355 -0.0291884 0.0296686 0.0421355 -0.00444623 0.0296234 0.0421355 -0.00473867 0.00663685 0.0421355 -0.0292563 0.00634416 0.0421355 -0.0293215 -4.53983e-07 0.0471506 -0.0276253 0.00552774 0.0513693 -0.0240528 0.00605433 0.0421355 -0.0293827 0.0057642 0.0421355 -0.029441 0.00547346 0.0421355 -0.0294964 0.0051821 0.0421355 -0.0295489 0.0297871 0.0421355 -0.00356592 0.0297505 0.0421355 -0.00385985 0.00459752 0.0421355 -0.0296453 0.00489012 0.0421355 -0.0295985 0.0043043 0.0421355 -0.0296892 0.0159242 0.0570997 -0.00944591 0.0204799 0.0552184 -0.00424771 0.0204799 0.0541205 -0.00836768 0.00401046 0.0421355 -0.0297302 0.00371601 0.0421355 -0.0297683 0.00342093 0.0421355 -0.0298036 0.0159242 0.0550755 -0.0138127 0.0204799 0.0523273 -0.012236 0.00282892 0.0421355 -0.0298655 0.00312523 0.0421355 -0.029836 0.00253199 0.0421355 -0.0298922 0.00193626 0.0421355 -0.0299369 0.00223443 0.0421355 -0.029916 0.0276252 0.046908 -0.00279012 0.0298794 0.0421355 -0.00268115 0.0298515 0.0421355 -0.00297657 0.00163747 0.0421355 -0.0299549 0.00133806 0.0421355 -0.0299701 0.0010415 0.0421355 -0.0299819 0.000745719 0.0421355 -0.0299907 0.000449816 0.0421355 -0.0299965 0.000153788 0.0421355 -0.0299995 0.0299044 0.0421355 -0.00238523 -0.000142364 0.0421355 -0.0299994 -0.000438642 0.0421355 -0.0299965 -0.000735044 0.0421355 -0.0299906 -0.00552864 0.0469078 -0.0272099 0.029962 0.0421355 -0.00149449 0.0299457 0.0421355 -0.0017919 -0.00103157 0.0421355 -0.0299818 -0.001625 0.0421355 -0.0299553 -0.00132822 0.0421355 -0.02997 -0.0019219 0.0421355 -0.0299376 0.00516929 0.0421355 0.0295505 0.00552774 0.0469078 0.02721 0.00487526 0.0421355 0.0296004 -0.00221893 0.0421355 -0.0299171 -0.00400083 0.0421355 -0.029732 -0.00429389 0.0421355 -0.0296911 -0.00311075 0.0421355 -0.0298377 -0.00340828 0.0421355 -0.0298054 -0.0060444 0.0421355 -0.0293843 -0.00575358 0.0421355 -0.0294427 -0.00487888 0.0421355 -0.0296005 -0.00517082 0.0421355 -0.0295508 -0.0276257 0.04715 -2.87325e-09 -0.0299862 0.0421355 -0.000898891 -0.0299936 0.0421355 -0.000602559 -0.00691462 0.0421355 -0.0291915 -0.00662492 0.0421355 -0.0292587 -0.00806968 0.0421355 -0.0288937 -0.00835751 0.0421355 -0.0288119 -0.029976 0.0421355 -0.00119497 -0.0276257 0.0469072 -0.00278999 -0.0299628 0.0421355 -0.00149081 -0.0299057 0.0421355 -0.00237681 -0.0299277 0.0421355 -0.00208172 -0.00864497 0.0421355 -0.0287272 -0.0298805 0.0421355 -0.00267342 -0.00949308 0.0421355 -0.0284583 -0.0097734 0.0421355 -0.0283632 -0.0108861 0.0421355 -0.0279547 -0.0111621 0.0421355 -0.0278455 -0.0106092 0.0421355 -0.028061 -0.011985 0.0421355 -0.0275012 -0.0122576 0.0421355 -0.0273808 -0.029852 0.0421355 -0.00297176 -0.0298207 0.0421355 -0.00326935 -0.0297496 0.0421355 -0.00386233 -0.0297866 0.0421355 -0.00356621 -0.0276257 0.046186 -0.00549608 -0.0128001 0.0421355 -0.0271315 -0.0125293 0.0421355 -0.0272575 -0.029667 0.0421355 -0.00445234 -0.0296215 0.0421355 -0.00474623 -0.0133392 0.0421355 -0.026871 -0.013606 0.0421355 -0.0267372 -0.014908 0.0421355 -0.0260334 -0.0151644 0.0421355 -0.0258847 -0.0143911 0.0421355 -0.0263228 -0.0146502 0.0421355 -0.0261794 -0.0161768 0.0421355 -0.0252639 -0.0164267 0.0421355 -0.0251022 -0.0154195 0.0421355 -0.0257335 -0.0156733 0.0421355 -0.0255796 -0.0169223 0.0421355 -0.0247708 -0.0171681 0.0421355 -0.0246011 -0.0166751 0.0421355 -0.0249378 -0.0294109 0.0421355 -0.0059144 -0.0276257 0.0450082 -0.0080369 -0.0293512 0.0421355 -0.00620459 -0.0294678 0.0421355 -0.00562347 -0.0290837 0.0421355 -0.00735795 -0.0291548 0.0421355 -0.00707072 -0.0292231 0.0421355 -0.00678275 -0.0292885 0.0421355 -0.00649404 -0.0204806 0.0434095 -0.0212262 -0.0190623 0.0421355 -0.0231649 -0.0188327 0.0421355 -0.0233521 -0.0199632 0.0421355 -0.0223927 -0.0197406 0.0421355 -0.0225893 -0.0195162 0.0421355 -0.0227835 -0.0192901 0.0421355 -0.0229754 -0.0284062 0.0421355 -0.00964598 -0.0276257 0.0434092 -0.0103361 -0.0283094 0.0421355 -0.00992691 -0.0285004 0.0421355 -0.00936385 -0.0263866 0.0421355 -0.0142726 -0.0265268 0.0421355 -0.0140102 -0.0244203 0.0443644 -0.0157811 -0.0204806 0.0468898 -0.0187632 -0.0232489 0.0421355 -0.0189593 -0.0234354 0.0421355 -0.0187282 -0.0267998 0.0421355 -0.0134805 -0.0269327 0.0421355 -0.0132132 -0.0244203 0.0468897 -0.0132351 -0.0276719 0.0421355 -0.011587 -0.0141307 0.0421355 -0.0264635 -0.0285919 0.0421355 -0.0090805 -0.0266645 0.0421355 -0.0137462 -0.0159257 0.0421355 -0.0254231 -0.026244 0.0421355 -0.0145333 -0.0260989 0.0421355 -0.0147924 -0.0270631 0.0421355 -0.0129442 -0.0239821 0.0421355 -0.0180226 -0.02416 0.0421355 -0.0177833 -0.0250153 0.0421355 -0.0165599 -0.0248507 0.0421355 -0.016806 -0.0220856 0.0421355 -0.0203033 -0.0222848 0.0421355 -0.0200844 -0.0259514 0.0421355 -0.0150498 -0.023802 0.0421355 -0.0182598 -0.0226768 0.0421355 -0.0196405 -0.0224818 0.0421355 -0.0198634 -0.0256491 0.0421355 -0.0155598 -0.0254943 0.0421355 -0.0158123 -0.0243359 0.0421355 -0.017542 -0.0228696 0.0421355 -0.0194154 -0.0230603 0.0421355 -0.0191884 -0.0246812 0.0421355 -0.0170534 -0.0178968 0.0421355 -0.024077 -0.0181334 0.0421355 -0.0238993 -0.0204032 0.0421355 -0.0219924 -0.0201841 0.0421355 -0.0221937 -0.0186013 0.0421355 -0.0235369 -0.0183682 0.0421355 -0.0237193 -0.0251774 0.0421355 -0.0163124 -0.0253371 0.0421355 -0.0160632 -0.0277849 0.0421355 -0.0113134 -0.0258015 0.0421355 -0.0153056 -0.02105 0.0421355 -0.0213742 -0.0212622 0.0421355 -0.0211634 -0.0214725 0.0421355 -0.0209503 -0.0216808 0.0421355 -0.0207351 -0.0218842 0.0421355 -0.0205202 -0.0245096 0.0421355 -0.0172987 -0.0278951 0.0421355 -0.0110385 -0.0282098 0.0421355 -0.0102066 -0.0281076 0.0421355 -0.0104851 -0.0271912 0.0421355 -0.0126736 -0.0275563 0.0421355 -0.0118595 -0.027438 0.0421355 -0.0121307 -0.0273167 0.0421355 -0.0124013 -0.0236197 0.0421355 -0.018495 -0.0206205 0.0421355 -0.0217887 -0.0208362 0.0421355 -0.0215826 -0.0286808 0.0421355 -0.00879595 -0.0287669 0.0421355 -0.00851018 -0.0288504 0.0421355 -0.0082232 -0.0289312 0.0421355 -0.00793501 -0.0174126 0.0421355 -0.0244289 -0.0176558 0.0421355 -0.024254 -0.0295219 0.0421355 -0.0053318 -0.0290093 0.0421355 -0.00764561 -0.0295731 0.0421355 -0.00503939 -0.013869 0.0421355 -0.0266017 -0.0130701 0.0421355 -0.0270027 -0.0117115 0.0421355 -0.0276188 -0.0114372 0.0421355 -0.0277335 -0.0103315 0.0421355 -0.0281646 -0.015925 0.0489375 -0.0211811 -0.0100529 0.0421355 -0.0282653 -0.00892985 0.0421355 -0.0286401 -0.00921189 0.0421355 -0.0285506 -0.00778148 0.0421355 -0.0289725 -0.0299467 0.0421355 -0.00178639 -0.0074929 0.0421355 -0.0290484 -0.00720394 0.0421355 -0.0291214 -0.00633485 0.0421355 -0.0293229 -0.00546239 0.0421355 -0.0294982 -0.029998 0.0421355 -0.000305979 -0.0299994 0.0421355 -9.14894e-06 -0.0299936 0.0421355 0.000585259 -0.029998 0.0421355 0.00028793 -0.00458657 0.0421355 -0.0296472 -0.00370593 0.0421355 -0.0297701 -0.0299862 0.0421355 0.000882836 -0.029976 0.0421355 0.00118066 -0.00281335 0.0421355 -0.0298671 -0.00251608 0.0421355 -0.0298935 -0.015925 0.0523269 -0.0177639 0.0054632 0.0421355 0.0294977 -0.0108906 0.0592938 0.01024 -0.00552864 0.0606375 0.0107263 -0.0108906 0.0606374 0.00519814 -0.0276257 0.0450082 0.00803689 -0.0294137 0.0421355 0.00589838 -0.0293536 0.0421355 0.00619023 -0.0295762 0.0421355 0.00502135 -0.0276257 0.046186 0.00549607 -0.0296245 0.0421355 0.00472851 -0.0108906 0.0461865 0.0259762 -0.0117276 0.0421355 0.0276123 -0.011454 0.0421355 0.0277268 -0.010066 0.0421355 0.02826 -0.00978447 0.0421355 0.0283588 -0.0149214 0.0421355 0.0260251 -0.0146621 0.0421355 0.0261721 -0.015925 0.0450086 0.0239615 -0.0130759 0.0421355 0.0270003 -0.0128089 0.0421355 0.027128 -0.0171765 0.0421355 0.024596 -0.0174184 0.0421355 0.0244254 -0.0285061 0.0421355 0.00934781 -0.0284122 0.0421355 0.00962911 -0.0276257 0.0434092 0.010336 -0.0183745 0.0421355 0.0237138 -0.0186098 0.0421355 0.0235294 -0.0176585 0.0421355 0.0242524 -0.0281134 0.0421355 0.0104686 -0.0282159 0.0421355 0.0101895 -0.0197543 0.0421355 0.0225772 -0.0195297 0.0421355 0.0227717 -0.0204806 0.0434095 0.0212262 -0.0204806 0.0468898 0.0187632 -0.0234469 0.0421355 0.018714 -0.0232604 0.0421355 0.0189451 -0.0238125 0.0421355 0.0182468 -0.0236309 0.0421355 0.0184812 -0.0244203 0.0443644 0.0157811 -0.0226864 0.0421355 0.0196285 -0.0224902 0.0421355 0.0198531 -0.0258096 0.0421355 0.0152911 -0.02596 0.0421355 0.0150344 -0.0222916 0.0421355 0.0200759 -0.0245144 0.0421355 0.0172928 -0.0243426 0.0421355 0.0175338 -0.0253422 0.0421355 0.016054 -0.0255007 0.0421355 0.0158009 -0.0241683 0.0421355 0.0177731 -0.0246838 0.0421355 0.0170501 -0.0280082 0.0421355 0.0107469 -0.0268064 0.0421355 0.0134687 -0.026672 0.0421355 0.0137327 -0.0288532 0.0421355 0.00821519 -0.0279001 0.0421355 0.0110245 -0.0277891 0.0421355 0.0113014 -0.0294708 0.0421355 0.00560629 -0.0271934 0.0421355 0.0126696 -0.0273171 0.0421355 0.0124007 -0.0274392 0.0421355 0.0121275 -0.0244203 0.0468897 0.0132351 -0.0275587 0.0421355 0.0118529 -0.0269381 0.0421355 0.0132036 -0.0270671 0.0421355 0.0129372 -0.0276753 0.0421355 0.0115775 -0.0220905 0.0421355 0.0202972 -0.0251811 0.0421355 0.0163059 -0.0250173 0.0421355 0.0165565 -0.0263953 0.0421355 0.014257 -0.026535 0.0421355 0.0139955 -0.0248508 0.0421355 0.0168059 -0.0256565 0.0421355 0.0155466 -0.0262529 0.0421355 0.0145174 -0.0261078 0.0421355 0.0147765 -0.0239916 0.0421355 0.0180108 -0.0212676 0.0421355 0.0211587 -0.0210577 0.0421355 0.0213674 -0.0214752 0.0421355 0.0209479 -0.021887 0.0421355 0.0205168 -0.0216811 0.0421355 0.0207347 -0.0228802 0.0421355 0.0194024 -0.0230715 0.0421355 0.0191746 -0.0208458 0.0421355 0.0215741 -0.015925 0.0523269 0.0177639 -0.0204806 0.0523268 0.0122357 -0.0204806 0.0498924 0.0157361 -0.0283155 0.0421355 0.00990967 -0.0204806 0.0541199 0.00836747 -0.015925 0.0550751 0.0138125 -0.0199769 0.0421355 0.0223807 -0.019074 0.0421355 0.0231546 -0.0188429 0.0421355 0.0233431 -0.0193029 0.0421355 0.0229642 -0.015925 0.0570993 0.00944575 -0.0204806 0.0552178 0.0042476 -0.0181371 0.0421355 0.0238961 -0.0178976 0.0421355 0.0240764 -0.016933 0.0421355 0.0247642 -0.015925 0.058756 -4.93807e-09 -0.015925 0.0583387 -0.00479497 -0.0204806 0.0552178 -0.00424761 -0.0161917 0.0421355 0.0252548 -0.0164406 0.0421355 0.0250936 -0.0285971 0.0421355 0.00906576 -0.0204806 0.0555875 -4.37437e-09 -0.015925 0.0583387 0.00479496 -0.0276257 0.0469072 0.00278998 -0.029853 0.0421355 0.00296623 -0.015925 0.0570993 -0.00944576 -0.0204806 0.0541199 -0.00836748 -0.015925 0.0489375 0.0211811 -0.0286853 0.0421355 0.00878298 -0.0287707 0.0421355 0.00849945 -0.014401 0.0421355 0.0263167 -0.0151789 0.0421355 0.0258758 -0.0141382 0.0421355 0.0264589 -0.0138736 0.0421355 0.0265988 -0.0108906 0.0541202 0.0192576 -0.0136073 0.0421355 0.0267364 -0.0133416 0.0421355 0.0268701 -0.0125406 0.0421355 0.027253 -0.0122709 0.0421355 0.0273754 -0.0108906 0.0570994 0.0149739 -0.0289329 0.0421355 0.00793018 -0.012 0.0421355 0.0274951 -0.015925 0.0550751 -0.0138125 -0.0204806 0.0523268 -0.0122357 -0.0111791 0.0421355 0.0278387 -0.0291559 0.0421355 0.00706426 -0.0290842 0.0421355 0.00735511 -0.0109028 0.0421355 0.027948 -0.0292247 0.0421355 0.00677317 -0.00950158 0.0421355 0.0284549 -0.00921736 0.0421355 0.0285485 -0.0103463 0.0421355 0.0281586 -0.0108906 0.0504457 0.0229621 -0.0292906 0.0421355 0.00648182 -0.00893182 0.0421355 0.0286393 -0.00864695 0.0421355 0.0287268 -0.00807856 0.0421355 0.0288917 -0.00552864 0.0469078 0.0272099 -0.00836318 0.0421355 0.0288107 -0.00779307 0.0421355 0.02897 -0.00750673 0.0421355 0.0290454 -0.0108906 0.0606374 -0.00519815 -0.0108906 0.0610898 -5.35329e-09 -0.00721952 0.0421355 0.0291181 -0.00664252 0.0421355 0.0292549 -0.00693145 0.0421355 0.0291879 -0.029525 0.0421355 0.00531395 -0.00606208 0.0421355 0.0293805 -0.00635273 0.0421355 0.0293191 -0.0108906 0.0592938 -0.01024 -0.00552864 0.0513692 0.0240526 -0.00459592 0.0421355 0.0296452 -0.00489088 0.0421355 0.0295979 -0.00552864 0.0583389 0.015685 -0.0108906 0.0570994 -0.0149739 -0.0296699 0.0421355 0.00443542 -0.00400343 0.0421355 0.0297315 -0.00370739 0.0421355 0.02977 -0.00430011 0.0421355 0.0296897 -0.00341359 0.0421355 0.0298051 -0.0204806 0.0498924 -0.0157361 -0.0108906 0.0541202 -0.0192576 -0.00311941 0.0421355 0.0298373 -0.00282486 0.0421355 0.0298666 -0.00252993 0.0421355 0.0298929 -0.00223463 0.0421355 0.0299164 -4.53983e-07 0.0471506 0.0276253 -0.0297519 0.0421355 0.00384849 -0.0297124 0.0421355 0.00414208 -0.00193896 0.0421355 0.0299369 -0.00164291 0.0421355 0.0299545 -0.0298222 0.0421355 0.00326057 -0.0297885 0.0421355 0.00355465 -0.00134649 0.0421355 0.0299692 -0.00552864 0.0620449 0.00544501 -4.53983e-07 0.0555879 0.0204801 -0.00552864 0.0552182 0.0201721 -4.53983e-07 0.0516802 0.0244198 -0.000454993 0.0421355 0.0299958 -0.00015708 0.0421355 0.0299988 0.000141206 0.0421355 0.0299989 -0.00552864 0.0625188 -5.60752e-09 -0.00552864 0.0620449 -0.00544502 -4.53983e-07 0.0587563 0.0159245 0.00133715 0.0421355 0.0299702 0.00103831 0.0421355 0.0299818 -0.0298808 0.0421355 0.00267164 0.00163268 0.0421355 0.0299555 0.00192808 0.0421355 0.0299379 0.00222336 0.0421355 0.0299174 0.00251852 0.0421355 0.0298939 -0.00552864 0.0606375 -0.0107263 -0.0299057 0.0421355 0.00237446 0.00281355 0.0421355 0.0298675 0.00310845 0.0421355 0.0298382 -4.53983e-07 0.06109 0.0108901 0.00340323 0.0421355 0.0298059 -0.00552864 0.0583389 -0.015685 -0.0299277 0.0421355 0.00207564 0.00458111 0.0421355 0.0296474 0.00428682 0.0421355 0.0296914 0.00399242 0.0421355 0.0297325 0.00575698 0.0421355 0.0294419 0.0276252 0.0471508 -2.87339e-09 0.0299935 0.0421355 -0.000599288 0.0299859 0.0421355 -0.000898187 0.00552774 0.0513693 0.0240527 0.00749565 0.0421355 0.0290483 0.00720862 0.0421355 0.029121 0.00663271 0.0421355 0.0292576 0.00692098 0.0421355 0.0291907 -0.00552864 0.0552182 -0.0201721 -0.00552864 0.0513692 -0.0240526 0.0299982 0.0421355 -0.000299892 0.00835301 0.0421355 0.0288132 0.00863756 0.0421355 0.0287291 0.00552774 0.058339 0.0156851 0.00892149 0.0421355 0.0286421 0.0092048 0.0421355 0.0285522 0.0108897 0.0461867 0.0259765 0.00948749 0.0421355 0.0284595 0.00976956 0.0421355 0.0283639 0.00552774 0.0552183 0.0201722 0.00552774 0.0606376 0.0107263 -4.53983e-07 0.0625189 0.00552814 0.0159242 0.0587564 -4.93816e-09 0.0204799 0.0552184 0.0042477 0.0204799 0.0555881 -4.37448e-09 0.0108917 0.0421355 0.0279527 0.0111706 0.0421355 0.0278427 0.0106121 0.0421355 0.0280598 0.0276252 0.046908 0.00279012 0.0299754 0.0421355 0.00119659 0.0299859 0.0421355 0.000898187 0.0114449 0.0421355 0.0277311 0.0159242 0.0583391 -0.00479505 -4.53983e-07 0.06109 -0.0108901 -4.53983e-07 0.0587563 -0.0159245 0.00552774 0.058339 -0.0156851 0.0127988 0.0421355 0.0271325 0.0125302 0.0421355 0.0272577 0.0135979 0.0421355 0.0267406 0.0138621 0.0421355 0.0266045 0.0133326 0.0421355 0.026874 0.0130663 0.0421355 0.0270046 0.0143872 0.0421355 0.0263242 0.0146481 0.0421355 0.0261799 0.0159242 0.0450089 0.0239619 0.0108897 0.0570996 0.0149741 -4.53983e-07 0.0625189 -0.00552815 0.00552774 0.0625189 -5.60755e-09 0.00552774 0.0620451 -0.00544505 0.014908 0.0421355 0.0260329 0.0151667 0.0421355 0.0258832 -4.53983e-07 0.063 -5.69313e-09 0.0156808 0.0421355 0.0255755 0.0154243 0.0421355 0.0257307 0.015933 0.0421355 0.0254193 0.0161829 0.0421355 0.0252609 0.0298207 0.0421355 0.00327149 0.0276252 0.0461868 0.00549634 0.0297871 0.0421355 0.00356592 0.0244197 0.0513694 0.00357262 0.0164313 0.0421355 0.0250999 0.0166782 0.0421355 0.0249365 0.0108897 0.0541204 0.0192578 0.0159242 0.0523273 0.0177642 0.0171673 0.0421355 0.0246022 0.0174095 0.0421355 0.0244312 0.00552774 0.0606376 -0.0107264 0.0176502 0.0421355 0.0242578 0.0178893 0.0421355 0.0240819 0.0188305 0.0421355 0.0233531 0.0185975 0.0421355 0.023539 0.00552774 0.0620451 0.00544504 0.0108897 0.0606377 0.0051982 0.019747 0.0421355 0.0225843 0.0204799 0.0434098 0.0212267 0.0195202 0.0421355 0.0227802 0.0276252 0.0450089 0.00803728 0.0244197 0.050446 0.00703782 0.0159242 0.0550755 0.0138127 0.0108897 0.0592941 0.0102401 0.0291525 0.0421355 0.00707732 0.0292212 0.0421355 0.00678779 0.0159242 0.0583391 0.00479504 0.0204799 0.0498928 0.0157364 0.0226762 0.0421355 0.0196405 0.0228708 0.0421355 0.0194137 0.0181269 0.0421355 0.0239034 0.0276252 0.0434098 0.0103365 0.0244197 0.0489378 0.0102914 0.0204799 0.0541205 0.00836767 0.0290067 0.0421355 0.00765344 0.029081 0.0421355 0.00736587 0.0230634 0.0421355 0.0191847 0.0284093 0.0421355 0.00963902 0.028503 0.0421355 0.0093583 0.0244197 0.0468902 0.0132355 0.0204799 0.0523273 0.012236 0.0282124 0.0421355 0.0102002 0.0283129 0.0421355 0.00991876 0.0244197 0.0443648 0.0157816 0.0268012 0.0421355 0.013479 0.0269329 0.0421355 0.0132136 0.0261028 0.0421355 0.0147862 0.0262487 0.0421355 0.014526 0.0281089 0.0421355 0.0104813 0.0263907 0.0421355 0.0142664 0.0208375 0.0421355 0.021582 0.0210496 0.0421355 0.0213751 0.0218784 0.0421355 0.0205254 0.0216741 0.0421355 0.0207412 0.0214679 0.0421355 0.0209547 0.0190619 0.0421355 0.0231646 0.0288499 0.0421355 0.00822564 0.0220808 0.0421355 0.0203075 0.0222812 0.0421355 0.0200874 0.0271887 0.0421355 0.0126786 0.0266669 0.0421355 0.0137429 0.0159242 0.0570997 0.0094459 0.0273127 0.0421355 0.012409 0.0274341 0.0421355 0.0121379 0.0254923 0.0421355 0.0158145 0.0256483 0.0421355 0.0155602 0.0108897 0.0610901 -5.35334e-09 0.0250104 0.0421355 0.0165662 0.0251733 0.0421355 0.0163175 0.0246777 0.0421355 0.0170582 0.0248452 0.0421355 0.0168131 0.0241615 0.0421355 0.0177823 0.0243359 0.0421355 0.0175428 0.0245079 0.0421355 0.0173014 0.0236247 0.0421355 0.0184898 0.0238059 0.0421355 0.0182558 0.0204799 0.0468902 0.0187637 0.0239849 0.0421355 0.01802 0.027553 0.0421355 0.0118654 0.0108897 0.0606377 -0.00519821 0.0270621 0.0421355 0.0129468 0.0265301 0.0421355 0.0140054 0.0159242 0.0489378 0.0211815 0.0234412 0.0421355 0.0187219 0.0258021 0.0421355 0.015304 0.0232541 0.0421355 0.0189536 0.0280029 0.0421355 0.010761 0.0287673 0.0421355 0.00851028 0.0289297 0.0421355 0.00794003 0.028682 0.0421355 0.00879393 0.0224797 0.0421355 0.019865 0.0285939 0.0421355 0.00907661 0.0212597 0.0421355 0.021166 0.0294108 0.0421355 0.00591332 0.0294684 0.0421355 0.00561988 0.0201897 0.0421355 0.0221895 0.0204076 0.0421355 0.0219892 0.0108897 0.0592941 -0.0102401 0.0192918 0.0421355 0.0229737 0.018363 0.0421355 0.0237225 0.0295752 0.0421355 0.00503061 0.0296234 0.0421355 0.00473867 0.0295233 0.0421355 0.00532545 0.0296686 0.0421355 0.00444623 0.029711 0.0421355 0.00415329 0.0169235 0.0421355 0.0247706 0.0108897 0.0504459 0.0229624 0.0298515 0.0421355 0.00297657 0.0298794 0.0421355 0.00268115 0.0141252 0.0421355 0.0264657 0.0299044 0.0421355 0.00238523 0.0244197 0.0516804 -3.67925e-09 0.0108897 0.0570996 -0.0149741 0.0122605 0.0421355 0.0273801 0.010051 0.0421355 0.0282654 0.0103318 0.0421355 0.028164 0.0108897 0.0541204 -0.0192578 0.00778205 0.0421355 0.0289728 0.00634383 0.0421355 0.0293216 0.0299754 0.0421355 -0.00119659 0.0291569 0.0421355 -0.00706031 0.0230674 0.0421355 -0.0191806 0.022877 0.0421355 -0.0194072 -0.0280027 0.0421355 -0.0107624 0.000738899 0.0421355 0.0299904 0.0244197 0.0513694 -0.00357263 0.0244197 0.050446 -0.00703783 0.029711 0.0421355 -0.00415329 0.0269395 0.0421355 -0.0131992 0.026807 0.0421355 -0.0134662 -0.0297097 0.0421355 -0.0041577 -0.0244203 0.0489372 -0.0102911 -0.0299628 0.0421355 0.00147874 -0.0010497 0.0421355 0.029981 -0.000752533 0.0421355 0.0299898 0.0292254 0.0421355 -0.00677184 0.0285967 0.0421355 -0.00906567 0.0285051 0.0421355 -0.00935016 -0.0244203 0.0504453 -0.00703759 0.029962 0.0421355 0.00149449 0.0299457 0.0421355 0.0017919 0.0299265 0.0421355 -0.00208881 0.0298207 0.0421355 -0.00327149 0.0292909 0.0421355 -0.00648288 -0.0299467 0.0421355 0.00177706 -0.0244203 0.0513688 -0.00357251 -0.0290097 0.0421355 0.00764444 0.00369789 0.0421355 0.0297707 0.0119897 0.0421355 0.0274998 0.0299935 0.0421355 0.000599288 0.0299982 0.0421355 0.000299892 -0.0244203 0.0516797 -3.67913e-09 -0.0159412 0.0421355 0.0254136 -0.00577057 0.0421355 0.029439 0.03 0.0421355 0 -0.0244203 0.0513688 0.0035725 -0.0166876 0.0421355 0.0249301 0.000439866 0.0421355 0.0299961 0.00806784 0.0421355 0.0288945 0.0253339 0.0421355 0.0160669 0.0293504 0.0421355 0.00620579 0.0297505 0.0421355 0.00385985 0.0299265 0.0421355 0.00208881 -0.0244203 0.0504453 0.00703759 0.0199699 0.0421355 0.0223876 0.0276693 0.0421355 0.0115915 0.0277831 0.0421355 0.0113161 0.0292872 0.0421355 0.00649728 -0.0244203 0.0489372 0.010291 0.0278943 0.0421355 0.0110393 -0.00518497 0.0421355 0.0295478 -0.0206318 0.0421355 0.0217788 0.00605064 0.0421355 0.0293832 0.0117179 0.0421355 0.0276168 0.0259536 0.0421355 0.015046 -0.0201973 0.0421355 0.0221821 -0.0154348 0.0421355 0.0257241 -0.0204156 0.0421355 0.0219815 -0.0156888 0.0421355 0.02557 -0.0106252 0.0421355 0.0280546 -0.0054782 0.0421355 0.0294948 0.0206235 0.0421355 0.0217867</float_array>
          <technique_common>
            <accessor count="3112" source="#ID23" stride="3">
              <param name="X" type="float"/>
              <param name="Y" type="float"/>
              <param name="Z" type="float"/>
            </accessor>
          </technique_common>
        </source>
        <source id="ID24">
          <float_array count="9336" id="ID25">0 -1 -1.83697e-16 0 -1 -1.83697e-16 0 -1 -1.83697e-16 0 -1 -1.83697e-16 0 -1 -1.83697e-16 0 -1 -1.83697e-16 0 -1 -1.83697e-16 0 -1 -1.83697e-16 0 -1 -1.83697e-16 0 -1 -1.83697e-16 0 -1 -1.83697e-16 0 -1 -1.83697e-16 0 -1 -1.83697e-16 0 -1 -1.83697e-16 0 -1 -1.83697e-16 0 -1 -1.83697e-16 0 -1 -1.83697e-16 0 -1 -1.83697e-16 0 -1 -1.83697e-16 0 -1 -1.83697e-16 0 -1 -1.83697e-16 0 -1 -1.83697e-16 0 -1 -1.83697e-16 0 -1 -1.83697e-16 0 -1 -1.83697e-16 0 -1 -1.83697e-16 0 -1 -1.83697e-16 0 -1 -1.83697e-16 0 -1 -1.83697e-16 0 -1 -1.83697e-16 0 -1 -1.83697e-16 0 -1 -1.83697e-16 0 -1 -1.83697e-16 0 -1 -1.83697e-16 0 -1 -1.83697e-16 0 -1 -1.83697e-16 0 -1 -1.83697e-16 0 -1 -1.83697e-16 0 -1 -1.83697e-16 0 -1 -1.83697e-16 0 -1 -1.83697e-16 0 -1 -1.83697e-16 0 -1 -1.83697e-16 0 -1 -1.83697e-16 0 -1 -1.83697e-16 0 -1 -1.83697e-16 0 -1 -1.83697e-16 0 -1 -1.83697e-16 0 -1 -1.83697e-16 0 -1 -1.83697e-16 0 -1 -1.83697e-16 0 -1 -1.83697e-16 0 -1 -1.83697e-16 0 -1 -1.83697e-16 0 -1 -1.83697e-16 0 -1 -1.83697e-16 0 -1 -1.83697e-16 0 -1 -1.83697e-16 0 -1 -1.83697e-16 0 -1 -1.83697e-16 0 -1 -1.83697e-16 0 -1 -1.83697e-16 0 -1 -1.83697e-16 0 -1 -1.83697e-16 0 -1 -1.83697e-16 0 -1 -1.83697e-16 0 -1 -1.83697e-16 0 -1 -1.83697e-16 0 -1 -1.83697e-16 0 -1 -1.83697e-16 0 -1 -1.83697e-16 0 -1 -1.83697e-16 0 -1 -1.83697e-16 0 -1 -1.83697e-16 0 -1 -1.83697e-16 0 -1 -1.83697e-16 0 -1 -1.83697e-16 0 -1 -1.83697e-16 0 -1 -1.83697e-16 0 -1 -1.83697e-16 0 -1 -1.83697e-16 0 -1 -1.83697e-16 0 -1 -1.83697e-16 0 -1 -1.83697e-16 0 -1 -1.83697e-16 0 -1 -1.83697e-16 0 -1 -1.83697e-16 0 -1 -1.83697e-16 0 -1 -1.83697e-16 0 -1 -1.83697e-16 0 -1 -1.83697e-16 0 -1 -1.83697e-16 0 -1 -1.83697e-16 0 -1 -1.83697e-16 0 -1 -1.83697e-16 0 -1 -1.83697e-16 0 -1 -1.83697e-16 0 -1 -1.83697e-16 0 -1 -1.83697e-16 0 -1 -1.83697e-16 0 -1 -1.83697e-16 0 -1 -1.83697e-16 0 -1 -1.83697e-16 0 -1 -1.83697e-16 0 -1 -1.83697e-16 0 -1 -1.83697e-16 0 -1 -1.83697e-16 0 -1 -1.83697e-16 0 -1 -1.83697e-16 0 -1 -1.83697e-16 0 -1 -1.83697e-16 0 -1 -1.83697e-16 0 -1 -1.83697e-16 0 -1 -1.83697e-16 0 -1 -1.83697e-16 0 -1 -1.83697e-16 0 -1 -1.83697e-16 0 -1 -1.83697e-16 0 -1 -1.83697e-16 0 -1 -1.83697e-16 0 -1 -1.83697e-16 0 -1 -1.83697e-16 0 -1 -1.83697e-16 0 -1 -1.83697e-16 0 -1 -1.83697e-16 0 -1 -1.83697e-16 0 -1 -1.83697e-16 0 -1 -1.83697e-16 0 -1 -1.83697e-16 0 -1 -1.83697e-16 0 -1 -1.83697e-16 0 -1 -1.83697e-16 0 -1 -1.83697e-16 0 -1 -1.83697e-16 0 -1 -1.83697e-16 0 -1 -1.83697e-16 0 -1 -1.83697e-16 0 -1 -1.83697e-16 0 -1 -1.83697e-16 0 -1 -1.83697e-16 0 -1 -1.83697e-16 0 -1 -1.83697e-16 0 -1 -1.83697e-16 0 -1 -1.83697e-16 0 -1 -1.83697e-16 0 -1 -1.83697e-16 0 -1 -1.83697e-16 0 -1 -1.83697e-16 0 -1 -1.83697e-16 0 -1 -1.83697e-16 0 -1 -1.83697e-16 0 -1 -1.83697e-16 0 -1 -1.83697e-16 0 -1 -1.83697e-16 0 -1 -1.83697e-16 0 -1 -1.83697e-16 0 -1 -1.83697e-16 0 -1 -1.83697e-16 0 -1 -1.83697e-16 0 -1 -1.83697e-16 0 -1 -1.83697e-16 0 -1 -1.83697e-16 0 -1 -1.83697e-16 0 -1 -1.83697e-16 0 -1 -1.83697e-16 0 -1 -1.83697e-16 0 -1 -1.83697e-16 0 -1 -1.83697e-16 0 -1 -1.83697e-16 0 -1 -1.83697e-16 0 -1 -1.83697e-16 0 -1 -1.83697e-16 0 -1 -1.83697e-16 0 -1 -1.83697e-16 0 -1 -1.83697e-16 0 -1 -1.83697e-16 0 -1 -1.83697e-16 0 -1 -1.83697e-16 0 -1 -1.83697e-16 0 -1 -1.83697e-16 0 -1 -1.83697e-16 0 -1 -1.83697e-16 0 -1 -1.83697e-16 0 -1 -1.83697e-16 0 -1 -1.83697e-16 0 -1 -1.83697e-16 0 -1 -1.83697e-16 0 -1 -1.83697e-16 0 -1 -1.83697e-16 0 -1 -1.83697e-16 0 -1 -1.83697e-16 0 -1 -1.83697e-16 0 -1 -1.83697e-16 0 -1 -1.83697e-16 0 -1 -1.83697e-16 0 -1 -1.83697e-16 0 -1 -1.83697e-16 0 -1 -1.83697e-16 0 -1 -1.83697e-16 0 -1 -1.83697e-16 0 -1 -1.83697e-16 0 -1 -1.83697e-16 0 -1 -1.83697e-16 0 -1 -1.83697e-16 0 -1 -1.83697e-16 0 -1 -1.83697e-16 0 -1 -1.83697e-16 0 -1 -1.83697e-16 0 -1 -1.83697e-16 0 -1 -1.83697e-16 0 -1 -1.83697e-16 0 -1 -1.83697e-16 0 -1 -1.83697e-16 0 -1 -1.83697e-16 0 -1 -1.83697e-16 0 -1 -1.83697e-16 0 -1 -1.83697e-16 0 -1 -1.83697e-16 0 -1 -1.83697e-16 0 -1 -1.83697e-16 0 -1 -1.83697e-16 0 -1 -1.83697e-16 0 -1 -1.83697e-16 0 -1 -1.83697e-16 0 -1 -1.83697e-16 0 -1 -1.83697e-16 0 -1 -1.83697e-16 0 -1 -1.83697e-16 0 -1 -1.83697e-16 0 -1 -1.83697e-16 0 -1 -1.83697e-16 0 -1 -1.83697e-16 0 -1 -1.83697e-16 0 -1 -1.83697e-16 0 -1 -1.83697e-16 0 -1 -1.83697e-16 0 -1 -1.83697e-16 0 -1 -1.83697e-16 0 -1 -1.83697e-16 0 -1 -1.83697e-16 0 -1 -1.83697e-16 0 -1 -1.83697e-16 0 -1 -1.83697e-16 0 -1 -1.83697e-16 0 -1 -1.83697e-16 0 -1 -1.83697e-16 0 -1 -1.83697e-16 0 -1 -1.83697e-16 0 -1 -1.83697e-16 0 -1 -1.83697e-16 0 -1 -1.83697e-16 0 -1 -1.83697e-16 0 -1 -1.83697e-16 0 -1 -1.83697e-16 0 -1 -1.83697e-16 0 -1 -1.83697e-16 0 -1 -1.83697e-16 0 -1 -1.83697e-16 0 -1 -1.83697e-16 0 -1 -1.83697e-16 0 -1 -1.83697e-16 0 -1 -1.83697e-16 0 -1 -1.83697e-16 0 -1 -1.83697e-16 0 -1 -1.83697e-16 0 -1 -1.83697e-16 0 -1 -1.83697e-16 0 -1 -1.83697e-16 0 -1 -1.83697e-16 0 -1 -1.83697e-16 0 -1 -1.83697e-16 0 -1 -1.83697e-16 0 -1 -1.83697e-16 0 -1 -1.83697e-16 0 -1 -1.83697e-16 0 -1 -1.83697e-16 0 -1 -1.83697e-16 0 -1 -1.83697e-16 0 -1 -1.83697e-16 0 -1 -1.83697e-16 0 -1 -1.83697e-16 0 -1 -1.83697e-16 0 -1 -1.83697e-16 0 -1 -1.83697e-16 0 -1 -1.83697e-16 0 -1 -1.83697e-16 0 -1 -1.83697e-16 0 -1 -1.83697e-16 0 -1 -1.83697e-16 0 -1 -1.83697e-16 0 -1 -1.83697e-16 0 -1 -1.83697e-16 0 -1 -1.83697e-16 0 -1 -1.83697e-16 0 -1 -1.83697e-16 0 -1 -1.83697e-16 0 -1 -1.83697e-16 0 -1 -1.83697e-16 0 -1 -1.83697e-16 0 -1 -1.83697e-16 0 -1 -1.83697e-16 0 -1 -1.83697e-16 0 -1 -1.83697e-16 0 -1 -1.83697e-16 0 -1 -1.83697e-16 0 -1 -1.83697e-16 0 -1 -1.83697e-16 0 -1 -1.83697e-16 0 -1 -1.83697e-16 0 -1 -1.83697e-16 0 -1 -1.83697e-16 0 -1 -1.83697e-16 0 -1 -1.83697e-16 0 -1 -1.83697e-16 0 -1 -1.83697e-16 0 -1 -1.83697e-16 0 -1 -1.83697e-16 0 -1 -1.83697e-16 0 -1 -1.83697e-16 0 -1 -1.83697e-16 0 -1 -1.83697e-16 0 -1 -1.83697e-16 0 -1 -1.83697e-16 0 -1 -1.83697e-16 0 -1 -1.83697e-16 0 -1 -1.83697e-16 0 -1 -1.83697e-16 0 -1 -1.83697e-16 0 -1 -1.83697e-16 0 -1 -1.83697e-16 0 -1 -1.83697e-16 0 -1 -1.83697e-16 0 -1 -1.83697e-16 0 -1 -1.83697e-16 0 -1 -1.83697e-16 0 -1 -1.83697e-16 0 -1 -1.83697e-16 0 -1 -1.83697e-16 0 -1 -1.83697e-16 0 -1 -1.83697e-16 0 -1 -1.83697e-16 0 -1 -1.83697e-16 0 -1 -1.83697e-16 0 -1 -1.83697e-16 0 -1 -1.83697e-16 0 -1 -1.83697e-16 0 -1 -1.83697e-16 0 -1 -1.83697e-16 0 -1 -1.83697e-16 0 -1 -1.83697e-16 0 -1 -1.83697e-16 0 -1 -1.83697e-16 0 -1 -1.83697e-16 0 -1 -1.83697e-16 0 -1 -1.83697e-16 0 -1 -1.83697e-16 0 -1 -1.83697e-16 0 -1 -1.83697e-16 0 -1 -1.83697e-16 0 -1 -1.83697e-16 0 -1 -1.83697e-16 0 -1 -1.83697e-16 0 -1 -1.83697e-16 0 -1 -1.83697e-16 0 -1 -1.83697e-16 0 -1 -1.83697e-16 0 -1 -1.83697e-16 0 -1 -1.83697e-16 0 -1 -1.83697e-16 0 -1 -1.83697e-16 0 -1 -1.83697e-16 0 -1 -1.83697e-16 0 -1 -1.83697e-16 0 -1 -1.83697e-16 0 -1 -1.83697e-16 0 -1 -1.83697e-16 0 -1 -1.83697e-16 0 -1 -1.83697e-16 0 -1 -1.83697e-16 0 -1 -1.83697e-16 0 -1 -1.83697e-16 0 -1 -1.83697e-16 0 -1 -1.83697e-16 0 -1 -1.83697e-16 0 -1 -1.83697e-16 0 -1 -1.83697e-16 0 -1 -1.83697e-16 0 -1 -1.83697e-16 0 -1 -1.83697e-16 0 -1 -1.83697e-16 0 -1 -1.83697e-16 0 -1 -1.83697e-16 0 -1 -1.83697e-16 0 -1 -1.83697e-16 0 -1 -1.83697e-16 0 -1 -1.83697e-16 0 -1 -1.83697e-16 0 -1 -1.83697e-16 0 -1 -1.83697e-16 0 -1 -1.83697e-16 0 -1 -1.83697e-16 0 -1 -1.83697e-16 0 -1 -1.83697e-16 0 -1 -1.83697e-16 0 -1 -1.83697e-16 0 -1 -1.83697e-16 0 -1 -1.83697e-16 0 -1 -1.83697e-16 0 -1 -1.83697e-16 0 -1 -1.83697e-16 0 -1 -1.83697e-16 0 -1 -1.83697e-16 0 -1 -1.83697e-16 0 -1 -1.83697e-16 0 -1 -1.83697e-16 0 -1 -1.83697e-16 0 -1 -1.83697e-16 0 -1 -1.83697e-16 0 -1 -1.83697e-16 0 -1 -1.83697e-16 0 -1 -1.83697e-16 0 -1 -1.83697e-16 0 -1 -1.83697e-16 0 -1 -1.83697e-16 0 -1 -1.83697e-16 0 -1 -1.83697e-16 0 -1 -1.83697e-16 0 -1 -1.83697e-16 0 -1 -1.83697e-16 0 -1 -1.83697e-16 0 -1 -1.83697e-16 0 -1 -1.83697e-16 0 -1 -1.83697e-16 0 -1 -1.83697e-16 0 -1 -1.83697e-16 0 -1 -1.83697e-16 0 -1 -1.83697e-16 0 -1 -1.83697e-16 0 -1 -1.83697e-16 0 -1 -1.83697e-16 0 -1 -1.83697e-16 0 -1 -1.83697e-16 0 -1 -1.83697e-16 0 -1 -1.83697e-16 0 -1 -1.83697e-16 0 -1 -1.83697e-16 0 -1 -1.83697e-16 0 -1 -1.83697e-16 0 -1 -1.83697e-16 0 -1 -1.83697e-16 0 -1 -1.83697e-16 0 -1 -1.83697e-16 0 -1 -1.83697e-16 0 -1 -1.83697e-16 0 -1 -1.83697e-16 0 -1 -1.83697e-16 0 -1 -1.83697e-16 0 -1 -1.83697e-16 0 -1 -1.83697e-16 0 -1 -1.83697e-16 0 -1 -1.83697e-16 0 -1 -1.83697e-16 0 -1 -1.83697e-16 0 -1 -1.83697e-16 0 -1 -1.83697e-16 0 -1 -1.83697e-16 0 -1 -1.83697e-16 0 -1 -1.83697e-16 0 -1 -1.83697e-16 0 -1 -1.83697e-16 0 -1 -1.83697e-16 0 -1 -1.83697e-16 0 -1 -1.83697e-16 0 -1 -1.83697e-16 0 -1 -1.83697e-16 0 -1 -1.83697e-16 0 -1 -1.83697e-16 0 -1 -1.83697e-16 0 -1 -1.83697e-16 0 -1 -1.83697e-16 0 -1 -1.83697e-16 0 -1 -1.83697e-16 0 -1 -1.83697e-16 0 -1 -1.83697e-16 0 -1 -1.83697e-16 0 -1 -1.83697e-16 0 -1 -1.83697e-16 0 -1 -1.83697e-16 0 -1 -1.83697e-16 0 -1 -1.83697e-16 0 -1 -1.83697e-16 0 -1 -1.83697e-16 0 -1 -1.83697e-16 0 -1 -1.83697e-16 0 -1 -1.83697e-16 0 -1 -1.83697e-16 0 -1 -1.83697e-16 0 -1 -1.83697e-16 0 -1 -1.83697e-16 0 -1 -1.83697e-16 0 -1 -1.83697e-16 0 -1 -1.83697e-16 0 -1 -1.83697e-16 0 -1 -1.83697e-16 0 -1 -1.83697e-16 0 -1 -1.83697e-16 0 -1 -1.83697e-16 0 -1 -1.83697e-16 0 -1 -1.83697e-16 0 -1 -1.83697e-16 0 -1 -1.83697e-16 0 -1 -1.83697e-16 0 -1 -1.83697e-16 0 -1 -1.83697e-16 0 -1 -1.83697e-16 0 -1 -1.83697e-16 0 -1 -1.83697e-16 0 -1 -1.83697e-16 0 -1 -1.83697e-16 0 -1 -1.83697e-16 0 -1 -1.83697e-16 0 -1 -1.83697e-16 0 -1 -1.83697e-16 0 -1 -1.83697e-16 0 -1 -1.83697e-16 0 -1 -1.83697e-16 0 -1 -1.83697e-16 0 -1 -1.83697e-16 0 -1 -1.83697e-16 0 -1 -1.83697e-16 0 -1 -1.83697e-16 0 -1 -1.83697e-16 0 -1 -1.83697e-16 0 -1 -1.83697e-16 0 -1 -1.83697e-16 0 -1 -1.83697e-16 0 -1 -1.83697e-16 0 -1 -1.83697e-16 0 -1 -1.83697e-16 0 -1 -1.83697e-16 0 -1 -1.83697e-16 0 -1 -1.83697e-16 0 -1 -1.83697e-16 0 -1 -1.83697e-16 0 -1 -1.83697e-16 0 -1 -1.83697e-16 0 -1 -1.83697e-16 0 -1 -1.83697e-16 0 -1 -1.83697e-16 0 -1 -1.83697e-16 0 -1 -1.83697e-16 0 -1 -1.83697e-16 0 -1 -1.83697e-16 0 -1 -1.83697e-16 0 -1 -1.83697e-16 0 -1 -1.83697e-16 0 -1 -1.83697e-16 0 -1 -1.83697e-16 0 -1 -1.83697e-16 0 -1 -1.83697e-16 0 -1 -1.83697e-16 0 -1 -1.83697e-16 0 -1 -1.83697e-16 0 -1 -1.83697e-16 0 -1 -1.83697e-16 0 -1 -1.83697e-16 0 -1 -1.83697e-16 0 -1 -1.83697e-16 0 -1 -1.83697e-16 0 -1 -1.83697e-16 0 -1 -1.83697e-16 0 -1 -1.83697e-16 0 -1 -1.83697e-16 0 -1 -1.83697e-16 0 -1 -1.83697e-16 0 -1 -1.83697e-16 0 -1 -1.83697e-16 0 -1 -1.83697e-16 0 -1 -1.83697e-16 0 -1 -1.83697e-16 0 -1 -1.83697e-16 0 -1 -1.83697e-16 0 -1 -1.83697e-16 0 -1 -1.83697e-16 0 -1 -1.83697e-16 0 -1 -1.83697e-16 0 -1 -1.83697e-16 0 -1 -1.83697e-16 0 -1 -1.83697e-16 0 -1 -1.83697e-16 0 -1 -1.83697e-16 0 -1 -1.83697e-16 0 -1 -1.83697e-16 0 -1 -1.83697e-16 0 -1 -1.83697e-16 0 -1 -1.83697e-16 0 -1 -1.83697e-16 0 -1 -1.83697e-16 0 -1 -1.83697e-16 0 -1 -1.83697e-16 0 -1 -1.83697e-16 0 -1 -1.83697e-16 0 -1 -1.83697e-16 0 -1 -1.83697e-16 0 -1 -1.83697e-16 0 -1 -1.83697e-16 0 -1 -1.83697e-16 0 -1 -1.83697e-16 0 -1 -1.83697e-16 0 -1 -1.83697e-16 0 -1 -1.83697e-16 0 -1 -1.83697e-16 0 -1 -1.83697e-16 0 -1 -1.83697e-16 0 -1 -1.83697e-16 0 -1 -1.83697e-16 0 -1 -1.83697e-16 0 -1 -1.83697e-16 0 -1 -1.83697e-16 0 -1 -1.83697e-16 0 -1 -1.83697e-16 0 -1 -1.83697e-16 0 -1 -1.83697e-16 0 -1 -1.83697e-16 0 -1 -1.83697e-16 0 -1 -1.83697e-16 0 -1 -1.83697e-16 0 -1 -1.83697e-16 0 -1 -1.83697e-16 0 -1 -1.83697e-16 0 -1 -1.83697e-16 0 -1 -1.83697e-16 0 -1 -1.83697e-16 0 -1 -1.83697e-16 0 -1 -1.83697e-16 0 -1 -1.83697e-16 0 -1 -1.83697e-16 0 -1 -1.83697e-16 0 -1 -1.83697e-16 0 -1 -1.83697e-16 0 -1 -1.83697e-16 0 -1 -1.83697e-16 0 -1 -1.83697e-16 0 -1 -1.83697e-16 0 -1 -1.83697e-16 0 -1 -1.83697e-16 0 -1 -1.83697e-16 0 -1 -1.83697e-16 0 -1 -1.83697e-16 0 -1 -1.83697e-16 0 -1 -1.83697e-16 0 -1 -1.83697e-16 0 -1 -1.83697e-16 0 -1 -1.83697e-16 0 -1 -1.83697e-16 -0.781555 0.576829 0.23757 -0.712443 0.6897 0.129375 -0.726866 0.609368 0.316761 -0.757854 0.628978 -0.173329 -0.773769 0.632143 0.040962 -0.830362 0.555755 -0.040443 -0.62398 0.781208 0.0190679 -0.693583 0.715799 -0.0810764 -0.596807 0.7777 -0.197497 -0.66681 0.683127 -0.297828 -0.72749 0.568287 -0.384459 -0.813486 0.523668 -0.253006 -0.879292 0.463223 -0.110768 -0.857369 0.406803 -0.315325 -0.917877 0.360584 -0.165771 -0.832725 0.528961 0.163617 -0.616707 0.618565 -0.486877 -0.587725 0.675272 -0.445632 -0.87992 0.465418 0.0955384 -0.920692 0.388559 0.0367189 -0.889766 0.280433 -0.360102 -0.946332 0.249613 -0.205302 -0.775381 0.440768 -0.452226 -0.952841 0.303329 -0.00928643 -0.810782 0.30284 -0.50092 -0.666114 0.496267 -0.556786 -0.470644 0.849037 0.240062 -0.354171 0.922858 0.151314 -0.387471 0.848943 0.359391 -0.991608 0.11335 -0.0621648 -0.989948 0.0114312 -0.140968 -0.964481 0.131781 -0.228932 -0.935351 0.302618 0.183143 -0.960181 0.237285 0.14747 -0.901886 0.0366432 0.430417 -0.868835 0.0221049 0.494609 -0.903414 0.0170322 0.428431 -0.956253 0.0162532 0.292088 -0.960602 0.0676418 0.269572 -0.918053 0.0552033 0.392596 -0.990092 0.0916389 0.1064 -0.988593 0.0150589 0.149856 -0.9999 0.013447 0.00449268 -0.928779 0.0774412 0.362452 -0.952673 0.117993 0.280164 -0.97847 0.166629 0.121783 -0.976529 0.211177 -0.0423739 -0.833444 0.156313 -0.530035 -0.91047 0.146218 -0.386864 -0.958949 0.00904404 -0.283436 -0.907555 0.00633772 -0.419886 -0.836769 0.00338307 -0.547545 -0.7483 0.00027329 -0.663361 -0.745701 0.0759919 -0.661933 -0.521039 0.848916 -0.0886578 -0.440142 0.897502 0.0276762 -0.54966 0.825802 0.126193 -0.293614 0.95562 -0.0240884 -0.668632 0.626232 0.400956 -0.646942 0.728893 0.224011 -0.263818 0.92275 0.280949 -0.208262 0.97311 0.0984105 -0.646936 0.471824 0.599046 -0.69992 0.433041 0.567968 -0.692733 0.484793 0.533944 -0.233386 0.780944 0.579359 -0.16416 0.715984 0.678541 -0.306396 0.632331 0.711533 -0.704227 0.364009 -0.609558 -0.831259 0.0174063 0.555613 -0.577258 0.749264 0.324618 -0.607164 0.626173 0.489141 -0.307713 0.82545 0.473229 -0.367553 0.68951 0.624084 -0.120237 0.966983 0.224691 -0.0779453 0.955252 0.285338 -0.548116 0.609163 0.573141 -0.5038 0.749188 0.430004 -0.177298 0.897086 0.404724 -0.433278 0.728614 0.530465 -0.564497 0.41048 0.716135 -0.630385 0.364751 0.685253 -0.60423 0.446984 0.65963 -0.0966615 0.848587 0.520151 -0.49307 0.576707 0.651376 -0.527736 0.361758 0.768522 -0.613894 0.319578 0.721806 -0.0214575 0.777875 0.628052 0.0482211 0.683546 0.728312 -0.100081 0.629365 0.770638 -0.44187 0.529141 0.724404 0.10924 0.56727 0.816254 0.214471 0.675358 0.705616 -0.495448 0.302125 0.814403 -0.613161 0.180092 0.769156 -0.607382 0.208755 0.766491 -0.249825 0.556098 0.792681 -0.621919 0.152092 0.76817 -0.470553 0.237043 0.849936 -0.39452 0.465706 0.792131 0.189177 0.303995 0.933702 0.0476084 0.148359 0.987787 0.029808 0.281517 0.959093 -0.35292 0.387909 0.851454 -0.320865 0.302985 0.897355 -0.200153 0.462428 0.86377 -0.592658 0.118451 0.796696 -0.665409 0.0765488 0.742544 -0.648089 0.0998632 0.754989 -0.585538 0.0684654 0.807749 -0.68587 0.0557021 0.725589 -0.452954 0.167294 0.875697 -0.714432 0.037268 0.698711 0.156132 0.440129 0.884256 0.269464 0.557564 0.785183 -0.605087 0.0164678 0.795989 -0.714864 0.0171426 0.699053 -0.76413 0.0223174 0.644676 -0.809108 0.0174077 0.587402 0.311587 0.43092 0.846889 -0.000649613 0.406251 0.913761 -0.0438822 0.522749 0.851357 0.341336 0.296154 0.892066 0.351623 0.225632 0.908544 0.327994 0.364561 0.871502 0.20854 0.158642 0.965062 0.358777 0.152923 0.920811 0.363163 0.000905727 0.931725 0.223571 0.00400691 0.974679 0.362681 0.077998 0.928644 -0.935394 0.102467 0.338436 -0.936553 0.153909 0.314928 -0.937385 0.127885 0.323968 -0.730943 0.223435 -0.644825 -0.73987 0.150469 -0.655707 -0.929274 0.210201 0.303753 -0.934029 0.18179 0.307478 -0.719033 0.294675 -0.629411 -0.922376 0.238518 0.30386 -0.91344 0.266274 0.307775 -0.903863 0.361534 0.228744 -0.642829 0.558788 -0.523953 -0.68658 0.431268 -0.585334 -0.902446 0.293626 0.315236 -0.889997 0.319208 0.325595 -0.867394 0.410324 0.281533 -0.876252 0.342926 0.338504 -0.861361 0.364512 0.35382 -0.82784 0.447051 0.33886 -0.522074 0.776942 -0.351852 -0.55574 0.728789 -0.400025 -0.845493 0.383704 0.371365 -0.828793 0.400318 0.390957 -0.785524 0.471962 0.400255 -0.811383 0.414189 0.412438 -0.450667 0.857132 -0.249447 -0.487007 0.819678 -0.301582 -0.79338 0.425198 0.435609 -0.740411 0.484835 0.46554 -0.774895 0.433182 0.460315 -0.374437 0.916613 -0.140063 -0.413131 0.889421 -0.195585 -0.756039 0.438063 0.486318 -0.736931 0.439671 0.513441 -0.334598 0.938708 -0.0828988 -0.717902 0.437975 0.541105 -0.667719 0.414042 0.618644 -0.683157 0.425008 0.593856 -0.251493 0.967176 0.0363629 -0.653716 0.400257 0.642223 -0.163912 0.973073 0.162054 -0.641245 0.383779 0.664469 -0.621246 0.343282 0.704423 0.002596 0.91613 0.400873 -0.0370197 0.938227 0.344036 0.0781626 0.857003 0.509349 0.0409713 0.889062 0.455949 -0.608478 0.293794 0.737183 -0.60505 0.266253 0.750349 -0.604718 0.237596 0.760174 0.149015 0.777333 0.611186 0.11419 0.81983 0.561106 0.182523 0.72925 0.659454 -0.633601 0.125187 0.763464 -0.161906 0.360134 0.918744 0.243611 0.61768 0.747746 -0.298249 0.212018 0.930643 -0.134951 0.250595 0.95864 0.292097 0.495266 0.818163 -0.442659 0.0928556 0.89187 -0.285045 0.114927 0.951599 -0.119218 0.13367 0.983829 -0.482781 0.0153707 0.875606 -0.350483 0.0138492 0.936467 -0.210697 0.0119122 0.977479 -0.0664521 0.00959045 0.997744 0.0792444 0.00693333 0.996831 0.0792202 0.85548 0.51174 -0.0144937 0.877552 0.479262 0.0650817 0.802226 0.593462 0.308348 -1.55949e-08 0.951274 0.363157 -1.58442e-08 0.931728 0.362649 0.0745038 0.928943 0.283598 0.311148 0.907061 0.30581 0.157725 0.938937 0.351386 0.221754 0.909589 0.358715 0.14857 0.921548 0.247253 0.456083 0.8549 0.326906 0.363882 0.872194 0.247684 0.154575 0.956431 0.1432 0.428569 0.892089 0.160209 0.361398 0.918545 0.190296 0.446974 0.874072 0.197765 0.588578 0.783879 0.21359 0.675215 0.70602 0.136484 0.705017 0.695933 0.141796 0.576822 0.804469 0.0817391 0.690936 0.71828 0.0147964 0.714901 0.699069 0.0457268 0.665531 0.744968 -0.12915 0.863258 0.487961 -0.0905924 0.834058 0.544188 -0.0662227 0.860025 0.505937 -0.150092 0.910387 0.385574 -0.100072 0.928941 0.356447 -0.207703 0.973146 0.0992282 -0.189318 0.954991 0.228367 -0.165065 0.973149 0.160421 -0.122601 0.967445 0.221401 -0.0805085 0.956067 0.281877 -0.369046 0.928941 -0.0295638 -0.279799 0.954991 0.0985162 -0.29254 0.955991 -0.0224131 -0.251592 0.916636 0.310613 -0.237556 0.935917 0.260053 -0.29377 0.922631 0.249901 -0.497562 0.860025 -0.113089 -0.454624 0.877552 -0.152379 -0.534199 0.802226 -0.266579 -0.378522 0.916635 0.128456 -0.326229 0.935917 0.132795 -0.413693 0.910387 0.00727364 -0.52449 0.774315 -0.354043 -0.605601 0.705017 -0.36905 -0.541887 0.834058 -0.103471 -0.502492 0.863258 -0.0478259 -0.683034 0.665531 -0.300888 -0.650687 0.714901 -0.255973 -0.645524 0.690936 -0.325432 -0.705581 0.576822 -0.411621 -0.666882 0.588578 -0.456995 -0.666547 0.497407 -0.555249 -0.643097 0.56003 -0.522295 -0.617014 0.619368 -0.485466 -0.588443 0.675073 -0.444985 -0.740557 0.554205 -0.380042 -0.713056 0.611848 -0.342333 -0.71637 0.456083 -0.528017 -0.705028 0.363805 -0.608754 -0.752716 0.311148 -0.580178 -0.7897 0.304933 -0.532343 -0.754081 0.446974 -0.481224 -0.774927 0.157725 -0.612054 -0.787294 0.428568 -0.44328 -0.765358 0.492978 -0.413763 -0.731626 0.221748 -0.644632 -0.806225 0.361398 -0.468393 -0.820278 4.51157e-08 -0.571965 -0.811468 0.154575 -0.563583 -0.785621 4.60071e-08 -0.618707 -0.822022 0.291907 -0.488947 -0.849701 0.0741169 -0.52203 -0.852158 4.40716e-08 -0.523285 -0.834588 0.22055 -0.504797 -0.843833 0.147795 -0.515851 -0.745874 0.0744643 -0.661912 -0.748305 4.67427e-08 -0.663355 -0.557542 0.726825 -0.40109 -0.575548 0.786203 -0.225008 -0.616228 0.759636 -0.207886 -0.579882 0.799441 -0.156941 -0.452643 0.855476 -0.251548 -0.420541 0.904683 0.0685178 -0.461955 0.886851 0.0096291 -0.374761 0.916463 -0.140177 -0.336172 0.922632 0.189048 -0.209915 0.904683 0.37079 -0.169012 0.886851 0.430034 0.0015821 0.916547 0.399923 -0.0390308 0.93907 0.341503 -0.0535878 0.799441 0.598349 0.0117633 0.786203 0.617856 -0.0183833 0.759636 0.650089 0.150414 0.77443 0.614519 0.074214 0.611848 0.787486 0.100062 0.554205 0.826344 0.123111 0.492978 0.861288 0.267209 0.56016 0.784104 0.225916 0.304933 0.925191 0.174014 0.291907 0.940484 0.184538 0.22055 0.95776 0.309957 0.43197 0.846952 0.340757 0.293667 0.893109 0.191697 0.147795 0.970262 0.195462 0.0741168 0.977907 0.195788 -1.49388e-08 0.980646 0.252496 -1.52927e-08 0.967598 -0.740312 0.148536 -0.655648 -0.719853 0.293626 -0.628964 -0.687227 0.431869 -0.584129 -0.489446 0.817298 -0.304084 -0.414352 0.88858 -0.19682 -0.334085 0.938975 -0.081934 -0.250337 0.96741 0.0380829 0.0411001 0.888615 0.456808 0.115716 0.817354 0.564395 0.183104 0.726957 0.661821 0.241682 0.619507 0.746861 0.290016 0.497526 0.817532 -0.820337 0.0174524 0.571614 -0.820337 0.0174524 0.571614 -0.820337 0.0174524 0.571614 -0.820337 0.0174524 0.571614 -0.820337 0.0174524 0.571614 -0.820337 0.0174524 0.571614 -0.820337 0.0174524 0.571614 -0.820337 0.0174524 0.571614 -0.820337 0.0174524 0.571614 -0.820337 0.0174524 0.571614 -0.820337 0.0174524 0.571614 -0.820337 0.0174524 0.571614 -0.820337 0.0174524 0.571614 -0.820337 0.0174524 0.571614 -0.820337 0.0174524 0.571614 -0.820337 0.0174524 0.571614 -0.820337 0.0174524 0.571614 -0.820337 0.0174524 0.571614 -0.820337 0.0174524 0.571614 -0.820337 0.0174524 0.571614 -0.820337 0.0174524 0.571614 -0.820337 0.0174524 0.571614 -0.820337 0.0174524 0.571614 -0.820337 0.0174524 0.571614 -0.820337 0.0174524 0.571614 -0.820337 0.0174524 0.571614 -0.820337 0.0174524 0.571614 -0.820337 0.0174524 0.571614 -0.820337 0.0174524 0.571614 -0.820337 0.0174524 0.571614 -0.820337 0.0174524 0.571614 -0.820337 0.0174524 0.571614 -0.820337 0.0174524 0.571614 -0.820337 0.0174524 0.571614 -0.820337 0.0174524 0.571614 -0.820337 0.0174524 0.571614 -0.820337 0.0174524 0.571614 -0.820337 0.0174524 0.571614 -0.820337 0.0174524 0.571614 -0.820337 0.0174524 0.571614 -0.831015 -6.78793e-17 0.556251 -0.830793 -6.78612e-17 0.556581 -0.836858 -6.83566e-17 0.54742 -0.833871 -6.81126e-17 0.55196 -0.828723 -6.76921e-17 0.559659 -0.828232 -6.7652e-17 0.560385 -0.830271 -6.78186e-17 0.55736 -0.829947 -6.77921e-17 0.557842 -0.8393 -6.8556e-17 0.543669 -0.829175 -6.7729e-17 0.558989 -0.829583 -6.77624e-17 0.558383 -0.827133 -6.75622e-17 0.562006 -0.826532 -6.75131e-17 0.56289 -0.82836 -6.76624e-17 0.560197 -0.8277 -6.76085e-17 0.561171 -0.822767 -6.72056e-17 0.568378 -0.824534 -6.735e-17 0.565812 -0.823818 -6.72915e-17 0.566854 -0.825231 -6.74069e-17 0.564795 -0.820826 -6.7047e-17 0.571178 -0.820064 -6.69848e-17 0.572272 -0.822331 -6.717e-17 0.56901 -0.823078 -6.7231e-17 0.567928 -0.817094 -6.67422e-17 0.576504 -0.817058 -6.67393e-17 0.576556 -0.816316 -6.66787e-17 0.577605 -0.818551 -6.68612e-17 0.574434 -0.819304 -6.69228e-17 0.573359 -0.812013 -6.63272e-17 0.583639 -0.811341 -6.62723e-17 0.584574 -0.812526 -6.63691e-17 0.582926 -0.814924 -6.6565e-17 0.579567 -0.815606 -6.66207e-17 0.578607 -0.756045 -6.17555e-17 0.65452 -0.760232 -6.20976e-17 0.649651 -0.753766 -6.15694e-17 0.657143 -0.810737 -6.62229e-17 0.585411 -0.810399 -6.61954e-17 0.585878 -0.805508 -6.57958e-17 0.592585 -0.556085 -4.54224e-17 0.831125 -0.564295 -4.60929e-17 0.825574 -0.561728 -4.58833e-17 0.827322 -0.708857 -5.79011e-17 0.705353 -0.713441 -5.82756e-17 0.700715 -0.706472 -5.77063e-17 0.707741 0.250034 2.04233e-17 0.968237 0.24227 1.97892e-17 0.970209 0.251859 2.05725e-17 0.967764 -0.528547 -4.3173e-17 0.848904 -0.52271 -4.26962e-17 0.852511 -0.531133 -4.33842e-17 0.847289 -0.250034 -2.04233e-17 0.968237 -0.257082 -2.09991e-17 0.966389 -0.247506 -2.02169e-17 0.968886 0.59657 4.87292e-17 0.802561 0.589675 4.81661e-17 0.80764 0.597639 4.88166e-17 0.801766 -0.663228 -5.41741e-17 0.748417 -0.655789 -5.35664e-17 0.754944 -0.658258 -5.37681e-17 0.752792 -0.63309 -5.17123e-17 0.774078 -0.625399 -5.10841e-17 0.780305 -0.627907 -5.1289e-17 0.778288 -0.701831 -5.73273e-17 0.712343 -0.715812 -5.84692e-17 0.698293 -0.720341 -5.88392e-17 0.69362 -0.733927 -5.99489e-17 0.679228 -0.729511 -5.95882e-17 0.683969 -0.736253 -6.0139e-17 0.676706 -0.762494 -6.22823e-17 0.646996 -0.749521 -6.12227e-17 0.661981 -0.747226 -6.10352e-17 0.66457 -0.775167 -6.33175e-17 0.631756 -0.78139 -6.38258e-17 0.624043 -0.779182 -6.36454e-17 0.626798 -0.768868 -6.2803e-17 0.639407 -0.772941 -6.31357e-17 0.634478 -0.766624 -6.26197e-17 0.642096 -0.787536 -6.43278e-17 0.616269 -0.785346 -6.4149e-17 0.619057 -0.793605 -6.48236e-17 0.608434 -0.799595 -6.53129e-17 0.600539 -0.797444 -6.51372e-17 0.603392 -0.791434 -6.46462e-17 0.611255 -0.803376 -6.56217e-17 0.595471 -0.810107 -6.61715e-17 0.586283 -0.80986 -6.61514e-17 0.586623 -0.809649 -6.61341e-17 0.586914 -0.809433 -6.61164e-17 0.587212 -0.80923 -6.60999e-17 0.587492 -0.72717 -5.9397e-17 0.686458 -0.742924 -6.06838e-17 0.669376 -0.685152 -5.59649e-17 0.7284 -0.67791 -5.53733e-17 0.735145 -0.680346 -5.55723e-17 0.732891 -0.699434 -5.71314e-17 0.714698 -0.694737 -5.67478e-17 0.719263 -0.670602 -5.47764e-17 0.741817 -0.665686 -5.43749e-17 0.746232 -0.609833 -4.98127e-17 0.79253 -0.604494 -4.93765e-17 0.79661 -0.612359 -5.0019e-17 0.79058 -0.648286 -5.29536e-17 0.761397 -0.643209 -5.25389e-17 0.76569 -0.650766 -5.31561e-17 0.759279 -0.572448 -4.6759e-17 0.819941 -0.569888 -4.65498e-17 0.821723 -0.588587 -4.80772e-17 0.808434 -0.594029 -4.85217e-17 0.804444 -0.586039 -4.78691e-17 0.810283 -0.536922 -4.38571e-17 0.843632 -0.547821 -4.47474e-17 0.836595 -0.553513 -4.52123e-17 0.83284 -0.497136 -4.06073e-17 0.867672 -0.503115 -4.10957e-17 0.864219 -0.494538 -4.03951e-17 0.869156 -0.505711 -4.13077e-17 0.862703 -0.514235 -4.2004e-17 0.857649 -0.511643 -4.17922e-17 0.859198 -0.471123 -3.84825e-17 0.882067 -0.47724 -3.89821e-17 0.878773 -0.46852 -3.82698e-17 0.883453 -0.488513 -3.99029e-17 0.872557 -0.485913 -3.96905e-17 0.874007 -0.442089 -3.61109e-17 0.896971 -0.444694 -3.63237e-17 0.895682 -0.450944 -3.68342e-17 0.892552 -0.453549 -3.7047e-17 0.891231 -0.408848 -3.33957e-17 0.912602 -0.406245 -3.31831e-17 0.913764 -0.399784 -3.26553e-17 0.916609 -0.426855 -3.48665e-17 0.90432 -0.433191 -3.53841e-17 0.901302 -0.42425 -3.46538e-17 0.905545 -0.363143 -2.96624e-17 0.931733 -0.369765 -3.02033e-17 0.929125 -0.360553 -2.94508e-17 0.932739 -0.381539 -3.1165e-17 0.924353 -0.39068 -3.19117e-17 0.920526 -0.388081 -3.16994e-17 0.921625 -0.316548 -2.58564e-17 0.948577 -0.323357 -2.64126e-17 0.946277 -0.313977 -2.56464e-17 0.949431 -0.335286 -2.73869e-17 0.942117 -0.344606 -2.81482e-17 0.938748 -0.342022 -2.79372e-17 0.939692 -0.269174 -2.19868e-17 0.963091 -0.278706 -2.27654e-17 0.960377 -0.276158 -2.25573e-17 0.961112 -0.295125 -2.41066e-17 0.955459 -0.297685 -2.43156e-17 0.954664 -0.304566 -2.48777e-17 0.952491 -0.208969 -1.70691e-17 0.977922 -0.201768 -1.64809e-17 0.979433 -0.211465 -1.72729e-17 0.977386 -0.228282 -1.86467e-17 0.973595 -0.230794 -1.88518e-17 0.973003 -0.237906 -1.94328e-17 0.971288 -0.160345 -1.30974e-17 0.987061 -0.153008 -1.2498e-17 0.988225 -0.162794 -1.32974e-17 0.98666 -0.189574 -1.54849e-17 0.981866 -0.179848 -1.46904e-17 0.983694 -0.182317 -1.48921e-17 0.98324 -0.121157 -9.89637e-18 0.992633 -0.111327 -9.0935e-18 0.993784 -0.113723 -9.28915e-18 0.993513 -0.143207 -1.16975e-17 0.989693 -0.140778 -1.14991e-17 0.990041 -0.133391 -1.08957e-17 0.991063 -0.0719118 -5.87393e-18 0.997411 -0.0620379 -5.06741e-18 0.998074 -0.0643729 -5.25813e-18 0.997926 -0.0940097 -7.67894e-18 0.995571 -0.0916377 -7.48519e-18 0.995792 -0.0841386 -6.87265e-18 0.996454 -0.0247734 -2.02355e-18 0.999693 -0.022491 -1.83712e-18 0.999747 -0.0148649 -1.2142e-18 0.999889 -0.0445819 -3.64156e-18 0.999006 -0.052158 -4.26039e-18 0.998639 -0.0422729 -3.45295e-18 0.999106 0.0247734 2.02355e-18 0.999693 0.0170911 1.39604e-18 0.999854 0.0269848 2.20419e-18 0.999636 0.00495523 4.04755e-19 0.999988 -0.00270061 -2.20592e-19 0.999996 0.00719561 5.87754e-19 0.999974 0.0742595 6.06569e-18 0.997239 0.0665237 5.43382e-18 0.997785 0.0763945 6.24009e-18 0.997078 0.0544802 4.45008e-18 0.998515 0.044582 3.64156e-18 0.999006 0.0467634 3.81974e-18 0.998906 0.123563 1.00929e-17 0.992337 0.113723 9.28916e-18 0.993513 0.115794 9.4583e-18 0.993273 0.103871 8.48446e-18 0.994591 0.0940096 7.67893e-18 0.995571 0.0961129 7.85073e-18 0.99537 0.172564 1.40954e-17 0.984998 0.162794 1.32974e-17 0.98666 0.16478 1.34596e-17 0.98633 0.145227 1.18625e-17 0.989398 0.143207 1.16975e-17 0.989693 0.135429 1.10622e-17 0.990787 0.213363 1.7428e-17 0.976973 0.211465 1.7273e-17 0.977386 0.203684 1.66374e-17 0.979037 0.193986 1.58452e-17 0.981004 0.192052 1.56873e-17 0.981385 0.184268 1.50515e-17 0.982876 0.261424 2.13537e-17 0.965224 0.259617 2.12061e-17 0.965712 0.232657 1.9004e-17 0.972559 0.240426 1.96386e-17 0.970668 0.230794 1.88519e-17 0.973002 0.299417 2.44571e-17 0.954122 0.307131 2.50872e-17 0.951667 0.297685 2.43156e-17 0.954664 0.270963 2.21329e-17 0.96259 0.280475 2.29099e-17 0.959861 0.278706 2.27653e-17 0.960377 0.346243 2.82819e-17 0.938145 0.353892 2.89068e-17 0.935286 0.344606 2.81482e-17 0.938748 0.318242 2.59948e-17 0.94801 0.327608 2.67598e-17 0.944814 0.325933 2.6623e-17 0.945393 0.372359 3.04152e-17 0.928089 0.373938 3.05442e-17 0.927454 0.381539 3.1165e-17 0.924353 0.363144 2.96624e-17 0.931733 0.364742 2.9793e-17 0.931109 0.410349 3.35183e-17 0.911929 0.417872 3.41328e-17 0.908506 0.408848 3.33957e-17 0.912602 0.383098 3.12924e-17 0.923708 0.39222 3.20375e-17 0.919871 0.39068 3.19117e-17 0.920526 0.446116 3.64399e-17 0.894975 0.454951 3.71615e-17 0.890516 0.453549 3.7047e-17 0.891231 0.428316 3.49859e-17 0.903629 0.437238 3.57146e-17 0.899346 0.435796 3.55969e-17 0.900045 0.489836 4.0011e-17 0.871814 0.49844 4.07138e-17 0.866924 0.497136 4.06073e-17 0.867672 0.471124 3.84825e-17 0.882067 0.472486 3.85938e-17 0.881338 0.479842 3.91946e-17 0.877355 0.531133 4.33842e-17 0.847289 0.532358 4.34843e-17 0.84652 0.539504 4.4068e-17 0.841983 0.514236 4.2004e-17 0.857649 0.506995 4.14126e-17 0.861949 0.5155 4.21073e-17 0.85689 0.572448 4.6759e-17 0.819941 0.573576 4.6851e-17 0.819153 0.580546 4.74204e-17 0.814227 0.556085 4.54224e-17 0.831125 0.549007 4.48442e-17 0.835818 0.557251 4.55176e-17 0.830344 0.605544 4.94623e-17 0.795812 0.604494 4.93765e-17 0.79661 0.588587 4.80772e-17 0.808434 0.61339 5.01031e-17 0.78978 0.612359 5.00189e-17 0.79058 0.620164 5.06565e-17 0.784473 0.621175 5.07391e-17 0.783672 0.6289 5.13701e-17 0.777486 0.627907 5.1289e-17 0.778288 0.636563 5.1996e-17 0.771224 0.635589 5.19165e-17 0.772027 0.643209 5.25389e-17 0.76569 0.644164 5.26169e-17 0.764887 0.651702 5.32326e-17 0.758475 0.650766 5.31561e-17 0.759278 0.659176 5.38431e-17 0.751989 0.658259 5.37681e-17 0.752792 0.665687 5.43749e-17 0.746231 0.666586 5.44483e-17 0.745429 0.67393 5.50482e-17 0.738796 0.673049 5.49763e-17 0.739598 0.681208 5.56427e-17 0.73209 0.680346 5.55723e-17 0.732891 0.687575 5.61628e-17 0.726113 0.688419 5.62317e-17 0.725313 0.695563 5.68153e-17 0.718465 0.694738 5.67479e-17 0.719263 0.702639 5.73933e-17 0.711546 0.701832 5.73273e-17 0.712343 0.708857 5.79011e-17 0.705353 0.709646 5.79656e-17 0.704558 0.716584 5.85323e-17 0.697501 0.715812 5.84692e-17 0.698293 0.723451 5.90933e-17 0.690375 0.722697 5.90316e-17 0.691165 0.729511 5.95882e-17 0.683969 0.730248 5.96484e-17 0.683182 0.736973 6.01977e-17 0.675922 0.736254 6.0139e-17 0.676706 0.743626 6.07411e-17 0.668596 0.742924 6.06838e-17 0.669376 0.749521 6.12227e-17 0.661981 0.750206 6.12786e-17 0.661204 0.756712 6.18101e-17 0.653748 0.756044 6.17555e-17 0.65452 0.763145 6.23355e-17 0.646228 0.762494 6.22823e-17 0.646996 0.768868 6.2803e-17 0.639407 0.769503 6.28548e-17 0.638644 0.775785 6.3368e-17 0.630997 0.775167 6.33175e-17 0.631756 0.781991 6.38749e-17 0.623289 0.78139 6.38258e-17 0.624043 0.787536 6.43278e-17 0.616269 0.788121 6.43756e-17 0.61552 0.794174 6.487e-17 0.607691 0.793605 6.48235e-17 0.608434 0.800149 6.53581e-17 0.599802 0.799595 6.53129e-17 0.600539 0.805508 6.57958e-17 0.592585 0.806045 6.58397e-17 0.591854 0.811863 6.63149e-17 0.583849 0.811341 6.62723e-17 0.584574 0.817601 6.67836e-17 0.575786 0.817094 6.67422e-17 0.576504 0.822767 6.72056e-17 0.568378 0.823259 6.72458e-17 0.567667 0.828836 6.77013e-17 0.559492 0.82836 6.76624e-17 0.560197 0.834332 6.81503e-17 0.551262 0.833871 6.81126e-17 0.55196 0.8393 6.8556e-17 0.543669 0.839747 6.85925e-17 0.542979 0.845079 6.90281e-17 0.534642 0.844646 6.89928e-17 0.535325 0.850328 6.94569e-17 0.526253 0.84991 6.94227e-17 0.526928 0.85509 6.98458e-17 0.518479 0.855494 6.98789e-17 0.517812 0.860577 7.0294e-17 0.509321 0.860187 7.02621e-17 0.509979 0.865575 7.07023e-17 0.500779 0.865198 7.06715e-17 0.50143 0.870125 7.10739e-17 0.492831 0.870488 7.11036e-17 0.492189 0.875316 7.1498e-17 0.483551 0.874967 7.14694e-17 0.484183 0.880059 7.18853e-17 0.474865 0.879722 7.18578e-17 0.475489 0.884391 7.22392e-17 0.466747 0.884715 7.22657e-17 0.466132 0.889284 7.26389e-17 0.457354 0.888973 7.26135e-17 0.45796 0.893767 7.3005e-17 0.448532 0.893468 7.29806e-17 0.449127 0.897875 7.33406e-17 0.440251 0.898162 7.3364e-17 0.439665 0.902469 7.37158e-17 0.430755 0.902194 7.36934e-17 0.431331 0.906687 7.40604e-17 0.421803 0.906424 7.40389e-17 0.422369 0.910565 7.43772e-17 0.413365 0.910817 7.43978e-17 0.41281 0.914858 7.47278e-17 0.403776 0.914617 7.47081e-17 0.404321 0.918809 7.50505e-17 0.394703 0.918579 7.50318e-17 0.395237 0.922451 7.5348e-17 0.386114 0.92267 7.53659e-17 0.385591 0.92644 7.56739e-17 0.376441 0.926232 7.56569e-17 0.376954 0.93012 7.59745e-17 0.367255 0.929922 7.59583e-17 0.367756 0.933521 7.62523e-17 0.358522 0.933709 7.62676e-17 0.358032 0.937207 7.65533e-17 0.348775 0.937028 7.65388e-17 0.349253 0.940612 7.68315e-17 0.339483 0.940444 7.68177e-17 0.33995 0.943766 7.70891e-17 0.330613 0.943926 7.71021e-17 0.330158 0.947147 7.73652e-17 0.320801 0.946996 7.7353e-17 0.321244 0.950275 7.76208e-17 0.311412 0.950134 7.76092e-17 0.311843 0.953177 7.78578e-17 0.302412 0.95331 7.78687e-17 0.301993 0.956252 7.8109e-17 0.292544 0.956128 7.80988e-17 0.292951 0.9591 7.83416e-17 0.283067 0.958984 7.83321e-17 0.283461 0.961746 7.85577e-17 0.273943 0.961855 7.85666e-17 0.273561 0.964515 7.87839e-17 0.26403 0.964413 7.87756e-17 0.264399 0.96708 7.89935e-17 0.254472 0.966986 7.89858e-17 0.254828 0.969464 7.91882e-17 0.245233 0.969551 7.91953e-17 0.244889 0.971927 7.93894e-17 0.235282 0.971847 7.93828e-17 0.235613 0.974208 7.95757e-17 0.225652 0.974134 7.95696e-17 0.22597 0.976393 7.97542e-17 0.216001 0.976326 7.97487e-17 0.216305 0.978421 7.99198e-17 0.206619 0.978483 7.99249e-17 0.206328 0.980477 8.00877e-17 0.196634 0.980421 8.00832e-17 0.196912 0.982375 8.02427e-17 0.186922 0.982324 8.02386e-17 0.187187 0.984131 8.03862e-17 0.177442 0.984176 8.03899e-17 0.177191 0.985882 8.05292e-17 0.167443 0.985841 8.05259e-17 0.167681 0.98749 8.06606e-17 0.157678 0.987455 8.06577e-17 0.157903 0.988971 8.07816e-17 0.148109 0.989003 8.07841e-17 0.147899 0.990418 8.08997e-17 0.138104 0.99039 8.08975e-17 0.138301 0.991736 8.10074e-17 0.128296 0.991712 8.10055e-17 0.128479 0.992937 8.11055e-17 0.118645 0.992957 8.11071e-17 0.118476 0.994081 8.11989e-17 0.108643 0.994064 8.11975e-17 0.108798 0.995107 8.12828e-17 0.0988006 0.995093 8.12816e-17 0.0989417 0.996025 8.13577e-17 0.0890753 0.996036 8.13587e-17 0.0889482 0.996868 8.14266e-17 0.079087 0.996859 8.14258e-17 0.0792001 0.997602 8.14865e-17 0.0692181 0.997595 8.14859e-17 0.0693171 0.998233 8.15381e-17 0.0594273 0.998238 8.15385e-17 0.0593424 0.998776 8.15824e-17 0.0494608 0.998773 8.15822e-17 0.0495317 0.999217 8.16184e-17 0.0395745 0.999214 8.16182e-17 0.0396312 0.999558 8.16463e-17 0.0297268 0.999559 8.16464e-17 0.0296843 0.999804 8.16664e-17 0.0197911 0.999804 8.16664e-17 0.0198195 0.999951 8.16784e-17 0.00989605 0.999951 8.16784e-17 0.00991022 1 8.16824e-17 1.6925e-23 1 8.16824e-17 -1.37153e-11 0.581654 4.75109e-17 0.813436 0.564295 4.60929e-17 0.825574 0.565441 4.61866e-17 0.824789 0.547821 4.47474e-17 0.836595 0.540709 4.41664e-17 0.84121 0.52271 4.26962e-17 0.852511 0.523954 4.27979e-17 0.851746 0.505711 4.13077e-17 0.862703 0.488513 3.99029e-17 0.872557 0.481185 3.93044e-17 0.876619 0.463741 3.78795e-17 0.885971 0.462359 3.77666e-17 0.886693 0.444694 3.63237e-17 0.895682 0.426855 3.48666e-17 0.90432 0.419353 3.42538e-17 0.907823 0.401304 3.27795e-17 0.915945 0.399784 3.26553e-17 0.916609 0.355509 2.90389e-17 0.934673 0.336942 2.75222e-17 0.941526 0.335286 2.73869e-17 0.942117 0.316548 2.58564e-17 0.948577 0.308845 2.52272e-17 0.951113 0.289961 2.36847e-17 0.957039 0.288209 2.35416e-17 0.957567 0.269174 2.19868e-17 0.963091 0.223021 1.82169e-17 0.974814 0.22114 1.80633e-17 0.975242 0.201768 1.64809e-17 0.979433 0.182317 1.48921e-17 0.98324 0.174533 1.42562e-17 0.984651 0.153008 1.2498e-17 0.988225 0.155011 1.26617e-17 0.987913 0.133391 1.08957e-17 0.991063 0.125617 1.02607e-17 0.992079 0.105958 8.65494e-18 0.994371 0.086258 7.04576e-18 0.996273 0.0841388 6.87266e-18 0.996454 0.064373 5.25814e-18 0.997926 0.0566464 4.62701e-18 0.998394 0.0368759 3.01211e-18 0.99932 0.0346794 2.8327e-18 0.999398 0.014865 1.21421e-18 0.999889 -0.00495508 -4.04743e-19 0.999988 -0.0125964 -1.02891e-18 0.999921 -0.0323834 -2.64516e-18 0.999476 -0.0346793 -2.83269e-18 0.999398 -0.0544801 -4.45006e-18 0.998515 -0.0742595 -6.06569e-18 0.997239 -0.0817788 -6.67989e-18 0.996651 -0.101488 -8.28975e-18 0.994837 -0.103871 -8.48446e-18 0.994591 -0.123563 -1.00929e-17 0.992337 -0.130974 -1.06983e-17 0.991386 -0.150569 -1.22988e-17 0.9886 -0.172564 -1.40954e-17 0.984998 -0.170105 -1.38946e-17 0.985426 -0.199282 -1.62778e-17 0.979942 -0.192052 -1.56873e-17 0.981385 -0.22114 -1.80633e-17 0.975242 -0.218637 -1.78588e-17 0.975806 -0.240426 -1.96386e-17 0.970667 -0.259617 -2.12061e-17 0.965712 -0.266633 -2.17792e-17 0.963798 -0.285656 -2.3333e-17 0.958332 -0.28821 -2.35417e-17 0.957567 -0.307131 -2.50872e-17 0.951667 -0.325933 -2.6623e-17 0.945393 -0.332706 -2.71762e-17 0.943031 -0.353892 -2.89067e-17 0.935286 -0.351305 -2.86954e-17 0.936261 -0.372359 -3.04152e-17 0.928089 -0.378942 -3.09529e-17 0.92542 -0.397183 -3.24429e-17 0.91774 -0.415268 -3.39201e-17 0.909699 -0.417872 -3.41328e-17 0.908506 -0.435796 -3.55969e-17 0.900045 -0.462359 -3.77666e-17 0.886693 -0.459754 -3.75538e-17 0.888046 -0.479842 -3.91947e-17 0.877355 -0.52012 -4.24847e-17 0.854093 -0.539503 -4.40679e-17 0.841983 -0.545244 -4.45369e-17 0.838277 -0.577992 -4.72118e-17 0.816043 -0.580546 -4.74204e-17 0.814227 -0.59657 -4.87292e-17 0.802561 -0.601961 -4.91696e-17 0.798526 -0.617646 -5.04508e-17 0.786456 -0.620164 -5.06565e-17 0.784473 -0.63559 -5.19165e-17 0.772027 -0.640719 -5.23355e-17 0.767775 -0.673049 -5.49763e-17 0.739598 -0.687575 -5.61628e-17 0.726113 -0.692327 -5.65509e-17 0.721584 -0.722697 -5.90316e-17 0.691165 -0.740613 -6.0495e-17 0.671932 -0.811119 -6.62541e-17 0.584881 -0.811545 -6.6289e-17 0.584289 -0.813073 -6.64138e-17 0.582162 -0.813656 -6.64614e-17 0.581346 -0.814273 -6.65118e-17 0.580483 -0.817798 -6.67997e-17 0.575505 -0.821583 -6.71089e-17 0.570089 -0.825897 -6.74613e-17 0.56382 -0.842249 -6.87969e-17 0.539089 -0.830549 -6.78413e-17 0.556946 -0.847556 -6.92304e-17 0.530706 -0.844646 -6.89928e-17 0.535325 -0.862976 -7.049e-17 0.505245 -0.85792 -7.0077e-17 0.513783 -0.860187 -7.02621e-17 0.509979 -0.85278 -6.96572e-17 0.52227 -0.84991 -6.94227e-17 0.526928 -0.85509 -6.98458e-17 0.518479 -0.872832 -7.1295e-17 0.488021 -0.874966 -7.14694e-17 0.484184 -0.877631 -7.1687e-17 0.479337 -0.865198 -7.06715e-17 0.50143 -0.870125 -7.10739e-17 0.492831 -0.867946 -7.0896e-17 0.496658 -0.888973 -7.26135e-17 0.45796 -0.891508 -7.28206e-17 0.453004 -0.88697 -7.24498e-17 0.461828 -0.884391 -7.22392e-17 0.466747 -0.882344 -7.2072e-17 0.470605 -0.879722 -7.18578e-17 0.475489 -0.904596 -7.38896e-17 0.42627 -0.900322 -7.35405e-17 0.435224 -0.902194 -7.36934e-17 0.431331 -0.895959 -7.31841e-17 0.444136 -0.893468 -7.29806e-17 0.449127 -0.897875 -7.33406e-17 0.440251 -0.912876 -7.4566e-17 0.408236 -0.914617 -7.47081e-17 0.404321 -0.916882 -7.48932e-17 0.399158 -0.906424 -7.40389e-17 0.422369 -0.910565 -7.43772e-17 0.413365 -0.908781 -7.42314e-17 0.417273 -0.926232 -7.56569e-17 0.376954 -0.928356 -7.58304e-17 0.371692 -0.924622 -7.55254e-17 0.380885 -0.922451 -7.5348e-17 0.386114 -0.920798 -7.5213e-17 0.390041 -0.918579 -7.50318e-17 0.395237 -0.939007 -7.67004e-17 0.343897 -0.935549 -7.64179e-17 0.353197 -0.937028 -7.65387e-17 0.349253 -0.931998 -7.61279e-17 0.362463 -0.929922 -7.59583e-17 0.367756 -0.933521 -7.62523e-17 0.358522 -0.945646 -7.72427e-17 0.325197 -0.946997 -7.7353e-17 0.321244 -0.948827 -7.75024e-17 0.315798 -0.940444 -7.68177e-17 0.33995 -0.943766 -7.70891e-17 0.330613 -0.942373 -7.69753e-17 0.334563 -0.956127 -7.80988e-17 0.292951 -0.957805 -7.82358e-17 0.287418 -0.954906 -7.7999e-17 0.296908 -0.953177 -7.78578e-17 0.302412 -0.951913 -7.77546e-17 0.306368 -0.950134 -7.76092e-17 0.311843 -0.965935 -7.88999e-17 0.258784 -0.96332 -7.86863e-17 0.268356 -0.964413 -7.87756e-17 0.264399 -0.96061 -7.84649e-17 0.277901 -0.958984 -7.83321e-17 0.283461 -0.961746 -7.85577e-17 0.273943 -0.97088 -7.93038e-17 0.239566 -0.971847 -7.93828e-17 0.235613 -0.973209 -7.94941e-17 0.229921 -0.966986 -7.89858e-17 0.254828 -0.969464 -7.91882e-17 0.245233 -0.968455 -7.91058e-17 0.249188 -0.978422 -7.99198e-17 0.206619 -0.979621 -8.00178e-17 0.200854 -0.97758 -7.98511e-17 0.210564 -0.976326 -7.97487e-17 0.216305 -0.975443 -7.96765e-17 0.220253 -0.974134 -7.95696e-17 0.22597 -0.985165 -8.04707e-17 0.171609 -0.983414 -8.03276e-17 0.181375 -0.984131 -8.03862e-17 0.177442 -0.981566 -8.01767e-17 0.191124 -0.980421 -8.00832e-17 0.196913 -0.982324 -8.02386e-17 0.187186 -0.988376 -8.0733e-17 0.152026 -0.988971 -8.07816e-17 0.148109 -0.989836 -8.08522e-17 0.142212 -0.985841 -8.05259e-17 0.167681 -0.987455 -8.06577e-17 0.157903 -0.986819 -8.06058e-17 0.161825 -0.992937 -8.11055e-17 0.118645 -0.99363 -8.11621e-17 0.112689 -0.992463 -8.10668e-17 0.122542 -0.991712 -8.10055e-17 0.128479 -0.991199 -8.09635e-17 0.132383 -0.99039 -8.08975e-17 0.138301 -0.996544 -8.14001e-17 0.0830659 -0.995671 -8.13288e-17 0.0929494 -0.996025 -8.13577e-17 0.0890753 -0.9947 -8.12495e-17 0.102824 -0.994064 -8.11975e-17 0.108799 -0.995093 -8.12816e-17 0.0989417 -0.997996 -8.15187e-17 0.0632747 -0.998233 -8.15381e-17 0.0594274 -0.998575 -8.1566e-17 0.0533693 -0.996859 -8.14258e-17 0.0792001 -0.997595 -8.14859e-17 0.0693172 -0.997319 -8.14634e-17 0.0731738 -0.999558 -8.16463e-17 0.0297268 -0.999721 -8.16596e-17 0.0236255 -0.999437 -8.16365e-17 0.0335436 -0.999214 -8.16182e-17 0.0396312 -0.999055 -8.16053e-17 0.0434587 -0.998773 -8.15822e-17 0.0495316 -0.999981 -8.16809e-17 -0.00613933 -0.999993 -8.16818e-17 0.00378313 -1 -8.16824e-17 -8.74228e-08 -0.999906 -8.16747e-17 0.013705 -0.999804 -8.16664e-17 0.0198195 -0.999951 -8.16784e-17 0.00991033 -0.999662 -8.16548e-17 -0.0259812 -0.999558 -8.16463e-17 -0.0297265 -0.999355 -8.16298e-17 -0.0358985 -0.999951 -8.16784e-17 -0.00991003 -0.999804 -8.16664e-17 -0.0198195 -0.999871 -8.16719e-17 -0.0160609 -0.998233 -8.15381e-17 -0.0594274 -0.997844 -8.15063e-17 -0.065626 -0.998446 -8.15555e-17 -0.0557221 -0.998773 -8.15822e-17 -0.0495315 -0.99895 -8.15967e-17 -0.0458124 -0.999214 -8.16182e-17 -0.0396311 -0.995449 -8.13107e-17 -0.0952954 -0.996346 -8.13839e-17 -0.0854138 -0.996025 -8.13577e-17 -0.0890752 -0.997144 -8.14491e-17 -0.0755235 -0.997595 -8.14859e-17 -0.0693169 -0.996859 -8.14258e-17 -0.0792001 -0.993362 -8.11402e-17 -0.11503 -0.992937 -8.11055e-17 -0.118645 -0.992172 -8.1043e-17 -0.12488 -0.995093 -8.12816e-17 -0.0989419 -0.994064 -8.11975e-17 -0.108798 -0.994455 -8.12295e-17 -0.105167 -0.988971 -8.07816e-17 -0.148109 -0.988016 -8.07035e-17 -0.154354 -0.989498 -8.08246e-17 -0.144544 -0.99039 -8.08975e-17 -0.138301 -0.990884 -8.09378e-17 -0.134718 -0.991712 -8.10055e-17 -0.128479 -0.982984 -8.02925e-17 -0.183692 -0.984758 -8.04374e-17 -0.17393 -0.984131 -8.03862e-17 -0.177442 -0.986435 -8.05744e-17 -0.16415 -0.987455 -8.06577e-17 -0.157903 -0.985841 -8.05259e-17 -0.167681 -0.979145 -7.9979e-17 -0.203161 -0.978422 -7.99198e-17 -0.206619 -0.977081 -7.98104e-17 -0.212867 -0.982324 -8.02386e-17 -0.187187 -0.980421 -8.00832e-17 -0.196913 -0.981113 -8.01397e-17 -0.193437 -0.971847 -7.93828e-17 -0.235613 -0.970313 -7.92575e-17 -0.241853 -0.972665 -7.94496e-17 -0.232213 -0.974134 -7.95696e-17 -0.22597 -0.974921 -7.96339e-17 -0.222551 -0.976326 -7.97486e-17 -0.216305 -0.962685 -7.86344e-17 -0.270625 -0.965323 -7.88499e-17 -0.26106 -0.964413 -7.87756e-17 -0.264399 -0.967865 -7.90576e-17 -0.251469 -0.969464 -7.91882e-17 -0.245233 -0.966986 -7.89858e-17 -0.254828 -0.957125 -7.81803e-17 -0.289674 -0.956127 -7.80988e-17 -0.292951 -0.954204 -7.79417e-17 -0.299157 -0.961746 -7.85577e-17 -0.273943 -0.958984 -7.83321e-17 -0.283461 -0.959952 -7.84112e-17 -0.280164 -0.946997 -7.7353e-17 -0.321244 -0.944878 -7.71799e-17 -0.327424 -0.94808 -7.74414e-17 -0.318033 -0.950134 -7.76092e-17 -0.311843 -0.951189 -7.76954e-17 -0.30861 -0.953177 -7.78578e-17 -0.302412 -0.934714 -7.63497e-17 -0.355401 -0.938194 -7.6634e-17 -0.346109 -0.937028 -7.65388e-17 -0.349253 -0.941582 -7.69107e-17 -0.336783 -0.943766 -7.70891e-17 -0.330613 -0.940444 -7.68177e-17 -0.33995 -0.927478 -7.57586e-17 -0.373879 -0.926232 -7.56569e-17 -0.376954 -0.923722 -7.54519e-17 -0.383063 -0.933521 -7.62523e-17 -0.358522 -0.929922 -7.59583e-17 -0.367756 -0.931142 -7.60579e-17 -0.364658 -0.914617 -7.47082e-17 -0.404321 -0.911912 -7.44872e-17 -0.410386 -0.915939 -7.48161e-17 -0.401317 -0.918579 -7.50318e-17 -0.395237 -0.919876 -7.51377e-17 -0.392209 -0.922451 -7.5348e-17 -0.386114 -0.899294 -7.34565e-17 -0.437345 -0.903589 -7.38074e-17 -0.4284 -0.902194 -7.36934e-17 -0.431331 -0.907795 -7.41509e-17 -0.419414 -0.910565 -7.43772e-17 -0.413365 -0.906424 -7.40389e-17 -0.422369 -0.890439 -7.27332e-17 -0.455103 -0.888973 -7.26135e-17 -0.45796 -0.885879 -7.23607e-17 -0.463916 -0.897875 -7.33406e-17 -0.44025 -0.893468 -7.29806e-17 -0.449127 -0.89491 -7.30984e-17 -0.446246 -0.874966 -7.14694e-17 -0.484184 -0.871679 -7.12009e-17 -0.490077 -0.876499 -7.15946e-17 -0.481403 -0.879722 -7.18578e-17 -0.475489 -0.881233 -7.19812e-17 -0.472683 -0.884391 -7.22392e-17 -0.466747 -0.856707 -6.99779e-17 -0.515803 -0.861783 -7.03925e-17 -0.507277 -0.860187 -7.02621e-17 -0.509979 -0.866774 -7.08002e-17 -0.498701 -0.870125 -7.10739e-17 -0.492831 -0.865198 -7.06715e-17 -0.50143 -0.846303 -6.91281e-17 -0.532701 -0.844646 -6.89928e-17 -0.535325 -0.840976 -6.8693e-17 -0.541072 -0.85509 -6.98458e-17 -0.518479 -0.84991 -6.94227e-17 -0.526928 -0.851547 -6.95564e-17 -0.524278 -0.82836 -6.76624e-17 -0.560197 -0.8245 -6.73471e-17 -0.565862 -0.830074 -6.78024e-17 -0.557654 -0.83387 -6.81126e-17 -0.55196 -0.835566 -6.82511e-17 -0.54939 -0.8393 -6.8556e-17 -0.543669 -0.807293 -6.59417e-17 -0.590151 -0.813109 -6.64167e-17 -0.582112 -0.811341 -6.62723e-17 -0.584574 -0.818845 -6.68852e-17 -0.574015 -0.822767 -6.72056e-17 -0.568379 -0.817094 -6.67422e-17 -0.576504 -0.795424 -6.49721e-17 -0.606054 -0.793605 -6.48236e-17 -0.608434 -0.789371 -6.44777e-17 -0.613916 -0.805508 -6.57958e-17 -0.592585 -0.799595 -6.53129e-17 -0.600539 -0.801398 -6.54601e-17 -0.598132 -0.775167 -6.33175e-17 -0.631756 -0.77075 -6.29567e-17 -0.637138 -0.777033 -6.347e-17 -0.629459 -0.78139 -6.38258e-17 -0.624043 -0.783241 -6.3977e-17 -0.621718 -0.787536 -6.43278e-17 -0.616269 -0.751445 -6.13799e-17 -0.659795 -0.757955 -6.19116e-17 -0.652307 -0.756045 -6.17555e-17 -0.65452 -0.76439 -6.24372e-17 -0.644754 -0.768868 -6.2803e-17 -0.639407 -0.762494 -6.22824e-17 -0.646995 -0.738205 -6.02984e-17 -0.674577 -0.736254 -6.0139e-17 -0.676706 -0.731475 -5.97487e-17 -0.681868 -0.749521 -6.12227e-17 -0.661981 -0.742924 -6.06838e-17 -0.669376 -0.744862 -6.08421e-17 -0.667219 -0.715812 -5.84693e-17 -0.698293 -0.710857 -5.80645e-17 -0.703336 -0.717801 -5.86317e-17 -0.696249 -0.722697 -5.90316e-17 -0.691165 -0.724674 -5.91931e-17 -0.689092 -0.729511 -5.95882e-17 -0.683969 -0.689609 -5.63289e-17 -0.724182 -0.696761 -5.69131e-17 -0.717304 -0.694738 -5.67479e-17 -0.719263 -0.703843 -5.74916e-17 -0.710355 -0.708857 -5.79011e-17 -0.705353 -0.701831 -5.73273e-17 -0.712343 -0.675103 -5.5144e-17 -0.737723 -0.673049 -5.49763e-17 -0.739598 -0.66775 -5.45435e-17 -0.744385 -0.687575 -5.61628e-17 -0.726113 -0.680346 -5.55723e-17 -0.732891 -0.68239 -5.57392e-17 -0.730989 -0.650766 -5.31561e-17 -0.759278 -0.6453 -5.27096e-17 -0.763929 -0.652848 -5.33262e-17 -0.757489 -0.658258 -5.37681e-17 -0.752792 -0.660331 -5.39374e-17 -0.750975 -0.665687 -5.43749e-17 -0.746231 -0.622277 -5.08291e-17 -0.782797 -0.630013 -5.1461e-17 -0.776584 -0.627907 -5.1289e-17 -0.778288 -0.637688 -5.20879e-17 -0.770295 -0.643209 -5.25389e-17 -0.76569 -0.63559 -5.19165e-17 -0.772027 -0.606621 -4.95503e-17 -0.794991 -0.604494 -4.93765e-17 -0.79661 -0.598703 -4.89035e-17 -0.800971 -0.620163 -5.06565e-17 -0.784473 -0.612359 -5.00189e-17 -0.79058 -0.614479 -5.01922e-17 -0.788933 -0.580546 -4.74204e-17 -0.814227 -0.574599 -4.69346e-17 -0.818435 -0.582691 -4.75956e-17 -0.812694 -0.588587 -4.80772e-17 -0.808434 -0.590726 -4.8252e-17 -0.806872 -0.596569 -4.87292e-17 -0.802561 -0.549986 -4.49242e-17 -0.835174 -0.558246 -4.55989e-17 -0.829676 -0.556085 -4.54224e-17 -0.831125 -0.56645 -4.6269e-17 -0.824096 -0.572448 -4.6759e-17 -0.819941 -0.564294 -4.60929e-17 -0.825574 -0.533305 -4.35617e-17 -0.845923 -0.531132 -4.33842e-17 -0.847289 -0.524885 -4.28739e-17 -0.851173 -0.547821 -4.47474e-17 -0.836595 -0.539503 -4.40679e-17 -0.841983 -0.541672 -4.42451e-17 -0.84059 -0.505711 -4.13077e-17 -0.862703 -0.49932 -4.07856e-17 -0.866418 -0.507892 -4.14858e-17 -0.861421 -0.514235 -4.2004e-17 -0.857649 -0.516414 -4.21819e-17 -0.856339 -0.52271 -4.26962e-17 -0.852511 -0.473312 -3.86612e-17 -0.880895 -0.482029 -3.93733e-17 -0.876155 -0.479842 -3.91947e-17 -0.877355 -0.490699 -4.00814e-17 -0.871329 -0.497137 -4.06073e-17 -0.867672 -0.488513 -3.99029e-17 -0.872557 -0.455739 -3.72258e-17 -0.890114 -0.453549 -3.7047e-17 -0.891231 -0.446884 -3.65026e-17 -0.894592 -0.471124 -3.84825e-17 -0.882067 -0.462359 -3.77666e-17 -0.886693 -0.464548 -3.79454e-17 -0.885548 -0.426855 -3.48666e-17 -0.90432 -0.420061 -3.43116e-17 -0.907496 -0.429045 -3.50454e-17 -0.903283 -0.435796 -3.55969e-17 -0.900045 -0.437986 -3.57758e-17 -0.898982 -0.444694 -3.63237e-17 -0.895682 -0.392866 -3.20902e-17 -0.919596 -0.40197 -3.28339e-17 -0.915653 -0.399784 -3.26553e-17 -0.916609 -0.411036 -3.35744e-17 -0.911619 -0.417872 -3.41328e-17 -0.908506 -0.408848 -3.33957e-17 -0.912602 -0.37454 -3.05933e-17 -0.927211 -0.372359 -3.04152e-17 -0.928089 -0.365322 -2.98404e-17 -0.930881 -0.390681 -3.19117e-17 -0.920526 -0.381539 -3.1165e-17 -0.924353 -0.383722 -3.13433e-17 -0.923449 -0.344606 -2.81482e-17 -0.938748 -0.337455 -2.75641e-17 -0.941342 -0.346778 -2.83257e-17 -0.937947 -0.353892 -2.89068e-17 -0.935286 -0.356068 -2.90845e-17 -0.93446 -0.363143 -2.96624e-17 -0.931733 -0.309288 -2.52634e-17 -0.950968 -0.318709 -2.60329e-17 -0.947853 -0.316548 -2.58564e-17 -0.948577 -0.328098 -2.67998e-17 -0.944644 -0.335286 -2.73869e-17 -0.942116 -0.325932 -2.6623e-17 -0.945393 -0.290357 -2.37171e-17 -0.956918 -0.288209 -2.35416e-17 -0.957567 -0.280848 -2.29403e-17 -0.959752 -0.307131 -2.50872e-17 -0.951667 -0.297685 -2.43157e-17 -0.954664 -0.299838 -2.44915e-17 -0.95399 -0.259617 -2.12061e-17 -0.965712 -0.252159 -2.0597e-17 -0.967686 -0.261748 -2.13802e-17 -0.965136 -0.269174 -2.19868e-17 -0.963092 -0.271311 -2.21613e-17 -0.962492 -0.278705 -2.27653e-17 -0.960377 -0.223247 -1.82353e-17 -0.974762 -0.232907 -1.90244e-17 -0.972499 -0.230794 -1.88518e-17 -0.973003 -0.242545 -1.98117e-17 -0.97014 -0.250033 -2.04233e-17 -0.968237 -0.240426 -1.96386e-17 -0.970668 -0.20386 -1.66518e-17 -0.979 -0.201768 -1.64809e-17 -0.979433 -0.194136 -1.58575e-17 -0.980975 -0.221141 -1.80633e-17 -0.975242 -0.211465 -1.72729e-17 -0.977386 -0.213564 -1.74444e-17 -0.976929 -0.172564 -1.40954e-17 -0.984998 -0.164854 -1.34657e-17 -0.986318 -0.174632 -1.42644e-17 -0.984634 -0.182317 -1.48921e-17 -0.98324 -0.184393 -1.50617e-17 -0.982853 -0.192052 -1.56873e-17 -0.981385 -0.135425 -1.10619e-17 -0.990788 -0.14525 -1.18643e-17 -0.989395 -0.143207 -1.16975e-17 -0.989693 -0.155059 -1.26656e-17 -0.987905 -0.162794 -1.32974e-17 -0.98666 -0.153008 -1.2498e-17 -0.988225 -0.115738 -9.45378e-18 -0.99328 -0.113723 -9.28919e-18 -0.993512 -0.105877 -8.64832e-18 -0.994379 -0.133392 -1.08958e-17 -0.991063 -0.123563 -1.00929e-17 -0.992337 -0.125588 -1.02583e-17 -0.992083 -0.0841385 -6.87263e-18 -0.996454 -0.0762347 -6.22703e-18 -0.99709 -0.0861244 -7.03485e-18 -0.996284 -0.0940096 -7.67893e-18 -0.995571 -0.0960056 -7.84197e-18 -0.995381 -0.103872 -8.48448e-18 -0.994591 -0.0465249 -3.80026e-18 -0.998917 -0.0564342 -4.60968e-18 -0.998406 -0.0544803 -4.45008e-18 -0.998515 -0.0663379 -5.41864e-18 -0.997797 -0.0742595 -6.0657e-18 -0.997239 -0.0643728 -5.25813e-18 -0.997926 -0.0266945 -2.18047e-18 -0.999644 -0.0247734 -2.02355e-18 -0.999693 -0.0167739 -1.37013e-18 -0.999859 -0.0445819 -3.64156e-18 -0.999006 -0.0346796 -2.83271e-18 -0.999398 -0.0366115 -2.99051e-18 -0.99933 0.00495528 4.0476e-19 -0.999988 0.0129916 1.06118e-18 -0.999916 0.00306941 2.50717e-19 -0.999995 -0.00495526 -4.04758e-19 -0.999988 -0.00685256 -5.59734e-19 -0.999977 -0.0148653 -1.21423e-18 -0.999889 0.0427459 3.49159e-18 -0.999086 0.0328305 2.68168e-18 -0.999461 0.0346796 2.83272e-18 -0.999398 0.0229124 1.87154e-18 -0.999738 0.0148653 1.21424e-18 -0.999889 0.0247735 2.02356e-18 -0.999693 0.0625626 5.11026e-18 -0.998041 0.0643728 5.25813e-18 -0.997926 0.0724624 5.91891e-18 -0.997371 0.0445819 3.64156e-18 -0.999006 0.0544803 4.45008e-18 -0.998515 0.0526566 4.30112e-18 -0.998613 0.0940096 7.67893e-18 -0.995571 0.102115 8.34098e-18 -0.994773 0.0922392 7.53432e-18 -0.995737 0.0841385 6.87263e-18 -0.996454 0.0823546 6.72693e-18 -0.996603 0.0742595 6.0657e-18 -0.997239 0.131677 1.07557e-17 -0.991293 0.121834 9.95171e-18 -0.99255 0.123563 1.0093e-17 -0.992337 0.11198 9.14677e-18 -0.993711 0.103872 8.48448e-18 -0.994591 0.113723 9.28919e-18 -0.993512 0.151321 1.23603e-17 -0.988485 0.153008 1.2498e-17 -0.988225 0.161121 1.31608e-17 -0.986935 0.133392 1.08958e-17 -0.991063 0.143207 1.16975e-17 -0.989693 0.141506 1.15585e-17 -0.989937 0.182317 1.48921e-17 -0.98324 0.190424 1.55543e-17 -0.981702 0.180674 1.47579e-17 -0.983543 0.172564 1.40954e-17 -0.984998 0.170906 1.396e-17 -0.985287 0.162794 1.32974e-17 -0.98666 0.219557 1.7934e-17 -0.9756 0.209867 1.71424e-17 -0.97773 0.211465 1.72729e-17 -0.977386 0.200155 1.63491e-17 -0.979764 0.192052 1.56873e-17 -0.981385 0.201768 1.64809e-17 -0.979433 0.238873 1.95117e-17 -0.971051 0.240426 1.96386e-17 -0.970667 0.248496 2.02978e-17 -0.968633 0.221141 1.80633e-17 -0.975242 0.230794 1.88518e-17 -0.973003 0.229226 1.87238e-17 -0.973373 0.269174 2.19868e-17 -0.963092 0.277215 2.26436e-17 -0.960808 0.267668 2.18638e-17 -0.963511 0.259617 2.12061e-17 -0.965712 0.258095 2.10818e-17 -0.96612 0.250033 2.04233e-17 -0.968237 0.305688 2.49694e-17 -0.952132 0.296226 2.41965e-17 -0.955118 0.297685 2.43157e-17 -0.954664 0.286735 2.34212e-17 -0.95801 0.278705 2.27653e-17 -0.960377 0.28821 2.35417e-17 -0.957567 0.324522 2.65077e-17 -0.945878 0.325932 2.6623e-17 -0.945393 0.333891 2.7273e-17 -0.942612 0.307131 2.50872e-17 -0.951667 0.316548 2.58564e-17 -0.948577 0.315121 2.57398e-17 -0.949052 0.353892 2.89068e-17 -0.935286 0.361798 2.95525e-17 -0.932257 0.35253 2.87955e-17 -0.9358 0.344606 2.81482e-17 -0.938748 0.343227 2.80356e-17 -0.939252 0.335286 2.73869e-17 -0.942116 0.389384 3.18058e-17 -0.921076 0.380225 3.10577e-17 -0.924894 0.381539 3.1165e-17 -0.924353 0.37103 3.03066e-17 -0.928621 0.363143 2.96624e-17 -0.931733 0.372359 3.04152e-17 -0.928089 0.407584 3.32925e-17 -0.913168 0.408848 3.33957e-17 -0.912602 0.416625 3.40309e-17 -0.909078 0.390681 3.19118e-17 -0.920526 0.399784 3.26553e-17 -0.916609 0.398504 3.25508e-17 -0.917167 0.435796 3.55969e-17 -0.900045 0.443497 3.62259e-17 -0.896276 0.434582 3.54977e-17 -0.900632 0.426855 3.48666e-17 -0.90432 0.425625 3.4766e-17 -0.9049 0.417872 3.41328e-17 -0.908506 0.469976 3.83888e-17 -0.882679 0.461195 3.76715e-17 -0.887299 0.462359 3.77666e-17 -0.886693 0.452368 3.69505e-17 -0.891831 0.444694 3.63237e-17 -0.895682 0.453549 3.7047e-17 -0.891231 0.487399 3.98119e-17 -0.87318 0.488513 3.99029e-17 -0.872556 0.496039 4.05176e-17 -0.8683 0.471124 3.84825e-17 -0.882067 0.479842 3.91947e-17 -0.877355 0.478711 3.91022e-17 -0.877973 0.514235 4.2004e-17 -0.857649 0.521662 4.26106e-17 -0.853152 0.51317 4.1917e-17 -0.858287 0.505711 4.13077e-17 -0.862703 0.504629 4.12193e-17 -0.863336 0.497137 4.06073e-17 -0.867672 0.546822 4.46658e-17 -0.837249 0.538488 4.3985e-17 -0.842633 0.539503 4.40679e-17 -0.841983 0.530101 4.32999e-17 -0.847935 0.52271 4.26962e-17 -0.852511 0.531132 4.33842e-17 -0.847289 0.563328 4.6014e-17 -0.826233 0.564294 4.60929e-17 -0.825574 0.571499 4.66814e-17 -0.820603 0.547821 4.47474e-17 -0.836595 0.556085 4.54224e-17 -0.831125 0.555103 4.53422e-17 -0.831782 0.588587 4.80772e-17 -0.808434 0.595669 4.86557e-17 -0.80323 0.58767 4.80023e-17 -0.809101 0.580546 4.74204e-17 -0.814227 0.579613 4.73442e-17 -0.814892 0.572449 4.6759e-17 -0.819941 0.596569 4.87292e-17 -0.802561 0.604494 4.93765e-17 -0.79661 0.603609 4.93043e-17 -0.79728 0.61149 4.9948e-17 -0.791252 0.612359 5.00189e-17 -0.79058 0.620163 5.06565e-17 -0.784473 0.619311 5.05868e-17 -0.785146 0.627907 5.1289e-17 -0.778288 0.627071 5.12207e-17 -0.778962 0.634769 5.18495e-17 -0.772702 0.63559 5.19165e-17 -0.772027 0.643209 5.25389e-17 -0.76569 0.642405 5.24732e-17 -0.766365 0.650766 5.31561e-17 -0.759278 0.649977 5.30917e-17 -0.759954 0.657486 5.3705e-17 -0.753467 0.658258 5.37681e-17 -0.752792 0.665687 5.43749e-17 -0.746231 0.664929 5.4313e-17 -0.746906 0.673049 5.49763e-17 -0.739598 0.672307 5.49157e-17 -0.740272 0.67962 5.5513e-17 -0.733565 0.680346 5.55723e-17 -0.732891 0.687575 5.61628e-17 -0.726113 0.686864 5.61047e-17 -0.726786 0.694738 5.67478e-17 -0.719263 0.694042 5.6691e-17 -0.719935 0.701151 5.72717e-17 -0.713013 0.701832 5.73273e-17 -0.712343 0.708856 5.79011e-17 -0.705353 0.708191 5.78468e-17 -0.706021 0.715812 5.84693e-17 -0.698293 0.715161 5.84161e-17 -0.698959 0.722062 5.89797e-17 -0.691829 0.722697 5.90317e-17 -0.691165 0.729511 5.95882e-17 -0.683969 0.728891 5.95375e-17 -0.68463 0.736254 6.0139e-17 -0.676706 0.735648 6.00895e-17 -0.677364 0.742332 6.06355e-17 -0.670032 0.742924 6.06838e-17 -0.669376 0.749521 6.12227e-17 -0.661981 0.748944 6.11756e-17 -0.662633 0.756044 6.17555e-17 -0.65452 0.755482 6.17096e-17 -0.655169 0.761945 6.22375e-17 -0.647641 0.762494 6.22823e-17 -0.646995 0.768868 6.2803e-17 -0.639407 0.768334 6.27594e-17 -0.64005 0.775167 6.33175e-17 -0.631756 0.774647 6.3275e-17 -0.632394 0.780883 6.37844e-17 -0.624677 0.78139 6.38258e-17 -0.624043 0.787536 6.43278e-17 -0.616269 0.787043 6.42876e-17 -0.616898 0.793605 6.48236e-17 -0.608434 0.793125 6.47844e-17 -0.609059 0.799129 6.52748e-17 -0.601159 0.799595 6.53129e-17 -0.600539 0.805508 6.57958e-17 -0.592585 0.805055 6.57588e-17 -0.593201 0.811341 6.62723e-17 -0.584574 0.810901 6.62364e-17 -0.585183 0.816667 6.67074e-17 -0.577109 0.817094 6.67422e-17 -0.576504 0.822767 6.72056e-17 -0.568379 0.822353 6.71718e-17 -0.568977 0.82836 6.76624e-17 -0.560197 0.827958 6.76296e-17 -0.56079 0.833482 6.80808e-17 -0.552547 0.833871 6.81126e-17 -0.55196 0.8393 6.8556e-17 -0.543669 0.838923 6.85253e-17 -0.54425 0.844646 6.89928e-17 -0.535325 0.844282 6.8963e-17 -0.535899 0.849558 6.93939e-17 -0.527496 0.84991 6.94227e-17 -0.526928 0.85509 6.98458e-17 -0.518479 0.85475 6.9818e-17 -0.51904 0.860187 7.02621e-17 -0.509979 0.859858 7.02353e-17 -0.510533 0.864881 7.06456e-17 -0.501977 0.865198 7.06715e-17 -0.50143 0.870125 7.10739e-17 -0.492831 0.869819 7.10489e-17 -0.493371 0.874966 7.14694e-17 -0.484184 0.874672 7.14453e-17 -0.484716 0.879438 7.18346e-17 -0.476013 0.879722 7.18578e-17 -0.475489 0.884391 7.22392e-17 -0.466747 0.884118 7.22169e-17 -0.467264 0.888973 7.26135e-17 -0.457959 0.88871 7.2592e-17 -0.458469 0.893216 7.296e-17 -0.449629 0.893468 7.29806e-17 -0.449127 0.897875 7.33406e-17 -0.44025 0.897633 7.33209e-17 -0.440743 0.902194 7.36934e-17 -0.431331 0.901962 7.36744e-17 -0.431815 0.906202 7.40208e-17 -0.422845 0.906424 7.40389e-17 -0.422369 0.910565 7.43772e-17 -0.413365 0.910353 7.43598e-17 -0.413832 0.914617 7.47081e-17 -0.404321 0.914414 7.46916e-17 -0.404779 0.918386 7.5016e-17 -0.395687 0.918579 7.50318e-17 -0.395237 0.922451 7.5348e-17 -0.386114 0.922267 7.5333e-17 -0.386555 0.926232 7.56569e-17 -0.376954 0.926057 7.56426e-17 -0.377385 0.929756 7.59447e-17 -0.368177 0.929922 7.59583e-17 -0.367756 0.933521 7.62523e-17 -0.358522 0.933363 7.62393e-17 -0.358934 0.937029 7.65388e-17 -0.349253 0.936878 7.65265e-17 -0.349656 0.940301 7.68061e-17 -0.340343 0.940444 7.68177e-17 -0.33995 0.943766 7.70891e-17 -0.330613 0.943632 7.70782e-17 -0.330996 0.946996 7.7353e-17 -0.321244 0.94687 7.73426e-17 -0.321617 0.950014 7.75995e-17 -0.312206 0.950133 7.76092e-17 -0.311844 0.953177 7.78578e-17 -0.302412 0.953065 7.78487e-17 -0.302764 0.956128 7.80988e-17 -0.292951 0.956023 7.80902e-17 -0.293293 0.958886 7.83241e-17 -0.283793 0.958984 7.83321e-17 -0.283461 0.961746 7.85577e-17 -0.273943 0.961654 7.85502e-17 -0.274265 0.964413 7.87756e-17 -0.264399 0.964328 7.87687e-17 -0.26471 0.966986 7.89858e-17 -0.254828 0.966907 7.89793e-17 -0.255128 0.969391 7.91822e-17 -0.245522 0.969464 7.91882e-17 -0.245233 0.971847 7.93828e-17 -0.235613 0.971779 7.93773e-17 -0.235891 0.974134 7.95696e-17 -0.22597 0.974072 7.95646e-17 -0.226237 0.976269 7.9744e-17 -0.216562 0.976326 7.97486e-17 -0.216306 0.978421 7.99198e-17 -0.206619 0.97837 7.99156e-17 -0.206865 0.980421 8.00832e-17 -0.196912 0.980374 8.00793e-17 -0.197147 0.982282 8.02352e-17 -0.187409 0.982324 8.02386e-17 -0.187186 0.984131 8.03862e-17 -0.177442 0.984093 8.03831e-17 -0.177654 0.985841 8.05259e-17 -0.167681 0.985807 8.05231e-17 -0.167881 0.987425 8.06552e-17 -0.158091 0.987455 8.06577e-17 -0.157903 0.988971 8.07816e-17 -0.148109 0.988945 8.07794e-17 -0.148286 0.99039 8.08975e-17 -0.138301 0.990367 8.08956e-17 -0.138466 0.991692 8.10038e-17 -0.128633 0.991712 8.10055e-17 -0.128479 0.992937 8.11055e-17 -0.118645 0.99292 8.11041e-17 -0.118786 0.994064 8.11975e-17 -0.108799 0.99405 8.11964e-17 -0.108929 0.995081 8.12807e-17 -0.0990607 0.995093 8.12816e-17 -0.0989416 0.996025 8.13577e-17 -0.089075 0.996015 8.13569e-17 -0.0891823 0.996859 8.14258e-17 -0.0792 0.996851 8.14252e-17 -0.0792951 0.997589 8.14855e-17 -0.0694006 0.997595 8.14859e-17 -0.0693168 0.998233 8.15381e-17 -0.0594273 0.998228 8.15377e-17 -0.0594987 0.998773 8.15822e-17 -0.0495315 0.99877 8.15819e-17 -0.0495915 0.999213 8.16181e-17 -0.0396789 0.999214 8.16182e-17 -0.0396313 0.999558 8.16463e-17 -0.0297267 0.999557 8.16462e-17 -0.0297625 0.999804 8.16664e-17 -0.0198197 0.999803 8.16663e-17 -0.0198435 0.999951 8.16784e-17 -0.00992217 0.999951 8.16784e-17 -0.00991025 -0.831212 -6.78954e-17 0.555956 -0.831386 -6.79096e-17 0.555696 0.172742 0.756821 -0.630382 -1.41776e-05 0.646256 -0.76312 -1.41776e-05 0.768372 -0.640003 -0.34033 0.607679 -0.717567 -0.34033 0.474579 -0.811757 -0.497657 0.43777 -0.748796 0.658172 0.347105 -0.668077 0.651507 0.347171 -0.674545 0.639997 0.387806 -0.663333 0.878631 0.347512 -0.32748 0.875436 0.347247 -0.336201 0.863288 0.387807 -0.323017 0.763116 0.417651 -0.493175 0.766407 0.346529 -0.540868 0.760998 0.346586 -0.548416 0.726734 0.347921 -0.592291 0.639997 0.496569 -0.586365 0.806573 0.347426 -0.478263 0.801848 0.347226 -0.486286 0.732613 0.347755 -0.585102 0.763116 0.496569 -0.413609 0.8653 0.346555 -0.362154 0.868773 0.346762 -0.35354 0.854298 0.346147 -0.387759 0.858065 0.346241 -0.379266 0.861731 0.346379 -0.37073 0.829505 0.346867 -0.437727 0.833907 0.346562 -0.429527 0.85043 0.346103 -0.396208 0.811216 0.347637 -0.470189 0.82499 0.347264 -0.44587 0.815777 0.347855 -0.462066 0.82036 0.347756 -0.453954 0.497632 0.560555 -0.661922 0.497632 0.437777 -0.748808 0.846459 0.346116 -0.404612 0.787171 0.34674 -0.510032 0.78211 0.346631 -0.517834 0.744238 0.347092 -0.570647 0.738471 0.347388 -0.577912 0.749914 0.346862 -0.563308 0.755501 0.346695 -0.555897 0.771728 0.346521 -0.533253 0.776962 0.346556 -0.525575 0.792147 0.346878 -0.502173 0.797039 0.347042 -0.494257 0.872151 0.346995 -0.344888 0.617124 0.347958 -0.705751 0.610118 0.347873 -0.711857 0.603053 0.347792 -0.717892 0.624122 0.34781 -0.699643 0.631076 0.347588 -0.693488 0.644769 0.347271 -0.680938 0.637958 0.34741 -0.687252 0.664766 0.347072 -0.661534 0.671288 0.347069 -0.654917 0.684114 0.347141 -0.641468 0.677737 0.347093 -0.648228 0.696652 0.347299 -0.627742 0.690419 0.347211 -0.634639 0.702812 0.347403 -0.620779 0.595927 0.347714 -0.723855 0.708901 0.34752 -0.613751 0.881737 0.347785 -0.318726 0.884849 0.347908 -0.309844 0.888097 0.347652 -0.300701 0.588741 0.347643 -0.729746 0.639997 0.5904 -0.491764 0.899802 0.34707 -0.264383 0.897063 0.347156 -0.273425 0.581495 0.34758 -0.735562 0.574191 0.347526 -0.741303 0.566827 0.347483 -0.746969 0.902423 0.347019 -0.255365 0.559405 0.347454 -0.752557 0.544386 0.347439 -0.763498 0.551924 0.347438 -0.758067 0.536791 0.347457 -0.768849 0.529138 0.347494 -0.774119 0.863288 0.437779 -0.251165 0.521429 0.347552 -0.779307 0.513663 0.347631 -0.784412 0.505842 0.347734 -0.789433 0.497965 0.347862 -0.794369 0.490043 0.347976 -0.799232 0.904927 0.347 -0.246369 0.48211 0.347925 -0.804063 0.47413 0.347876 -0.808816 0.466102 0.34783 -0.813488 0.9096 0.347046 -0.228442 0.907319 0.34701 -0.237396 0.458028 0.347787 -0.81808 0.449908 0.347749 -0.822589 0.441743 0.347717 -0.827017 0.433532 0.347691 -0.831361 0.340304 0.474584 -0.811766 0.497632 0.666477 -0.555131 0.425277 0.347673 -0.835621 0.416978 0.347663 -0.839797 0.408637 0.347663 -0.843888 0.172742 0.49712 -0.850313 0.340304 0.607685 -0.717574 0.400252 0.347673 -0.847893 0.391826 0.347694 -0.851811 0.383358 0.347726 -0.855642 0.919453 0.347545 -0.183896 0.917681 0.347411 -0.192785 0.366301 0.34783 -0.86304 0.374849 0.347771 -0.859385 0.357713 0.347903 -0.866606 0.921131 0.347691 -0.175012 0.349087 0.347984 -0.870084 0.340456 0.347955 -0.873509 0.922716 0.347846 -0.166126 0.33179 0.347926 -0.876848 0.863288 0.474587 -0.171761 0.323092 0.3479 -0.880101 0.305599 0.347854 -0.886345 0.314361 0.347876 -0.883266 0.296806 0.347835 -0.889335 0.924212 0.348007 -0.157237 0.270249 0.347805 -0.897774 0.27913 0.347811 -0.89505 0.287983 0.347821 -0.892237 0.261339 0.347804 -0.900408 0.252403 0.347809 -0.902952 0.243439 0.347821 -0.905405 0.763116 0.560556 -0.321606 0.225436 0.347863 -0.910039 0.23445 0.347838 -0.907767 0.216397 0.347895 -0.912218 0.926941 0.34834 -0.139425 0.925619 0.348173 -0.148338 0.207335 0.347934 -0.914305 0.198249 0.347981 -0.9163 -1.41776e-05 0.504707 -0.863291 0.172742 0.636541 -0.751649 0.189163 0.347972 -0.918223 0.18006 0.347958 -0.920056 0.170939 0.347946 -0.921799 0.161801 0.347934 -0.923451 0.930409 0.348812 -0.112553 0.929334 0.348663 -0.121539 0.143477 0.347915 -0.926482 0.152647 0.347924 -0.925012 0.134292 0.347908 -0.927861 0.497632 0.815615 -0.295185 0.639997 0.756825 -0.132741 0.639997 0.722515 -0.26149 0.125093 0.347904 -0.929147 0.11588 0.347901 -0.930342 0.106656 0.347901 -0.931445 0.497632 0.752358 -0.431648 0.639997 0.666478 -0.382376 0.0881716 0.347909 -0.933373 0.0974192 0.347904 -0.932455 0.078914 0.347917 -0.934198 0.0603716 0.347943 -0.93557 0.0696471 0.347929 -0.934931 0.863288 0.497124 -0.0871914 0.933167 0.349163 -0.085355 0.932324 0.349067 -0.0944675 0.0510883 0.34796 -0.936116 0.0417981 0.34798 -0.93657 0.0325162 0.347983 -0.936937 0.0232348 0.347981 -0.937214 0.0139508 0.347979 -0.937398 0.00466521 0.347978 -0.937491 0.933934 0.349231 -0.0761871 -0.00462132 0.347977 -0.937492 -0.0139079 0.347976 -0.9374 -0.0231938 0.347976 -0.937216 -0.17277 0.497117 -0.850309 0.9358 0.349211 -0.0482817 0.93525 0.349261 -0.0576576 -0.0324781 0.347977 -0.93694 -0.0510391 0.347978 -0.936112 -0.0417602 0.347977 -0.936572 -0.0603141 0.347979 -0.93556 0.161749 0.348012 0.923431 0.172742 0.49712 0.850313 0.152586 0.348014 0.924988 -0.0695844 0.347981 -0.934916 -0.125051 0.347991 -0.92912 -0.134247 0.348 -0.927833 -0.0973588 0.347985 -0.932431 -0.106602 0.347985 -0.931419 -0.189122 0.348045 -0.918203 -0.180016 0.348039 -0.920034 -0.152599 0.348017 -0.924985 -0.161754 0.348025 -0.923425 -0.863302 0.504687 -4.5668e-08 -0.936801 0.348536 -0.0304512 -0.937006 0.34865 -0.0215006 -0.216332 0.348052 -0.912173 -0.207281 0.348052 -0.914273 -0.252328 0.348028 -0.902888 -0.261271 0.348014 -0.900346 -0.936512 0.348421 -0.039343 -0.863302 0.497099 -0.0871872 -0.93614 0.348309 -0.0481866 -0.934517 0.348026 -0.0745354 -0.935144 0.348109 -0.0657724 -0.270191 0.347996 -0.897717 -0.93369 0.348189 -0.0835891 -0.296746 0.348039 -0.889275 -0.305538 0.34806 -0.886285 -0.340404 0.348124 -0.873462 -0.349041 0.348133 -0.870043 -0.331734 0.348111 -0.876796 -0.374752 0.348134 -0.859281 -0.383253 0.348124 -0.855527 -0.932647 0.348598 -0.0929989 -0.931542 0.348929 -0.102364 -0.929142 0.349373 -0.12097 -0.930374 0.349185 -0.111687 -0.863302 0.474564 -0.171752 -0.400147 0.348084 -0.847774 -0.391718 0.348107 -0.851691 -0.92648 0.349566 -0.139425 -0.925047 0.349581 -0.1486 -0.416892 0.348014 -0.839695 -0.425198 0.348 -0.835525 -0.466017 0.34818 -0.813387 -0.474049 0.348207 -0.808721 -0.44982 0.348115 -0.822483 -0.45794 0.348149 -0.817975 -0.505718 0.348256 -0.789283 -0.513518 0.348248 -0.784234 -0.482036 0.348229 -0.803976 -0.489976 0.348245 -0.799155 -0.528973 0.348203 -0.773913 -0.536627 0.348164 -0.768644 -0.52127 0.348231 -0.77911 -0.918598 0.349215 -0.185006 -0.863302 0.437757 -0.251153 -0.916798 0.349041 -0.194041 -0.920321 0.349361 -0.175946 -0.908795 0.348157 -0.229955 -0.91092 0.348397 -0.221008 -0.912961 0.348628 -0.212041 -0.914919 0.348844 -0.203052 -0.640019 0.387797 -0.663318 -0.595792 0.348305 -0.723682 -0.588602 0.348253 -0.729567 -0.62398 0.348431 -0.69946 -0.61702 0.348415 -0.705616 -0.610001 0.348388 -0.711705 -0.602926 0.348351 -0.717727 -0.887311 0.349628 -0.300733 -0.863302 0.387788 -0.323002 -0.88429 0.349607 -0.309526 -0.89026 0.349598 -0.291924 -0.824449 0.349149 -0.445397 -0.828832 0.349126 -0.437206 -0.763134 0.417637 -0.493159 -0.640019 0.496557 -0.586351 -0.726559 0.348684 -0.592057 -0.732387 0.348711 -0.584816 -0.837382 0.348958 -0.420736 -0.841552 0.348807 -0.412462 -0.763134 0.496553 -0.413596 -0.864587 0.34869 -0.361807 -0.441655 0.348078 -0.826911 -0.893138 0.349514 -0.2831 -0.833142 0.349064 -0.428985 -0.497871 0.348255 -0.794257 -0.819995 0.349136 -0.453556 -0.815468 0.34909 -0.46168 -0.845651 0.348606 -0.404165 -0.749466 0.34866 -0.562794 -0.755024 0.348591 -0.555358 -0.781711 0.348158 -0.517411 -0.776586 0.347991 -0.525182 -0.690185 0.348214 -0.634343 -0.696415 0.348317 -0.62744 -0.810868 0.349015 -0.469768 -0.74384 0.348702 -0.570183 -0.708674 0.3485 -0.613457 -0.702578 0.348413 -0.620478 -0.801447 0.348793 -0.485825 -0.796626 0.348653 -0.49379 -0.760516 0.348492 -0.547877 -0.714703 0.348576 -0.606378 -0.720665 0.348638 -0.599245 -0.771296 0.348194 -0.532788 -0.55928 0.348001 -0.752397 -0.566694 0.348067 -0.746798 -0.637725 0.348423 -0.686956 -0.630882 0.348434 -0.69324 -0.581356 0.348194 -0.735382 -0.574053 0.348132 -0.741126 -0.786758 0.348331 -0.509585 -0.79173 0.348497 -0.501711 -0.868064 0.348914 -0.353162 -0.806194 0.348915 -0.477817 -0.657898 0.348289 -0.667731 -0.664503 0.348205 -0.661202 -0.671048 0.348099 -0.654616 -0.677526 0.347997 -0.647964 -0.683889 0.348107 -0.641185 -0.76594 0.348361 -0.540353 -0.871463 0.349115 -0.344487 -0.881196 0.349541 -0.318301 -0.878027 0.349434 -0.327054 -0.84968 0.348351 -0.395847 -0.861029 0.348451 -0.37042 -0.85739 0.3482 -0.378998 -0.853641 0.348041 -0.387511 -0.738147 0.348718 -0.577524 -0.644509 0.348396 -0.680609 -0.651233 0.348352 -0.6742 -0.895946 0.34937 -0.274265 -0.898686 0.349164 -0.265421 -0.901359 0.34889 -0.25657 -0.903965 0.348545 -0.247716 -0.544231 0.348111 -0.763303 -0.551786 0.348045 -0.75789 -0.921969 0.349474 -0.16686 -0.906506 0.348125 -0.238862 -0.923543 0.349549 -0.157745 -0.433448 0.348039 -0.831259 -0.408539 0.348053 -0.843774 -0.366216 0.348138 -0.862952 -0.357645 0.348138 -0.866539 -0.323033 0.348096 -0.880045 -0.497657 0.560546 -0.661911 -0.3143 0.348079 -0.883208 -0.279076 0.347996 -0.894994 -0.287925 0.348018 -0.892179 -0.243362 0.348039 -0.905342 -0.935685 0.348204 -0.0569929 -0.234373 0.348046 -0.907708 -0.225363 0.348051 -0.909985 -0.198211 0.348049 -0.916283 -0.170893 0.348033 -0.921775 -0.93713 0.348758 -0.0124799 -0.937171 0.348855 -0.00337814 -0.937006 0.348985 0.0151132 -0.93713 0.348933 0.0058158 -0.14343 0.348008 -0.926455 -0.115837 0.347985 -0.930316 -0.936801 0.349003 0.0245249 -0.936512 0.348976 0.0340618 -0.0881075 0.347983 -0.933351 -0.0788491 0.347982 -0.934179 -0.497657 0.666466 -0.555122 0.170897 0.348008 0.921783 -0.34033 0.884181 0.32 -0.17277 0.926172 0.335197 -0.34033 0.926168 0.162442 -0.863302 0.437757 0.251153 -0.919719 0.347985 0.181723 -0.917815 0.348014 0.191057 -0.924768 0.347884 0.154211 -0.863302 0.474564 0.171752 -0.926239 0.347856 0.145184 -0.34033 0.474579 0.811757 -0.366318 0.347772 0.863056 -0.357752 0.347756 0.866649 -0.314385 0.347775 0.883298 -0.305609 0.347803 0.886361 -0.466157 0.34759 0.813559 -0.458065 0.347625 0.818128 -0.497657 0.43777 0.748796 -0.408575 0.347923 0.843811 -0.400202 0.347886 0.847829 -0.536711 0.347809 0.768746 -0.544288 0.347871 0.763372 -0.891383 0.346622 0.292043 -0.888507 0.346485 0.300837 -0.863302 0.387788 0.323001 -0.574175 0.347597 0.741282 -0.58152 0.347476 0.735592 -0.551812 0.347935 0.757922 -0.879246 0.346312 0.3271 -0.882441 0.346324 0.318367 -0.617278 0.347283 0.705948 -0.610255 0.347274 0.712032 -0.640019 0.387797 0.663317 -0.640019 0.496557 0.586351 -0.732826 0.34687 0.585361 -0.727003 0.346824 0.592604 -0.744235 0.347045 0.570679 -0.738569 0.346945 0.578052 -0.763134 0.417637 0.493159 -0.709056 0.3469 0.613921 -0.702914 0.347008 0.620884 -0.806924 0.34628 0.478502 -0.811634 0.34624 0.470497 -0.696691 0.347164 0.627773 -0.766113 0.347629 0.540578 -0.76076 0.347463 0.548191 -0.792205 0.346787 0.502145 -0.79721 0.346547 0.494329 -0.755329 0.347308 0.555747 -0.771389 0.347803 0.532909 -0.875939 0.346354 0.335812 -0.837928 0.346963 0.421299 -0.833775 0.346757 0.429627 -0.901893 0.347428 0.256676 -0.872518 0.346455 0.3445 -0.868981 0.346622 0.353164 -0.921511 0.347951 0.172474 -0.849862 0.347686 0.396043 -0.853667 0.347943 0.38754 -0.857644 0.347579 0.378993 -0.763134 0.496553 0.413595 -0.861547 0.347177 0.370412 -0.841993 0.34719 0.412925 -0.84597 0.347433 0.404505 -0.865325 0.346861 0.361802 -0.690388 0.347369 0.634586 -0.7871 0.347105 0.509894 -0.781893 0.347507 0.517574 -0.825197 0.34643 0.446135 -0.829531 0.346577 0.437907 -0.776588 0.34798 0.525186 -0.802116 0.34638 0.486447 -0.82077 0.346321 0.454311 -0.816249 0.346256 0.462432 -0.749821 0.347167 0.563244 -0.6646 0.347781 0.661329 -0.658037 0.347678 0.667912 -0.671096 0.347888 0.654679 -0.684003 0.34763 0.641322 -0.677538 0.347947 0.647978 -0.715118 0.346836 0.606886 -0.7211 0.346812 0.59978 -0.651408 0.347583 0.674428 -0.497657 0.666466 0.555122 -0.640019 0.666462 0.382367 -0.640019 0.590386 0.491752 -0.885527 0.346383 0.309612 -0.640019 0.722497 0.261484 -0.497657 0.752346 0.431641 -0.624235 0.347312 0.699789 -0.596016 0.347323 0.723969 -0.5888 0.347386 0.72982 -0.603168 0.347287 0.718039 -0.497657 0.815602 0.29518 -0.640019 0.756807 0.132737 -0.566767 0.347749 0.746891 -0.559296 0.347935 0.752416 -0.52908 0.347751 0.774044 -0.497657 0.867374 -7.84866e-08 -0.497657 0.854333 -0.149843 -0.640019 0.756807 -0.132738 -0.50587 0.347616 0.789468 -0.513659 0.347653 0.784405 -0.894157 0.346791 0.283229 -0.640019 0.768359 -2.52718e-07 -0.497657 0.854333 0.149843 -0.863302 0.497099 0.087187 -0.933001 0.347902 0.0920519 -0.497657 0.815602 -0.29518 -0.640019 0.722497 -0.261484 -0.497657 0.560546 0.661911 -0.896832 0.346985 0.274397 -0.89941 0.347199 0.265546 -0.449923 0.347677 0.822611 -0.4742 0.347569 0.808906 -0.441734 0.347746 0.827009 -0.433497 0.347833 0.83132 -0.34033 0.722505 0.601798 -0.425213 0.34794 0.835543 -0.416907 0.347961 0.839709 -0.391789 0.347852 0.851763 -0.383337 0.347822 0.855613 -0.34033 0.815606 0.467934 -0.904283 0.347668 0.247788 -0.374846 0.347795 0.859377 -0.497657 0.752346 -0.431641 -0.640019 0.666462 -0.382367 -0.349149 0.347744 0.870154 -0.911393 0.348039 0.219618 -0.909005 0.348015 0.229337 -0.34051 0.34774 0.873573 -0.913655 0.348044 0.210001 -0.296801 0.347842 0.889334 -0.287961 0.347891 0.892217 -0.323128 0.347755 0.880145 -0.34033 0.607679 0.717566 -0.915794 0.348035 0.200482 -0.279089 0.34795 0.895008 -0.2702 0.347975 0.897722 -0.252368 0.347934 0.902913 -0.17277 0.497118 0.850309 -0.261297 0.347954 0.900362 -0.243414 0.347916 0.905375 -0.234436 0.347899 0.907748 -0.34033 0.926168 -0.162442 -0.34033 0.940306 -8.5086e-08 -0.225433 0.347885 0.910031 -0.207361 0.347864 0.914326 -0.216408 0.347873 0.912224 -0.923193 0.347917 0.163305 -0.189203 0.347856 0.918258 -0.198292 0.347859 0.916337 -0.34033 0.884181 -0.32 -0.17277 0.636538 0.751644 -0.143473 0.347908 0.926486 -0.152654 0.347889 0.925024 -0.17277 0.85434 0.490157 -0.34033 0.815606 -0.467935 -0.927607 0.347835 0.136219 -0.125063 0.347963 0.929129 -0.115843 0.347982 0.930317 -0.134275 0.347933 0.927854 -0.106623 0.347974 0.931421 -0.640019 0.590386 -0.491753 -0.34033 0.722505 -0.601799 -0.0973926 0.347967 0.932434 -0.0881524 0.34796 0.933356 -0.0789033 0.347954 0.934185 -0.0696458 0.347949 0.934923 -1.41776e-05 0.504707 0.863291 -0.930049 0.347823 0.118444 -0.928877 0.347823 0.127308 -0.0603809 0.347945 0.935568 -0.0511093 0.347943 0.936122 -0.932109 0.347861 0.100825 -0.931125 0.347835 0.109619 -0.0418318 0.347941 0.936583 -0.17277 0.970153 0.170157 -1.41776e-05 0.768372 0.640003 -0.17277 0.756818 0.630379 -1.41776e-05 0.646257 0.76312 -0.013972 0.347945 0.937411 -0.004679 0.347948 0.937502 0.00461579 0.347953 0.9375 -0.17277 0.984962 -8.91269e-08 -0.17277 0.970153 -0.170157 -1.41776e-05 0.867383 0.497641 0.0417944 0.347986 0.936568 0.0325038 0.347977 0.936939 -0.933803 0.347957 0.0832921 0.0510685 0.347989 0.936107 0.0603377 0.347992 0.935554 0.0696012 0.347996 0.934909 0.0788582 0.347999 0.934172 -0.17277 0.926171 -0.335197 -0.934517 0.34821 0.0736718 0.088108 0.348003 0.933344 0.0973496 0.348006 0.932424 -1.41776e-05 0.940312 0.340314 0.106583 0.348009 0.931413 -0.17277 0.85434 -0.490157 -0.935144 0.348526 0.0635297 0.143409 0.348015 0.926455 0.13422 0.348015 0.927831 0.125018 0.348014 0.929116 0.180031 0.348002 0.920045 0.863288 0.504712 -4.56702e-08 0.937027 0.348705 -0.0196224 0.936687 0.348941 -0.0292715 0.172742 0.636542 0.751648 0.234382 0.348044 0.907706 0.22538 0.34803 0.909988 0.207312 0.348001 0.914285 0.216357 0.348016 0.912181 -0.17277 0.756818 -0.630379 -0.17277 0.636538 -0.751645 0.937298 0.34839 -0.00986769 0.261249 0.348078 0.900328 0.270157 0.348086 0.897692 0.172742 0.854344 0.49016 0.279038 0.348091 0.894969 0.287894 0.348093 0.892159 0.340304 0.474584 0.811766 0.296722 0.348091 0.889263 0.305523 0.348087 0.88628 0.172742 0.756822 0.630382 0.172742 0.926176 0.335198 -1.41776e-05 0.984965 0.172754 0.497632 0.867388 -7.84879e-08 0.639997 0.756825 0.132741 0.639997 0.768378 -6.95287e-08 0.340435 0.348019 0.873491 0.349086 0.347987 0.870083 0.331752 0.348044 0.876816 0.863288 0.497124 0.0871912 0.936279 0.349107 0.0388221 0.936687 0.348941 0.0292714 0.357685 0.348013 0.866573 0.497632 0.854347 -0.149845 -1.41776e-05 0.940312 -0.340314 -1.41776e-05 0.867383 -0.497641 0.172742 0.854344 -0.49016 0.400133 0.348145 0.847755 0.391717 0.348123 0.851685 0.425148 0.348188 0.835473 0.433406 0.348192 0.831217 0.416849 0.348179 0.839648 0.40851 0.348164 0.843742 0.4498 0.34818 0.822466 0.457934 0.348162 0.817973 0.497632 0.437777 0.748808 0.340304 0.815614 0.467939 -1.41776e-05 0.984965 -0.172755 0.172742 0.984967 -8.91273e-08 0.172742 0.970158 -0.170158 0.466026 0.348136 0.813401 0.474074 0.3481 0.808752 -1.41776e-05 1 -9.04876e-08 0.490037 0.347997 0.799225 0.482078 0.348054 0.804027 0.497927 0.348027 0.794321 0.505763 0.348078 0.789333 0.931406 0.348948 0.103531 0.863288 0.474587 0.171761 0.930409 0.348812 0.112553 0.763116 0.636545 0.111644 0.513549 0.348127 0.784267 0.521286 0.348173 0.779126 0.340304 0.722512 0.601805 0.497632 0.666477 0.555131 0.536607 0.348255 0.768617 0.544191 0.348287 0.763251 0.172742 0.926176 -0.335199 0.551724 0.348312 0.757812 0.559204 0.348328 0.752302 0.588593 0.348288 0.729557 0.581326 0.348317 0.735347 0.172742 0.970158 0.170157 0.340304 0.926178 0.162444 0.617109 0.34802 0.705732 0.639997 0.387806 0.663333 0.610064 0.348112 0.711787 0.863288 0.437779 0.251165 0.763116 0.607687 0.219932 0.497632 0.752358 0.431648 0.340304 0.88419 0.320003 0.91049 0.349713 0.220703 0.912654 0.349656 0.211669 0.497632 0.854347 0.149845 0.639997 0.5904 0.491764 0.708693 0.348421 0.613479 0.71476 0.348329 0.606453 0.566631 0.348335 0.74672 0.863288 0.387807 0.323017 0.763116 0.560556 0.321606 0.639997 0.722515 0.26149 0.905951 0.349665 0.23872 0.908256 0.349714 0.22972 0.720763 0.34821 0.599375 0.887687 0.34833 0.301127 0.890535 0.348592 0.292285 0.763116 0.49657 0.413609 0.639997 0.666478 0.382376 0.881587 0.348274 0.318607 0.884755 0.348059 0.309941 0.763116 0.417651 0.493175 0.837386 0.348882 0.420791 0.841474 0.349044 0.412419 0.815705 0.348144 0.461976 0.820257 0.348074 0.453897 0.878293 0.348611 0.327218 0.824658 0.348291 0.445682 0.651232 0.348359 0.674198 0.657868 0.348422 0.667691 0.683787 0.34856 0.641047 0.677402 0.348547 0.647798 0.670953 0.348518 0.65449 0.595805 0.348246 0.7237 0.90112 0.349436 0.256664 0.690109 0.348556 0.634239 0.696367 0.348532 0.627374 0.849422 0.349289 0.395574 0.833222 0.3487 0.429127 0.497632 0.815615 0.295184 0.853284 0.349364 0.387107 0.857072 0.349401 0.378612 0.796596 0.348806 0.49373 0.801477 0.348702 0.485841 0.340304 0.940316 -3.09276e-07 0.781534 0.348913 0.517169 0.786625 0.348909 0.509396 0.771142 0.348842 0.532587 0.776374 0.34889 0.5249 0.755023 0.34858 0.555366 0.760467 0.348684 0.547822 0.76584 0.348773 0.540228 0.738264 0.3482 0.577687 0.743922 0.348335 0.5703 0.639997 0.496569 0.586365 0.749509 0.348463 0.56286 0.860786 0.349396 0.370093 0.340304 0.926178 -0.162444 0.845486 0.349181 0.404013 0.828979 0.348501 0.437425 0.497632 0.560555 0.661921 0.732535 0.348061 0.585018 0.806289 0.348558 0.477918 0.726702 0.348063 0.592247 0.874931 0.348883 0.335822 0.898592 0.349266 0.265604 0.903573 0.349571 0.247702 0.895986 0.349065 0.274522 0.702562 0.348488 0.620453 0.893301 0.348838 0.283416 0.664442 0.348476 0.661121 0.918741 0.349113 0.184487 0.92064 0.348792 0.175403 0.630951 0.348127 0.693331 0.637773 0.34821 0.687019 0.340304 0.88419 -0.320003 0.602962 0.348187 0.717776 0.574006 0.348332 0.741068 0.924212 0.348007 0.157237 0.925619 0.348173 0.148338 0.922476 0.348394 0.16631 0.926941 0.34834 0.139426 0.928179 0.348504 0.130494 0.528972 0.348216 0.773908 0.340304 0.607685 0.717574 0.932324 0.349067 0.0944675 0.933167 0.349163 0.0853551 0.441624 0.348189 0.826881 0.933934 0.349231 0.0761872 0.763116 0.646262 -5.84787e-08 0.340304 0.815614 -0.46794 0.383264 0.348098 0.855533 0.314295 0.348077 0.88321 0.323039 0.348063 0.880056 0.340304 0.722512 -0.601805 0.243361 0.348057 0.905335 0.198248 0.347986 0.916299 0.936279 0.349107 -0.0388221 0.911775 0.347107 -0.219507 0.720862 0.347782 -0.599505 0.714917 0.347647 -0.606659 -0.874784 0.34929 -0.335783 0.023208 0.347968 0.937219 0.763116 0.636545 -0.111645 0.763116 0.607687 -0.219932 0.928179 0.348504 -0.130494 0.842383 0.346192 -0.412967 0.838199 0.346339 -0.421273 -0.927844 0.349498 -0.130215 -0.763134 0.560538 -0.321595 -0.93614 0.348896 0.0437347 -0.0325492 0.347941 0.936951 -0.0232624 0.347942 0.937227 0.913845 0.34719 -0.210587 0.894201 0.34728 -0.282492 0.891213 0.347444 -0.291584 -0.763134 0.607667 -0.219925 0.9358 0.349211 0.0482817 0.93525 0.349261 0.0576576 0.934628 0.349266 -0.066957 0.931406 0.348948 -0.103531 0.915813 0.347292 -0.201681 -0.935685 0.34875 0.053554 -0.763134 0.636524 -0.111641 -0.906583 0.347912 0.238881 0.115806 0.348012 0.93031 0.374774 0.348071 0.859297 0.937027 0.348705 0.0196224 0.937298 0.34839 0.00986771 -0.763134 0.64624 -5.84767e-08 -0.498029 0.347588 0.79445 -0.180094 0.347858 0.920088 0.9375 0.347985 -3.14883e-08 -0.763134 0.636524 0.111641 -0.521396 0.347699 0.779264 0.0139119 0.34796 0.937406 0.252317 0.348068 0.902876 0.791646 0.348874 0.501582 0.916778 0.349361 0.19356 0.929334 0.348663 0.121539 0.934628 0.349266 0.0669571 -0.763134 0.607667 0.219925 0.624068 0.348043 0.699575 0.864429 0.349346 0.361552 0.868 0.349247 0.352991 0.914749 0.349541 0.202621 -0.763134 0.560538 0.321595 0.871501 0.349093 0.344414 -0.161819 0.347874 0.923471 -0.644714 0.347496 0.680875 0.189148 0.347995 0.918217 0.366247 0.348043 0.862977 0.811031 0.348373 0.469962 -0.631127 0.347359 0.693557 -0.482193 0.347563 0.80417 -0.637953 0.34742 0.687252 -0.490136 0.347569 0.799351 -0.331836 0.347744 0.876903 -0.170965 0.347864 0.921825 0.644534 0.348287 0.680641</float_array>
          <technique_common>
            <accessor count="3112" source="#ID25" stride="3">
              <param name="X" type="float"/>
              <param name="Y" type="float"/>
              <param name="Z" type="float"/>
            </accessor>
          </technique_common>
        </source>
        <vertices id="ID26">
          <input semantic="POSITION" source="#ID22"/>
          <input semantic="NORMAL" source="#ID24"/>
        </vertices>
        <triangles count="3389" material="ID19">
          <input offset="0" semantic="VERTEX" source="#ID26"/>
          <p>0 1 2 3 4 5 6 7 8 9 10 11 12 13 14 15 16 17 18 19 20 21 22 15 23 24 25 26 27 28 29 30 31 32 33 34 6 8 35 36 37 29 29 37 30 38 39 36 36 29 38 39 40 41 40 39 38 42 41 43 40 43 41 44 45 42 42 43 44 45 46 33 46 45 44 34 47 32 46 34 33 48 49 47 32 47 49 50 51 52 53 54 55 56 57 58 59 60 61 62 63 64 65 66 67 68 69 70 71 72 73 74 75 76 76 77 78 74 79 80 81 74 82 83 84 79 84 80 79 80 82 74 83 79 85 75 74 86 81 86 74 87 88 89 75 77 76 90 91 92 73 93 94 95 96 97 98 96 95 99 100 101 102 103 104 105 106 107 108 109 110 111 112 113 114 115 116 117 112 111 112 118 113 112 115 114 115 112 117 119 56 114 114 116 119 120 121 122 123 124 125 126 127 128 108 110 129 130 131 132 133 134 135 136 137 138 139 140 141 135 142 126 143 144 145 146 147 148 147 149 150 151 147 150 146 149 147 152 151 153 151 152 147 144 154 155 94 156 157 22 158 159 160 161 162 163 164 165 166 167 168 169 170 171 172 173 174 175 176 177 178 179 180 181 182 183 183 184 185 185 184 186 185 181 183 105 187 188 189 190 104 191 192 193 194 159 160 195 196 197 195 198 196 199 200 201 202 203 204 18 205 206 207 208 209 210 211 25 212 213 214 215 216 217 218 219 220 221 215 222 223 221 222 164 163 224 216 215 221 225 226 227 228 198 195 229 230 231 232 230 233 234 235 236 229 237 238 239 240 241 242 243 244 245 246 247 248 249 250 251 141 140 252 253 254 140 255 256 256 255 257 226 201 200 140 256 251 244 243 258 235 234 259 260 261 262 246 245 263 260 264 265 266 267 268 269 270 271 272 273 274 275 276 277 278 279 280 281 282 283 284 285 286 287 17 16 288 229 231 17 289 15 287 16 290 269 271 291 253 252 292 293 294 295 277 296 279 297 298 299 300 298 301 302 303 304 305 306 307 0 308 309 3 5 310 311 312 313 313 312 314 315 316 317 318 319 320 315 179 316 316 321 317 322 280 323 315 324 179 294 325 326 294 327 301 11 328 9 329 330 331 332 333 334 334 335 336 337 338 339 313 314 340 333 341 342 343 312 311 344 20 345 346 347 348 19 345 20 349 344 345 350 280 279 240 319 241 351 352 305 353 295 294 354 355 356 357 313 358 359 342 341 360 361 362 327 294 293 303 4 3 363 14 364 351 305 365 366 367 231 325 368 369 366 370 371 371 372 366 231 367 288 372 367 366 373 374 306 375 264 262 343 311 376 11 0 377 378 379 380 356 342 354 285 378 286 380 286 378 381 382 383 0 384 377 385 263 386 263 387 246 388 389 386 390 386 389 385 387 263 385 386 390 391 342 392 393 348 394 338 395 14 342 359 392 396 274 397 274 398 397 399 398 400 400 398 274 401 400 402 399 400 401 340 10 403 396 404 274 405 348 406 407 402 400 378 408 409 378 410 408 410 362 411 410 378 362 362 361 411 360 362 412 378 409 379 12 14 363 413 297 299 414 395 338 14 395 364 338 415 339 414 338 337 415 338 416 14 13 299 413 299 417 13 417 299 391 354 342 10 418 403 332 419 333 333 419 341 355 420 356 333 335 334 352 420 357 420 352 356 394 421 393 376 311 393 422 394 348 421 423 393 406 348 347 348 405 422 393 423 376 346 424 347 11 425 328 403 358 340 2 384 0 425 11 377 0 309 1 418 10 9 426 309 308 358 305 357 340 358 313 4 303 427 357 305 352 303 330 304 303 302 427 3 310 373 304 330 329 307 306 374 373 306 3 365 413 351 305 307 365 297 301 298 365 297 413 325 428 326 428 325 369 368 283 282 368 325 283 327 300 301 353 294 326 300 429 430 429 300 327 431 430 432 429 432 430 284 286 431 431 432 284 285 433 434 285 284 433 278 434 279 433 279 434 277 435 275 276 436 277 383 382 435 277 383 435 279 296 350 436 296 277 270 322 323 322 278 280 437 291 271 270 269 322 404 437 272 271 272 437 375 273 272 274 404 272 265 268 267 375 262 273 264 260 262 268 265 264 267 266 438 439 262 261 440 439 254 254 439 261 252 441 292 253 440 254 441 442 443 443 292 441 247 444 442 442 444 443 245 445 263 247 442 245 446 249 263 263 445 446 447 448 249 447 249 446 249 248 449 250 249 448 449 450 241 241 249 449 319 318 241 239 241 450 318 451 258 451 318 320 242 452 243 318 258 243 235 452 236 242 236 452 453 259 238 259 234 238 454 237 229 237 453 238 230 232 231 229 288 454 455 233 220 455 232 233 219 218 456 455 220 23 457 220 219 458 456 218 23 457 459 457 23 220 24 460 25 459 24 23 210 461 211 460 210 25 462 463 461 211 461 463 462 213 212 212 463 462 214 464 465 214 213 464 206 466 464 465 464 466 206 19 18 205 466 206 209 19 467 206 467 19 208 207 200 209 467 207 225 201 226 202 208 200 199 468 202 200 199 202 469 204 203 203 202 468 204 197 196 197 204 469 228 177 176 176 198 228 175 470 471 175 177 470 471 470 472 472 470 180 473 180 324 473 472 180 179 178 474 324 180 179 475 169 474 474 178 475 476 171 170 170 169 475 476 170 191 193 476 191 477 478 171 171 478 169 479 174 478 478 477 479 480 174 173 172 174 479 480 481 165 481 480 173 482 164 224 481 163 165 483 482 168 224 168 482 484 167 166 167 483 168 289 166 21 166 289 484 22 21 158 289 21 15 194 160 162 158 160 159 485 161 486 161 160 486 145 194 487 159 194 145 143 488 144 487 143 145 154 489 155 488 154 144 490 491 489 155 489 491 490 136 492 492 491 490 137 493 138 136 138 492 494 495 137 493 137 495 496 494 141 496 495 494 140 139 497 494 139 141 498 499 497 497 139 498 500 501 132 132 499 498 132 131 500 130 502 131 501 133 499 501 499 132 126 133 135 134 133 501 128 127 503 142 127 126 503 107 106 106 128 503 27 188 187 105 107 187 27 504 28 27 26 188 505 28 504 215 217 504 504 217 505 129 110 215 215 504 129 101 102 109 108 101 109 101 506 507 507 506 508 101 100 102 101 507 99 103 102 509 102 100 509 104 190 510 103 189 104 511 510 512 510 190 512 511 95 513 513 510 511 92 96 98 95 97 513 91 90 514 98 90 92 186 90 185 186 514 90 515 122 90 185 90 122 71 121 120 122 515 120 123 70 69 69 71 120 516 69 68 123 69 124 71 516 72 516 71 69 156 94 93 94 71 73 157 88 87 157 156 88 517 89 518 517 87 89 518 519 520 517 518 520 519 521 522 521 519 518 521 152 153 522 521 153 152 62 64 62 152 521 66 523 67 524 64 63 525 526 527 66 526 525 66 65 63 66 525 523 528 524 63 63 65 528 524 529 530 529 524 528 530 531 532 529 531 530 533 534 532 530 532 534 535 536 534 534 533 535 536 537 538 537 536 535 58 57 537 538 537 57 114 58 60 56 58 114 61 539 59 58 61 60 540 541 542 543 544 539 545 542 541 546 541 540 545 541 547 539 541 546 548 539 544 543 539 546 539 549 59 549 539 548 550 551 549 59 549 551 552 553 551 551 550 552 553 554 555 554 553 552 78 555 556 554 556 555 557 76 78 78 556 557 558 557 55 557 558 76 559 50 52 558 55 560 561 562 563 51 563 562 559 564 50 50 563 51 50 564 565 563 566 561 50 565 53 567 566 563 560 55 54 55 50 53 560 568 569 568 560 54 570 569 571 568 571 569 572 48 570 570 571 572 573 49 572 572 49 48 574 575 576 575 574 577 578 579 580 578 581 582 583 584 585 579 584 586 587 585 584 586 584 583 578 580 581 579 578 584 575 578 576 576 578 582 575 588 572 577 588 575 589 573 588 572 588 573 589 590 591 591 573 589 592 593 594 595 590 596 597 594 598 594 593 599 600 601 602 603 594 597 602 604 600 601 598 602 605 594 603 598 594 602 599 593 606 592 594 605 607 590 599 599 606 607 590 595 608 596 590 607 609 610 611 595 611 608 609 612 613 614 609 615 616 617 612 617 618 612 619 620 621 619 621 616 616 612 619 622 620 619 623 613 612 618 623 612 609 614 610 609 613 615 608 611 624 610 624 611 591 608 625 608 591 590 626 625 627 608 627 625 628 629 626 626 627 628 630 631 629 630 629 628 632 631 633 631 632 629 633 634 635 632 633 635 634 636 637 636 634 633 636 638 637 639 640 641 642 643 644 643 642 645 646 645 642 647 644 643 646 637 645 637 638 645 640 648 647 644 647 648 639 648 640 649 641 650 641 649 639 649 650 651 7 6 652 651 650 6 652 653 7 653 654 7 6 35 651 655 656 657 658 659 660 661 662 663 661 656 662 664 662 658 665 658 666 667 666 660 668 667 669 670 659 655 665 671 672 673 674 667 675 669 676 666 668 677 674 678 669 675 679 668 680 665 677 658 662 659 681 682 683 684 685 686 678 687 688 689 690 691 692 689 691 693 694 689 695 696 697 685 684 697 693 689 692 698 694 693 696 693 692 693 699 698 695 693 696 700 701 688 697 684 695 679 675 702 703 686 704 685 704 686 686 701 684 701 686 676 702 705 706 707 708 706 702 706 708 702 703 705 709 710 711 659 662 656 682 710 712 713 657 714 711 710 681 714 656 661 715 682 716 717 718 719 720 721 722 723 677 679 691 690 724 686 703 676 660 670 673 663 709 661 711 661 709 713 725 726 711 725 714 727 720 728 729 730 715 731 726 732 725 681 732 727 683 715 720 727 733 734 732 683 727 728 734 735 736 737 738 721 720 734 739 731 728 720 722 735 740 741 742 743 744 745 739 728 746 743 747 748 749 750 722 721 751 752 749 753 748 740 754 755 756 757 748 758 753 759 758 760 745 722 754 761 762 763 762 764 765 759 766 753 762 761 764 760 751 744 764 767 765 768 746 769 770 771 767 764 770 767 767 771 772 772 771 773 755 768 774 775 776 746 777 778 755 755 774 779 780 755 778 778 781 780 782 783 784 780 781 784 785 698 699 700 786 787 684 700 695 700 699 695 703 702 675 700 684 701 788 679 702 789 702 708 704 705 703 676 703 675 788 702 789 693 695 699 785 699 787 700 688 786 688 790 791 701 676 678 701 678 688 679 677 668 678 676 669 679 788 792 669 675 668 723 679 792 700 787 699 791 786 688 793 790 687 793 687 794 790 688 687 687 674 795 678 674 687 680 796 665 674 669 667 677 723 797 666 667 668 680 677 797 798 794 795 798 795 799 794 687 795 795 673 800 795 674 673 672 664 665 673 667 660 666 658 660 796 671 665 677 665 666 801 799 800 802 801 800 799 795 800 802 800 803 800 673 670 804 663 664 660 659 670 664 805 804 672 805 664 665 664 658 806 802 803 807 806 803 670 803 800 803 808 809 803 670 655 810 709 663 655 659 656 663 811 810 804 811 663 664 663 662 807 803 809 812 809 808 655 808 803 808 813 814 808 655 657 815 710 709 657 656 714 709 810 816 714 661 711 815 709 816 812 808 814 817 814 813 657 813 808 813 719 818 657 713 813 710 682 681 725 713 714 710 815 819 725 711 681 712 710 819 817 813 818 818 719 820 713 719 813 717 821 822 713 726 719 682 715 683 726 725 732 682 712 823 683 732 681 716 682 823 820 719 718 717 822 718 726 717 719 824 717 737 726 731 717 730 733 715 731 732 734 715 716 825 727 734 683 729 715 825 821 717 824 826 824 737 731 737 717 741 827 735 739 737 731 828 738 733 734 728 739 733 829 828 730 829 733 715 733 727 826 737 736 827 736 735 739 735 737 742 721 738 735 739 745 830 742 738 728 722 745 738 831 830 828 831 738 733 738 720 832 741 740 833 832 740 833 748 834 721 742 744 745 740 735 835 743 742 722 751 754 742 830 836 751 721 744 835 742 836 748 750 834 745 754 740 740 748 833 744 743 776 754 758 748 743 746 776 758 751 760 743 835 837 760 744 776 747 743 837 838 752 761 754 751 758 776 839 760 759 753 758 746 768 775 760 839 759 746 747 840 839 776 775 769 746 840 763 838 761 753 749 748 752 753 761 839 841 759 753 766 761 775 842 839 759 841 766 768 757 775 839 842 841 768 769 843 757 842 775 774 768 843 764 766 844 766 764 761 844 841 845 841 844 766 845 842 846 842 845 841 846 757 756 757 846 842 755 780 756 779 777 755 768 755 757 770 764 847 764 844 847 847 844 848 844 845 848 848 845 849 849 846 850 849 845 846 850 756 851 850 846 756 851 780 783 851 756 780 780 784 783 852 853 854 855 856 857 858 859 860 857 861 859 862 858 863 859 864 855 865 866 867 868 867 862 868 869 870 871 870 872 872 873 874 854 872 870 875 876 877 878 877 879 880 881 882 883 881 884 885 886 887 888 889 890 891 892 893 894 895 896 897 898 893 899 900 891 901 902 903 904 903 905 906 905 907 908 905 909 910 911 904 912 905 906 912 913 914 915 916 914 915 914 917 916 918 919 920 917 914 921 916 915 922 923 924 925 921 915 923 922 926 922 927 926 928 923 929 926 929 923 924 917 930 917 924 923 914 916 912 924 930 931 898 909 905 903 904 911 897 932 898 898 903 933 933 934 935 892 936 893 891 933 935 937 896 938 891 893 933 896 885 892 892 885 939 896 895 885 894 940 895 880 886 881 885 895 886 878 941 942 889 941 878 881 889 878 879 943 944 879 884 881 877 945 946 879 853 943 877 946 853 945 947 946 948 854 870 854 853 946 871 872 949 874 949 872 950 951 871 862 952 868 868 870 871 866 953 867 954 955 953 862 863 956 860 957 858 953 862 867 958 959 864 857 859 855 960 961 959 864 959 961 915 928 925 917 962 930 923 928 915 920 962 917 923 915 917 916 921 918 913 963 914 914 963 920 904 919 910 912 964 913 916 919 904 906 964 912 916 904 912 911 901 903 907 905 908 912 904 905 902 934 933 902 933 903 909 898 932 905 903 898 891 935 899 893 936 965 897 893 965 898 933 893 896 900 938 892 966 936 891 900 896 939 966 892 891 896 892 894 896 937 887 967 885 885 967 939 890 895 940 886 968 887 889 895 890 880 968 886 895 889 886 941 889 888 882 881 883 886 889 881 875 878 942 878 875 877 884 879 944 881 878 879 945 877 876 853 852 969 943 853 969 879 877 853 873 946 947 854 970 852 872 946 873 948 970 854 872 854 946 949 950 871 869 971 870 870 971 948 951 865 867 868 972 869 867 871 951 952 972 868 867 868 871 866 954 953 956 973 862 862 973 952 958 864 955 864 858 953 863 858 957 862 953 858 864 953 955 855 864 961 860 859 861 858 864 859 974 975 976 977 978 979 977 980 978 981 982 979 977 979 982 981 983 984 984 982 981 985 983 986 983 985 984 987 988 986 985 986 988 987 989 990 990 988 987 991 989 992 989 991 990 993 994 992 991 992 994 993 995 996 996 994 993 997 995 998 995 997 996 999 1000 998 997 998 1000 1001 1000 999 1002 1001 1003 999 1003 1001 1004 1005 1002 1002 1003 1004 1005 974 976 974 1005 1004 975 1006 976 1007 1006 1008 975 1008 1006 1009 1010 1007 1007 1008 1009 1010 1011 1012 1011 1010 1009 1011 1013 1012 1014 1015 1016 1017 1018 1019 1020 1021 1017 1017 1022 1016 1023 1017 1024 1024 1017 1021 1025 1026 1027 1019 1028 1027 1029 1030 1031 1032 1030 1027 1029 1033 1034 1035 1029 1036 1037 1038 1039 1040 1037 1041 1042 1043 1044 1045 1043 1046 1047 1048 1049 1050 1051 1052 1053 1054 1055 1056 1057 1058 1059 1060 1061 1062 1063 1064 1065 1066 1067 1068 1069 1070 1071 1072 1073 1074 1075 1076 1056 1058 1077 1078 1079 1057 1080 1081 1082 1048 1047 1083 1084 1049 1085 1086 1087 1088 1089 1090 1091 1092 1093 1087 1087 1093 1088 1094 1095 1096 1097 1092 1094 1051 1098 1052 1095 1098 1096 1099 1100 1098 1099 1098 1051 1091 1083 1089 1101 1098 1100 1101 1102 1098 1102 1103 1098 1080 1104 1081 1085 1105 1084 1106 1107 1108 1109 1110 1077 1111 1071 1112 1112 1071 1073 1113 1114 1115 1116 1117 1118 1119 1120 1054 1121 1122 1123 1064 1124 1062 1125 1053 1126 1127 1128 1129 1130 1131 1132 1133 1134 1135 1136 1129 1137 1138 1139 1140 1139 1141 1140 1142 1143 1144 1145 1146 1147 1148 1149 1150 1151 1152 1153 1154 1155 1156 1157 1158 1159 1160 1161 1162 1163 1164 1165 1166 1167 1168 1169 1170 1171 1172 1173 1174 1175 1176 1177 1178 1179 1180 1181 1182 1183 1184 1185 1186 1187 1188 1189 1190 1191 1192 1193 1194 1195 1196 1197 1198 1199 1200 1201 1202 1203 1204 1205 1206 1207 1208 1209 1210 1211 1212 1213 1214 1215 1216 1217 1218 1219 1220 1221 1222 1223 1224 1225 1226 1227 1061 1228 1229 1230 1231 1232 1233 1234 1235 1236 1237 1238 1239 1240 1241 1242 1243 1244 1245 1246 1247 1243 1248 1249 1250 1251 1252 1253 1254 1255 1256 1257 1258 1259 1260 1261 1262 1263 1264 1265 1266 1267 1268 1269 1270 1271 1272 1273 1274 1275 1276 1277 1278 1279 1070 1068 1280 1069 1278 1281 1282 1282 1279 1278 1283 1281 1284 1281 1283 1282 1285 1286 1284 1283 1284 1286 1285 1287 1288 1288 1286 1285 1289 1287 1290 1287 1289 1288 1291 1292 1290 1289 1290 1292 1291 1293 1294 1294 1292 1291 1295 1293 1296 1293 1295 1294 1297 1298 1296 1295 1296 1298 1297 1299 1300 1300 1298 1297 1301 1299 1302 1299 1301 1300 1303 1304 1302 1301 1302 1304 1303 1305 1306 1306 1304 1303 1307 1305 1308 1305 1307 1306 1309 1310 1308 1307 1308 1310 1309 1311 1312 1312 1310 1309 1313 1311 1314 1311 1313 1312 1315 1316 1314 1313 1314 1316 1315 1317 1318 1318 1316 1315 1319 1317 1320 1317 1319 1318 1321 1322 1320 1319 1320 1322 1321 1323 1324 1324 1322 1321 1325 1323 1326 1323 1325 1324 1327 1328 1326 1325 1326 1328 1327 1329 1330 1330 1328 1327 1331 1329 1332 1329 1331 1330 1333 1334 1332 1331 1332 1334 1333 1335 1336 1336 1334 1333 1337 1335 1338 1335 1337 1336 1339 1340 1338 1337 1338 1340 1339 1341 1342 1342 1340 1339 1343 1341 1344 1341 1343 1342 1345 1346 1344 1343 1344 1346 1345 1347 1348 1348 1346 1345 1349 1347 1350 1347 1349 1348 1351 1352 1350 1349 1350 1352 1351 1353 1354 1354 1352 1351 1355 1353 1356 1353 1355 1354 1357 1358 1356 1355 1356 1358 1357 1359 1360 1360 1358 1357 1361 1359 1362 1359 1361 1360 1363 1364 1362 1361 1362 1364 1363 1365 1366 1366 1364 1363 1367 1365 1368 1365 1367 1366 1369 1370 1368 1367 1368 1370 1369 1371 1372 1372 1370 1369 1373 1371 1374 1371 1373 1372 1375 1376 1374 1373 1374 1376 1375 1377 1378 1378 1376 1375 1379 1377 1380 1377 1379 1378 1381 1382 1380 1379 1380 1382 1381 1383 1384 1384 1382 1381 1385 1383 1386 1383 1385 1384 1387 1388 1386 1385 1386 1388 1387 1389 1390 1390 1388 1387 1391 1389 1392 1389 1391 1390 1393 1394 1392 1391 1392 1394 1393 1395 1396 1396 1394 1393 1397 1395 1398 1395 1397 1396 1399 1400 1398 1397 1398 1400 1399 1401 1402 1402 1400 1399 1403 1401 1404 1401 1403 1402 1405 1406 1404 1403 1404 1406 1405 1407 1408 1408 1406 1405 1409 1407 1410 1407 1409 1408 1411 1412 1410 1409 1410 1412 1411 1413 1414 1414 1412 1411 1415 1413 1416 1413 1415 1414 1417 1418 1416 1415 1416 1418 1419 1420 1418 1418 1417 1419 1420 1421 1422 1421 1420 1419 1423 1422 1424 1421 1424 1422 1425 1426 1423 1423 1424 1425 1426 1427 1428 1427 1426 1425 1429 1428 1430 1427 1430 1428 1431 1432 1429 1429 1430 1431 1432 1433 1434 1433 1432 1431 1435 1434 1436 1433 1436 1434 1437 1438 1435 1435 1436 1437 1438 1439 1440 1439 1438 1437 1441 1440 1442 1439 1442 1440 1443 1444 1441 1441 1442 1443 1444 1445 1446 1445 1444 1443 1447 1446 1448 1445 1448 1446 1449 1450 1447 1447 1448 1449 1450 1451 1452 1451 1450 1449 1453 1452 1454 1451 1454 1452 1455 1456 1453 1453 1454 1455 1456 1457 1458 1457 1456 1455 1459 1458 1460 1457 1460 1458 1461 1462 1459 1459 1460 1461 1462 1463 1464 1463 1462 1461 1465 1464 1466 1463 1466 1464 1070 1279 1068 1069 1280 1467 1273 1467 1274 1280 1274 1467 1468 1469 1272 1272 1469 1273 1468 1275 1277 1277 1469 1468 1276 1470 1471 1276 1275 1470 1267 1471 1268 1470 1268 1471 1472 1473 1266 1266 1473 1267 1472 1269 1271 1271 1473 1472 1270 1474 1261 1270 1269 1474 1262 1475 1260 1474 1262 1261 1265 1476 1475 1260 1475 1476 1477 1264 1263 1264 1476 1265 1477 1478 1255 1478 1477 1263 1256 1479 1254 1478 1256 1255 1259 1258 1479 1254 1479 1258 1480 1481 1257 1259 1480 1257 1481 1249 1248 1249 1481 1480 1482 1250 1483 1482 1248 1250 1253 1252 1483 1482 1483 1252 1245 1244 1251 1253 1245 1251 1484 1247 1246 1244 1243 1247 1484 1238 1237 1238 1484 1246 1485 1239 1486 1485 1237 1239 1242 1241 1486 1485 1486 1241 1487 1488 1240 1242 1487 1240 1488 1232 1231 1232 1488 1487 1489 1233 1490 1489 1231 1233 1236 1235 1490 1489 1490 1235 1491 1226 1234 1236 1491 1234 1059 1061 1227 1227 1226 1491 1229 1060 1059 1230 1492 1228 1229 1228 1060 1220 1492 1493 1230 1493 1492 1222 1221 1494 1220 1493 1221 1494 1224 1223 1223 1222 1494 1225 1495 1496 1225 1224 1495 1216 1496 1214 1495 1214 1496 1497 1498 1215 1215 1498 1216 1497 1218 1217 1217 1498 1497 1219 1499 1500 1219 1218 1499 1210 1500 1208 1499 1208 1500 1211 1501 1209 1209 1501 1210 1502 1213 1212 1213 1501 1211 1502 1503 1204 1503 1502 1212 1202 1504 1203 1503 1202 1204 1205 1505 1504 1203 1504 1505 1506 1207 1206 1207 1505 1205 1506 1507 1198 1507 1506 1206 1196 1508 1197 1507 1196 1198 1199 1201 1508 1197 1508 1201 1509 1510 1200 1199 1509 1200 1510 1192 1191 1192 1510 1509 1511 1190 1512 1511 1191 1190 1193 1195 1512 1511 1512 1195 1513 1185 1194 1193 1513 1194 1514 1184 1186 1186 1185 1513 1515 1514 1189 1514 1515 1184 1188 1187 1516 1515 1189 1188 1517 1179 1516 1516 1187 1517 1518 1178 1180 1180 1179 1517 1519 1518 1183 1518 1519 1178 1182 1181 1520 1519 1183 1182 1173 1172 1520 1520 1181 1173 1174 1521 1522 1172 1174 1522 1176 1521 1177 1521 1176 1522 1523 1175 1524 1524 1175 1177 1167 1166 1523 1523 1524 1167 1168 1525 1526 1166 1168 1526 1169 1525 1170 1525 1169 1526 1067 1171 1527 1527 1171 1170 1066 1065 1528 1067 1527 1065 1528 1160 1529 1529 1066 1528 1161 1530 1162 1160 1162 1529 1163 1530 1531 1161 1531 1530 1165 1164 1532 1163 1531 1164 1532 1154 1156 1156 1165 1532 1155 1533 1534 1155 1154 1533 1159 1534 1157 1533 1157 1534 1535 1536 1158 1158 1536 1159 1535 1148 1150 1150 1536 1535 1149 1537 1538 1149 1148 1537 1153 1538 1151 1537 1151 1538 1144 1539 1152 1152 1539 1153 1540 1143 1142 1143 1539 1144 1540 1541 1147 1541 1540 1142 1145 1542 1146 1541 1145 1147 1139 1138 1542 1146 1542 1138 1543 1544 1141 1544 1140 1141 1543 1133 1135 1135 1544 1543 1134 1545 1137 1134 1133 1545 1136 1127 1129 1545 1136 1137 1132 1128 1130 1130 1128 1127 1063 1546 1131 1131 1546 1132 1064 1547 1124 1062 1546 1063 1547 1125 1548 1548 1124 1547 1053 1055 1126 1125 1126 1548 1054 1120 1055 1549 1119 1550 1549 1120 1119 1121 1123 1550 1549 1550 1123 1551 1552 1122 1121 1551 1122 1552 1114 1113 1114 1552 1551 1553 1115 1554 1553 1113 1115 1076 1075 1554 1553 1554 1075 1555 1556 1074 1076 1555 1074 1556 1117 1116 1117 1556 1555 1072 1118 1073 1072 1116 1118 1111 1557 1107 1112 1557 1111 1108 1558 1106 1557 1108 1107 1110 1559 1558 1106 1558 1559 1058 1109 1077 1109 1559 1110 1057 1056 1078 1560 1104 1079 1078 1560 1079 1080 1082 1561 1081 1104 1560 1561 1105 1085 1105 1561 1082 1048 1083 1091 1084 1047 1049 1086 1088 1090 1089 1086 1090 1097 1094 1096 1093 1092 1097 1050 1052 1562 1098 1095 1052 1052 1043 1563 1563 1562 1052 1044 1043 1564 1043 1042 1563 1565 1043 1566 1565 1564 1043 1046 1043 1037 1566 1043 1045 1037 1567 1038 1039 1046 1037 1034 1041 1037 1567 1037 1040 1029 1568 1033 1029 1034 1037 1031 1036 1029 1568 1029 1035 1027 1030 1029 1027 1569 1032 1028 1025 1027 1569 1027 1026 1017 1019 1027 1017 1023 1018 1020 1017 1016 1570 1016 1022 1015 1571 1016 1020 1016 1571 1572 1570 1573 1574 1575 1576 1577 1578 1579 1580 1581 1582 1583 1584 1585 1586 1587 1588 1589 1590 1591 1592 1593 1594 1595 1596 1597 1598 1599 1600 1601 1602 1603 1604 1605 1606 1607 1608 1609 1610 1611 1612 1613 1614 1615 1616 1617 1618 1619 1620 1621 1622 1623 1624 1625 1626 1627 1628 1629 1630 1631 1632 1633 1634 1635 1636 1637 1638 1639 1640 1641 1642 1643 1644 1645 1646 1647 1648 1649 1650 1651 1652 1653 1654 1655 1656 1657 1658 1659 1660 1661 1662 1663 1664 1665 1666 1667 1668 1669 1670 1671 1672 1673 1674 1675 1676 1677 1678 1679 1680 1681 1682 1683 1684 1685 1686 1687 1688 1689 1690 1691 1692 1693 1694 1695 1696 1697 1698 1699 1700 1701 1702 1703 1704 1705 1706 1707 1708 1709 1710 1711 1712 1713 1714 1715 1716 1717 1718 1719 1720 1721 1722 1723 1724 1725 1726 1727 1728 1729 1730 1731 1732 1733 1734 1735 1736 1737 1738 1739 1740 1741 1742 1743 1744 1745 1746 1747 1748 1749 1750 1751 1752 1753 1754 1755 1756 1757 1758 1759 1760 1761 1762 1763 1764 1765 1766 1767 1768 1769 1770 1771 1772 1773 1774 1775 1776 1777 1778 1779 1780 1781 1782 1783 1784 1785 1786 1787 1788 1789 1790 1791 1792 1793 1794 1795 1796 1797 1798 1799 1800 1801 1802 1803 1804 1805 1806 1807 1808 1809 1810 1811 1812 1813 1814 1815 1816 1817 1818 1819 1820 1821 1822 1823 1824 1825 1826 1827 1828 1829 1830 1831 1832 1833 1834 1835 1836 1837 1838 1839 1840 1841 1842 1843 1844 1845 1846 1847 1848 1849 1850 1851 1852 1853 1854 1855 1856 1857 1858 1859 1860 1861 1862 1863 1864 1865 1866 1867 1868 1869 1870 1871 1872 1873 1874 1875 1876 1877 1878 1879 1880 1881 1882 1883 1884 1885 1886 1887 1888 1889 1890 1891 1892 1893 1894 1895 1896 1897 1898 1899 1900 1901 1902 1903 1904 1905 1906 1907 1908 1909 1910 1911 1912 1913 1914 1915 1916 1917 1918 1919 1920 1921 1922 1923 1924 1925 1926 1927 1928 1929 1930 1931 1932 1933 1934 1935 1936 1937 1938 1939 1940 1941 1942 1943 1944 1945 1946 1947 1948 1949 1950 1951 1952 1953 1954 1955 1956 1957 1958 1959 1960 1961 1962 1963 1964 1965 1966 1967 1968 1969 1970 1971 1972 1973 1974 1975 1976 1977 1978 1979 1980 1981 1982 1983 1984 1985 1986 1987 1988 1989 1990 1991 1992 1993 1994 1995 1996 1997 1998 1999 2000 2001 2002 2003 2004 2005 2006 2007 2008 2009 2010 2011 2012 2013 2014 2015 2016 2017 2018 2019 2020 2021 2022 2023 2024 2025 2026 2027 2028 2029 2030 2031 2032 2033 2034 2035 2036 2037 2038 2039 2040 2041 2042 2043 2044 2045 2046 2047 2048 2049 2050 2051 2052 2053 2054 2055 2056 2057 2058 2059 2060 2061 2062 2063 2064 2065 2066 2067 2068 2069 2070 2071 2072 2073 2074 2075 2076 2077 2078 2079 2080 2081 2082 2083 2084 2085 2086 2087 2088 2089 2090 2091 2092 2093 2094 2095 2096 2097 2098 2099 2100 2101 2102 2103 2104 2105 2106 2107 2108 2109 2110 2111 2112 2113 2114 2115 2116 2117 2118 2119 2120 2121 2122 2123 2124 2125 2126 2127 2128 2129 2130 2131 2132 2133 2134 2134 2127 2132 2135 2133 2136 2133 2135 2134 2137 2138 2136 2135 2136 2138 2137 2139 2140 2140 2138 2137 2141 2139 2142 2139 2141 2140 2143 2144 2142 2141 2142 2144 2143 2145 2146 2146 2144 2143 2147 2145 2148 2145 2147 2146 2149 2150 2148 2147 2148 2150 2149 2151 2152 2152 2150 2149 2153 2151 2154 2151 2153 2152 2155 2156 2154 2153 2154 2156 2155 2157 2158 2158 2156 2155 2159 2157 2160 2157 2159 2158 2161 2162 2160 2159 2160 2162 2161 2163 2164 2164 2162 2161 2165 2163 2166 2163 2165 2164 2167 2168 2166 2165 2166 2168 2167 2169 2170 2170 2168 2167 2171 2169 2172 2169 2171 2170 2173 2174 2172 2171 2172 2174 2173 2175 2176 2176 2174 2173 2177 2175 2178 2175 2177 2176 2179 2180 2178 2177 2178 2180 2179 2181 2182 2182 2180 2179 2183 2181 2184 2181 2183 2182 2185 2186 2184 2183 2184 2186 2185 2187 2188 2188 2186 2185 2189 2187 2190 2187 2189 2188 2191 2192 2190 2189 2190 2192 2191 2193 2194 2194 2192 2191 2195 2193 2196 2193 2195 2194 2197 2198 2196 2195 2196 2198 2197 2199 2200 2200 2198 2197 2201 2199 2202 2199 2201 2200 2203 2204 2202 2201 2202 2204 2203 2205 2206 2206 2204 2203 2207 2205 2208 2205 2207 2206 2209 2210 2208 2207 2208 2210 2209 2211 2212 2212 2210 2209 2213 2211 2214 2211 2213 2212 2215 2216 2214 2213 2214 2216 2215 2217 2218 2218 2216 2215 2219 2217 2220 2217 2219 2218 2221 2222 2220 2219 2220 2222 2221 2223 2224 2224 2222 2221 2225 2223 2226 2223 2225 2224 2227 2228 2226 2225 2226 2228 2227 2229 2230 2230 2228 2227 2231 2229 2232 2229 2231 2230 2233 2234 2232 2231 2232 2234 2233 2235 2236 2236 2234 2233 2237 2235 2238 2235 2237 2236 2239 2240 2238 2237 2238 2240 2239 2241 2242 2242 2240 2239 2243 2241 2244 2241 2243 2242 2245 2246 2244 2243 2244 2246 2245 2247 2248 2248 2246 2245 2249 2247 2250 2247 2249 2248 2251 2252 2250 2249 2250 2252 2251 2253 2254 2254 2252 2251 2255 2253 2256 2253 2255 2254 2257 2258 2256 2255 2256 2258 2257 2259 2260 2260 2258 2257 2261 2259 2262 2259 2261 2260 2263 2264 2262 2261 2262 2264 2265 2266 2264 2264 2263 2265 2266 2267 2268 2267 2266 2265 2269 2268 2270 2267 2270 2268 2271 2272 2269 2269 2270 2271 2272 2273 2274 2273 2272 2271 2275 2274 2276 2273 2276 2274 2277 2278 2275 2275 2276 2277 2278 2279 2280 2279 2278 2277 2281 2280 2282 2279 2282 2280 2283 2284 2281 2281 2282 2283 2284 2285 2286 2285 2284 2283 2287 2286 2288 2285 2288 2286 2289 2290 2287 2287 2288 2289 2290 2291 2292 2291 2290 2289 2293 2292 2294 2291 2294 2292 2295 2296 2293 2293 2294 2295 2296 2297 2298 2297 2296 2295 2299 2298 2300 2297 2300 2298 2301 2302 2299 2299 2300 2301 2302 2303 2304 2303 2302 2301 2305 2304 2306 2303 2306 2304 2307 2308 2305 2305 2306 2307 2308 2309 2310 2309 2308 2307 2311 2310 2312 2309 2312 2310 2313 2314 2311 2311 2312 2313 2314 2315 2316 2315 2314 2313 2317 2316 2318 2315 2318 2316 1465 1466 2317 2317 2318 1465 2126 2128 2129 2132 2127 2126 2131 2130 2122 2129 2128 2130 2124 2121 2120 2121 2131 2122 2114 2123 2125 2125 2124 2120 2115 2119 2116 2114 2116 2123 2117 2109 2118 2115 2117 2119 2108 2110 2111 2118 2109 2108 2113 2112 2104 2111 2110 2112 2106 2103 2102 2103 2113 2104 2096 2105 2107 2107 2106 2102 2097 2101 2098 2096 2098 2105 2099 2091 2100 2097 2099 2101 2090 2092 2093 2100 2091 2090 2095 2094 2086 2093 2092 2094 2088 2085 2084 2085 2095 2086 2078 2087 2089 2089 2088 2084 2079 2083 2080 2078 2080 2087 2081 2073 2082 2079 2081 2083 2072 2074 2075 2082 2073 2072 2077 2076 2068 2075 2074 2076 2070 2067 2066 2067 2077 2068 2060 2069 2071 2071 2070 2066 2061 2065 2062 2060 2062 2069 2063 2055 2064 2061 2063 2065 2054 2056 2057 2064 2055 2054 2059 2058 2050 2057 2056 2058 2052 2049 2048 2049 2059 2050 2042 2051 2053 2053 2052 2048 2043 2047 2044 2042 2044 2051 2045 2037 2046 2043 2045 2047 2036 2038 2039 2046 2037 2036 2041 2040 2032 2039 2038 2040 2034 2031 2030 2031 2041 2032 2024 2033 2035 2035 2034 2030 2025 2029 2026 2024 2026 2033 2027 2019 2028 2025 2027 2029 2018 2020 2021 2028 2019 2018 2023 2022 2014 2021 2020 2022 2016 2013 2012 2013 2023 2014 2006 2015 2017 2017 2016 2012 2007 2011 2008 2006 2008 2015 2009 2001 2010 2007 2009 2011 2000 2002 2003 2010 2001 2000 2005 2004 1996 2003 2002 2004 1998 1995 1994 1995 2005 1996 1988 1997 1999 1999 1998 1994 1989 1993 1990 1988 1990 1997 1991 1983 1992 1989 1991 1993 1982 1984 1985 1992 1983 1982 1987 1986 1978 1985 1984 1986 1980 1977 1976 1977 1987 1978 1970 1979 1981 1981 1980 1976 1971 1975 1972 1970 1972 1979 1973 1965 1974 1971 1973 1975 1964 1966 1967 1974 1965 1964 1969 1968 1960 1967 1966 1968 1962 1959 1958 1959 1969 1960 1952 1961 1963 1963 1962 1958 1953 1957 1954 1952 1954 1961 1955 1947 1956 1953 1955 1957 1946 1948 1949 1956 1947 1946 1951 1950 1942 1949 1948 1950 1944 1941 1940 1941 1951 1942 1934 1943 1945 1945 1944 1940 1935 1939 1936 1934 1936 1943 1937 1929 1938 1935 1937 1939 1928 1930 1931 1938 1929 1928 1933 1932 1924 1931 1930 1932 1926 1923 1922 1923 1933 1924 1916 1925 1927 1927 1926 1922 1917 1921 1918 1916 1918 1925 1919 1911 1920 1917 1919 1921 1910 1912 1913 1920 1911 1910 1915 1914 1906 1913 1912 1914 1908 1905 1904 1905 1915 1906 1898 1907 1909 1909 1908 1904 1899 1903 1900 1898 1900 1907 1901 1893 1902 1899 1901 1903 1892 1894 1895 1902 1893 1892 1897 1896 1888 1895 1894 1896 1890 1887 1886 1887 1897 1888 1880 1889 1891 1891 1890 1886 1881 1885 1882 1880 1882 1889 1883 1875 1884 1881 1883 1885 1874 1876 1877 1884 1875 1874 1879 1878 1870 1877 1876 1878 1872 1869 1868 1869 1879 1870 1862 1871 1873 1873 1872 1868 1863 1867 1864 1862 1864 1871 1865 1857 1866 1863 1865 1867 1856 1858 1859 1866 1857 1856 1861 1860 1852 1859 1858 1860 1854 1851 1850 1851 1861 1852 1844 1853 1855 1855 1854 1850 1845 1849 1846 1844 1846 1853 1847 1839 1848 1845 1847 1849 1838 1840 1841 1848 1839 1838 1843 1842 1834 1841 1840 1842 1836 1833 1832 1833 1843 1834 1826 1835 1837 1837 1836 1832 1827 1831 1828 1826 1828 1835 1829 1821 1830 1827 1829 1831 1820 1822 1823 1830 1821 1820 1825 1824 1816 1823 1822 1824 1818 1815 1814 1815 1825 1816 1808 1817 1819 1819 1818 1814 1809 1813 1810 1808 1810 1817 1811 1803 1812 1809 1811 1813 1802 1804 1805 1812 1803 1802 1807 1806 1798 1805 1804 1806 1800 1797 1796 1797 1807 1798 1790 1799 1801 1801 1800 1796 1791 1795 1792 1790 1792 1799 1793 1785 1794 1791 1793 1795 1784 1786 1787 1794 1785 1784 1789 1788 1780 1787 1786 1788 1782 1779 1778 1779 1789 1780 1772 1781 1783 1783 1782 1778 1773 1777 1774 1772 1774 1781 1775 1767 1776 1773 1775 1777 1766 1768 1769 1776 1767 1766 1771 1770 1762 1769 1768 1770 1764 1761 1760 1761 1771 1762 1754 1763 1765 1765 1764 1760 1755 1759 1756 1754 1756 1763 1757 1749 1758 1755 1757 1759 1748 1750 1751 1758 1749 1748 1753 1752 1744 1751 1750 1752 1746 1743 1742 1743 1753 1744 1736 1745 1747 1747 1746 1742 1737 1741 1738 1736 1738 1745 1739 1731 1740 1737 1739 1741 1730 1732 1733 1740 1731 1730 1735 1734 1726 1733 1732 1734 1728 1725 1724 1725 1735 1726 1718 1727 1729 1729 1728 1724 1719 1723 1720 1718 1720 1727 1721 1713 1722 1719 1721 1723 1712 1714 1715 1722 1713 1712 1717 1716 1708 1715 1714 1716 1710 1707 1706 1707 1717 1708 1700 1709 1711 1711 1710 1706 1701 1705 1702 1700 1702 1709 1703 1695 1704 1701 1703 1705 1694 1696 1697 1704 1695 1694 1699 1698 1690 1697 1696 1698 1692 1689 1688 1689 1699 1690 1682 1691 1693 1693 1692 1688 1683 1687 1684 1682 1684 1691 1685 1677 1686 1683 1685 1687 1676 1678 1679 1686 1677 1676 1681 1680 1672 1679 1678 1680 1674 1671 1670 1671 1681 1672 1664 1673 1675 1675 1674 1670 1665 1669 1666 1664 1666 1673 1667 1659 1668 1665 1667 1669 1658 1660 1661 1668 1659 1658 1663 1662 1654 1661 1660 1662 1656 1653 1652 1653 1663 1654 1646 1655 1657 1657 1656 1652 1647 1651 1648 1646 1648 1655 1649 1641 1650 1647 1649 1651 1640 1642 1643 1650 1641 1640 1645 1644 1636 1643 1642 1644 1638 1635 1634 1635 1645 1636 1628 1637 1639 1639 1638 1634 1629 1633 1630 1628 1630 1637 1631 1623 1632 1629 1631 1633 1622 1624 1625 1632 1623 1622 1627 1626 1618 1625 1624 1626 1620 1617 1616 1617 1627 1618 1610 1619 1621 1621 1620 1616 1611 1615 1612 1610 1612 1619 1613 1605 1614 1611 1613 1615 1604 1606 1607 1614 1605 1604 1609 1608 1600 1607 1606 1608 1602 1599 1598 1599 1609 1600 1592 1601 1603 1603 1602 1598 1593 1597 1594 1592 1594 1601 1595 1587 1596 1593 1595 1597 1586 1588 1589 1596 1587 1586 1591 1590 1582 1589 1588 1590 1584 1581 1580 1581 1591 1582 1574 1583 1585 1585 1584 1580 1575 1579 1576 1574 1576 1583 1577 1572 1578 1575 1577 1579 1573 1570 1022 1578 1572 1573 2319 1016 2320 1014 1016 2319 2321 2322 2323 2324 2325 2326 2327 2328 2329 2330 2331 2332 2333 2334 2335 2336 2329 2337 2333 2338 2339 2337 2340 2336 2341 2332 2342 2343 2342 2332 2344 2341 2345 2346 2345 2341 2347 2333 2348 2333 2344 2349 2338 2333 2350 2333 2347 2351 2352 2350 2333 2353 2333 2351 2354 2337 2355 2333 2353 2352 2341 2344 2333 2356 2333 2349 2357 2358 2333 2341 2342 2346 2337 2359 2360 2337 2360 2340 2359 2333 2361 2333 2359 2337 2333 2335 2362 2361 2333 2362 2363 2334 2333 2355 2337 2329 2358 2364 2333 2333 2364 2363 2365 2333 2366 2357 2333 2365 2367 2343 2332 2333 2339 2366 2368 2369 2329 2369 2370 2329 2371 2329 2372 2371 2368 2329 2329 2373 2374 2372 2329 2374 2327 2329 2375 2329 2328 2373 2376 2375 2329 2329 2377 2378 2376 2329 2378 2379 2380 2329 2329 2380 2377 2381 2379 2329 2329 2370 2382 2381 2329 2383 2332 2384 2330 2329 2382 2355 2385 2332 2386 2384 2332 2385 2382 2387 2355 2341 2337 2388 2389 2390 2332 2391 2355 2387 2355 2392 2393 2391 2392 2355 2394 2389 2332 2393 2395 2355 2396 2355 2397 2355 2395 2397 2355 2396 2398 2398 2399 2355 2400 2394 2332 2401 2402 2355 2401 2355 2399 2403 2404 2355 2403 2355 2402 2355 2404 2405 2394 2400 2406 2355 2407 2408 2405 2407 2355 2409 2355 2408 2341 2400 2332 2400 2410 2411 2411 2406 2400 2355 2412 2413 2409 2412 2355 2355 2414 2415 2413 2414 2355 2415 2416 2355 2388 2354 2417 2418 2419 2416 2418 2416 2415 2416 2419 2420 2421 2422 2416 2416 2423 2424 2420 2423 2416 2425 2416 2424 2400 2426 2427 2428 2416 2429 2416 2425 2429 2428 2430 2416 2426 2400 2431 2432 2433 2416 2432 2416 2430 2400 2434 2431 2435 2416 2433 2400 2436 2434 2435 2437 2416 2438 2416 2439 2416 2437 2439 2438 2440 2416 2441 2434 2436 2442 2416 2443 2416 2444 2443 2442 2445 2416 2440 2444 2416 2421 2445 2446 2445 2421 2416 2447 2421 2446 2448 2436 2400 2449 2421 2450 2421 2447 2450 2449 2451 2421 2436 2452 2453 2454 2455 2421 2454 2421 2451 2456 2457 2421 2458 2421 2455 2421 2459 2460 2458 2459 2421 2461 2421 2460 2462 2463 2436 2464 2421 2465 2421 2461 2465 2464 2466 2421 2467 2468 2469 2470 2471 2421 2470 2421 2466 2421 2471 2472 2417 2473 2474 2421 2475 2456 2472 2476 2421 2477 2456 2475 2475 2421 2476 2478 2456 2479 2456 2477 2479 2480 2481 2482 2456 2478 2483 2484 2485 2456 2484 2456 2483 2486 2487 2456 2486 2456 2485 2456 2487 2488 2481 2480 2489 2456 2490 2491 2488 2490 2456 2492 2456 2491 2456 2493 2322 2480 2494 2495 2456 2492 2496 2497 2456 2498 2499 2456 2497 2500 2501 2502 2499 2503 2456 2504 2505 2493 2493 2506 2507 2508 2493 2509 2510 2511 2493 2512 2513 2514 2515 2493 2516 2493 2517 2518 2519 2520 2521 2522 2523 2520 2518 2524 2493 2525 2522 2520 2325 2526 2527 2528 2529 2325 2528 2325 2530 2325 2531 2532 2533 2520 2534 2535 2536 2537 2538 2325 2539 2540 2537 2541 2325 2542 2543 2544 2545 2326 2546 2547 2326 2326 2548 2549 2550 2551 2326 2552 2553 2326 2552 2326 2554 2555 2556 2557 2558 2556 2555 2559 2560 2556 2556 2561 2562 2563 2326 2564 2564 2326 2565 2566 2563 2567 2568 2563 2569 2570 2571 2572 2570 2573 2571 2574 2575 2576 2577 2578 2579 2580 2581 2576 2571 2582 2583 2326 2325 2584 2571 2573 2585 2575 2586 2576 2551 2587 2326 2588 2576 2589 2581 2590 2576 2591 2592 2576 2593 2576 2594 2563 2595 2596 2576 2597 2589 2598 2591 2577 2599 2563 2600 2601 2576 2602 2603 2576 2592 2563 2604 2605 2576 2606 2594 2607 2608 2326 2609 2563 2610 2611 2326 2612 2326 2608 2612 2576 2613 2614 2583 2615 2571 2576 2588 2574 2616 2597 2576 2604 2563 2599 2563 2617 2618 2619 2563 2618 2596 2600 2563 2620 2563 2619 2621 2595 2563 2601 2616 2576 2620 2621 2563 2614 2602 2576 2603 2622 2576 2576 2577 2591 2622 2606 2576 2586 2580 2576 2593 2613 2576 2623 2571 2615 2605 2577 2563 2624 2571 2625 2576 2590 2626 2627 2582 2628 2629 2582 2626 2582 2629 2628 2630 2598 2577 2577 2605 2578 2572 2571 2624 2563 2631 2632 2563 2632 2617 2610 2563 2566 2563 2609 2631 2563 2568 2567 2633 2571 2585 2569 2563 2564 2633 2634 2571 2611 2565 2326 2556 2635 2636 2557 2556 2562 2637 2638 2326 2326 2553 2637 2556 2560 2561 2639 2556 2558 2640 2559 2556 2639 2641 2537 2326 2549 2554 2548 2326 2587 2550 2326 2545 2571 2635 2556 2547 2544 2326 2541 2537 2641 2325 2642 2584 2546 2326 2584 2325 2643 2542 2543 2642 2325 2537 2536 2534 2538 2643 2325 2644 2531 2325 2539 2325 2532 2645 2325 2529 2644 2325 2645 2530 2325 2646 2647 2326 2563 2527 2648 2325 2648 2646 2325 2649 2650 2325 2650 2526 2325 2493 2524 2325 2325 2524 2649 2651 2517 2493 2652 2521 2520 2639 2537 2556 2493 2653 2651 2654 2493 2515 2653 2493 2654 2493 2508 2655 2493 2655 2516 2509 2493 2656 2512 2657 2658 2659 2512 2660 2656 2493 2511 2661 2493 2505 2661 2510 2493 2662 2504 2493 2659 2663 2512 2664 2512 2663 2507 2662 2493 2506 2456 2665 2506 2493 2456 2666 2665 2456 2667 2647 2577 2501 2500 2668 2503 2666 2456 2669 2670 2671 2672 2673 2674 2675 2676 2677 2678 2679 2680 2681 2682 2678 2683 2684 2685 2678 2686 2687 2688 2685 2689 2690 2691 2692 2693 2685 2694 2689 2685 2695 2696 2692 2697 2698 2699 2700 2701 2702 2703 2704 2705 2701 2706 2704 2701 2700 2707 2708 2709 2706 2710 2708 2711 2700 2712 2713 2706 2714 2706 2715 2716 2706 2713 2717 2712 2706 2692 2696 2718 2719 2720 2706 2692 2672 2721 2722 2723 2692 2676 2724 2672 2725 2706 2726 2727 2728 2729 2730 2706 2731 2692 2732 2729 2729 2728 2692 2719 2706 2730 2692 2723 2732 2700 2711 2733 2718 2722 2692 2706 2734 2735 2736 2706 2737 2734 2706 2714 2738 2706 2735 2709 2739 2706 2739 2715 2706 2740 2706 2736 2710 2706 2741 2742 2706 2716 2720 2737 2706 2700 2743 2744 2745 2743 2700 2746 2747 2700 2700 2747 2745 2700 2748 2707 2700 2733 2746 2700 2703 2749 2748 2700 2749 2701 2705 2702 2750 2700 2744 2706 2742 2704 2751 2752 2753 2754 2692 2691 2728 2701 2753 2755 2752 2756 2757 2698 2700 2685 2758 2759 2700 2760 2758 2761 2762 2755 2759 2694 2685 2758 2685 2700 2763 2764 2685 2685 2688 2765 2685 2764 2695 2766 2767 2768 2769 2685 2770 2692 2771 2690 2772 2762 2773 2774 2775 2676 2767 2776 2777 2701 2685 2778 2779 2692 2780 2751 2753 2778 2781 2685 2684 2685 2782 2683 2685 2783 2784 2692 2721 2780 2785 2756 2751 2786 2678 2784 2678 2787 2686 2781 2783 2685 2788 2789 2678 2678 2687 2788 2790 2761 2756 2791 2721 2672 2792 2679 2678 2685 2784 2678 2776 2793 2794 2680 2795 2678 2672 2796 2797 2678 2795 2798 2796 2672 2799 2512 2664 2774 2669 2773 2761 2800 2801 2678 2681 2678 2802 2803 2785 2751 2800 2678 2682 2804 2672 2674 2805 2806 2678 2807 2808 2809 2671 2766 2773 2808 2810 2811 2808 2807 2810 2812 2767 2813 2808 2811 2814 2815 2808 2816 2724 2676 2817 2818 2808 2819 2808 2815 2819 2776 2812 2820 2675 2817 2676 2803 2808 2821 2808 2678 2809 2822 2808 2823 2824 2669 2790 2825 2793 2820 2826 2677 2676 2827 2828 2808 2827 2808 2829 2808 2828 2830 2667 2831 2793 2832 2667 2825 2808 2833 2834 2835 2836 2837 2838 2839 2676 2837 2840 2841 2837 2836 2840 2676 2842 2843 2841 2844 2837 2324 2647 2832 2671 2845 2813 2775 2842 2676 2846 2824 2847 2848 2821 2837 2849 2850 2837 2851 2837 2850 2812 2852 2853 2670 2824 2854 2855 2837 2856 2774 2857 2775 2837 2858 2859 2837 2860 2861 2862 2820 2853 2857 2774 2863 2861 2864 2837 2837 2864 2865 2845 2670 2866 2867 2501 2865 2862 2868 2825 2774 2869 2863 2870 2501 2871 2871 2501 2872 2870 2502 2501 2520 2537 2534 2668 2873 2501 2457 2322 2321 2874 2875 2876 2501 2877 2848 2878 2501 2879 2501 2880 2881 2324 2882 2883 2884 2875 2874 2885 2886 2501 2854 2887 2866 2493 2325 2883 2888 2889 2890 2891 2892 2890 2846 2877 2893 2894 2895 2866 2896 2897 2898 2890 2899 2900 2899 2890 2901 2902 2903 2904 2890 2900 2905 2906 2468 2467 2868 2907 2908 2321 2323 2909 2910 2890 2911 2890 2912 2913 2914 2890 2915 2916 2917 2918 2919 2894 2887 2920 2921 2922 2918 2923 2924 2920 2925 2921 2926 2918 2927 2918 2928 2929 2930 2931 2932 2896 2898 2906 2912 2890 2914 2897 2933 2898 2934 2935 2918 2936 2937 2919 2938 2939 2918 2907 2922 2940 2941 2942 2918 2909 2908 2940 2943 2918 2944 2921 2945 2946 2947 2948 2949 2950 2931 2951 2952 2953 2919 2950 2954 2955 2896 2956 2897 2945 2894 2953 2952 2937 2957 2948 2958 2959 2918 2942 2960 2961 2950 2962 2963 2951 2897 2964 2965 2950 2966 2948 2959 2967 2968 2961 2957 2969 2970 2962 2963 2970 2971 2972 2961 2973 2974 2975 2976 2977 2973 2961 2978 2971 2973 2977 2979 2980 2981 2948 2982 2948 2983 2983 2948 2984 2985 2948 2918 2986 2950 2961 2987 2988 2948 2973 2989 2969 2973 2990 2974 2991 2963 2956 2969 2992 2993 2994 2995 2973 2946 2956 2996 2997 2998 2973 2952 2970 2991 2999 3000 2973 2997 2973 3000 3001 3002 2973 3002 3003 2973 3004 3005 3006 3007 3006 3005 3007 3001 2973 2973 3003 2999 3008 2969 2993 2922 2996 3009 2973 2975 3010 2989 2992 2969 2970 2969 2962 3010 2989 2973 2979 3011 2973 2973 3011 2990 2957 2973 2969 3006 2937 3012 3013 3004 3006 2995 3014 2973 3006 3015 3013 2961 3016 2978 2961 2972 2967 2953 2991 2946 2986 2961 3017 3018 2964 2950 2961 3019 3017 2966 3006 2948 2948 2988 3020 2961 3021 3019 2984 2948 3022 2948 2982 2987 3012 2948 3006 2981 3022 2948 3023 3024 2950 2948 3025 3026 3009 3027 2940 2945 2921 2925 3028 2948 2985 3012 2937 2936 2918 3029 2944 2918 2943 2985 2931 3030 3031 3032 3030 2931 2931 3033 3034 2935 3035 2918 2928 2918 2926 3012 3036 2918 2933 2931 2902 3037 2931 2930 2908 2323 2882 2902 3037 3038 3039 2890 2913 3038 3040 2902 2902 2874 3041 2909 3027 3042 3043 2911 2890 2925 2895 2945 2877 2890 3036 2887 2893 2936 2890 3044 3045 2322 2883 2323 2922 2907 2920 2862 2920 2907 3042 3046 2321 2888 2890 2886 2501 2881 2879 3047 2501 2878 2868 2882 2832 2880 2501 3048 2496 2498 2456 2906 2898 2468 2480 2876 3049 2940 2908 2907 2556 2636 2640 2638 2607 2326 2577 2579 2630 2512 2514 2657 2563 2577 2647 2457 3046 2422 2326 2647 2324 2909 2323 2908 2324 2883 2325 2410 2400 3050 2493 2883 2322 2337 2341 2333 2456 2322 2457 2421 2457 2422 3051 3052 2329 2329 3052 2383 2354 2355 2416 2336 3051 2329 3053 2571 2623 2571 3053 2625 2635 2571 2634 2520 2533 2525 2831 2576 2582 2837 3054 2856 2577 2831 2667 2468 3055 2469 2667 2832 2647 2469 3056 2474 2832 2882 2324 2452 2436 3057 2323 2883 2882 2469 2474 2473 2332 2331 2367 2422 2354 2416 2321 3046 2457 2422 2417 2354 3058 3059 2333 2333 3059 2348 2388 2337 2354 2356 3058 2333 2626 2582 2576 2583 2582 2627 3060 2535 2537 2576 2831 2577 2582 2571 3061 2774 2664 3062 2831 2582 2794 2837 3063 3064 2794 2793 2831 2920 2853 2925 2825 2667 2793 2904 2874 2902 2832 2825 2868 2473 2467 2469 2882 2868 2908 2480 2482 2436 2474 2448 2388 3046 2417 2422 2321 2909 3042 2400 3065 3050 3046 2473 2417 2390 3066 2332 2388 2417 2474 2448 2400 2341 3066 3067 2332 2386 2332 3067 2556 3061 2571 3060 2537 2540 2520 2519 2513 3061 2794 2582 3068 3061 2556 2520 2513 2512 2794 3061 2777 2847 2785 2821 2794 2777 2776 2852 2845 2895 2820 2793 2776 2936 2893 3036 2820 2862 2825 3069 2902 3070 2907 2868 2862 2874 2480 3055 2489 2480 3071 3042 2473 3046 2940 3027 2909 2482 3072 2436 3042 2467 2473 2441 2436 2453 3065 2400 3073 2388 2448 2341 3056 2436 2448 2427 3073 2400 2537 3068 2556 2652 2520 2523 3074 2774 3062 3068 2777 3061 3075 3068 2537 2797 3076 2672 3068 2768 2777 2829 2808 2822 2768 2767 2777 2501 3077 2872 2767 2812 2776 2890 3078 3043 2820 2812 2853 2963 2991 2970 2853 2920 2862 3041 2468 2898 2874 3079 3080 3027 2467 3042 3009 2940 2922 2876 2480 2874 2467 3027 2906 3056 2480 2436 2436 3072 2462 2474 3056 2448 2480 3056 3055 2463 3057 2436 3075 2537 2520 2660 2512 2658 2839 2826 2676 3075 2768 3068 2520 3081 3075 2685 2769 3082 3075 2772 2768 2818 3083 2808 2772 2766 2768 2860 2837 2859 2766 2813 2767 2892 3044 2890 2812 2813 2852 2918 2960 3029 2925 2853 2852 2931 2950 3024 2897 2956 2963 3009 2906 3027 2996 2922 2921 2903 2902 3069 2896 2906 3009 2874 3080 3084 3049 2494 2480 2469 3055 3056 2874 3055 3041 2495 3071 2480 2512 3081 2520 2869 2774 3074 2804 2799 2672 3081 2772 3075 3085 3081 2512 2685 3086 2770 3081 2762 2772 2790 2785 2847 2773 2766 2772 2837 3087 3054 2813 2766 2671 2501 3047 3088 2845 2852 2813 2918 2924 2927 2895 2925 2852 2973 2998 3089 3023 2950 3090 2996 2896 3009 2946 2996 2921 2932 2931 3091 2996 2956 2896 2902 3040 3092 2904 3079 2874 2468 3041 3055 3041 2933 2902 2884 2874 3084 2512 2774 3085 2838 2676 2843 2779 2771 2692 3085 2762 3081 2774 3093 3085 2685 2765 3086 3085 2755 2762 2806 2809 2678 2761 2773 2762 3063 2837 2844 2669 2671 2773 2854 2846 2893 2845 2671 2670 2890 2910 2915 2845 2866 2895 2947 3094 2948 2945 2895 2894 2961 3095 3096 2945 2953 2946 2950 2955 3097 2956 2946 2991 2931 3031 3033 2931 3037 2902 2898 2933 3041 2933 2951 2931 3070 2902 3092 2774 2676 3093 2673 2672 2724 2728 2727 2726 3093 2755 3085 3093 2676 3098 2763 2685 2693 3093 2752 2755 2803 2778 2678 2756 2761 2755 2830 2833 2808 2669 2761 2790 2846 2847 2848 2824 2670 2669 2890 3045 2901 2670 2854 2866 2918 3035 2938 2894 2866 2887 2937 3006 2957 2919 2953 2894 2961 3096 3099 2953 2952 2991 2950 2965 2954 2931 3024 3032 2897 2951 2933 2962 2950 2951 3091 2931 3034 3098 2676 2672 3076 2791 2672 2731 2706 2725 3098 2752 3093 2672 2728 3098 2760 2700 2699 2753 2752 3098 2678 2789 2792 2756 2752 2751 2823 2808 3100 2785 2790 2756 2858 2837 2855 2790 2847 2824 2885 2501 3088 2824 2846 2854 2918 3039 2916 2887 2854 2893 2948 3094 3025 2887 2936 2919 2994 2973 3089 2937 2952 2919 3016 2961 3099 2950 2986 3018 2963 2962 2951 2962 2969 2961 3090 2950 3097 2728 2672 2692 2754 2697 2692 2706 2740 2741 3098 2728 2753 2706 2728 2726 2750 3101 2700 2753 2701 2778 2786 2787 2678 2751 2778 2803 2814 2816 2808 2803 2821 2785 3064 2849 2837 2848 2847 2821 2873 3102 2501 2877 2846 2848 2890 3103 3078 2893 2877 3036 2918 2939 2941 3012 2936 3036 2948 3020 2958 3104 2976 2973 2952 2957 2970 2973 2957 3006 3095 2969 3008 2961 2969 3095 2968 3021 2961 2717 2706 2738 2728 2706 2701 2700 2701 2703 2700 3105 2757 2701 2700 2685 2685 3106 2782 2685 2678 2778 2678 2801 2805 2803 2678 2808 2835 2837 2834 2808 2837 2821 3077 2501 2867 2837 2501 2848 2891 2890 2889 2501 2890 2877 2923 2918 2917 2918 3036 2890 3028 2949 2948 3012 2918 2948 3015 3006 2966 2973 3006 3007 3104 2973 3014 3101 3107 2700 3105 2700 3107 3082 3108 2685 3106 2685 3108 2798 3109 2678 2802 2678 3109 3083 3110 2808 3100 2808 3110 2834 2837 2808 3087 2837 2851 2865 2501 2837 3048 2501 3102 2886 2890 2501 3103 2890 2905 2918 2890 3039 2934 2918 2929 3026 3111 2948 2980 2948 3111</p>
        </triangles>
      </mesh>
    </geometry>
  </library_geometries>

  <library_visual_scenes>
    <visual_scene id="ID1">
      <node id="ID2" name="Airy with mount Copy 1">
        <node>
          <matrix>1 0 0 0 0 1 0 0 0 0 1 0 0 0 0 1</matrix>
          <instance_node url="#ID3"/>
        </node>
      </node>
    </visual_scene>
  </library_visual_scenes>

  <scene>
    <instance_visual_scene url="#ID1"/>
  </scene>

  <library_nodes>
    <node id="ID4" name="Part 1">
      <instance_geometry url="#ID5">
        <bind_material>
          <technique_common>
            <instance_material symbol="ID11" target="#ID11"/>
          </technique_common>
        </bind_material>
      </instance_geometry>
    </node>
    <node id="ID12" name="0350B1底座-logo上移_外发外壳">
      <instance_geometry url="#ID13">
        <bind_material>
          <technique_common>
            <instance_material symbol="ID19" target="#ID19"/>
          </technique_common>
        </bind_material>
      </instance_geometry>
    </node>
    <node id="ID20" name="RS-D103-0092-00_防护罩_外发防护罩">
      <instance_geometry url="#ID21">
        <bind_material>
          <technique_common>
            <instance_material symbol="ID19" target="#ID19"/>
          </technique_common>
        </bind_material>
      </instance_geometry>
    </node>
    <node id="ID3" name="0350外壳+FOV &lt;1>">
      <node>
        <matrix>-7.77156e-16 -1 0 -0.0921104 1 -7.77156e-16 0 0.000859081 0 0 1 1.38778e-17 0 0 0 1</matrix>
        <instance_node url="#ID4"/>
      </node>
      <node>
        <matrix>8.88178e-16 1 0 -0.0672104 -1 8.88178e-16 0 0.000859081 0 0 1 1.57454e-17 0 0 0 1</matrix>
        <instance_node url="#ID12"/>
      </node>
      <node>
        <matrix>-1.52983e-16 1 -6.10623e-16 -0.067206 -8.62817e-32 3.88578e-16 1 0.000859081 1 1.52983e-16 0 9.91129e-18 0 0 0 1</matrix>
        <instance_node url="#ID20"/>
      </node>
    </node>
  </library_nodes>

</COLLADA>
