<?xml version="1.0" encoding="UTF-8" standalone="no" ?>
<COLLADA version="1.4.1" xmlns="http://www.collada.org/2005/11/COLLADASchema">

  <asset>
    <contributor>
      <authoring_tool>ONSHAPE BY PTC INC, 1.201</authoring_tool>
    </contributor>
    <created>2025-07-22T16:15:49</created>
    <modified>2025-07-22T16:15:49</modified>
    <unit meter="1" name="meters"/>
    <up_axis>Z_UP</up_axis>
  </asset>

  <library_materials>
    <material id="ID10" name="ID10">
      <instance_effect url="#ID10-fx"/>
    </material>
    <material id="ID32" name="ID32">
      <instance_effect url="#ID32-fx"/>
    </material>
  </library_materials>

  <library_effects>
    <effect id="ID10-fx" name="ID10">
      <profile_COMMON>
        <technique sid="COMMON">
          <lambert>
            <diffuse>
              <color sid="diffuse">0.34902 0.372549 0.4 1</color>
            </diffuse>
            <transparent opaque="A_ONE">
              <color sid="transparent">1 1 1 1</color>
            </transparent>
            <transparency>
              <float sid="transparency">1</float>
            </transparency>
          </lambert>
        </technique>
        <extra>
          <technique profile="OTHER">
            <double_sided>1</double_sided>
          </technique>
        </extra>
      </profile_COMMON>
    </effect>
    <effect id="ID32-fx" name="ID32">
      <profile_COMMON>
        <technique sid="COMMON">
          <lambert>
            <diffuse>
              <color sid="diffuse">0.258824 0.278431 0.301961 1</color>
            </diffuse>
            <transparent opaque="A_ONE">
              <color sid="transparent">1 1 1 1</color>
            </transparent>
            <transparency>
              <float sid="transparency">1</float>
            </transparency>
          </lambert>
        </technique>
        <extra>
          <technique profile="OTHER">
            <double_sided>1</double_sided>
          </technique>
        </extra>
      </profile_COMMON>
    </effect>
  </library_effects>

  <library_geometries>
    <geometry id="ID4">
      <mesh>
        <source id="ID5">
          <float_array count="1272" id="ID6">0.000123869 -0.00149488 0 -0.000123869 -0.00149488 0.05 -0.000123869 -0.00149488 0 0.0015 2.75546e-19 0.05 0.0015 2.75546e-19 0 0.00147954 0.000246892 0 -0.000368228 -0.0014541 0 -0.000368228 -0.0014541 0.05 -0.000602543 -0.00137366 0.05 -0.000602543 -0.00137366 0 -0.000820422 -0.00125575 0.05 -0.000820422 -0.00125575 0 -0.00101592 -0.00110359 0 -0.00101592 -0.00110359 0.05 -0.00118371 -0.000921319 0.05 -0.00118371 -0.000921319 0 -0.00131921 -0.000713921 0.05 -0.00131921 -0.000713921 0 -0.00141873 -0.000487049 0 -0.00141873 -0.000487049 0.05 -0.00147954 -0.000246892 0.05 -0.00147954 -0.000246892 0 -0.0015 -2.75546e-19 0.05 -0.0015 -2.75546e-19 0 0.000123869 -0.00149488 0.05 0.000368228 -0.0014541 0 0.000368228 -0.0014541 0.05 0.000602543 -0.00137366 0 0.000602543 -0.00137366 0.05 0.000820422 -0.00125575 0.05 0.000820422 -0.00125575 0 0.00101592 -0.00110359 0 0.00101592 -0.00110359 0.05 0.00118371 -0.000921319 0 0.00118371 -0.000921319 0.05 0.00131921 -0.000713921 0.05 0.00131921 -0.000713921 0 0.00141873 -0.000487049 0 0.00141873 -0.000487049 0.05 0.00147954 -0.000246892 0 0.00147954 -0.000246892 0.05 0.00141873 0.000487049 0.05 0.00147954 0.000246892 0.05 0.00141873 0.000487049 0 0.00101592 0.00110359 0.05 0.00118371 0.000921319 0.05 0.00101592 0.00110359 0 0.00131921 0.000713921 0.05 0.00131921 0.000713921 0 0.00118371 0.000921319 0 0.000602543 0.00137366 0.05 0.000368228 0.0014541 0 0.000368228 0.0014541 0.05 0.000820422 0.00125575 0 0.000602543 0.00137366 0 0.000820422 0.00125575 0.05 -0.000368228 0.0014541 0 -0.000368228 0.0014541 0.05 -0.000123869 0.00149488 0.05 -0.000123869 0.00149488 0 0.000123869 0.00149488 0.05 0.000123869 0.00149488 0 -0.00101592 0.00110359 0.05 -0.000820422 0.00125575 0.05 -0.00101592 0.00110359 0 -0.000602543 0.00137366 0.05 -0.000602543 0.00137366 0 -0.000820422 0.00125575 0 -0.00131921 0.000713921 0 -0.00118371 0.000921319 0.05 -0.00118371 0.000921319 0 -0.00141873 0.000487049 0 -0.00131921 0.000713921 0.05 -0.00141873 0.000487049 0.05 -0.00147954 0.000246892 0 -0.00147954 0.000246892 0.05 -0.000461737 -0.00497859 0.05 -1.40784e-06 -0.00499991 0.05 -1.40784e-06 -0.00499991 0 0.005 9.18485e-19 0.05 0.00497848 0.000462664 0 0.005 9.18485e-19 0 -0.000461737 -0.00497859 0 -0.000919943 -0.00491458 0.05 -0.000919943 -0.00491458 0 -0.00136924 -0.00480876 0.05 -0.00180706 -0.004662 0.05 -0.00136924 -0.00480876 0 -0.00180706 -0.004662 0 -0.00222983 -0.00447512 0.05 -0.00222983 -0.00447512 0 -0.00263262 -0.00425079 0.05 -0.00301426 -0.00398913 0.05 -0.00263262 -0.00425079 0 -0.00301426 -0.00398913 0 -0.00336856 -0.00369497 0.05 -0.00336856 -0.00369497 0 -0.00369591 -0.00336741 0.05 -0.00399038 -0.00301268 0.05 -0.00369591 -0.00336741 0 -0.00399038 -0.00301268 0 -0.00425165 -0.00263115 0.05 -0.00425165 -0.00263115 0 -0.00447621 -0.00222766 0.05 -0.00466264 -0.00180542 0.05 -0.00447621 -0.00222766 0 -0.00466264 -0.00180542 0 -0.00480939 -0.00136696 0.05 -0.00480939 -0.00136696 0 -0.00491494 -0.000918317 0.05 -0.00497848 -0.000462664 0.05 -0.00491494 -0.000918317 0 -0.00497848 -0.000462664 0 -0.005 -9.18485e-19 0.05 -0.005 -9.18485e-19 0 0.000461122 -0.00497869 0 0.000461122 -0.00497869 0.05 0.000917319 -0.00491502 0 0.00136769 -0.00480929 0 0.000917319 -0.00491502 0.05 0.00136769 -0.00480929 0.05 0.00180499 -0.00466271 0 0.00180499 -0.00466271 0.05 0.00222777 -0.00447623 0 0.00263137 -0.00425146 0 0.00222777 -0.00447623 0.05 0.00263137 -0.00425146 0.05 0.00301211 -0.00399081 0 0.00301211 -0.00399081 0.05 0.00336831 -0.00369517 0 0.00369401 -0.00336947 0 0.00336831 -0.00369517 0.05 0.00369401 -0.00336947 0.05 0.00398988 -0.00301343 0 0.00398988 -0.00301343 0.05 0.00425025 -0.0026333 0 0.00447547 -0.00222935 0 0.00425025 -0.0026333 0.05 0.00447547 -0.00222935 0.05 0.00466183 -0.00180728 0 0.00466183 -0.00180728 0.05 0.00480879 -0.00136935 0 0.00491465 -0.000919451 0 0.00480879 -0.00136935 0.05 0.00491465 -0.000919451 0.05 0.00497848 -0.000462664 0 0.00497848 -0.000462664 0.05 0.00491494 0.000918317 0.05 0.00491494 0.000918317 0 0.00497848 0.000462664 0.05 0.00447621 0.00222766 0.05 0.00447621 0.00222766 0 0.00466264 0.00180542 0.05 0.00480939 0.00136696 0.05 0.00466264 0.00180542 0 0.00480939 0.00136696 0 0.00399038 0.00301268 0.05 0.00369591 0.00336741 0.05 0.00369591 0.00336741 0 0.00425165 0.00263115 0 0.00425165 0.00263115 0.05 0.00399038 0.00301268 0 0.00263262 0.00425079 0 0.00301426 0.00398913 0.05 0.00263262 0.00425079 0.05 0.00301426 0.00398913 0 0.00336856 0.00369497 0 0.00336856 0.00369497 0.05 0.00136924 0.00480876 0.05 0.00136924 0.00480876 0 0.00180706 0.004662 0.05 0.00222983 0.00447512 0.05 0.00180706 0.004662 0 0.00222983 0.00447512 0 0.000461737 0.00497859 0.05 1.40784e-06 0.00499991 0.05 1.40784e-06 0.00499991 0 0.000919943 0.00491458 0 0.000919943 0.00491458 0.05 0.000461737 0.00497859 0 -0.00136769 0.00480929 0 -0.000917319 0.00491502 0.05 -0.00136769 0.00480929 0.05 -0.000917319 0.00491502 0 -0.000461122 0.00497869 0 -0.000461122 0.00497869 0.05 -0.00263137 0.00425146 0.05 -0.00263137 0.00425146 0 -0.00222777 0.00447623 0.05 -0.00180499 0.00466271 0.05 -0.00222777 0.00447623 0 -0.00180499 0.00466271 0 -0.00336831 0.00369517 0.05 -0.00369401 0.00336947 0.05 -0.00369401 0.00336947 0 -0.00301211 0.00399081 0 -0.00301211 0.00399081 0.05 -0.00336831 0.00369517 0 -0.00398988 0.00301343 0.05 -0.00398988 0.00301343 0 -0.00425025 0.0026333 0 -0.00425025 0.0026333 0.05 -0.00447547 0.00222935 0.05 -0.00447547 0.00222935 0 -0.00466183 0.00180728 0.05 -0.00466183 0.00180728 0 -0.00480879 0.00136935 0 -0.00480879 0.00136935 0.05 -0.00491465 0.000919451 0.05 -0.00491465 0.000919451 0 -0.00497848 0.000462664 0.05 -0.00497848 0.000462664 0 -0.00336831 0.00369517 0.05 -0.00101592 0.00110359 0.05 -0.00369401 0.00336947 0.05 -0.000123869 0.00149488 0.05 -0.000461122 0.00497869 0.05 1.40784e-06 0.00499991 0.05 0.000602543 0.00137366 0.05 0.00180706 0.004662 0.05 0.00222983 0.00447512 0.05 0.000919943 0.00491458 0.05 0.000368228 0.0014541 0.05 0.000123869 0.00149488 0.05 0.00136924 0.00480876 0.05 0.000820422 0.00125575 0.05 0.00263262 0.00425079 0.05 0.000461737 0.00497859 0.05 0.00336856 0.00369497 0.05 0.00369591 0.00336741 0.05 0.00101592 0.00110359 0.05 0.00301426 0.00398913 0.05 -0.000602543 0.00137366 0.05 -0.00180499 0.00466271 0.05 -0.000368228 0.0014541 0.05 -0.00136769 0.00480929 0.05 -0.000917319 0.00491502 0.05 0.00399038 0.00301268 0.05 0.00118371 0.000921319 0.05 -0.00222777 0.00447623 0.05 -0.000820422 0.00125575 0.05 -0.00263137 0.00425146 0.05 0.00131921 0.000713921 0.05 0.00425165 0.00263115 0.05 0.00447621 0.00222766 0.05 0.00466264 0.00180542 0.05 -0.00301211 0.00399081 0.05 0.00147954 0.000246892 0.05 0.00141873 0.000487049 0.05 0.00480939 0.00136696 0.05 0.00497848 -0.000462664 0.05 0.0015 2.75546e-19 0.05 0.005 9.18485e-19 0.05 0.00491494 0.000918317 0.05 0.00497848 0.000462664 0.05 -0.00466183 0.00180728 0.05 -0.00447547 0.00222935 0.05 -0.00141873 0.000487049 0.05 0.00147954 -0.000246892 0.05 0.00141873 -0.000487049 0.05 0.00480879 -0.00136935 0.05 0.00466183 -0.00180728 0.05 0.00131921 -0.000713921 0.05 0.00447547 -0.00222935 0.05 0.00425025 -0.0026333 0.05 -0.0015 -2.75546e-19 0.05 -0.005 -9.18485e-19 0.05 -0.00497848 0.000462664 0.05 -0.00466264 -0.00180542 0.05 -0.00131921 -0.000713921 0.05 -0.00447621 -0.00222766 0.05 -0.00147954 -0.000246892 0.05 -0.00141873 -0.000487049 0.05 -0.00480939 -0.00136696 0.05 -0.00425165 -0.00263115 0.05 -0.00263262 -0.00425079 0.05 -0.00301426 -0.00398913 0.05 -0.000820422 -0.00125575 0.05 0.00263137 -0.00425146 0.05 0.000820422 -0.00125575 0.05 0.00301211 -0.00399081 0.05 -0.000602543 -0.00137366 0.05 -0.00222983 -0.00447512 0.05 -0.00136924 -0.00480876 0.05 -0.000368228 -0.0014541 0.05 -0.000919943 -0.00491458 0.05 -0.00180706 -0.004662 0.05 0.000123869 -0.00149488 0.05 0.000917319 -0.00491502 0.05 0.000461122 -0.00497869 0.05 -0.000123869 -0.00149488 0.05 -0.000461737 -0.00497859 0.05 -1.40784e-06 -0.00499991 0.05 0.000368228 -0.0014541 0.05 0.00136769 -0.00480929 0.05 0.000602543 -0.00137366 0.05 0.00222777 -0.00447623 0.05 0.00180499 -0.00466271 0.05 -0.00101592 -0.00110359 0.05 -0.00336856 -0.00369497 0.05 -0.00369591 -0.00336741 0.05 -0.00399038 -0.00301268 0.05 -0.00118371 -0.000921319 0.05 0.00369401 -0.00336947 0.05 0.00101592 -0.00110359 0.05 0.00118371 -0.000921319 0.05 0.00336831 -0.00369517 0.05 0.00398988 -0.00301343 0.05 -0.00497848 -0.000462664 0.05 -0.00491494 -0.000918317 0.05 -0.00480879 0.00136935 0.05 -0.00147954 0.000246892 0.05 -0.00491465 0.000919451 0.05 0.00491465 -0.000919451 0.05 -0.00118371 0.000921319 0.05 -0.00131921 0.000713921 0.05 -0.00425025 0.0026333 0.05 -0.00398988 0.00301343 0.05 -0.00336831 0.00369517 0 -0.00369401 0.00336947 0 -0.00101592 0.00110359 0 -0.000123869 0.00149488 0 1.40784e-06 0.00499991 0 -0.000461122 0.00497869 0 0.000602543 0.00137366 0 0.00222983 0.00447512 0 0.00180706 0.004662 0 0.000919943 0.00491458 0 0.000123869 0.00149488 0 0.000368228 0.0014541 0 0.00136924 0.00480876 0 0.000820422 0.00125575 0 0.00263262 0.00425079 0 0.000461737 0.00497859 0 0.00336856 0.00369497 0 0.00101592 0.00110359 0 0.00369591 0.00336741 0 0.00301426 0.00398913 0 -0.000602543 0.00137366 0 -0.000368228 0.0014541 0 -0.00180499 0.00466271 0 -0.000917319 0.00491502 0 -0.00136769 0.00480929 0 0.00399038 0.00301268 0 0.00118371 0.000921319 0 -0.00222777 0.00447623 0 -0.00263137 0.00425146 0 -0.000820422 0.00125575 0 0.00131921 0.000713921 0 0.00425165 0.00263115 0 0.00466264 0.00180542 0 0.00447621 0.00222766 0 -0.00301211 0.00399081 0 0.00147954 0.000246892 0 0.00480939 0.00136696 0 0.00141873 0.000487049 0 0.00497848 -0.000462664 0 0.005 9.18485e-19 0 0.0015 2.75546e-19 0 0.00497848 0.000462664 0 0.00491494 0.000918317 0 -0.00466183 0.00180728 0 -0.00141873 0.000487049 0 -0.00447547 0.00222935 0 0.00147954 -0.000246892 0 0.00141873 -0.000487049 0 0.00466183 -0.00180728 0 0.00480879 -0.00136935 0 0.00131921 -0.000713921 0 0.00425025 -0.0026333 0 0.00447547 -0.00222935 0 -0.0015 -2.75546e-19 0 -0.00497848 0.000462664 0 -0.005 -9.18485e-19 0 -0.00466264 -0.00180542 0 -0.00447621 -0.00222766 0 -0.00131921 -0.000713921 0 -0.00147954 -0.000246892 0 -0.00480939 -0.00136696 0 -0.00141873 -0.000487049 0 -0.00425165 -0.00263115 0 -0.00263262 -0.00425079 0 -0.000820422 -0.00125575 0 -0.00301426 -0.00398913 0 0.00263137 -0.00425146 0 0.00301211 -0.00399081 0 0.000820422 -0.00125575 0 -0.000602543 -0.00137366 0 -0.00222983 -0.00447512 0 -0.00136924 -0.00480876 0 -0.000919943 -0.00491458 0 -0.000368228 -0.0014541 0 -0.00180706 -0.004662 0 0.000123869 -0.00149488 0 0.000461122 -0.00497869 0 0.000917319 -0.00491502 0 -0.000461737 -0.00497859 0 -0.000123869 -0.00149488 0 -1.40784e-06 -0.00499991 0 0.00136769 -0.00480929 0 0.000368228 -0.0014541 0 0.000602543 -0.00137366 0 0.00180499 -0.00466271 0 0.00222777 -0.00447623 0 -0.00101592 -0.00110359 0 -0.00336856 -0.00369497 0 -0.00369591 -0.00336741 0 -0.00399038 -0.00301268 0 -0.00118371 -0.000921319 0 0.00369401 -0.00336947 0 0.00118371 -0.000921319 0 0.00101592 -0.00110359 0 0.00336831 -0.00369517 0 0.00398988 -0.00301343 0 -0.00497848 -0.000462664 0 -0.00491494 -0.000918317 0 -0.00480879 0.00136935 0 -0.00491465 0.000919451 0 -0.00147954 0.000246892 0 0.00491465 -0.000919451 0 -0.00118371 0.000921319 0 -0.00425025 0.0026333 0 -0.00131921 0.000713921 0 -0.00398988 0.00301343 0</float_array>
          <technique_common>
            <accessor count="424" source="#ID6" stride="3">
              <param name="X" type="float"/>
              <param name="Y" type="float"/>
              <param name="Z" type="float"/>
            </accessor>
          </technique_common>
        </source>
        <source id="ID7">
          <float_array count="1272" id="ID8">-0.0825794 0.996584 0 0.0825794 0.996584 0 0.0825794 0.996584 0 -1 8.74228e-08 0 -1 8.74228e-08 0 -0.986361 -0.164595 -0 0.245485 0.9694 0 0.245486 0.9694 0 0.401695 0.915773 0 0.401695 0.915773 0 0.546948 0.837166 0 0.546948 0.837166 0 0.677282 0.735724 0 0.677282 0.735724 0 0.78914 0.614213 0 0.789141 0.614213 0 0.879474 0.475948 0 0.879474 0.475947 0 0.945817 0.324699 0 0.945817 0.3247 0 0.986361 0.164595 0 0.986361 0.164595 0 1 -1.74846e-07 0 1 3.01992e-07 0 -0.0825794 0.996584 0 -0.245486 0.9694 0 -0.245486 0.9694 0 -0.401695 0.915773 0 -0.401695 0.915773 0 -0.546948 0.837167 0 -0.546948 0.837167 0 -0.677282 0.735724 0 -0.677282 0.735724 0 -0.78914 0.614213 0 -0.78914 0.614213 0 -0.879474 0.475947 0 -0.879474 0.475947 0 -0.945817 0.324699 0 -0.945817 0.324699 0 -0.986361 0.164595 0 -0.986361 0.164595 0 -0.945817 -0.3247 -0 -0.986361 -0.164595 -0 -0.945817 -0.324699 -0 -0.677282 -0.735724 -0 -0.789141 -0.614213 -0 -0.677282 -0.735724 -0 -0.879474 -0.475947 -0 -0.879474 -0.475947 -0 -0.78914 -0.614213 -0 -0.401695 -0.915773 -0 -0.245485 -0.9694 -0 -0.245485 -0.9694 -0 -0.546948 -0.837166 -0 -0.401695 -0.915773 -0 -0.546948 -0.837166 -0 0.245485 -0.9694 0 0.245485 -0.9694 0 0.0825794 -0.996584 0 0.0825794 -0.996584 0 -0.0825794 -0.996584 -0 -0.0825792 -0.996584 -0 0.677282 -0.735724 0 0.546948 -0.837166 0 0.677282 -0.735724 0 0.401695 -0.915773 0 0.401695 -0.915773 0 0.546948 -0.837166 0 0.879474 -0.475947 0 0.789141 -0.614213 0 0.789141 -0.614213 0 0.945817 -0.324699 0 0.879474 -0.475947 0 0.945817 -0.324699 0 0.986361 -0.164595 0 0.986361 -0.164595 0 -0.0922687 -0.995734 0 -1.19249e-08 -1 0 -1.19249e-08 -1 0 1 -8.74228e-08 0 0.995734 0.0922683 0 1 -8.74228e-08 0 -0.0922687 -0.995734 0 -0.18375 -0.982973 0 -0.183749 -0.982973 0 -0.273663 -0.961826 0 -0.361241 -0.932472 0 -0.273663 -0.961826 0 -0.361242 -0.932472 0 -0.445738 -0.895163 0 -0.445738 -0.895163 0 -0.526432 -0.850217 0 -0.602634 -0.798017 0 -0.526432 -0.850217 0 -0.602635 -0.798017 0 -0.673696 -0.739009 0 -0.673696 -0.739009 0 -0.739009 -0.673695 0 -0.798017 -0.602635 0 -0.739009 -0.673695 0 -0.798017 -0.602635 0 -0.850217 -0.526432 0 -0.850217 -0.526432 0 -0.895163 -0.445738 0 -0.932472 -0.361242 0 -0.895163 -0.445738 0 -0.932472 -0.361242 0 -0.961826 -0.273663 0 -0.961826 -0.273663 0 -0.982973 -0.18375 0 -0.995734 -0.0922685 0 -0.982973 -0.183749 0 -0.995734 -0.0922685 0 -1 1.74846e-07 0 -1 -3.01992e-07 0 0.0922686 -0.995734 0 0.0922686 -0.995734 0 0.18375 -0.982973 0 0.273663 -0.961826 0 0.18375 -0.982973 0 0.273663 -0.961826 0 0.361241 -0.932472 0 0.361242 -0.932472 0 0.445738 -0.895163 0 0.526432 -0.850217 0 0.445738 -0.895163 0 0.526432 -0.850217 0 0.602634 -0.798017 0 0.602634 -0.798017 0 0.673696 -0.739009 0 0.739009 -0.673696 0 0.673696 -0.739009 0 0.739009 -0.673696 0 0.798017 -0.602635 0 0.798017 -0.602635 0 0.850217 -0.526432 0 0.895163 -0.445738 0 0.850217 -0.526432 0 0.895163 -0.445738 0 0.932472 -0.361242 0 0.932472 -0.361242 0 0.961826 -0.273663 0 0.982973 -0.183749 0 0.961826 -0.273663 0 0.982973 -0.18375 0 0.995734 -0.0922685 0 0.995734 -0.0922685 0 0.982973 0.18375 0 0.982973 0.18375 0 0.995734 0.0922686 0 0.895163 0.445738 0 0.895163 0.445738 0 0.932472 0.361242 0 0.961826 0.273663 0 0.932472 0.361242 0 0.961826 0.273663 0 0.798017 0.602635 0 0.739009 0.673696 0 0.739009 0.673696 0 0.850217 0.526432 0 0.850217 0.526432 0 0.798017 0.602635 0 0.526432 0.850217 0 0.602635 0.798017 0 0.526432 0.850217 0 0.602634 0.798017 0 0.673696 0.739009 0 0.673696 0.739009 0 0.273663 0.961826 0 0.273663 0.961826 0 0.361242 0.932472 0 0.445739 0.895163 0 0.361242 0.932472 0 0.445738 0.895163 0 0.0922685 0.995734 0 4.37114e-08 1 0 4.37114e-08 1 0 0.18375 0.982973 0 0.18375 0.982973 0 0.0922683 0.995734 0 -0.273663 0.961826 0 -0.183749 0.982973 0 -0.273663 0.961826 0 -0.18375 0.982973 0 -0.0922684 0.995734 0 -0.0922684 0.995734 0 -0.526432 0.850217 0 -0.526432 0.850217 0 -0.445738 0.895163 0 -0.361242 0.932472 0 -0.445738 0.895163 0 -0.361242 0.932472 0 -0.673696 0.739009 0 -0.739009 0.673696 0 -0.739009 0.673696 0 -0.602635 0.798017 0 -0.602635 0.798017 0 -0.673696 0.739009 0 -0.798017 0.602635 0 -0.798017 0.602635 0 -0.850217 0.526432 0 -0.850217 0.526432 0 -0.895163 0.445738 0 -0.895163 0.445738 0 -0.932472 0.361242 0 -0.932472 0.361242 0 -0.961826 0.273663 0 -0.961826 0.273663 0 -0.982973 0.18375 0 -0.982973 0.18375 0 -0.995734 0.0922684 0 -0.995734 0.0922684 0 0 0 1 0 0 1 0 0 1 0 0 1 0 0 1 0 0 1 0 0 1 0 0 1 0 0 1 0 0 1 0 0 1 0 0 1 0 0 1 0 0 1 0 0 1 0 0 1 0 0 1 0 0 1 0 0 1 0 0 1 0 0 1 0 0 1 0 0 1 0 0 1 0 0 1 0 0 1 0 0 1 0 0 1 0 0 1 0 0 1 0 0 1 0 0 1 0 0 1 0 0 1 0 0 1 0 0 1 0 0 1 0 0 1 0 0 1 0 0 1 0 0 1 0 0 1 0 0 1 0 0 1 0 0 1 0 0 1 0 0 1 0 0 1 0 0 1 0 0 1 0 0 1 0 0 1 0 0 1 0 0 1 0 0 1 0 0 1 0 0 1 0 0 1 0 0 1 0 0 1 0 0 1 0 0 1 0 0 1 0 0 1 0 0 1 0 0 1 0 0 1 0 0 1 0 0 1 0 0 1 0 0 1 0 0 1 0 0 1 0 0 1 0 0 1 0 0 1 0 0 1 0 0 1 0 0 1 0 0 1 0 0 1 0 0 1 0 0 1 0 0 1 0 0 1 0 0 1 0 0 1 0 0 1 0 0 1 0 0 1 0 0 1 0 0 1 0 0 1 0 0 1 0 0 1 0 0 1 0 0 1 0 0 1 0 0 1 0 0 1 0 0 1 0 0 1 0 0 1 0 0 1 0 0 1 0 0 1 -0 -0 -1 -0 -0 -1 -0 -0 -1 -0 -0 -1 -0 -0 -1 -0 -0 -1 -0 -0 -1 -0 -0 -1 -0 -0 -1 -0 -0 -1 -0 -0 -1 -0 -0 -1 -0 -0 -1 -0 -0 -1 -0 -0 -1 -0 -0 -1 -0 -0 -1 -0 -0 -1 -0 -0 -1 -0 -0 -1 -0 -0 -1 -0 -0 -1 -0 -0 -1 -0 -0 -1 -0 -0 -1 -0 -0 -1 -0 -0 -1 -0 -0 -1 -0 -0 -1 -0 -0 -1 -0 -0 -1 -0 -0 -1 -0 -0 -1 -0 -0 -1 -0 -0 -1 -0 -0 -1 -0 -0 -1 -0 -0 -1 -0 -0 -1 -0 -0 -1 -0 -0 -1 -0 -0 -1 -0 -0 -1 -0 -0 -1 -0 -0 -1 -0 -0 -1 -0 -0 -1 -0 -0 -1 -0 -0 -1 -0 -0 -1 -0 -0 -1 -0 -0 -1 -0 -0 -1 -0 -0 -1 -0 -0 -1 -0 -0 -1 -0 -0 -1 -0 -0 -1 -0 -0 -1 -0 -0 -1 -0 -0 -1 -0 -0 -1 -0 -0 -1 -0 -0 -1 -0 -0 -1 -0 -0 -1 -0 -0 -1 -0 -0 -1 -0 -0 -1 -0 -0 -1 -0 -0 -1 -0 -0 -1 -0 -0 -1 -0 -0 -1 -0 -0 -1 -0 -0 -1 -0 -0 -1 -0 -0 -1 -0 -0 -1 -0 -0 -1 -0 -0 -1 -0 -0 -1 -0 -0 -1 -0 -0 -1 -0 -0 -1 -0 -0 -1 -0 -0 -1 -0 -0 -1 -0 -0 -1 -0 -0 -1 -0 -0 -1 -0 -0 -1 -0 -0 -1 -0 -0 -1 -0 -0 -1 -0 -0 -1 -0 -0 -1 -0 -0 -1 -0 -0 -1 -0 -0 -1 -0 -0 -1 -0 -0 -1 -0 -0 -1 -0 -0 -1 -0 -0 -1 -0 -0 -1</float_array>
          <technique_common>
            <accessor count="424" source="#ID8" stride="3">
              <param name="X" type="float"/>
              <param name="Y" type="float"/>
              <param name="Z" type="float"/>
            </accessor>
          </technique_common>
        </source>
        <vertices id="ID9">
          <input semantic="POSITION" source="#ID5"/>
          <input semantic="NORMAL" source="#ID7"/>
        </vertices>
        <triangles count="424" material="ID10">
          <input offset="0" semantic="VERTEX" source="#ID9"/>
          <p>0 2 1 3 5 4 6 7 2 1 2 7 8 6 9 6 8 7 9 11 10 10 8 9 12 13 11 10 11 13 14 12 15 12 14 13 15 17 16 16 14 15 18 19 17 16 17 19 20 18 21 18 20 19 22 20 21 22 21 23 1 24 0 25 24 26 24 25 0 26 28 27 27 25 26 29 30 28 27 28 30 31 29 32 29 31 30 32 34 33 33 31 32 35 36 34 33 34 36 37 35 38 35 37 36 38 40 39 39 37 38 39 40 4 41 43 42 40 3 4 44 46 45 47 49 48 50 52 51 53 55 54 56 58 57 59 61 60 62 64 63 65 67 66 68 70 69 62 69 70 68 72 71 72 68 69 73 74 71 71 72 73 23 74 75 73 75 74 22 23 75 63 64 67 62 70 64 65 66 57 63 67 65 56 59 58 66 56 57 61 52 60 59 60 58 54 50 51 51 52 61 44 55 53 55 50 54 45 46 49 44 53 46 47 48 41 45 49 47 43 5 42 48 43 41 3 42 5 76 78 77 79 81 80 76 83 82 82 78 76 84 83 85 83 84 82 86 87 85 84 85 87 86 89 88 88 87 86 90 89 91 89 90 88 92 93 91 90 91 93 92 95 94 94 93 92 96 95 97 95 96 94 98 99 97 96 97 99 98 101 100 100 99 98 102 101 103 101 102 100 104 105 103 102 103 105 104 107 106 106 105 104 108 107 109 107 108 106 110 111 109 108 109 111 110 113 112 112 111 110 113 114 112 115 77 78 116 115 117 115 116 77 118 119 117 116 117 119 118 121 120 120 119 118 122 121 123 121 122 120 124 125 123 122 123 125 124 127 126 126 125 124 128 127 129 127 128 126 130 131 129 128 129 131 130 133 132 132 131 130 134 133 135 133 134 132 136 137 135 134 135 137 136 139 138 138 137 136 140 139 141 139 140 138 142 143 141 140 141 143 142 145 144 144 143 142 146 145 81 145 146 144 147 149 148 146 81 79 150 152 151 153 155 154 156 158 157 159 161 160 162 164 163 165 167 166 168 170 169 171 173 172 174 176 175 177 179 178 180 182 181 183 185 184 186 188 187 189 191 190 192 194 193 195 197 196 198 193 199 194 199 193 200 201 198 198 199 200 201 203 202 203 201 200 204 202 205 203 205 202 206 207 204 204 205 206 207 209 208 209 207 206 210 208 211 209 211 208 114 113 210 210 211 114 197 192 196 197 194 192 186 187 195 186 195 196 188 189 190 188 190 187 191 182 180 189 182 191 183 181 185 180 181 183 176 184 175 184 185 175 178 179 174 179 176 174 168 169 177 168 177 178 170 171 172 170 172 169 173 164 162 171 164 173 165 163 167 162 163 165 158 166 157 166 167 157 160 161 156 161 158 156 150 151 159 150 159 160 152 153 154 152 154 151 155 147 148 153 147 155 80 149 79 148 149 80 212 214 213 215 217 216 218 220 219 221 223 222 222 219 224 225 226 220 223 227 217 228 230 229 231 225 230 232 234 233 234 236 235 237 229 238 239 232 233 239 241 240 242 243 238 242 245 244 241 246 240 213 246 212 247 249 248 250 252 251 247 254 253 255 257 256 250 251 258 259 261 260 262 264 263 265 267 266 268 270 269 271 273 272 236 215 216 269 270 274 275 277 276 278 280 279 281 277 282 283 285 284 284 286 283 287 289 288 285 291 290 289 287 292 290 291 292 288 294 293 281 282 286 295 297 296 293 297 295 298 299 276 298 300 299 279 296 278 301 302 274 300 302 301 303 305 304 303 304 306 268 272 273 307 305 303 262 305 264 305 307 264 266 308 265 271 308 309 259 263 261 262 263 259 310 312 311 312 267 311 250 258 313 313 258 260 314 316 315 315 316 256 252 254 251 214 317 314 259 260 258 255 310 257 304 279 280 304 280 306 279 295 296 293 294 297 293 287 288 287 290 292 290 284 285 284 281 286 277 275 282 277 298 276 298 302 300 302 269 274 269 272 268 271 309 273 271 265 308 265 311 267 311 257 310 257 315 256 314 317 316 314 213 214 213 240 246 240 232 239 234 235 233 234 215 236 215 223 217 227 223 221 221 222 224 219 222 218 220 218 225 231 226 225 228 231 230 238 229 230 238 243 237 242 244 243 242 248 245 249 247 253 245 248 249 254 247 251 318 320 319 321 323 322 324 326 325 327 329 328 329 330 326 331 325 332 328 322 333 334 336 335 337 335 331 338 340 339 339 342 341 343 344 336 345 340 338 345 347 346 348 344 349 348 351 350 346 347 352 320 318 352 353 355 354 356 358 357 353 360 359 361 363 362 356 364 358 365 367 366 368 370 369 371 373 372 374 376 375 377 379 378 341 323 321 376 380 375 381 383 382 384 386 385 387 388 382 389 391 390 391 389 392 393 395 394 390 397 396 394 398 393 397 398 396 395 400 399 387 392 388 401 403 402 400 401 402 404 383 405 404 405 406 386 384 403 407 380 408 406 407 408 409 411 410 409 412 411 374 378 379 413 409 410 368 369 410 410 369 413 373 371 414 377 415 414 365 366 370 368 365 370 416 418 417 417 418 372 356 419 364 419 367 364 420 422 421 422 363 421 357 358 359 319 420 423 365 364 367 361 362 416 411 385 386 411 412 385 386 403 401 400 402 399 400 395 393 393 398 397 397 390 391 391 392 387 382 388 381 382 383 404 404 406 408 408 380 376 376 374 379 377 378 415 377 414 371 371 372 418 418 416 362 362 363 422 420 421 423 420 319 320 320 352 347 347 345 338 339 340 342 339 341 321 321 322 328 333 327 328 327 330 329 326 324 329 325 331 324 337 331 332 334 335 337 344 335 336 344 343 349 348 349 351 348 350 355 354 360 353 350 354 355 359 358 353</p>
        </triangles>
      </mesh>
    </geometry>
    <geometry id="ID12">
      <mesh>
        <source id="ID13">
          <float_array count="1080" id="ID14">0.000206448 -0.00249146 0 -0.000206448 -0.00249146 0.11 -0.000206448 -0.00249146 0 0.0025 4.59243e-19 0.11 0.0025 4.59243e-19 0 0.0024659 0.000411486 0 -0.000613714 -0.0024235 0 -0.000613714 -0.0024235 0.11 -0.00100424 -0.00228943 0.11 -0.00100424 -0.00228943 0 -0.00136737 -0.00209292 0.11 -0.00136737 -0.00209292 0 -0.0016932 -0.00183931 0 -0.0016932 -0.00183931 0.11 -0.00197285 -0.00153553 0.11 -0.00197285 -0.00153553 0 -0.00219868 -0.00118987 0.11 -0.00219868 -0.00118987 0 -0.00236454 -0.000811749 0 -0.00236454 -0.000811749 0.11 -0.0024659 -0.000411486 0.11 -0.0024659 -0.000411486 0 -0.0025 -4.59243e-19 0.11 -0.0025 -4.59243e-19 0 0.000206448 -0.00249146 0.11 0.000613714 -0.0024235 0 0.000613714 -0.0024235 0.11 0.00100424 -0.00228943 0 0.00100424 -0.00228943 0.11 0.00136737 -0.00209292 0.11 0.00136737 -0.00209292 0 0.0016932 -0.00183931 0 0.0016932 -0.00183931 0.11 0.00197285 -0.00153553 0 0.00197285 -0.00153553 0.11 0.00219868 -0.00118987 0.11 0.00219868 -0.00118987 0 0.00236454 -0.000811749 0 0.00236454 -0.000811749 0.11 0.0024659 -0.000411486 0 0.0024659 -0.000411486 0.11 0.00236454 0.000811749 0.11 0.0024659 0.000411486 0.11 0.00236454 0.000811749 0 0.0016932 0.00183931 0.11 0.00197285 0.00153553 0.11 0.0016932 0.00183931 0 0.00219868 0.00118987 0.11 0.00219868 0.00118987 0 0.00197285 0.00153553 0 0.00100424 0.00228943 0.11 0.000613714 0.0024235 0 0.000613714 0.0024235 0.11 0.00136737 0.00209292 0 0.00100424 0.00228943 0 0.00136737 0.00209292 0.11 -0.000613714 0.0024235 0 -0.000613714 0.0024235 0.11 -0.000206448 0.00249146 0.11 -0.000206448 0.00249146 0 0.000206448 0.00249146 0.11 0.000206448 0.00249146 0 -0.0016932 0.00183931 0.11 -0.00136737 0.00209292 0.11 -0.0016932 0.00183931 0 -0.00100424 0.00228943 0.11 -0.00100424 0.00228943 0 -0.00136737 0.00209292 0 -0.00219868 0.00118987 0 -0.00197285 0.00153553 0.11 -0.00197285 0.00153553 0 -0.00236454 0.000811749 0 -0.00219868 0.00118987 0.11 -0.00236454 0.000811749 0.11 -0.0024659 0.000411486 0 -0.0024659 0.000411486 0.11 -1.40784e-06 -0.00499991 0.11 -1.40784e-06 -0.00499991 0 -0.000603837 -0.00496329 0.11 0.005 9.18485e-19 0.11 0.0049634 0.000603612 0 0.005 9.18485e-19 0 -0.000603837 -0.00496329 0 -0.00119672 -0.00485467 0.11 -0.00177399 -0.00467467 0.11 -0.00119672 -0.00485467 0 -0.00177399 -0.00467467 0 -0.00232485 -0.00442652 0.11 -0.00232485 -0.00442652 0 -0.00284101 -0.00411433 0.11 -0.00331593 -0.00374227 0.11 -0.00284101 -0.00411433 0 -0.00331593 -0.00374227 0 -0.00374333 -0.00331465 0.11 -0.00374333 -0.00331465 0 -0.00411562 -0.0028391 0.11 -0.00442747 -0.00232314 0.11 -0.00411562 -0.0028391 0 -0.00442747 -0.00232314 0 -0.00467531 -0.00177237 0.11 -0.00467531 -0.00177237 0 -0.00485496 -0.00119524 0.11 -0.0049634 -0.000603612 0.11 -0.00485496 -0.00119524 0 -0.0049634 -0.000603612 0 -0.005 -9.18485e-19 0.11 -0.005 -9.18485e-19 0 0.000601865 -0.00496362 0 0.00119631 -0.00485474 0 0.000601865 -0.00496362 0.11 0.00119631 -0.00485474 0.11 0.00177172 -0.00467545 0 0.00177172 -0.00467545 0.11 0.00232243 -0.00442783 0 0.00283985 -0.00411523 0 0.00232243 -0.00442783 0.11 0.00283985 -0.00411523 0.11 0.00331502 -0.00374297 0 0.00331502 -0.00374297 0.11 0.00374152 -0.00331661 0 0.00411423 -0.00284124 0 0.00374152 -0.00331661 0.11 0.00411423 -0.00284124 0.11 0.00442714 -0.00232387 0 0.00442714 -0.00232387 0.11 0.00467461 -0.00177397 0 0.00485427 -0.00119795 0 0.00467461 -0.00177397 0.11 0.00485427 -0.00119795 0.11 0.0049634 -0.000603612 0 0.0049634 -0.000603612 0.11 0.00485496 0.00119524 0.11 0.00485496 0.00119524 0 0.0049634 0.000603612 0.11 0.00411562 0.0028391 0.11 0.00411562 0.0028391 0 0.00442747 0.00232314 0.11 0.00467531 0.00177237 0.11 0.00442747 0.00232314 0 0.00467531 0.00177237 0 0.00331593 0.00374227 0.11 0.00284101 0.00411433 0.11 0.00284101 0.00411433 0 0.00374333 0.00331465 0 0.00374333 0.00331465 0.11 0.00331593 0.00374227 0 0.00119672 0.00485467 0 0.00177399 0.00467467 0.11 0.00119672 0.00485467 0.11 0.00177399 0.00467467 0 0.00232485 0.00442652 0 0.00232485 0.00442652 0.11 -0.000601865 0.00496362 0.11 -0.000601865 0.00496362 0 1.40784e-06 0.00499991 0.11 0.000603837 0.00496329 0.11 1.40784e-06 0.00499991 0 0.000603837 0.00496329 0 -0.00177172 0.00467545 0.11 -0.00232243 0.00442783 0.11 -0.00232243 0.00442783 0 -0.00119631 0.00485474 0 -0.00119631 0.00485474 0.11 -0.00177172 0.00467545 0 -0.00374152 0.00331661 0 -0.00331502 0.00374297 0.11 -0.00374152 0.00331661 0.11 -0.00331502 0.00374297 0 -0.00283985 0.00411523 0 -0.00283985 0.00411523 0.11 -0.00411423 0.00284124 0.11 -0.00411423 0.00284124 0 -0.00442714 0.00232387 0.11 -0.00442714 0.00232387 0 -0.00467461 0.00177397 0 -0.00467461 0.00177397 0.11 -0.00485427 0.00119795 0.11 -0.00485427 0.00119795 0 -0.0049634 0.000603612 0.11 -0.0049634 0.000603612 0 -0.0016932 0.00183931 0.11 -0.00374152 0.00331661 0.11 -0.00331502 0.00374297 0.11 0.000206448 0.00249146 0.11 0.000603837 0.00496329 0.11 0.000613714 0.0024235 0.11 0.00177399 0.00467467 0.11 0.00100424 0.00228943 0.11 1.40784e-06 0.00499991 0.11 -0.000206448 0.00249146 0.11 0.00232485 0.00442652 0.11 0.00136737 0.00209292 0.11 -0.00177172 0.00467545 0.11 -0.00119631 0.00485474 0.11 -0.000613714 0.0024235 0.11 -0.000601865 0.00496362 0.11 0.0016932 0.00183931 0.11 0.00374333 0.00331465 0.11 0.00197285 0.00153553 0.11 0.00284101 0.00411433 0.11 0.00411562 0.0028391 0.11 0.00219868 0.00118987 0.11 -0.00100424 0.00228943 0.11 -0.00232243 0.00442783 0.11 0.00236454 0.000811749 0.11 0.00467531 0.00177237 0.11 -0.00136737 0.00209292 0.11 -0.00283985 0.00411523 0.11 0.00485496 0.00119524 0.11 0.0024659 0.000411486 0.11 -0.00442714 0.00232387 0.11 -0.00219868 0.00118987 0.11 -0.00467461 0.00177397 0.11 -0.00197285 0.00153553 0.11 -0.00411423 0.00284124 0.11 0.00236454 -0.000811749 0.11 0.00467461 -0.00177397 0.11 0.00219868 -0.00118987 0.11 -0.0049634 0.000603612 0.11 -0.00485427 0.00119795 0.11 -0.0024659 0.000411486 0.11 -0.00485496 -0.00119524 0.11 -0.0049634 -0.000603612 0.11 -0.0024659 -0.000411486 0.11 -0.00219868 -0.00118987 0.11 -0.00411562 -0.0028391 0.11 -0.00442747 -0.00232314 0.11 0.00411423 -0.00284124 0.11 0.00197285 -0.00153553 0.11 -0.0016932 -0.00183931 0.11 -0.00284101 -0.00411433 0.11 -0.00331593 -0.00374227 0.11 0.00331502 -0.00374297 0.11 0.00283985 -0.00411523 0.11 0.00136737 -0.00209292 0.11 -0.00232485 -0.00442652 0.11 -0.00100424 -0.00228943 0.11 -0.00177399 -0.00467467 0.11 -1.40784e-06 -0.00499991 0.11 -0.000603837 -0.00496329 0.11 -0.000206448 -0.00249146 0.11 0.000601865 -0.00496362 0.11 0.000206448 -0.00249146 0.11 -0.000613714 -0.0024235 0.11 -0.00119672 -0.00485467 0.11 0.00177172 -0.00467545 0.11 0.00119631 -0.00485474 0.11 0.000613714 -0.0024235 0.11 -0.00136737 -0.00209292 0.11 0.00232243 -0.00442783 0.11 0.00100424 -0.00228943 0.11 -0.00197285 -0.00153553 0.11 -0.00374333 -0.00331465 0.11 0.0016932 -0.00183931 0.11 0.00374152 -0.00331661 0.11 -0.00236454 -0.000811749 0.11 -0.00467531 -0.00177237 0.11 0.00442714 -0.00232387 0.11 -0.0025 -4.59243e-19 0.11 -0.005 -9.18485e-19 0.11 0.00485427 -0.00119795 0.11 0.0024659 -0.000411486 0.11 -0.00236454 0.000811749 0.11 0.0049634 0.000603612 0.11 0.005 9.18485e-19 0.11 0.0025 4.59243e-19 0.11 0.0049634 -0.000603612 0.11 0.00119672 0.00485467 0.11 0.00331593 0.00374227 0.11 0.00442747 0.00232314 0.11 -0.0016932 0.00183931 0 -0.00331502 0.00374297 0 -0.00374152 0.00331661 0 0.000206448 0.00249146 0 0.000613714 0.0024235 0 0.000603837 0.00496329 0 0.00177399 0.00467467 0 0.00100424 0.00228943 0 1.40784e-06 0.00499991 0 -0.000206448 0.00249146 0 0.00232485 0.00442652 0 0.00136737 0.00209292 0 -0.00177172 0.00467545 0 -0.000613714 0.0024235 0 -0.00119631 0.00485474 0 -0.000601865 0.00496362 0 0.0016932 0.00183931 0 0.00197285 0.00153553 0 0.00374333 0.00331465 0 0.00284101 0.00411433 0 0.00219868 0.00118987 0 0.00411562 0.0028391 0 -0.00232243 0.00442783 0 -0.00100424 0.00228943 0 0.00236454 0.000811749 0 0.00467531 0.00177237 0 -0.00283985 0.00411523 0 -0.00136737 0.00209292 0 0.0024659 0.000411486 0 0.00485496 0.00119524 0 -0.00442714 0.00232387 0 -0.00467461 0.00177397 0 -0.00219868 0.00118987 0 -0.00411423 0.00284124 0 -0.00197285 0.00153553 0 0.00236454 -0.000811749 0 0.00219868 -0.00118987 0 0.00467461 -0.00177397 0 -0.0049634 0.000603612 0 -0.0024659 0.000411486 0 -0.00485427 0.00119795 0 -0.00485496 -0.00119524 0 -0.0024659 -0.000411486 0 -0.0049634 -0.000603612 0 -0.00219868 -0.00118987 0 -0.00442747 -0.00232314 0 -0.00411562 -0.0028391 0 0.00411423 -0.00284124 0 0.00197285 -0.00153553 0 -0.0016932 -0.00183931 0 -0.00331593 -0.00374227 0 -0.00284101 -0.00411433 0 0.00331502 -0.00374297 0 0.00136737 -0.00209292 0 0.00283985 -0.00411523 0 -0.00232485 -0.00442652 0 -0.00177399 -0.00467467 0 -0.00100424 -0.00228943 0 -1.40784e-06 -0.00499991 0 -0.000206448 -0.00249146 0 -0.000603837 -0.00496329 0 0.000601865 -0.00496362 0 0.000206448 -0.00249146 0 -0.000613714 -0.0024235 0 -0.00119672 -0.00485467 0 0.00177172 -0.00467545 0 0.000613714 -0.0024235 0 0.00119631 -0.00485474 0 -0.00136737 -0.00209292 0 0.00232243 -0.00442783 0 0.00100424 -0.00228943 0 -0.00374333 -0.00331465 0 -0.00197285 -0.00153553 0 0.0016932 -0.00183931 0 0.00374152 -0.00331661 0 -0.00467531 -0.00177237 0 -0.00236454 -0.000811749 0 0.00442714 -0.00232387 0 -0.0025 -4.59243e-19 0 -0.005 -9.18485e-19 0 0.00485427 -0.00119795 0 0.0024659 -0.000411486 0 -0.00236454 0.000811749 0 0.0049634 0.000603612 0 0.0025 4.59243e-19 0 0.005 9.18485e-19 0 0.0049634 -0.000603612 0 0.00119672 0.00485467 0 0.00331593 0.00374227 0 0.00442747 0.00232314 0</float_array>
          <technique_common>
            <accessor count="360" source="#ID14" stride="3">
              <param name="X" type="float"/>
              <param name="Y" type="float"/>
              <param name="Z" type="float"/>
            </accessor>
          </technique_common>
        </source>
        <source id="ID15">
          <float_array count="1080" id="ID16">-0.0825794 0.996584 0 0.0825794 0.996584 0 0.0825794 0.996584 0 -1 8.74228e-08 0 -1 8.74228e-08 0 -0.986361 -0.164595 -0 0.245485 0.9694 0 0.245486 0.9694 0 0.401695 0.915773 0 0.401695 0.915773 0 0.546948 0.837166 0 0.546948 0.837166 0 0.677282 0.735724 0 0.677282 0.735724 0 0.78914 0.614213 0 0.789141 0.614213 0 0.879474 0.475948 0 0.879474 0.475947 0 0.945817 0.324699 0 0.945817 0.3247 0 0.986361 0.164595 0 0.986361 0.164595 0 1 -1.74846e-07 0 1 3.01992e-07 0 -0.0825794 0.996584 0 -0.245486 0.9694 0 -0.245486 0.9694 0 -0.401695 0.915773 0 -0.401695 0.915773 0 -0.546948 0.837167 0 -0.546948 0.837167 0 -0.677282 0.735724 0 -0.677282 0.735724 0 -0.78914 0.614213 0 -0.78914 0.614213 0 -0.879474 0.475947 0 -0.879474 0.475947 0 -0.945817 0.324699 0 -0.945817 0.324699 0 -0.986361 0.164595 0 -0.986361 0.164595 0 -0.945817 -0.3247 -0 -0.986361 -0.164595 -0 -0.945817 -0.324699 -0 -0.677282 -0.735724 -0 -0.789141 -0.614213 -0 -0.677282 -0.735724 -0 -0.879474 -0.475947 -0 -0.879474 -0.475947 -0 -0.78914 -0.614213 -0 -0.401695 -0.915773 -0 -0.245485 -0.9694 -0 -0.245485 -0.9694 -0 -0.546948 -0.837166 -0 -0.401695 -0.915773 -0 -0.546948 -0.837166 -0 0.245485 -0.9694 0 0.245485 -0.9694 0 0.0825794 -0.996584 0 0.0825794 -0.996584 0 -0.0825794 -0.996584 -0 -0.0825792 -0.996584 -0 0.677282 -0.735724 0 0.546948 -0.837166 0 0.677282 -0.735724 0 0.401695 -0.915773 0 0.401695 -0.915773 0 0.546948 -0.837166 0 0.879474 -0.475947 0 0.789141 -0.614213 0 0.789141 -0.614213 0 0.945817 -0.324699 0 0.879474 -0.475947 0 0.945817 -0.324699 0 0.986361 -0.164595 0 0.986361 -0.164595 0 -1.19249e-08 -1 0 -1.19249e-08 -1 0 -0.120537 -0.992709 0 1 -8.74228e-08 0 0.992709 0.120537 0 1 -8.74228e-08 0 -0.120537 -0.992709 0 -0.239316 -0.970942 0 -0.354605 -0.935016 0 -0.239315 -0.970942 0 -0.354605 -0.935016 0 -0.464723 -0.885456 0 -0.464723 -0.885456 0 -0.568065 -0.822984 0 -0.663123 -0.748511 0 -0.568065 -0.822984 0 -0.663123 -0.748511 0 -0.748511 -0.663123 0 -0.748511 -0.663123 0 -0.822984 -0.568065 0 -0.885456 -0.464723 0 -0.822984 -0.568065 0 -0.885456 -0.464723 0 -0.935016 -0.354605 0 -0.935016 -0.354605 0 -0.970942 -0.239316 0 -0.992709 -0.120537 0 -0.970942 -0.239316 0 -0.992709 -0.120537 0 -1 1.74846e-07 0 -1 -3.01992e-07 0 0.120537 -0.992709 0 0.239316 -0.970942 0 0.120537 -0.992709 0 0.239316 -0.970942 0 0.354605 -0.935016 0 0.354605 -0.935016 0 0.464723 -0.885456 0 0.568065 -0.822984 0 0.464723 -0.885456 0 0.568065 -0.822984 0 0.663123 -0.748511 0 0.663123 -0.748511 0 0.748511 -0.663123 0 0.822984 -0.568065 0 0.748511 -0.663123 0 0.822984 -0.568065 0 0.885456 -0.464723 0 0.885456 -0.464723 0 0.935016 -0.354605 0 0.970942 -0.239316 0 0.935016 -0.354605 0 0.970942 -0.239316 0 0.992709 -0.120537 0 0.992709 -0.120537 0 0.970942 0.239316 0 0.970942 0.239316 0 0.992709 0.120537 0 0.822984 0.568065 0 0.822984 0.568065 0 0.885456 0.464723 0 0.935016 0.354605 0 0.885456 0.464723 0 0.935016 0.354605 0 0.663123 0.748511 0 0.568065 0.822984 0 0.568065 0.822984 0 0.748511 0.663123 0 0.748511 0.663123 0 0.663123 0.748511 0 0.239316 0.970942 0 0.354605 0.935016 0 0.239316 0.970942 0 0.354605 0.935016 0 0.464723 0.885456 0 0.464723 0.885456 0 -0.120537 0.992709 0 -0.120537 0.992709 0 4.37114e-08 1 0 0.120537 0.992709 0 4.37114e-08 1 0 0.120537 0.992709 0 -0.354605 0.935016 0 -0.464723 0.885456 0 -0.464723 0.885456 0 -0.239316 0.970942 0 -0.239316 0.970942 0 -0.354605 0.935016 0 -0.748511 0.663123 0 -0.663123 0.748511 0 -0.748511 0.663123 0 -0.663123 0.748511 0 -0.568065 0.822984 0 -0.568065 0.822984 0 -0.822984 0.568065 0 -0.822984 0.568065 0 -0.885456 0.464723 0 -0.885456 0.464723 0 -0.935016 0.354605 0 -0.935016 0.354605 0 -0.970942 0.239316 0 -0.970942 0.239316 0 -0.992709 0.120537 0 -0.992709 0.120537 0 0 0 1 0 0 1 0 0 1 0 0 1 0 0 1 0 0 1 0 0 1 0 0 1 0 0 1 0 0 1 0 0 1 0 0 1 0 0 1 0 0 1 0 0 1 0 0 1 0 0 1 0 0 1 0 0 1 0 0 1 0 0 1 0 0 1 0 0 1 0 0 1 0 0 1 0 0 1 0 0 1 0 0 1 0 0 1 0 0 1 0 0 1 0 0 1 0 0 1 0 0 1 0 0 1 0 0 1 0 0 1 0 0 1 0 0 1 0 0 1 0 0 1 0 0 1 0 0 1 0 0 1 0 0 1 0 0 1 0 0 1 0 0 1 0 0 1 0 0 1 0 0 1 0 0 1 0 0 1 0 0 1 0 0 1 0 0 1 0 0 1 0 0 1 0 0 1 0 0 1 0 0 1 0 0 1 0 0 1 0 0 1 0 0 1 0 0 1 0 0 1 0 0 1 0 0 1 0 0 1 0 0 1 0 0 1 0 0 1 0 0 1 0 0 1 0 0 1 0 0 1 0 0 1 0 0 1 0 0 1 0 0 1 0 0 1 0 0 1 0 0 1 0 0 1 0 0 1 0 0 1 0 0 1 0 0 1 0 0 1 -0 -0 -1 -0 -0 -1 -0 -0 -1 -0 -0 -1 -0 -0 -1 -0 -0 -1 -0 -0 -1 -0 -0 -1 -0 -0 -1 -0 -0 -1 -0 -0 -1 -0 -0 -1 -0 -0 -1 -0 -0 -1 -0 -0 -1 -0 -0 -1 -0 -0 -1 -0 -0 -1 -0 -0 -1 -0 -0 -1 -0 -0 -1 -0 -0 -1 -0 -0 -1 -0 -0 -1 -0 -0 -1 -0 -0 -1 -0 -0 -1 -0 -0 -1 -0 -0 -1 -0 -0 -1 -0 -0 -1 -0 -0 -1 -0 -0 -1 -0 -0 -1 -0 -0 -1 -0 -0 -1 -0 -0 -1 -0 -0 -1 -0 -0 -1 -0 -0 -1 -0 -0 -1 -0 -0 -1 -0 -0 -1 -0 -0 -1 -0 -0 -1 -0 -0 -1 -0 -0 -1 -0 -0 -1 -0 -0 -1 -0 -0 -1 -0 -0 -1 -0 -0 -1 -0 -0 -1 -0 -0 -1 -0 -0 -1 -0 -0 -1 -0 -0 -1 -0 -0 -1 -0 -0 -1 -0 -0 -1 -0 -0 -1 -0 -0 -1 -0 -0 -1 -0 -0 -1 -0 -0 -1 -0 -0 -1 -0 -0 -1 -0 -0 -1 -0 -0 -1 -0 -0 -1 -0 -0 -1 -0 -0 -1 -0 -0 -1 -0 -0 -1 -0 -0 -1 -0 -0 -1 -0 -0 -1 -0 -0 -1 -0 -0 -1 -0 -0 -1 -0 -0 -1 -0 -0 -1 -0 -0 -1 -0 -0 -1 -0 -0 -1 -0 -0 -1 -0 -0 -1 -0 -0 -1 -0 -0 -1 -0 -0 -1</float_array>
          <technique_common>
            <accessor count="360" source="#ID16" stride="3">
              <param name="X" type="float"/>
              <param name="Y" type="float"/>
              <param name="Z" type="float"/>
            </accessor>
          </technique_common>
        </source>
        <vertices id="ID17">
          <input semantic="POSITION" source="#ID13"/>
          <input semantic="NORMAL" source="#ID15"/>
        </vertices>
        <triangles count="360" material="ID10">
          <input offset="0" semantic="VERTEX" source="#ID17"/>
          <p>0 2 1 3 5 4 6 7 2 1 2 7 8 6 9 6 8 7 9 11 10 10 8 9 12 13 11 10 11 13 14 12 15 12 14 13 15 17 16 16 14 15 18 19 17 16 17 19 20 18 21 18 20 19 22 20 21 22 21 23 1 24 0 25 24 26 24 25 0 26 28 27 27 25 26 29 30 28 27 28 30 31 29 32 29 31 30 32 34 33 33 31 32 35 36 34 33 34 36 37 35 38 35 37 36 38 40 39 39 37 38 39 40 4 41 43 42 40 3 4 44 46 45 47 49 48 50 52 51 53 55 54 56 58 57 59 61 60 62 64 63 65 67 66 68 70 69 62 69 70 68 72 71 72 68 69 73 74 71 71 72 73 23 74 75 73 75 74 22 23 75 63 64 67 62 70 64 65 66 57 63 67 65 56 59 58 66 56 57 61 52 60 59 60 58 54 50 51 51 52 61 44 55 53 55 50 54 45 46 49 44 53 46 47 48 41 45 49 47 43 5 42 48 43 41 3 42 5 76 78 77 79 81 80 82 78 83 78 82 77 84 85 83 82 83 85 84 87 86 86 85 84 88 87 89 87 88 86 90 91 89 88 89 91 90 93 92 92 91 90 94 93 95 93 94 92 96 97 95 94 95 97 96 99 98 98 97 96 100 99 101 99 100 98 102 103 101 100 101 103 102 105 104 104 103 102 105 106 104 107 76 77 108 109 107 76 107 109 108 111 110 110 109 108 112 111 113 111 112 110 114 115 113 112 113 115 114 117 116 116 115 114 118 117 119 117 118 116 120 121 119 118 119 121 120 123 122 122 121 120 124 123 125 123 124 122 126 127 125 124 125 127 126 129 128 128 127 126 130 129 81 129 130 128 131 133 132 130 81 79 134 136 135 137 139 138 140 142 141 143 145 144 146 148 147 149 151 150 152 154 153 155 157 156 158 160 159 161 163 162 164 166 165 167 169 168 166 171 170 171 166 164 172 170 173 171 173 170 174 175 172 172 173 174 175 177 176 177 175 174 178 176 179 177 179 176 106 105 178 178 179 106 167 165 169 164 165 167 160 168 159 168 169 159 162 163 158 163 160 158 152 153 161 152 161 162 154 155 156 154 156 153 157 148 146 155 148 157 149 147 151 146 147 149 142 150 141 150 151 141 144 145 140 145 142 140 134 135 143 134 143 144 136 137 138 136 138 135 139 131 132 137 131 139 80 133 79 132 133 80 180 182 181 183 185 184 186 185 187 188 189 183 190 187 191 192 194 193 189 195 194 196 198 197 191 196 199 198 201 200 192 203 202 204 205 201 203 207 206 204 209 208 182 206 207 210 212 211 181 214 213 215 217 216 218 220 219 221 223 222 224 226 225 227 217 228 229 231 230 232 234 233 235 237 236 238 240 239 241 242 238 236 237 243 243 244 239 245 247 246 247 242 241 230 235 248 233 234 249 250 245 249 225 252 251 229 252 231 188 195 189 253 232 254 221 256 255 224 255 256 257 216 217 227 257 217 218 258 220 222 258 259 260 261 215 260 215 216 211 213 214 212 219 262 263 265 264 265 266 264 266 261 260 261 266 265 254 228 253 227 228 254 232 253 234 249 234 250 245 250 247 241 246 247 238 242 240 239 240 243 237 244 243 235 236 248 230 248 229 252 229 251 225 251 224 256 226 224 221 255 223 222 223 258 218 259 258 219 220 262 212 262 211 214 210 211 181 213 180 182 180 206 203 206 202 192 202 194 195 193 194 188 183 184 184 185 267 190 186 187 186 267 185 199 190 191 268 199 196 198 200 197 196 197 268 201 269 200 205 204 208 269 201 205 208 209 263 265 263 209 270 272 271 273 275 274 276 277 274 278 273 279 280 281 277 282 284 283 279 283 285 286 288 287 281 289 286 287 291 290 282 293 292 294 290 295 292 297 296 294 299 298 271 296 297 300 302 301 272 304 303 305 307 306 308 310 309 311 313 312 314 316 315 317 318 306 319 321 320 322 324 323 325 327 326 328 330 329 331 328 332 327 333 326 333 330 334 335 337 336 336 331 332 321 338 325 324 339 323 340 339 335 316 342 341 319 320 341 278 279 285 343 344 322 311 346 345 314 345 346 347 306 307 317 306 347 308 309 348 313 349 348 350 305 351 350 307 305 302 303 304 301 352 310 353 355 354 354 355 356 356 350 351 351 354 356 344 343 318 317 344 318 322 323 343 339 340 323 335 336 340 331 336 337 328 329 332 330 333 329 326 333 334 325 338 327 321 319 338 341 342 319 316 314 342 345 314 315 311 312 346 313 348 312 308 348 349 310 352 309 301 302 352 303 302 300 272 270 304 271 297 270 292 293 297 282 283 293 285 283 284 278 275 273 275 357 274 280 277 276 276 274 357 289 281 280 358 286 289 287 288 291 286 358 288 290 291 359 295 299 294 359 295 290 299 353 298 354 298 353</p>
        </triangles>
      </mesh>
    </geometry>
    <geometry id="ID19">
      <mesh>
        <source id="ID20">
          <float_array count="9600" id="ID21">-0.128508 -0.0194127 0 -0.128508 0.0194062 0 -0.128508 0.0194062 0.01 -0.128508 -0.0194127 0.01 -0.133513 0.0407483 0 -0.137284 0.0470745 0 -0.133513 0.0407483 0.01 -0.137284 0.0470745 0.01 -0.141979 0.0527493 0 -0.147486 0.0576391 0 -0.141979 0.0527493 0.01 -0.147486 0.0576391 0.01 -0.130754 0.0339197 0.01 -0.129073 0.0267494 0.01 -0.130754 0.0339197 0 -0.129073 0.0267494 0 -0.128508 0.0194062 0.01 -0.128508 0.0194062 0 -0.151885 0.0614183 0.01 -0.147486 0.0576391 0.01 -0.147486 0.0576391 0 -0.159163 0.0704233 0.01 -0.155797 0.0657006 0 -0.159163 0.0704233 0 -0.155797 0.0657006 0.01 -0.151885 0.0614183 0 -0.163246 0.0780722 0.01 -0.159163 0.0704233 0.01 -0.159163 0.0704233 0 -0.168794 0.103268 0.01 -0.1681 0.0946278 0.01 -0.1681 0.0946278 0 -0.166233 0.0861685 0.01 -0.163246 0.0780722 0 -0.166233 0.0861685 0 -0.166637 0.120407 0 -0.16383 0.128595 0.01 -0.166637 0.120407 0.01 -0.168794 0.103268 0 -0.168302 0.111924 0 -0.168302 0.111924 0.01 -0.155008 0.143464 0.01 -0.155008 0.143464 0 -0.149155 0.149861 0.01 -0.15993 0.13633 0.01 -0.16383 0.128595 0 -0.15993 0.13633 0 -0.127243 0.163484 0.01 -0.135154 0.159954 0.01 -0.135154 0.159954 0 -0.142504 0.155383 0 -0.142504 0.155383 0.01 -0.149155 0.149861 0 -0.110341 0.167161 0 -0.101696 0.167236 0.01 -0.110341 0.167161 0.01 -0.127243 0.163484 0 -0.118919 0.165902 0 -0.118919 0.165902 0.01 -0.0931117 0.166134 0.01 -0.101696 0.167236 0 -0.0931117 0.166134 0 -0.0847503 0.163869 0.01 -0.0847503 0.163869 0 -0.0767715 0.160483 0.01 -0.0693278 0.156037 0.01 -0.0767715 0.160483 0 -0.0693278 0.156037 1.77636e-18 -0.0652675 0.152882 0.01 -0.0693278 0.156037 0.01 -0.0693278 0.156037 1.77636e-18 -0.0582885 0.145388 0.01 -0.0615878 0.149332 0 -0.0582885 0.145388 0 -0.0615878 0.149332 0.01 -0.0652675 0.152882 0 -0.0413507 0.13124 0 -0.0344825 0.128444 0 -0.0413507 0.13124 0.01 -0.0344825 0.128444 0.01 -0.0272657 0.126739 0 -0.0198724 0.126166 0 -0.0272657 0.126739 0.01 -0.0198724 0.126166 0.01 -0.0477062 0.13506 0.01 -0.0533974 0.139814 0.01 -0.0477062 0.13506 0 -0.0533974 0.139814 0 -0.0582885 0.145388 0.01 -0.0582885 0.145388 0 -0.0198724 0.126166 0 0.0187712 0.126166 0.01 -0.0198724 0.126166 0.01 0.0187712 0.126166 0 0.0402495 0.13124 0 0.046605 0.13506 0 0.0402495 0.13124 0.01 0.046605 0.13506 0.01 0.0522963 0.139814 0 0.0571873 0.145388 0 0.0522963 0.139814 0.01 0.0571873 0.145388 0.01 0.0333814 0.128444 0.01 0.0261645 0.126739 0.01 0.0333814 0.128444 0 0.0261645 0.126739 0 0.0187712 0.126166 0.01 0.0187712 0.126166 0 0.0604866 0.149332 0.01 0.0571873 0.145388 0.01 0.0571873 0.145388 0 0.0682266 0.156037 0.01 0.0641663 0.152882 0 0.0682266 0.156037 1.77636e-18 0.0641663 0.152882 0.01 0.0604866 0.149332 0 0.0756703 0.160483 0.01 0.0682266 0.156037 0.01 0.0682266 0.156037 1.77636e-18 0.10057 0.167236 0.01 0.0919732 0.166127 0.01 0.0919732 0.166127 0 0.0836135 0.163856 0.01 0.0756703 0.160483 0 0.0836135 0.163856 0 0.117793 0.165906 0 0.126106 0.163496 0.01 0.117793 0.165906 0.01 0.10057 0.167236 0 0.10924 0.167161 0 0.10924 0.167161 0.01 0.141383 0.155399 0.01 0.141383 0.155399 0 0.148054 0.149861 0.01 0.13402 0.159973 0.01 0.126106 0.163496 0 0.13402 0.159973 0 0.162715 0.12863 0.01 0.158809 0.136362 0.01 0.158809 0.136362 0 0.15389 0.143483 0 0.15389 0.143483 0.01 0.148054 0.149861 0 0.167201 0.111924 0 0.167692 0.103293 0.01 0.167201 0.111924 0.01 0.162715 0.12863 0 0.16553 0.120432 0 0.16553 0.120432 0.01 0.167003 0.0946653 0.01 0.167692 0.103293 0 0.167003 0.0946653 0 0.165144 0.0862047 0.01 0.165144 0.0862047 0 0.162145 0.0780722 0.01 0.158062 0.0704233 0.01 0.162145 0.0780722 0 0.158062 0.0704233 0 0.154696 0.0657006 0.01 0.158062 0.0704233 0.01 0.158062 0.0704233 0 0.146385 0.0576391 0.01 0.150784 0.0614183 0 0.146385 0.0576391 0 0.150784 0.0614183 0.01 0.154696 0.0657006 0 0.132412 0.0407483 0 0.129653 0.0339197 0 0.132412 0.0407483 0.01 0.129653 0.0339197 0.01 0.127971 0.0267494 0 0.127406 0.0194062 0 0.127971 0.0267494 0.01 0.127406 0.0194062 0.01 0.136183 0.0470745 0.01 0.140878 0.0527493 0.01 0.136183 0.0470745 0 0.140878 0.0527493 0 0.146385 0.0576391 0.01 0.146385 0.0576391 0 0.127406 0.0194062 0 0.127406 -0.0194127 0.01 0.127406 0.0194062 0.01 0.127406 -0.0194127 0 0.132412 -0.0407547 0 0.136183 -0.0470809 0 0.132412 -0.0407547 0.01 0.136183 -0.0470809 0.01 0.140878 -0.0527557 0 0.146385 -0.0576455 0 0.140878 -0.0527557 0.01 0.146385 -0.0576455 0.01 0.129653 -0.0339261 0.01 0.127971 -0.0267558 0.01 0.129653 -0.0339261 0 0.127971 -0.0267558 0 0.127406 -0.0194127 0.01 0.127406 -0.0194127 0 0.150784 -0.0614248 0.01 0.146385 -0.0576455 0.01 0.146385 -0.0576455 0 0.158062 -0.0704297 0.01 0.154696 -0.065707 0 0.158062 -0.0704297 0 0.154696 -0.065707 0.01 0.150784 -0.0614248 0 0.162145 -0.0780787 0.01 0.158062 -0.0704297 0.01 0.158062 -0.0704297 0 0.167693 -0.103274 0.01 0.166998 -0.0946342 0.01 0.166998 -0.0946342 0 0.165132 -0.086175 0.01 0.162145 -0.0780787 0 0.165132 -0.086175 0 0.165536 -0.120414 0 0.162729 -0.128601 0.01 0.165536 -0.120414 0.01 0.167693 -0.103274 0 0.167201 -0.111931 0 0.167201 -0.111931 0.01 0.153907 -0.143471 0.01 0.153907 -0.143471 0 0.148054 -0.149868 0.01 0.158829 -0.136336 0.01 0.162729 -0.128601 0 0.158829 -0.136336 0 0.126142 -0.16349 0.01 0.134053 -0.159961 0.01 0.134053 -0.159961 0 0.141402 -0.15539 0 0.141402 -0.15539 0.01 0.148054 -0.149868 0 0.10924 -0.167167 0 0.100595 -0.167243 0.01 0.10924 -0.167167 0.01 0.126142 -0.16349 0 0.117818 -0.165908 0 0.117818 -0.165908 0.01 0.0920105 -0.16614 0.01 0.100595 -0.167243 0 0.0920105 -0.16614 0 0.0836491 -0.163876 0.01 0.0836491 -0.163876 0 0.0756703 -0.160489 0.01 0.0682266 -0.156043 0.01 0.0756703 -0.160489 0 0.0682266 -0.156043 0 0.0641663 -0.152888 0.01 0.0682266 -0.156043 0.01 0.0682266 -0.156043 0 0.0571873 -0.145394 0.01 0.0604866 -0.149338 0 0.0571873 -0.145394 1.77636e-18 0.0604866 -0.149338 0.01 0.0641663 -0.152888 0 0.0402495 -0.131246 0 0.0333814 -0.12845 0 0.0402495 -0.131246 0.01 0.0333814 -0.12845 0.01 0.0261645 -0.126746 0 0.0187712 -0.126173 0 0.0261645 -0.126746 0.01 0.0187712 -0.126173 0.01 0.046605 -0.135067 0.01 0.0522963 -0.139821 0.01 0.046605 -0.135067 0 0.0522963 -0.139821 0 0.0571873 -0.145394 0.01 0.0571873 -0.145394 1.77636e-18 0.0187712 -0.126173 0.01 -0.0198724 -0.126173 0 -0.0198724 -0.126173 0.01 0.0187712 -0.126173 0 -0.0413507 -0.131246 0 -0.0477062 -0.135067 0 -0.0413507 -0.131246 0.01 -0.0477062 -0.135067 0.01 -0.0533974 -0.139821 0 -0.0582885 -0.145394 0 -0.0533974 -0.139821 0.01 -0.0582885 -0.145394 0.01 -0.0344825 -0.12845 0.01 -0.0272657 -0.126746 0.01 -0.0344825 -0.12845 0 -0.0272657 -0.126746 0 -0.0198724 -0.126173 0.01 -0.0198724 -0.126173 0 -0.0615878 -0.149338 0.01 -0.0582885 -0.145394 0.01 -0.0582885 -0.145394 0 -0.0693278 -0.156043 0.01 -0.0652675 -0.152888 0 -0.0693278 -0.156043 0 -0.0652675 -0.152888 0.01 -0.0615878 -0.149338 0 -0.0767715 -0.160489 0.01 -0.0693278 -0.156043 0.01 -0.0693278 -0.156043 0 -0.101671 -0.167243 0.01 -0.0930744 -0.166133 0.01 -0.0930744 -0.166133 0 -0.0847147 -0.163863 0.01 -0.0767715 -0.160489 0 -0.0847147 -0.163863 0 -0.118895 -0.165912 0 -0.127207 -0.163503 0.01 -0.118895 -0.165912 0.01 -0.101671 -0.167243 0 -0.110341 -0.167167 0 -0.110341 -0.167167 0.01 -0.142484 -0.155406 0.01 -0.142484 -0.155406 0 -0.149155 -0.149868 0.01 -0.135121 -0.159979 0.01 -0.127207 -0.163503 0 -0.135121 -0.159979 0 -0.163816 -0.128636 0.01 -0.15991 -0.136368 0.01 -0.15991 -0.136368 0 -0.154991 -0.143489 0 -0.154991 -0.143489 0.01 -0.149155 -0.149868 0 -0.168302 -0.111931 0 -0.168793 -0.103299 0.01 -0.168302 -0.111931 0.01 -0.163816 -0.128636 0 -0.166632 -0.120439 0 -0.166632 -0.120439 0.01 -0.168104 -0.0946718 0.01 -0.168793 -0.103299 0 -0.168104 -0.0946718 0 -0.166245 -0.0862111 0.01 -0.166245 -0.0862111 0 -0.163246 -0.0780787 0.01 -0.159163 -0.0704297 0.01 -0.163246 -0.0780787 0 -0.159163 -0.0704297 1.77636e-18 -0.155797 -0.065707 0.01 -0.159163 -0.0704297 0.01 -0.159163 -0.0704297 1.77636e-18 -0.147486 -0.0576455 0.01 -0.151885 -0.0614248 0 -0.147486 -0.0576455 0 -0.151885 -0.0614248 0.01 -0.155797 -0.065707 0 -0.0587181 0.160438 0.01 -0.0542717 0.156149 0.01 -0.0587181 0.160438 0 -0.0636242 0.164251 0 -0.0636242 0.164251 0.01 -0.0542717 0.156149 0 -0.0502852 0.151383 0.01 -0.0502852 0.151383 0 -0.156054 0.157101 0.01 -0.156054 0.157101 0 -0.162236 0.150428 0 -0.167557 0.143026 0 -0.162236 0.150428 0.01 -0.171923 0.13501 0 -0.167557 0.143026 0.01 -0.171923 0.13501 0.01 -0.175256 0.126522 0 -0.177507 0.117701 0 -0.175256 0.126522 0.01 -0.17865 0.108653 0 -0.177507 0.117701 0.01 -0.17865 0.108653 0.01 -0.178661 0.0995218 0 -0.17754 0.090485 0 -0.178661 0.0995218 0.01 -0.175307 0.0816527 0 -0.17754 0.090485 0.01 -0.175307 0.0816527 0.01 -0.171992 0.0731514 0 -0.167642 0.0651214 0 -0.171992 0.0731514 0.01 -0.167642 0.0651214 0.01 -0.149063 0.162977 0.01 -0.149063 0.162977 0 -0.141403 0.167934 0.01 -0.1332 0.171898 0.01 -0.141403 0.167934 0 -0.124573 0.174814 0.01 -0.1332 0.171898 0 -0.124573 0.174814 0 -0.115627 0.17664 0.01 -0.106533 0.17734 0.01 -0.115627 0.17664 0 -0.0974399 0.176909 0.01 -0.106533 0.17734 0 -0.0974399 0.176909 0 -0.0884556 0.175352 0.01 -0.0797251 0.172687 0.01 -0.0884556 0.175352 0 -0.0714357 0.168982 0.01 -0.0797251 0.172687 0 -0.0714357 0.168982 0 -0.0636242 0.164251 0.01 -0.0636242 0.164251 0 -0.158848 0.0542405 0.01 -0.163574 0.0594149 0.01 -0.158848 0.0542405 0 -0.153532 0.0496739 1.77636e-18 -0.153532 0.0496739 0.01 -0.163574 0.0594149 0 -0.167642 0.0651214 0.01 -0.167642 0.0651214 0 -0.149172 0.0458028 0.01 -0.153532 0.0496739 0.01 -0.153532 0.0496739 1.77636e-18 -0.140286 0.030896 0.01 -0.14247 0.036302 0.01 -0.14247 0.036302 0 -0.145456 0.0413103 0.01 -0.149172 0.0458028 0 -0.145456 0.0413103 0 -0.138508 0.0194062 0.01 -0.138955 0.0252196 0.01 -0.138955 0.0252196 0 -0.140286 0.030896 0 -0.138508 0.0194062 0 -0.138508 0.0194062 0.01 -0.138508 -0.0194127 0 -0.138508 -0.0194127 0.01 -0.138508 0.0194062 0 -0.138955 -0.025226 0.01 -0.138508 -0.0194127 0.01 -0.138508 -0.0194127 0 -0.145456 -0.0413167 0.01 -0.14247 -0.0363085 0.01 -0.14247 -0.0363085 0 -0.140286 -0.0309025 0.01 -0.138955 -0.025226 0 -0.140286 -0.0309025 0 -0.153532 -0.0496804 0.01 -0.149172 -0.0458092 0.01 -0.149172 -0.0458092 0 -0.145456 -0.0413167 0 -0.153532 -0.0496804 0 -0.163574 -0.0594213 0.01 -0.158848 -0.0542469 0.01 -0.163574 -0.0594213 0 -0.167642 -0.0651279 0 -0.167642 -0.0651279 0.01 -0.158848 -0.0542469 0 -0.153532 -0.0496804 0.01 -0.153532 -0.0496804 0 -0.156054 -0.157107 0.01 -0.156054 -0.157107 0 -0.149092 -0.162961 0 -0.141442 -0.167919 0 -0.149092 -0.162961 0.01 -0.133226 -0.171895 0 -0.141442 -0.167919 0.01 -0.133226 -0.171895 0.01 -0.124588 -0.174816 0 -0.115669 -0.17664 0 -0.124588 -0.174816 0.01 -0.106576 -0.177347 0 -0.115669 -0.17664 0.01 -0.106576 -0.177347 0.01 -0.0974547 -0.176918 0 -0.0884824 -0.175363 0 -0.0974547 -0.176918 0.01 -0.0797677 -0.172709 0 -0.0884824 -0.175363 0.01 -0.0797677 -0.172709 0.01 -0.0714357 -0.168988 0 -0.0636242 -0.164257 0 -0.0714357 -0.168988 0.01 -0.0636242 -0.164257 0.01 -0.16226 -0.150407 0.01 -0.16226 -0.150407 0 -0.16758 -0.142994 0.01 -0.171934 -0.134991 0.01 -0.16758 -0.142994 0 -0.175262 -0.126515 0.01 -0.171934 -0.134991 0 -0.175262 -0.126515 0 -0.177516 -0.117666 0.01 -0.178652 -0.108617 0.01 -0.177516 -0.117666 0 -0.178659 -0.0995133 0.01 -0.178652 -0.108617 0 -0.178659 -0.0995133 0 -0.177536 -0.0904645 0.01 -0.175294 -0.0816159 0.01 -0.177536 -0.0904645 0 -0.171992 -0.0731579 0.01 -0.175294 -0.0816159 0 -0.171992 -0.0731579 0 -0.167642 -0.0651279 0.01 -0.167642 -0.0651279 0 -0.0542717 -0.156156 0.01 -0.0587181 -0.160445 0.01 -0.0542717 -0.156156 0 -0.0502852 -0.15139 0 -0.0502852 -0.15139 0.01 -0.0587181 -0.160445 0 -0.0636242 -0.164257 0.01 -0.0636242 -0.164257 0 -0.0464131 -0.146977 0.01 -0.0502852 -0.15139 0.01 -0.0502852 -0.15139 0 -0.0314388 -0.137976 0.01 -0.036876 -0.140189 0.01 -0.036876 -0.140189 0 -0.0419075 -0.143214 0.01 -0.0464131 -0.146977 0 -0.0419075 -0.143214 0 -0.0198724 -0.136173 0.01 -0.0257254 -0.136626 0.01 -0.0257254 -0.136626 0 -0.0314388 -0.137976 0 -0.0198724 -0.136173 0 -0.0198724 -0.136173 0 0.0187712 -0.136173 0 0.0187712 -0.136173 0.01 -0.0198724 -0.136173 0.01 0.0246242 -0.136626 0.01 0.0187712 -0.136173 0.01 0.0187712 -0.136173 0 0.0408063 -0.143214 0.01 0.0357749 -0.140189 0.01 0.0357749 -0.140189 0 0.0303376 -0.137976 0.01 0.0246242 -0.136626 0 0.0303376 -0.137976 0 0.049184 -0.15139 0.01 0.0453119 -0.146977 0.01 0.0453119 -0.146977 0 0.0408063 -0.143214 0 0.049184 -0.15139 0 0.0576169 -0.160445 0.01 0.0531705 -0.156156 0.01 0.0576169 -0.160445 0 0.062523 -0.164257 0 0.062523 -0.164257 0.01 0.0531705 -0.156156 0 0.049184 -0.15139 0.01 0.049184 -0.15139 0 0.154953 -0.157107 0.01 0.154953 -0.157107 0 0.161135 -0.150434 0 0.166455 -0.143032 0 0.161135 -0.150434 0.01 0.170822 -0.135016 0 0.166455 -0.143032 0.01 0.170822 -0.135016 0.01 0.174155 -0.126529 0 0.176406 -0.117708 0 0.174155 -0.126529 0.01 0.177549 -0.108659 0 0.176406 -0.117708 0.01 0.177549 -0.108659 0.01 0.17756 -0.0995283 0 0.176438 -0.0904915 0 0.17756 -0.0995283 0.01 0.174206 -0.0816592 0 0.176438 -0.0904915 0.01 0.174206 -0.0816592 0.01 0.170891 -0.0731579 0 0.166541 -0.0651279 0 0.170891 -0.0731579 0.01 0.166541 -0.0651279 0.01 0.147962 -0.162983 0.01 0.147962 -0.162983 0 0.140302 -0.167941 0.01 0.132099 -0.171904 0.01 0.140302 -0.167941 0 0.123472 -0.174821 0.01 0.132099 -0.171904 0 0.123472 -0.174821 0 0.114526 -0.176646 0.01 0.105432 -0.177346 0.01 0.114526 -0.176646 0 0.0963387 -0.176916 0.01 0.105432 -0.177346 0 0.0963387 -0.176916 0 0.0873544 -0.175358 0.01 0.0786239 -0.172693 0.01 0.0873544 -0.175358 0 0.0703345 -0.168988 0.01 0.0786239 -0.172693 0 0.0703345 -0.168988 0 0.062523 -0.164257 0.01 0.062523 -0.164257 0 0.157747 -0.0542469 0.01 0.162473 -0.0594213 0.01 0.157747 -0.0542469 0 0.152431 -0.0496804 0 0.152431 -0.0496804 0.01 0.162473 -0.0594213 0 0.166541 -0.0651279 0.01 0.166541 -0.0651279 0 0.148071 -0.0458092 0.01 0.152431 -0.0496804 0.01 0.152431 -0.0496804 0 0.139185 -0.0309025 0.01 0.141369 -0.0363085 0.01 0.141369 -0.0363085 0 0.144355 -0.0413167 0.01 0.148071 -0.0458092 0 0.144355 -0.0413167 0 0.137406 -0.0194127 0.01 0.137854 -0.025226 0.01 0.137854 -0.025226 0 0.139185 -0.0309025 0 0.137406 -0.0194127 1.77636e-18 0.137406 -0.0194127 0.01 0.137406 0.0194062 0 0.137406 0.0194062 0.01 0.137406 -0.0194127 1.77636e-18 0.137854 0.0252196 0.01 0.137406 0.0194062 0.01 0.137406 0.0194062 0 0.144355 0.0413103 0.01 0.141369 0.036302 0.01 0.141369 0.036302 0 0.139185 0.030896 0.01 0.137854 0.0252196 0 0.139185 0.030896 0 0.152431 0.0496739 0.01 0.148071 0.0458028 0.01 0.148071 0.0458028 0 0.144355 0.0413103 0 0.152431 0.0496739 0 0.162473 0.0594149 0.01 0.157747 0.0542405 0.01 0.162473 0.0594149 0 0.166541 0.0651214 0 0.166541 0.0651214 0.01 0.157747 0.0542405 0 0.152431 0.0496739 0.01 0.152431 0.0496739 0 0.154953 0.157101 0.01 0.154953 0.157101 0 0.14799 0.162954 0 0.140341 0.167913 0 0.14799 0.162954 0.01 0.132124 0.171889 0 0.140341 0.167913 0.01 0.132124 0.171889 0.01 0.123487 0.174809 0 0.114568 0.176633 0 0.123487 0.174809 0.01 0.105474 0.17734 0 0.114568 0.176633 0.01 0.105474 0.17734 0.01 0.0963536 0.176912 0 0.0873812 0.175357 0 0.0963536 0.176912 0.01 0.0786665 0.172702 0 0.0873812 0.175357 0.01 0.0786665 0.172702 0.01 0.0703345 0.168982 0 0.062523 0.164251 0 0.0703345 0.168982 0.01 0.062523 0.164251 0.01 0.161159 0.1504 0.01 0.161159 0.1504 0 0.166479 0.142987 0.01 0.170832 0.134984 0.01 0.166479 0.142987 0 0.17416 0.126508 0.01 0.170832 0.134984 0 0.17416 0.126508 0 0.176414 0.11766 0.01 0.177551 0.10861 0.01 0.176414 0.11766 0 0.177558 0.0995068 0.01 0.177551 0.10861 0 0.177558 0.0995068 0 0.176435 0.0904581 0.01 0.174193 0.0816095 0.01 0.176435 0.0904581 0 0.170891 0.0731514 0.01 0.174193 0.0816095 0 0.170891 0.0731514 0 0.166541 0.0651214 0.01 0.166541 0.0651214 0 0.0531705 0.156149 0.01 0.0576169 0.160438 0.01 0.0531705 0.156149 0 0.049184 0.151383 1.77636e-18 0.049184 0.151383 0.01 0.0576169 0.160438 0 0.062523 0.164251 0.01 0.062523 0.164251 0 0.0453119 0.146971 0.01 0.049184 0.151383 0.01 0.049184 0.151383 1.77636e-18 0.0303376 0.137969 0.01 0.0357749 0.140183 0.01 0.0357749 0.140183 0 0.0408063 0.143207 0.01 0.0453119 0.146971 0 0.0408063 0.143207 0 0.0187712 0.136166 0.01 0.0246242 0.13662 0.01 0.0246242 0.13662 0 0.0303376 0.137969 0 0.0187712 0.136166 0 0.0187712 0.136166 0.01 -0.0198724 0.136166 0 -0.0198724 0.136166 0.01 0.0187712 0.136166 0 -0.0257254 0.13662 0.01 -0.0198724 0.136166 0.01 -0.0198724 0.136166 0 -0.0419075 0.143207 0.01 -0.036876 0.140183 0.01 -0.036876 0.140183 0 -0.0314388 0.137969 0.01 -0.0257254 0.13662 0 -0.0314388 0.137969 0 -0.0502852 0.151383 0.01 -0.0464131 0.146971 0.01 -0.0464131 0.146971 0 -0.0419075 0.143207 0 -0.0502852 0.151383 0 -0.151832 0.152778 0 -0.151852 0.152531 0 -0.151832 0.152778 0.01 -0.151913 0.152291 0 -0.151852 0.152531 0.01 -0.151913 0.152291 0.01 -0.152013 0.152064 0 -0.152148 0.151856 0 -0.152012 0.152064 0.01 -0.152316 0.151674 0 -0.152148 0.151857 0.01 -0.152511 0.151522 0.01 -0.152316 0.151675 0.01 -0.152511 0.151522 0 -0.152729 0.151404 0.01 -0.152729 0.151404 0 -0.152963 0.151324 0.01 -0.153207 0.151283 0.01 -0.152964 0.151324 0 -0.153208 0.151283 0 -0.153456 0.151283 0 -0.153456 0.151283 0.01 -0.1537 0.151324 0 -0.1537 0.151324 0.01 -0.153934 0.151404 0.01 -0.153935 0.151405 0 -0.154153 0.151523 0 -0.154152 0.151522 0.01 -0.154348 0.151675 0 -0.154347 0.151674 0.01 -0.154515 0.151857 0.01 -0.154515 0.151857 0 -0.154651 0.152064 0 -0.154651 0.152064 0.01 -0.154751 0.152292 0 -0.15475 0.15229 0.01 -0.154811 0.152531 0.01 -0.154811 0.152531 0 -0.154832 0.152778 0.01 -0.154832 0.152778 0 -0.151852 0.153025 0.01 -0.151852 0.153025 0 -0.151913 0.153265 0.01 -0.152013 0.153492 0.01 -0.151913 0.153265 0 -0.152148 0.1537 0.01 -0.152012 0.153492 0 -0.152148 0.153699 0 -0.152316 0.153882 0.01 -0.152316 0.153881 0 -0.152511 0.154034 0 -0.152511 0.154034 0.01 -0.152729 0.154152 0 -0.152963 0.154232 0 -0.152729 0.154152 0.01 -0.152964 0.154232 0.01 -0.153207 0.154273 0 -0.153208 0.154273 0.01 -0.153456 0.154273 0.01 -0.153456 0.154273 0 -0.1537 0.154232 0 -0.1537 0.154232 0.01 -0.153935 0.154151 0.01 -0.153934 0.154152 0 -0.154153 0.154033 0.01 -0.154152 0.154034 0 -0.154347 0.153882 0 -0.154348 0.153881 0.01 -0.154515 0.153699 0.01 -0.154515 0.153699 0 -0.154651 0.153491 0.01 -0.154651 0.153492 0 -0.15475 0.153266 0 -0.154751 0.153264 0.01 -0.154811 0.153025 0.01 -0.154811 0.153025 0 -0.151832 -0.152784 0 -0.151852 -0.153031 0 -0.151832 -0.152784 0.01 -0.151913 -0.153271 0 -0.151852 -0.153031 0.01 -0.151913 -0.153272 0.01 -0.152013 -0.153498 0 -0.152148 -0.153706 0 -0.152012 -0.153498 0.01 -0.152316 -0.153888 0 -0.152148 -0.153705 0.01 -0.152511 -0.15404 0.01 -0.152316 -0.153888 0.01 -0.152511 -0.15404 0 -0.152729 -0.154158 0.01 -0.152729 -0.154158 0 -0.152963 -0.154238 0.01 -0.153207 -0.154279 0.01 -0.152964 -0.154239 0 -0.153208 -0.154279 0 -0.153456 -0.154279 0 -0.153456 -0.154279 0.01 -0.1537 -0.154238 0 -0.1537 -0.154238 0.01 -0.153934 -0.154158 0.01 -0.153935 -0.154158 0 -0.154153 -0.15404 0 -0.154152 -0.15404 0.01 -0.154348 -0.153888 0 -0.154347 -0.153888 0.01 -0.154515 -0.153706 0.01 -0.154515 -0.153706 0 -0.154651 -0.153498 0 -0.154651 -0.153499 0.01 -0.154751 -0.153271 0 -0.15475 -0.153272 0.01 -0.154811 -0.153032 0.01 -0.154811 -0.153031 0 -0.154832 -0.152784 0.01 -0.154832 -0.152784 0 -0.151852 -0.152537 0.01 -0.151852 -0.152537 0 -0.151913 -0.152298 0.01 -0.152013 -0.15207 0.01 -0.151913 -0.152297 0 -0.152148 -0.151863 0.01 -0.152012 -0.152071 0 -0.152148 -0.151863 0 -0.152316 -0.151681 0.01 -0.152316 -0.151681 0 -0.152511 -0.151529 0 -0.152511 -0.151529 0.01 -0.152729 -0.151411 0 -0.152963 -0.15133 0 -0.152729 -0.151411 0.01 -0.152964 -0.15133 0.01 -0.153207 -0.15129 0 -0.153208 -0.15129 0.01 -0.153456 -0.15129 0.01 -0.153456 -0.15129 0 -0.1537 -0.15133 0 -0.1537 -0.15133 0.01 -0.153935 -0.151411 0.01 -0.153934 -0.151411 0 -0.154153 -0.151529 0.01 -0.154152 -0.151528 0 -0.154347 -0.151681 0 -0.154348 -0.151681 0.01 -0.154515 -0.151863 0.01 -0.154515 -0.151863 0 -0.154651 -0.152071 0.01 -0.154651 -0.15207 0 -0.15475 -0.152297 0 -0.154751 -0.152298 0.01 -0.154811 -0.152537 0.01 -0.154811 -0.152537 0 0.15373 -0.152784 0 0.15371 -0.153031 0 0.15373 -0.152784 0.01 0.153649 -0.153271 0 0.15371 -0.153031 0.01 0.153649 -0.153272 0.01 0.15355 -0.153498 0 0.153414 -0.153706 0 0.15355 -0.153498 0.01 0.153246 -0.153888 0 0.153414 -0.153705 0.01 0.153051 -0.15404 0.01 0.153247 -0.153888 0.01 0.153051 -0.15404 0 0.152833 -0.154158 0.01 0.152833 -0.154158 0 0.152599 -0.154238 0.01 0.152355 -0.154279 0.01 0.152598 -0.154239 0 0.152354 -0.154279 0 0.152107 -0.154279 0 0.152107 -0.154279 0.01 0.151862 -0.154238 0 0.151862 -0.154238 0.01 0.151628 -0.154158 0.01 0.151628 -0.154158 0 0.15141 -0.15404 0 0.151411 -0.15404 0.01 0.151214 -0.153888 0 0.151215 -0.153888 0.01 0.151047 -0.153706 0.01 0.151047 -0.153706 0 0.150911 -0.153498 0 0.150912 -0.153499 0.01 0.150812 -0.153271 0 0.150812 -0.153272 0.01 0.150751 -0.153032 0.01 0.150751 -0.153031 0 0.150731 -0.152784 0.01 0.150731 -0.152784 0 0.15371 -0.152537 0.01 0.15371 -0.152537 0 0.153649 -0.152298 0.01 0.15355 -0.15207 0.01 0.153649 -0.152297 0 0.153414 -0.151863 0.01 0.15355 -0.152071 0 0.153414 -0.151863 0 0.153246 -0.151681 0.01 0.153247 -0.151681 0 0.153051 -0.151529 0 0.153051 -0.151529 0.01 0.152833 -0.151411 0 0.152599 -0.15133 0 0.152833 -0.151411 0.01 0.152598 -0.15133 0.01 0.152355 -0.15129 0 0.152354 -0.15129 0.01 0.152107 -0.15129 0.01 0.152107 -0.15129 0 0.151862 -0.15133 0 0.151862 -0.15133 0.01 0.151628 -0.151411 0.01 0.151628 -0.151411 0 0.15141 -0.151529 0.01 0.151411 -0.151528 0 0.151215 -0.151681 0 0.151214 -0.151681 0.01 0.151047 -0.151863 0.01 0.151047 -0.151863 0 0.150911 -0.152071 0.01 0.150912 -0.15207 0 0.150812 -0.152297 0 0.150812 -0.152298 0.01 0.150751 -0.152537 0.01 0.150751 -0.152537 0 0.132613 -0.0184947 0 0.1322 -0.0184947 0 0.1322 -0.0184947 0.01 0.134906 -0.0160032 0.01 0.134872 -0.0155917 0 0.134906 -0.0160032 0 0.131793 -0.0184267 0 0.131793 -0.0184267 0.01 0.131402 -0.0182927 0.01 0.131402 -0.0182927 0 0.131039 -0.0180961 0 0.131039 -0.0180961 0.01 0.130713 -0.0178425 0 0.130713 -0.0178425 0.01 0.130434 -0.0175388 0.01 0.130434 -0.0175388 0 0.130208 -0.0171931 0 0.130208 -0.0171931 0.01 0.130042 -0.016815 0 0.130042 -0.016815 0.01 0.129941 -0.0164147 0.01 0.129941 -0.0164147 0 0.129906 -0.0160032 0.01 0.129906 -0.0160032 0 0.132613 -0.0184947 0.01 0.13302 -0.0184267 0 0.13302 -0.0184267 0.01 0.133411 -0.0182927 0.01 0.133411 -0.0182927 0 0.133774 -0.0180961 0.01 0.133774 -0.0180961 0 0.1341 -0.0178425 0 0.1341 -0.0178425 0.01 0.134379 -0.0175388 0.01 0.134379 -0.0175388 0 0.134605 -0.0171931 0.01 0.134605 -0.0171931 0 0.134771 -0.016815 0 0.134771 -0.016815 0.01 0.134872 -0.0164147 0.01 0.134872 -0.0164147 0 0.134771 -0.0151915 0.01 0.134771 -0.0151915 0 0.134872 -0.0155917 0.01 0.1341 -0.0141639 0.01 0.1341 -0.0141639 0 0.134379 -0.0144677 0.01 0.134605 -0.0148134 0.01 0.134379 -0.0144677 0 0.134605 -0.0148134 0 0.133411 -0.0137138 0.01 0.13302 -0.0135797 0.01 0.13302 -0.0135797 0 0.133774 -0.0139103 0 0.133774 -0.0139103 0.01 0.133411 -0.0137138 0 0.131793 -0.0135797 0 0.1322 -0.0135118 0.01 0.131793 -0.0135797 0.01 0.1322 -0.0135118 0 0.132613 -0.0135118 0 0.132613 -0.0135118 0.01 0.130713 -0.0141639 0.01 0.130713 -0.0141639 0 0.131039 -0.0139103 0.01 0.131402 -0.0137138 0.01 0.131039 -0.0139103 0 0.131402 -0.0137138 0 0.130208 -0.0148134 0 0.130434 -0.0144677 0 0.130434 -0.0144677 0.01 0.130208 -0.0148134 0.01 0.130042 -0.0151915 0 0.130042 -0.0151915 0.01 0.129941 -0.0155917 0 0.129941 -0.0155917 0.01 -0.133301 -0.0184947 0 -0.133714 -0.0184947 0 -0.133714 -0.0184947 0.01 -0.131008 -0.0160032 0.01 -0.131042 -0.0155917 0 -0.131008 -0.0160032 0 -0.134121 -0.0184267 0 -0.134121 -0.0184267 0.01 -0.134512 -0.0182927 0.01 -0.134512 -0.0182927 0 -0.134875 -0.0180961 0 -0.134875 -0.0180961 0.01 -0.135201 -0.0178425 0 -0.135201 -0.0178425 0.01 -0.13548 -0.0175388 0.01 -0.13548 -0.0175388 0 -0.135706 -0.0171931 0 -0.135706 -0.0171931 0.01 -0.135872 -0.016815 0 -0.135872 -0.016815 0.01 -0.135974 -0.0164147 0.01 -0.135974 -0.0164147 0 -0.136008 -0.0160032 0.01 -0.136008 -0.0160032 0 -0.133301 -0.0184947 0.01 -0.132894 -0.0184267 0 -0.132894 -0.0184267 0.01 -0.132503 -0.0182927 0.01 -0.132503 -0.0182927 0 -0.13214 -0.0180961 0.01 -0.13214 -0.0180961 0 -0.131814 -0.0178425 0 -0.131814 -0.0178425 0.01 -0.131535 -0.0175388 0.01 -0.131535 -0.0175388 0 -0.131309 -0.0171931 0.01 -0.131309 -0.0171931 0 -0.131143 -0.016815 0 -0.131143 -0.016815 0.01 -0.131042 -0.0164147 0.01 -0.131042 -0.0164147 0 -0.131143 -0.0151915 0.01 -0.131143 -0.0151915 0 -0.131042 -0.0155917 0.01 -0.131814 -0.0141639 0.01 -0.131814 -0.0141639 0 -0.131535 -0.0144677 0.01 -0.131309 -0.0148134 0.01 -0.131535 -0.0144677 0 -0.131309 -0.0148134 0 -0.132503 -0.0137138 0.01 -0.132894 -0.0135797 0.01 -0.132894 -0.0135797 0 -0.13214 -0.0139103 0 -0.13214 -0.0139103 0.01 -0.132503 -0.0137138 0 -0.134121 -0.0135797 0 -0.133714 -0.0135118 0.01 -0.134121 -0.0135797 0.01 -0.133714 -0.0135118 0 -0.133301 -0.0135118 0 -0.133301 -0.0135118 0.01 -0.135201 -0.0141639 0.01 -0.135201 -0.0141639 0 -0.134875 -0.0139103 0.01 -0.134512 -0.0137138 0.01 -0.134875 -0.0139103 0 -0.134512 -0.0137138 0 -0.135706 -0.0148134 0 -0.13548 -0.0144677 0 -0.13548 -0.0144677 0.01 -0.135706 -0.0148134 0.01 -0.135872 -0.0151915 0 -0.135872 -0.0151915 0.01 -0.135974 -0.0155917 0 -0.135974 -0.0155917 0.01 -0.0163441 0.128675 0 -0.016757 0.128675 0 -0.016757 0.128675 0.01 -0.0140506 0.131166 0.01 -0.0140847 0.131578 0 -0.0140506 0.131166 0 -0.0171643 0.128743 0 -0.0171643 0.128743 0.01 -0.0175548 0.128877 0.01 -0.0175548 0.128877 0 -0.017918 0.129073 0 -0.017918 0.129073 0.01 -0.0182438 0.129327 0 -0.0182438 0.129327 0.01 -0.0185234 0.129631 0.01 -0.0185234 0.129631 0 -0.0187493 0.129976 0 -0.0187493 0.129976 0.01 -0.0189151 0.130355 0 -0.0189151 0.130355 0.01 -0.0190165 0.130755 0.01 -0.0190165 0.130755 0 -0.0190506 0.131166 0.01 -0.0190506 0.131166 0 -0.0163441 0.128675 0.01 -0.0159369 0.128743 0 -0.0159369 0.128743 0.01 -0.0155464 0.128877 0.01 -0.0155464 0.128877 0 -0.0151832 0.129073 0.01 -0.0151832 0.129073 0 -0.0148574 0.129327 0 -0.0148574 0.129327 0.01 -0.0145777 0.129631 0.01 -0.0145777 0.129631 0 -0.0143519 0.129976 0.01 -0.0143519 0.129976 0 -0.0141861 0.130355 0 -0.0141861 0.130355 0.01 -0.0140847 0.130755 0.01 -0.0140847 0.130755 0 -0.0141861 0.131978 0.01 -0.0141861 0.131978 0 -0.0140847 0.131578 0.01 -0.0148574 0.133006 0.01 -0.0148574 0.133006 0 -0.0145777 0.132702 0.01 -0.0143519 0.132356 0.01 -0.0145777 0.132702 0 -0.0143519 0.132356 0 -0.0155464 0.133456 0.01 -0.0159369 0.13359 0.01 -0.0159369 0.13359 0 -0.0151832 0.133259 0 -0.0151832 0.133259 0.01 -0.0155464 0.133456 0 -0.0171643 0.13359 0 -0.016757 0.133658 0.01 -0.0171643 0.13359 0.01 -0.016757 0.133658 0 -0.0163441 0.133658 0 -0.0163441 0.133658 0.01 -0.0182438 0.133006 0.01 -0.0182438 0.133006 0 -0.017918 0.133259 0.01 -0.0175548 0.133456 0.01 -0.017918 0.133259 0 -0.0175548 0.133456 0 -0.0187493 0.132356 0 -0.0185234 0.132702 0 -0.0185234 0.132702 0.01 -0.0187493 0.132356 0.01 -0.0189151 0.131978 0 -0.0189151 0.131978 0.01 -0.0190165 0.131578 0 -0.0190165 0.131578 0.01 -0.0163441 -0.133664 0 -0.016757 -0.133664 0 -0.016757 -0.133664 0.01 -0.0140506 -0.131173 0.01 -0.0140847 -0.130761 0 -0.0140506 -0.131173 0 -0.0171643 -0.133596 0 -0.0171643 -0.133596 0.01 -0.0175548 -0.133462 0.01 -0.0175548 -0.133462 0 -0.017918 -0.133266 0 -0.017918 -0.133266 0.01 -0.0182438 -0.133012 0 -0.0182438 -0.133012 0.01 -0.0185234 -0.132708 0.01 -0.0185234 -0.132708 0 -0.0187493 -0.132363 0 -0.0187493 -0.132363 0.01 -0.0189151 -0.131985 0 -0.0189151 -0.131985 0.01 -0.0190165 -0.131584 0.01 -0.0190165 -0.131584 0 -0.0190506 -0.131173 0.01 -0.0190506 -0.131173 0 -0.0163441 -0.133664 0.01 -0.0159369 -0.133596 0 -0.0159369 -0.133596 0.01 -0.0155464 -0.133462 0.01 -0.0155464 -0.133462 0 -0.0151832 -0.133266 0.01 -0.0151832 -0.133266 0 -0.0148574 -0.133012 0 -0.0148574 -0.133012 0.01 -0.0145777 -0.132708 0.01 -0.0145777 -0.132708 0 -0.0143519 -0.132363 0.01 -0.0143519 -0.132363 0 -0.0141861 -0.131985 0 -0.0141861 -0.131985 0.01 -0.0140847 -0.131584 0.01 -0.0140847 -0.131584 0 -0.0141861 -0.130361 0.01 -0.0141861 -0.130361 0 -0.0140847 -0.130761 0.01 -0.0148574 -0.129333 0.01 -0.0148574 -0.129333 0 -0.0145777 -0.129637 0.01 -0.0143519 -0.129983 0.01 -0.0145777 -0.129637 0 -0.0143519 -0.129983 0 -0.0155464 -0.128883 0.01 -0.0159369 -0.128749 0.01 -0.0159369 -0.128749 0 -0.0151832 -0.12908 0 -0.0151832 -0.12908 0.01 -0.0155464 -0.128883 0 -0.0171643 -0.128749 0 -0.016757 -0.128681 0.01 -0.0171643 -0.128749 0.01 -0.016757 -0.128681 0 -0.0163441 -0.128681 0 -0.0163441 -0.128681 0.01 -0.0182438 -0.129333 0.01 -0.0182438 -0.129333 0 -0.017918 -0.12908 0.01 -0.0175548 -0.128883 0.01 -0.017918 -0.12908 0 -0.0175548 -0.128883 0 -0.0187493 -0.129983 0 -0.0185234 -0.129637 0 -0.0185234 -0.129637 0.01 -0.0187493 -0.129983 0.01 -0.0189151 -0.130361 0 -0.0189151 -0.130361 0.01 -0.0190165 -0.130761 0 -0.0190165 -0.130761 0.01 0.0156559 -0.133664 0 0.015243 -0.133664 0 0.015243 -0.133664 0.01 0.0179494 -0.131173 0.01 0.0179153 -0.130761 0 0.0179494 -0.131173 0 0.0148357 -0.133596 0 0.0148357 -0.133596 0.01 0.0144452 -0.133462 0.01 0.0144452 -0.133462 0 0.014082 -0.133266 0 0.014082 -0.133266 0.01 0.0137562 -0.133012 0 0.0137562 -0.133012 0.01 0.0134766 -0.132708 0.01 0.0134766 -0.132708 0 0.0132507 -0.132363 0 0.0132507 -0.132363 0.01 0.0130849 -0.131985 0 0.0130849 -0.131985 0.01 0.0129835 -0.131584 0.01 0.0129835 -0.131584 0 0.0129494 -0.131173 0.01 0.0129494 -0.131173 0 0.0156559 -0.133664 0.01 0.0160631 -0.133596 0 0.0160631 -0.133596 0.01 0.0164536 -0.133462 0.01 0.0164536 -0.133462 0 0.0168168 -0.133266 0.01 0.0168168 -0.133266 0 0.0171426 -0.133012 0 0.0171426 -0.133012 0.01 0.0174223 -0.132708 0.01 0.0174223 -0.132708 0 0.0176481 -0.132363 0.01 0.0176481 -0.132363 0 0.0178139 -0.131985 0 0.0178139 -0.131985 0.01 0.0179153 -0.131584 0.01 0.0179153 -0.131584 0 0.0178139 -0.130361 0.01 0.0178139 -0.130361 0 0.0179153 -0.130761 0.01 0.0171426 -0.129333 0.01 0.0171426 -0.129333 0 0.0174223 -0.129637 0.01 0.0176481 -0.129983 0.01 0.0174223 -0.129637 0 0.0176481 -0.129983 0 0.0164536 -0.128883 0.01 0.0160631 -0.128749 0.01 0.0160631 -0.128749 0 0.0168168 -0.12908 0 0.0168168 -0.12908 0.01 0.0164536 -0.128883 0 0.0148357 -0.128749 0 0.015243 -0.128681 0.01 0.0148357 -0.128749 0.01 0.015243 -0.128681 0 0.0156559 -0.128681 0 0.0156559 -0.128681 0.01 0.0137562 -0.129333 0.01 0.0137562 -0.129333 0 0.014082 -0.12908 0.01 0.0144452 -0.128883 0.01 0.014082 -0.12908 0 0.0144452 -0.128883 0 0.0132507 -0.129983 0 0.0134766 -0.129637 0 0.0134766 -0.129637 0.01 0.0132507 -0.129983 0.01 0.0130849 -0.130361 0 0.0130849 -0.130361 0.01 0.0129835 -0.130761 0 0.0129835 -0.130761 0.01 0.0156559 0.128675 0 0.015243 0.128675 0 0.015243 0.128675 0.01 0.0179494 0.131166 0.01 0.0179153 0.131578 0 0.0179494 0.131166 0 0.0148357 0.128743 0 0.0148357 0.128743 0.01 0.0144452 0.128877 0.01 0.0144452 0.128877 0 0.014082 0.129073 0 0.014082 0.129073 0.01 0.0137562 0.129327 0 0.0137562 0.129327 0.01 0.0134766 0.129631 0.01 0.0134766 0.129631 0 0.0132507 0.129976 0 0.0132507 0.129976 0.01 0.0130849 0.130355 0 0.0130849 0.130355 0.01 0.0129835 0.130755 0.01 0.0129835 0.130755 0 0.0129494 0.131166 0.01 0.0129494 0.131166 0 0.0156559 0.128675 0.01 0.0160631 0.128743 0 0.0160631 0.128743 0.01 0.0164536 0.128877 0.01 0.0164536 0.128877 0 0.0168168 0.129073 0.01 0.0168168 0.129073 0 0.0171426 0.129327 0 0.0171426 0.129327 0.01 0.0174223 0.129631 0.01 0.0174223 0.129631 0 0.0176481 0.129976 0.01 0.0176481 0.129976 0 0.0178139 0.130355 0 0.0178139 0.130355 0.01 0.0179153 0.130755 0.01 0.0179153 0.130755 0 0.0178139 0.131978 0.01 0.0178139 0.131978 0 0.0179153 0.131578 0.01 0.0171426 0.133006 0.01 0.0171426 0.133006 0 0.0174223 0.132702 0.01 0.0176481 0.132356 0.01 0.0174223 0.132702 0 0.0176481 0.132356 0 0.0164536 0.133456 0.01 0.0160631 0.13359 0.01 0.0160631 0.13359 0 0.0168168 0.133259 0 0.0168168 0.133259 0.01 0.0164536 0.133456 0 0.0148357 0.13359 0 0.015243 0.133658 0.01 0.0148357 0.13359 0.01 0.015243 0.133658 0 0.0156559 0.133658 0 0.0156559 0.133658 0.01 0.0137562 0.133006 0.01 0.0137562 0.133006 0 0.014082 0.133259 0.01 0.0144452 0.133456 0.01 0.014082 0.133259 0 0.0144452 0.133456 0 0.0132507 0.132356 0 0.0134766 0.132702 0 0.0134766 0.132702 0.01 0.0132507 0.132356 0.01 0.0130849 0.131978 0 0.0130849 0.131978 0.01 0.0129835 0.131578 0 0.0129835 0.131578 0.01 -0.133301 0.0135053 0 -0.133714 0.0135053 0 -0.133714 0.0135053 0.01 -0.131008 0.0159968 0.01 -0.131042 0.0164083 0 -0.131008 0.0159968 0 -0.134121 0.0135733 0 -0.134121 0.0135733 0.01 -0.134512 0.0137073 0.01 -0.134512 0.0137073 0 -0.134875 0.0139039 0 -0.134875 0.0139039 0.01 -0.135201 0.0141575 0 -0.135201 0.0141575 0.01 -0.13548 0.0144612 0.01 -0.13548 0.0144612 0 -0.135706 0.0148069 0 -0.135706 0.0148069 0.01 -0.135872 0.015185 0 -0.135872 0.015185 0.01 -0.135974 0.0155853 0.01 -0.135974 0.0155853 0 -0.136008 0.0159968 0.01 -0.136008 0.0159968 0 -0.133301 0.0135053 0.01 -0.132894 0.0135733 0 -0.132894 0.0135733 0.01 -0.132503 0.0137073 0.01 -0.132503 0.0137073 0 -0.13214 0.0139039 0.01 -0.13214 0.0139039 0 -0.131814 0.0141575 0 -0.131814 0.0141575 0.01 -0.131535 0.0144612 0.01 -0.131535 0.0144612 0 -0.131309 0.0148069 0.01 -0.131309 0.0148069 0 -0.131143 0.015185 0 -0.131143 0.015185 0.01 -0.131042 0.0155853 0.01 -0.131042 0.0155853 0 -0.131143 0.0168085 0.01 -0.131143 0.0168085 0 -0.131042 0.0164083 0.01 -0.131814 0.0178361 0.01 -0.131814 0.0178361 0 -0.131535 0.0175323 0.01 -0.131309 0.0171866 0.01 -0.131535 0.0175323 0 -0.131309 0.0171866 0 -0.132503 0.0182862 0.01 -0.132894 0.0184203 0.01 -0.132894 0.0184203 0 -0.13214 0.0180897 0 -0.13214 0.0180897 0.01 -0.132503 0.0182862 0 -0.134121 0.0184203 0 -0.133714 0.0184882 0.01 -0.134121 0.0184203 0.01 -0.133714 0.0184882 0 -0.133301 0.0184882 0 -0.133301 0.0184882 0.01 -0.135201 0.0178361 0.01 -0.135201 0.0178361 0 -0.134875 0.0180897 0.01 -0.134512 0.0182862 0.01 -0.134875 0.0180897 0 -0.134512 0.0182862 0 -0.135706 0.0171866 0 -0.13548 0.0175323 0 -0.13548 0.0175323 0.01 -0.135706 0.0171866 0.01 -0.135872 0.0168085 0 -0.135872 0.0168085 0.01 -0.135974 0.0164083 0 -0.135974 0.0164083 0.01 0.132613 0.0135053 0 0.1322 0.0135053 0 0.1322 0.0135053 0.01 0.134906 0.0159968 0.01 0.134872 0.0164083 0 0.134906 0.0159968 0 0.131793 0.0135733 0 0.131793 0.0135733 0.01 0.131402 0.0137073 0.01 0.131402 0.0137073 0 0.131039 0.0139039 0 0.131039 0.0139039 0.01 0.130713 0.0141575 0 0.130713 0.0141575 0.01 0.130434 0.0144612 0.01 0.130434 0.0144612 0 0.130208 0.0148069 0 0.130208 0.0148069 0.01 0.130042 0.015185 0 0.130042 0.015185 0.01 0.129941 0.0155853 0.01 0.129941 0.0155853 0 0.129906 0.0159968 0.01 0.129906 0.0159968 0 0.132613 0.0135053 0.01 0.13302 0.0135733 0 0.13302 0.0135733 0.01 0.133411 0.0137073 0.01 0.133411 0.0137073 0 0.133774 0.0139039 0.01 0.133774 0.0139039 0 0.1341 0.0141575 0 0.1341 0.0141575 0.01 0.134379 0.0144612 0.01 0.134379 0.0144612 0 0.134605 0.0148069 0.01 0.134605 0.0148069 0 0.134771 0.015185 0 0.134771 0.015185 0.01 0.134872 0.0155853 0.01 0.134872 0.0155853 0 0.134771 0.0168085 0.01 0.134771 0.0168085 0 0.134872 0.0164083 0.01 0.1341 0.0178361 0.01 0.1341 0.0178361 0 0.134379 0.0175323 0.01 0.134605 0.0171866 0.01 0.134379 0.0175323 0 0.134605 0.0171866 0 0.133411 0.0182862 0.01 0.13302 0.0184203 0.01 0.13302 0.0184203 0 0.133774 0.0180897 0 0.133774 0.0180897 0.01 0.133411 0.0182862 0 0.131793 0.0184203 0 0.1322 0.0184882 0.01 0.131793 0.0184203 0.01 0.1322 0.0184882 0 0.132613 0.0184882 0 0.132613 0.0184882 0.01 0.130713 0.0178361 0.01 0.130713 0.0178361 0 0.131039 0.0180897 0.01 0.131402 0.0182862 0.01 0.131039 0.0180897 0 0.131402 0.0182862 0 0.130208 0.0171866 0 0.130434 0.0175323 0 0.130434 0.0175323 0.01 0.130208 0.0171866 0.01 0.130042 0.0168085 0 0.130042 0.0168085 0.01 0.129941 0.0164083 0 0.129941 0.0164083 0.01 0.15373 0.152778 0 0.15371 0.152531 0 0.15373 0.152778 0.01 0.153649 0.152291 0 0.15371 0.152531 0.01 0.153649 0.152291 0.01 0.15355 0.152064 0 0.153414 0.151856 0 0.15355 0.152064 0.01 0.153246 0.151674 0 0.153414 0.151857 0.01 0.153051 0.151522 0.01 0.153247 0.151675 0.01 0.153051 0.151522 0 0.152833 0.151404 0.01 0.152833 0.151404 0 0.152599 0.151324 0.01 0.152355 0.151283 0.01 0.152598 0.151324 0 0.152354 0.151283 0 0.152107 0.151283 0 0.152107 0.151283 0.01 0.151862 0.151324 0 0.151862 0.151324 0.01 0.151628 0.151404 0.01 0.151628 0.151405 0 0.15141 0.151523 0 0.151411 0.151522 0.01 0.151214 0.151675 0 0.151215 0.151674 0.01 0.151047 0.151857 0.01 0.151047 0.151857 0 0.150911 0.152064 0 0.150912 0.152064 0.01 0.150812 0.152292 0 0.150812 0.15229 0.01 0.150751 0.152531 0.01 0.150751 0.152531 0 0.150731 0.152778 0.01 0.150731 0.152778 0 0.15371 0.153025 0.01 0.15371 0.153025 0 0.153649 0.153265 0.01 0.15355 0.153492 0.01 0.153649 0.153265 0 0.153414 0.1537 0.01 0.15355 0.153492 0 0.153414 0.153699 0 0.153246 0.153882 0.01 0.153247 0.153881 0 0.153051 0.154034 0 0.153051 0.154034 0.01 0.152833 0.154152 0 0.152599 0.154232 0 0.152833 0.154152 0.01 0.152598 0.154232 0.01 0.152355 0.154273 0 0.152354 0.154273 0.01 0.152107 0.154273 0.01 0.152107 0.154273 0 0.151862 0.154232 0 0.151862 0.154232 0.01 0.151628 0.154151 0.01 0.151628 0.154152 0 0.15141 0.154033 0.01 0.151411 0.154034 0 0.151215 0.153882 0 0.151214 0.153881 0.01 0.151047 0.153699 0.01 0.151047 0.153699 0 0.150911 0.153491 0.01 0.150912 0.153492 0 0.150812 0.153266 0 0.150812 0.153264 0.01 0.150751 0.153025 0.01 0.150751 0.153025 0 -0.133513 -0.0407547 0 -0.130754 -0.0339261 0 -0.133513 -0.0407547 0.01 -0.130754 -0.0339261 0.01 -0.129073 -0.0267558 0 -0.128508 -0.0194127 0 -0.129073 -0.0267558 0.01 -0.128508 -0.0194127 0.01 -0.137284 -0.0470809 0.01 -0.141979 -0.0527557 0.01 -0.137284 -0.0470809 0 -0.141979 -0.0527557 0 -0.147486 -0.0576455 0.01 -0.147486 -0.0576455 0 -0.106533 0.17734 0.01 -0.110341 0.167161 0.01 -0.101696 0.167236 0.01 0.140878 -0.0527557 0.01 0.146385 -0.0576455 0.01 0.152431 -0.0496804 0.01 -0.0693278 0.156037 0.01 -0.0714357 0.168982 0.01 -0.0767715 0.160483 0.01 -0.0847503 0.163869 0.01 -0.0797251 0.172687 0.01 0.0571873 0.145388 0.01 0.049184 0.151383 0.01 0.0453119 0.146971 0.01 -0.0931117 0.166134 0.01 -0.0974399 0.176909 0.01 -0.0884556 0.175352 0.01 0.162145 0.0780722 0.01 0.174193 0.0816095 0.01 0.165144 0.0862047 0.01 0.162473 0.0594149 0.01 0.150784 0.0614183 0.01 0.157747 0.0542405 0.01 -0.124573 0.174814 0.01 -0.118919 0.165902 0.01 -0.115627 0.17664 0.01 0.13402 0.159973 0.01 0.132124 0.171889 0.01 0.126106 0.163496 0.01 0.0604866 0.149332 0.01 -0.135154 0.159954 0.01 -0.1332 0.171898 0.01 -0.141403 0.167934 0.01 -0.127243 0.163484 0.01 -0.152013 0.153492 0.01 -0.151913 0.153265 0.01 -0.142504 0.155383 0.01 -0.149063 0.162977 0.01 -0.155008 0.143464 0.01 -0.167557 0.143026 0.01 -0.15993 0.13633 0.01 -0.154832 0.152778 0.01 -0.162236 0.150428 0.01 -0.154811 0.152531 0.01 -0.16383 0.128595 0.01 -0.171923 0.13501 0.01 -0.168794 0.103268 0.01 -0.168302 0.111924 0.01 -0.17865 0.108653 0.01 -0.175256 0.126522 0.01 -0.166637 0.120407 0.01 -0.0582885 0.145388 0.01 -0.0502852 0.151383 0.01 -0.0615878 0.149332 0.01 -0.178661 0.0995218 0.01 -0.158848 0.0542405 0.01 -0.147486 0.0576391 0.01 -0.151885 0.0614183 0.01 -0.163574 0.0594149 0.01 -0.137284 0.0470745 0.01 -0.141979 0.0527493 0.01 -0.149172 0.0458028 0.01 -0.153532 0.0496739 0.01 -0.155797 0.0657006 0.01 -0.177507 0.117701 0.01 -0.166233 0.0861685 0.01 -0.17754 0.090485 0.01 -0.175307 0.0816527 0.01 -0.145456 0.0413103 0.01 -0.129073 0.0267494 0.01 -0.130754 0.0339197 0.01 -0.140286 0.030896 0.01 -0.14247 0.036302 0.01 -0.138508 0.0194062 0.01 -0.135706 0.0171866 0.01 -0.13548 0.0175323 0.01 -0.0477062 0.13506 0.01 -0.036876 0.140183 0.01 -0.0419075 0.143207 0.01 0.0187712 0.136166 0.01 0.0176481 0.132356 0.01 0.0178139 0.131978 0.01 -0.153532 -0.0496804 0.01 -0.141979 -0.0527557 0.01 -0.149172 -0.0458092 0.01 -0.154991 -0.143489 0.01 -0.16758 -0.142994 0.01 -0.16226 -0.150407 0.01 -0.110341 -0.167167 0.01 -0.118895 -0.165912 0.01 -0.115669 -0.17664 0.01 -0.0652675 -0.152888 0.01 -0.0587181 -0.160445 0.01 -0.0542717 -0.156156 0.01 -0.0974547 -0.176918 0.01 -0.0884824 -0.175363 0.01 -0.0930744 -0.166133 0.01 -0.177516 -0.117666 0.01 -0.166632 -0.120439 0.01 -0.168302 -0.111931 0.01 -0.0693278 -0.156043 0.01 -0.163246 -0.0780787 0.01 -0.175294 -0.0816159 0.01 -0.166245 -0.0862111 0.01 -0.177536 -0.0904645 0.01 -0.168104 -0.0946718 0.01 -0.171992 -0.0731579 0.01 -0.159163 -0.0704297 0.01 -0.178659 -0.0995133 0.01 -0.168793 -0.103299 0.01 -0.175262 -0.126515 0.01 -0.178652 -0.108617 0.01 -0.171934 -0.134991 0.01 -0.15991 -0.136368 0.01 -0.106576 -0.177347 0.01 -0.101671 -0.167243 0.01 -0.127207 -0.163503 0.01 -0.124588 -0.174816 0.01 -0.142484 -0.155406 0.01 -0.141442 -0.167919 0.01 -0.135121 -0.159979 0.01 -0.133226 -0.171895 0.01 -0.0615878 -0.149338 0.01 -0.0502852 -0.15139 0.01 -0.151832 -0.152784 0.01 -0.151852 -0.153031 0.01 -0.149155 -0.149868 0.01 0.0682266 -0.156043 0.01 0.0703345 -0.168988 0.01 0.0756703 -0.160489 0.01 -0.152729 -0.154158 0.01 -0.149092 -0.162961 0.01 -0.152511 -0.15404 0.01 -0.0582885 -0.145394 0.01 -0.0533974 -0.139821 0.01 -0.0464131 -0.146977 0.01 -0.0419075 -0.143214 0.01 -0.163816 -0.128636 0.01 -0.155797 -0.065707 0.01 -0.167642 -0.0651279 0.01 -0.0477062 -0.135067 0.01 -0.0413507 -0.131246 0.01 -0.036876 -0.140189 0.01 -0.0314388 -0.137976 0.01 -0.0344825 -0.12845 0.01 -0.137284 -0.0470809 0.01 -0.133513 -0.0407547 0.01 -0.145456 -0.0413167 0.01 -0.0272657 -0.126746 0.01 -0.0257254 -0.136626 0.01 -0.130754 -0.0339261 0.01 -0.140286 -0.0309025 0.01 -0.0198724 -0.136173 0.01 -0.017918 -0.133266 0.01 -0.0182438 -0.133012 0.01 0.0187712 -0.126173 0.01 0.0176481 -0.129983 0.01 0.0178139 -0.130361 0.01 -0.0185234 -0.132708 0.01 0.130434 0.0175323 0.01 0.127406 0.0194062 0.01 0.130208 0.0171866 0.01 0.144355 -0.0413167 0.01 0.141369 -0.0363085 0.01 0.132412 -0.0407547 0.01 0.129653 -0.0339261 0.01 0.139185 -0.0309025 0.01 0.127971 -0.0267558 0.01 0.162473 -0.0594213 0.01 0.157747 -0.0542469 0.01 0.150784 -0.0614248 0.01 0.154696 -0.065707 0.01 0.123472 -0.174821 0.01 0.117818 -0.165908 0.01 0.114526 -0.176646 0.01 0.166455 -0.143032 0.01 0.158829 -0.136336 0.01 0.153907 -0.143471 0.01 0.0786239 -0.172693 0.01 0.0836491 -0.163876 0.01 0.0920105 -0.16614 0.01 0.0873544 -0.175358 0.01 0.10924 -0.167167 0.01 0.100595 -0.167243 0.01 0.105432 -0.177346 0.01 0.0963387 -0.176916 0.01 0.132099 -0.171904 0.01 0.126142 -0.16349 0.01 0.140302 -0.167941 0.01 0.147962 -0.162983 0.01 0.141402 -0.15539 0.01 0.134053 -0.159961 0.01 0.150751 -0.152537 0.01 0.150812 -0.152298 0.01 0.148054 -0.149868 0.01 0.161135 -0.150434 0.01 0.15371 -0.153031 0.01 0.154953 -0.157107 0.01 0.162729 -0.128601 0.01 0.174155 -0.126529 0.01 0.165536 -0.120414 0.01 0.170822 -0.135016 0.01 0.167693 -0.103274 0.01 0.177549 -0.108659 0.01 0.17756 -0.0995283 0.01 0.167201 -0.111931 0.01 0.049184 -0.15139 0.01 0.0604866 -0.149338 0.01 0.0571873 -0.145394 0.01 0.148071 -0.0458092 0.01 0.136183 -0.0470809 0.01 0.176438 -0.0904915 0.01 0.174206 -0.0816592 0.01 0.165132 -0.086175 0.01 0.062523 -0.164257 0.01 0.176406 -0.117708 0.01 0.0408063 -0.143214 0.01 0.046605 -0.135067 0.01 0.0357749 -0.140189 0.01 0.0402495 -0.131246 0.01 0.0333814 -0.12845 0.01 0.137406 -0.0194127 0.01 0.134605 -0.0171931 0.01 0.134379 -0.0175388 0.01 0.1341 -0.0178425 0.01 0.133774 -0.0180961 0.01 0.137854 -0.025226 0.01 0.0246242 0.13662 0.01 0.0179494 0.131166 0.01 0.0261645 0.126739 0.01 -0.0185234 0.129631 0.01 -0.0198724 0.126166 0.01 -0.0182438 0.129327 0.01 0.154696 0.0657006 0.01 0.166541 0.0651214 0.01 0.158062 0.0704233 0.01 0.0402495 0.13124 0.01 0.0303376 0.137969 0.01 0.0333814 0.128444 0.01 0.177558 0.0995068 0.01 0.167692 0.103293 0.01 0.167003 0.0946653 0.01 0.105474 0.17734 0.01 0.10057 0.167236 0.01 0.10924 0.167161 0.01 0.176435 0.0904581 0.01 0.170891 0.0731514 0.01 0.167201 0.111924 0.01 0.177551 0.10861 0.01 0.16553 0.120432 0.01 0.176414 0.11766 0.01 0.170832 0.134984 0.01 0.166479 0.142987 0.01 0.158809 0.136362 0.01 0.17416 0.126508 0.01 0.152431 0.0496739 0.01 0.146385 0.0576391 0.01 0.0963536 0.176912 0.01 0.0873812 0.175357 0.01 0.0919732 0.166127 0.01 0.123487 0.174809 0.01 0.117793 0.165906 0.01 0.141383 0.155399 0.01 0.140341 0.167913 0.01 0.114568 0.176633 0.01 0.0531705 0.156149 0.01 0.0641663 0.152882 0.01 0.0576169 0.160438 0.01 0.15371 0.153025 0.01 0.154953 0.157101 0.01 0.153649 0.153265 0.01 0.0522963 0.139814 0.01 0.0408063 0.143207 0.01 0.161159 0.1504 0.01 0.15389 0.143483 0.01 0.046605 0.13506 0.01 0.162715 0.12863 0.01 0.0357749 0.140183 0.01 0.132412 0.0407483 0.01 0.139185 0.030896 0.01 0.141369 0.036302 0.01 0.144355 0.0413103 0.01 0.136183 0.0470745 0.01 -0.017918 0.129073 0.01 0.0179494 -0.131173 0.01 0.0246242 -0.136626 0.01 0.0261645 -0.126746 0.01 -0.135201 0.0178361 0.01 -0.134875 0.0180897 0.01 -0.0413507 0.13124 0.01 -0.0344825 0.128444 0.01 -0.138955 0.0252196 0.01 -0.133513 0.0407483 0.01 -0.0636242 0.164251 0.01 -0.0314388 0.137969 0.01 -0.135872 -0.0151915 0.01 -0.135706 -0.0148134 0.01 -0.138508 -0.0194127 0.01 -0.0464131 0.146971 0.01 -0.0533974 0.139814 0.01 -0.0272657 0.126739 0.01 -0.0542717 0.156149 0.01 -0.0652675 0.152882 0.01 -0.0587181 0.160438 0.01 -0.1681 0.0946278 0.01 -0.159163 0.0704233 0.01 -0.171992 0.0731514 0.01 -0.167642 0.0651214 0.01 -0.163246 0.0780722 0.01 -0.152148 0.151857 0.01 -0.149155 0.149861 0.01 -0.152012 0.152064 0.01 -0.152964 0.154232 0.01 -0.152729 0.154152 0.01 -0.0257254 0.13662 0.01 0.0179153 0.130755 0.01 0.129653 0.0339197 0.01 0.140878 0.0527493 0.01 0.148071 0.0458028 0.01 0.137854 0.0252196 0.01 0.0836135 0.163856 0.01 0.0786665 0.172702 0.01 0.0682266 0.156037 0.01 0.0756703 0.160483 0.01 0.0703345 0.168982 0.01 0.062523 0.164251 0.01 0.14799 0.162954 0.01 0.15373 0.152778 0.01 0.15371 0.152531 0.01 0.127971 0.0267494 0.01 0.130208 -0.0148134 0.01 0.127406 -0.0194127 0.01 0.130042 -0.0151915 0.01 0.0303376 -0.137976 0.01 0.0453119 -0.146977 0.01 0.0522963 -0.139821 0.01 0.0531705 -0.156156 0.01 0.0641663 -0.152888 0.01 0.0576169 -0.160445 0.01 0.166998 -0.0946342 0.01 0.170891 -0.0731579 0.01 0.162145 -0.0780787 0.01 0.158062 -0.0704297 0.01 0.166541 -0.0651279 0.01 0.152107 -0.15129 0.01 0.152354 -0.15129 0.01 0.153414 -0.153705 0.01 0.153247 -0.153888 0.01 0.0179153 -0.131584 0.01 -0.151885 -0.0614248 0.01 -0.147486 -0.0576455 0.01 -0.158848 -0.0542469 0.01 -0.163574 -0.0594213 0.01 -0.0847147 -0.163863 0.01 -0.0797677 -0.172709 0.01 -0.0767715 -0.160489 0.01 -0.0714357 -0.168988 0.01 -0.0636242 -0.164257 0.01 -0.154347 -0.153888 0.01 -0.156054 -0.157107 0.01 -0.154152 -0.15404 0.01 -0.14247 -0.0363085 0.01 -0.138955 -0.025226 0.01 -0.129073 -0.0267558 0.01 -0.131309 -0.0171931 0.01 -0.131535 -0.0175388 0.01 -0.128508 -0.0194127 0.01 -0.154153 0.154033 0.01 -0.153935 0.154151 0.01 -0.156054 0.157101 0.01 -0.153456 0.151283 0.01 -0.1537 0.151324 0.01 -0.151913 0.152291 0.01 -0.151852 0.152531 0.01 -0.151832 0.152778 0.01 -0.152316 0.151675 0.01 -0.152511 0.151522 0.01 -0.152729 0.151404 0.01 -0.152963 0.151324 0.01 -0.153207 0.151283 0.01 -0.153934 0.151404 0.01 -0.154152 0.151522 0.01 -0.154347 0.151674 0.01 -0.154651 0.152064 0.01 -0.154515 0.151857 0.01 -0.15475 0.15229 0.01 -0.154811 0.153025 0.01 -0.154751 0.153264 0.01 -0.154515 0.153699 0.01 -0.154651 0.153491 0.01 -0.154348 0.153881 0.01 -0.1537 0.154232 0.01 -0.153456 0.154273 0.01 -0.153208 0.154273 0.01 -0.152511 0.154034 0.01 -0.152316 0.153882 0.01 -0.152148 0.1537 0.01 -0.151852 0.153025 0.01 -0.154811 -0.152537 0.01 -0.154751 -0.152298 0.01 -0.153456 -0.15129 0.01 -0.153208 -0.15129 0.01 -0.151913 -0.153272 0.01 -0.152012 -0.153498 0.01 -0.152148 -0.153705 0.01 -0.152316 -0.153888 0.01 -0.152963 -0.154238 0.01 -0.153456 -0.154279 0.01 -0.153207 -0.154279 0.01 -0.153934 -0.154158 0.01 -0.1537 -0.154238 0.01 -0.154515 -0.153706 0.01 -0.154651 -0.153499 0.01 -0.15475 -0.153272 0.01 -0.154811 -0.153032 0.01 -0.154832 -0.152784 0.01 -0.154651 -0.152071 0.01 -0.154515 -0.151863 0.01 -0.154348 -0.151681 0.01 -0.153935 -0.151411 0.01 -0.154153 -0.151529 0.01 -0.1537 -0.15133 0.01 -0.152964 -0.15133 0.01 -0.152511 -0.151529 0.01 -0.152729 -0.151411 0.01 -0.152148 -0.151863 0.01 -0.152316 -0.151681 0.01 -0.151913 -0.152298 0.01 -0.152013 -0.15207 0.01 -0.151852 -0.152537 0.01 0.151862 -0.154238 0.01 0.15373 -0.152784 0.01 0.150912 -0.153499 0.01 0.150812 -0.153272 0.01 0.15355 -0.153498 0.01 0.153649 -0.153272 0.01 0.153051 -0.15404 0.01 0.152833 -0.154158 0.01 0.152599 -0.154238 0.01 0.152355 -0.154279 0.01 0.152107 -0.154279 0.01 0.151628 -0.154158 0.01 0.151411 -0.15404 0.01 0.151215 -0.153888 0.01 0.151047 -0.153706 0.01 0.150751 -0.153032 0.01 0.150731 -0.152784 0.01 0.151047 -0.151863 0.01 0.150911 -0.152071 0.01 0.151214 -0.151681 0.01 0.15141 -0.151529 0.01 0.151628 -0.151411 0.01 0.151862 -0.15133 0.01 0.152598 -0.15133 0.01 0.152833 -0.151411 0.01 0.153051 -0.151529 0.01 0.153246 -0.151681 0.01 0.15355 -0.15207 0.01 0.153414 -0.151863 0.01 0.15371 -0.152537 0.01 0.153649 -0.152298 0.01 0.1322 -0.0184947 0.01 0.132613 -0.0184947 0.01 0.134771 -0.016815 0.01 0.134872 -0.0164147 0.01 0.134906 -0.0160032 0.01 0.133411 -0.0182927 0.01 0.13302 -0.0184267 0.01 0.131793 -0.0184267 0.01 0.131039 -0.0180961 0.01 0.131402 -0.0182927 0.01 0.129941 -0.0155917 0.01 0.130434 -0.0175388 0.01 0.130713 -0.0178425 0.01 0.130042 -0.016815 0.01 0.130208 -0.0171931 0.01 0.129941 -0.0164147 0.01 0.129906 -0.0160032 0.01 0.130713 -0.0141639 0.01 0.131039 -0.0139103 0.01 0.130713 0.0141575 0.01 0.132613 -0.0135118 0.01 0.1322 0.0135053 0.01 0.1322 -0.0135118 0.01 0.131793 -0.0135797 0.01 0.131402 0.0137073 0.01 0.131402 -0.0137138 0.01 0.133774 -0.0139103 0.01 0.133774 0.0139039 0.01 0.133411 0.0137073 0.01 0.133411 -0.0137138 0.01 0.13302 0.0135733 0.01 0.130208 0.0148069 0.01 0.130042 0.015185 0.01 0.1341 -0.0141639 0.01 0.134379 -0.0144677 0.01 0.134605 -0.0148134 0.01 0.134379 0.0144612 0.01 0.1341 0.0141575 0.01 0.134605 0.0148069 0.01 0.134771 -0.0151915 0.01 0.137406 0.0194062 0.01 0.134872 0.0155853 0.01 0.134771 0.015185 0.01 0.134906 0.0159968 0.01 0.134872 -0.0155917 0.01 -0.133714 -0.0184947 0.01 -0.131143 -0.016815 0.01 -0.131042 -0.0164147 0.01 -0.131008 -0.0160032 0.01 -0.131814 -0.0178425 0.01 -0.132503 -0.0182927 0.01 -0.132894 -0.0184267 0.01 -0.13214 -0.0180961 0.01 -0.133301 -0.0184947 0.01 -0.134121 -0.0184267 0.01 -0.134875 -0.0180961 0.01 -0.134512 -0.0182927 0.01 -0.135974 -0.0155917 0.01 -0.13548 -0.0175388 0.01 -0.135201 -0.0178425 0.01 -0.135872 -0.016815 0.01 -0.135706 -0.0171931 0.01 -0.135974 -0.0164147 0.01 -0.136008 -0.0160032 0.01 -0.135201 -0.0141639 0.01 -0.134875 -0.0139103 0.01 -0.135201 0.0141575 0.01 -0.133301 -0.0135118 0.01 -0.133714 0.0135053 0.01 -0.133714 -0.0135118 0.01 -0.134121 -0.0135797 0.01 -0.134512 0.0137073 0.01 -0.134512 -0.0137138 0.01 -0.13214 -0.0139103 0.01 -0.13214 0.0139039 0.01 -0.132503 0.0137073 0.01 -0.132503 -0.0137138 0.01 -0.132894 0.0135733 0.01 -0.135706 0.0148069 0.01 -0.135872 0.015185 0.01 -0.131814 -0.0141639 0.01 -0.131535 -0.0144677 0.01 -0.131309 -0.0148134 0.01 -0.131535 0.0144612 0.01 -0.131814 0.0141575 0.01 -0.131309 0.0148069 0.01 -0.131143 -0.0151915 0.01 -0.128508 0.0194062 0.01 -0.131042 0.0155853 0.01 -0.131143 0.015185 0.01 -0.131008 0.0159968 0.01 -0.131042 -0.0155917 0.01 0.0187712 0.126166 0.01 -0.0155464 0.128877 0.01 -0.0198724 0.136166 0.01 0.0144452 0.133456 0.01 0.014082 0.129073 0.01 0.0137562 0.129327 0.01 -0.0148574 0.129327 0.01 0.0171426 0.129327 0.01 0.0168168 0.129073 0.01 0.0156559 0.128675 0.01 0.015243 0.128675 0.01 0.0164536 0.128877 0.01 0.0160631 0.128743 0.01 0.0144452 0.128877 0.01 0.0148357 0.128743 0.01 -0.0163441 0.128675 0.01 -0.0159369 0.128743 0.01 -0.0171643 0.128743 0.01 -0.016757 0.128675 0.01 -0.0175548 0.128877 0.01 -0.0187493 0.129976 0.01 -0.0189151 0.130355 0.01 -0.0190165 0.130755 0.01 -0.0190506 0.131166 0.01 -0.0190165 0.131578 0.01 -0.0189151 0.131978 0.01 -0.0185234 0.132702 0.01 -0.0187493 0.132356 0.01 -0.017918 0.133259 0.01 -0.0182438 0.133006 0.01 -0.0171643 0.13359 0.01 -0.0175548 0.133456 0.01 -0.0159369 0.13359 0.01 -0.0163441 0.133658 0.01 -0.016757 0.133658 0.01 -0.0155464 0.133456 0.01 0.014082 0.133259 0.01 -0.0143519 0.132356 0.01 0.0132507 0.132356 0.01 -0.0145777 0.132702 0.01 -0.0151832 0.133259 0.01 0.0137562 0.133006 0.01 -0.0140847 0.130755 0.01 0.0130849 0.130355 0.01 0.0129835 0.130755 0.01 -0.0141861 0.131978 0.01 -0.0140847 0.131578 0.01 0.0129835 0.131578 0.01 0.0134766 0.129631 0.01 -0.0143519 0.129976 0.01 -0.0145777 0.129631 0.01 0.0132507 0.129976 0.01 0.0187712 -0.136173 0.01 -0.0155464 -0.133462 0.01 -0.0198724 -0.126173 0.01 0.0144452 -0.128883 0.01 0.014082 -0.133266 0.01 0.0137562 -0.133012 0.01 -0.0148574 -0.133012 0.01 0.0171426 -0.133012 0.01 0.0168168 -0.133266 0.01 0.0156559 -0.133664 0.01 0.015243 -0.133664 0.01 0.0164536 -0.133462 0.01 0.0160631 -0.133596 0.01 0.0144452 -0.133462 0.01 0.0148357 -0.133596 0.01 -0.0163441 -0.133664 0.01 -0.0159369 -0.133596 0.01 -0.0171643 -0.133596 0.01 -0.016757 -0.133664 0.01 -0.0175548 -0.133462 0.01 -0.0187493 -0.132363 0.01 -0.0189151 -0.131985 0.01 -0.0190165 -0.131584 0.01 -0.0190506 -0.131173 0.01 -0.0190165 -0.130761 0.01 -0.0189151 -0.130361 0.01 -0.0185234 -0.129637 0.01 -0.0187493 -0.129983 0.01 -0.017918 -0.12908 0.01 -0.0182438 -0.129333 0.01 -0.0171643 -0.128749 0.01 -0.0175548 -0.128883 0.01 -0.0159369 -0.128749 0.01 -0.0163441 -0.128681 0.01 -0.016757 -0.128681 0.01 -0.0155464 -0.128883 0.01 0.014082 -0.12908 0.01 -0.0143519 -0.129983 0.01 0.0132507 -0.129983 0.01 -0.0145777 -0.129637 0.01 -0.0151832 -0.12908 0.01 0.0137562 -0.129333 0.01 -0.0140847 -0.131584 0.01 0.0130849 -0.131985 0.01 0.0129835 -0.131584 0.01 -0.0141861 -0.130361 0.01 -0.0140847 -0.130761 0.01 0.0129835 -0.130761 0.01 0.0134766 -0.132708 0.01 -0.0143519 -0.132363 0.01 -0.0145777 -0.132708 0.01 0.0132507 -0.132363 0.01 -0.0141861 -0.131985 0.01 0.0178139 -0.131985 0.01 0.0174223 -0.132708 0.01 0.0176481 -0.132363 0.01 -0.0151832 -0.133266 0.01 -0.0140506 -0.131173 0.01 0.0129494 -0.131173 0.01 0.0130849 -0.130361 0.01 0.0134766 -0.129637 0.01 -0.0148574 -0.129333 0.01 0.015243 -0.128681 0.01 0.0148357 -0.128749 0.01 0.0160631 -0.128749 0.01 0.0156559 -0.128681 0.01 0.0168168 -0.12908 0.01 0.0164536 -0.128883 0.01 0.0174223 -0.129637 0.01 0.0171426 -0.129333 0.01 0.0179153 -0.130761 0.01 -0.0141861 0.130355 0.01 0.0178139 0.130355 0.01 0.0174223 0.129631 0.01 0.0176481 0.129976 0.01 -0.0151832 0.129073 0.01 -0.0140506 0.131166 0.01 0.0129494 0.131166 0.01 0.0130849 0.131978 0.01 0.0134766 0.132702 0.01 -0.0148574 0.133006 0.01 0.015243 0.133658 0.01 0.0148357 0.13359 0.01 0.0160631 0.13359 0.01 0.0156559 0.133658 0.01 0.0168168 0.133259 0.01 0.0164536 0.133456 0.01 0.0174223 0.132702 0.01 0.0171426 0.133006 0.01 0.0179153 0.131578 0.01 -0.135974 0.0164083 0.01 -0.135872 0.0168085 0.01 -0.132894 -0.0135797 0.01 -0.133301 0.0135053 0.01 -0.134121 0.0135733 0.01 -0.134875 0.0139039 0.01 -0.13548 0.0144612 0.01 -0.13548 -0.0144677 0.01 -0.135974 0.0155853 0.01 -0.136008 0.0159968 0.01 -0.133301 0.0184882 0.01 -0.133714 0.0184882 0.01 -0.134512 0.0182862 0.01 -0.134121 0.0184203 0.01 -0.132894 0.0184203 0.01 -0.13214 0.0180897 0.01 -0.132503 0.0182862 0.01 -0.131535 0.0175323 0.01 -0.131814 0.0178361 0.01 -0.131143 0.0168085 0.01 -0.131309 0.0171866 0.01 -0.131042 0.0164083 0.01 0.129941 0.0164083 0.01 0.130042 0.0168085 0.01 0.13302 -0.0135797 0.01 0.132613 0.0135053 0.01 0.131793 0.0135733 0.01 0.131039 0.0139039 0.01 0.130434 0.0144612 0.01 0.130434 -0.0144677 0.01 0.129941 0.0155853 0.01 0.129906 0.0159968 0.01 0.132613 0.0184882 0.01 0.130713 0.0178361 0.01 0.131402 0.0182862 0.01 0.131793 0.0184203 0.01 0.131039 0.0180897 0.01 0.1322 0.0184882 0.01 0.13302 0.0184203 0.01 0.133774 0.0180897 0.01 0.133411 0.0182862 0.01 0.134379 0.0175323 0.01 0.1341 0.0178361 0.01 0.134771 0.0168085 0.01 0.134605 0.0171866 0.01 0.134872 0.0164083 0.01 0.150731 0.152778 0.01 0.150751 0.153025 0.01 0.148054 0.149861 0.01 0.153649 0.152291 0.01 0.152355 0.151283 0.01 0.152107 0.151283 0.01 0.15355 0.152064 0.01 0.153414 0.151857 0.01 0.153247 0.151675 0.01 0.152833 0.151404 0.01 0.153051 0.151522 0.01 0.152599 0.151324 0.01 0.151628 0.154151 0.01 0.15141 0.154033 0.01 0.151862 0.151324 0.01 0.151215 0.151674 0.01 0.151411 0.151522 0.01 0.151628 0.151404 0.01 0.151047 0.151857 0.01 0.150912 0.152064 0.01 0.150812 0.15229 0.01 0.150751 0.152531 0.01 0.150812 0.153264 0.01 0.150911 0.153491 0.01 0.151047 0.153699 0.01 0.151214 0.153881 0.01 0.151862 0.154232 0.01 0.152354 0.154273 0.01 0.152107 0.154273 0.01 0.152833 0.154152 0.01 0.152598 0.154232 0.01 0.153246 0.153882 0.01 0.153051 0.154034 0.01 0.15355 0.153492 0.01 0.153414 0.1537 0.01 -0.101696 0.167236 0 -0.110341 0.167161 0 -0.106533 0.17734 0 -0.0314388 -0.137976 0 -0.0344825 -0.12845 0 -0.0257254 -0.136626 0 0.0963536 0.176912 0 0.0919732 0.166127 0 0.0873812 0.175357 0 -0.118919 0.165902 0 -0.115627 0.17664 0 -0.124573 0.174814 0 0.167201 0.111924 0 0.16553 0.120432 0 0.176414 0.11766 0 0.117793 0.165906 0 0.123487 0.174809 0 0.126106 0.163496 0 -0.141403 0.167934 0 -0.1332 0.171898 0 -0.135154 0.159954 0 -0.127243 0.163484 0 0.0641663 0.152882 0 0.0604866 0.149332 0 0.0531705 0.156149 0 -0.142504 0.155383 0 -0.151913 0.153265 0 -0.152012 0.153492 0 -0.149063 0.162977 0 -0.15993 0.13633 0 -0.167557 0.143026 0 -0.155008 0.143464 0 -0.154811 0.152531 0 -0.162236 0.150428 0 -0.154832 0.152778 0 -0.16383 0.128595 0 -0.171923 0.13501 0 -0.0714357 0.168982 0 -0.0636242 0.164251 0 -0.0693278 0.156037 1.77636e-18 -0.177507 0.117701 0 -0.166637 0.120407 0 -0.168302 0.111924 0 -0.0502852 0.151383 0 -0.0582885 0.145388 0 -0.0615878 0.149332 0 -0.178661 0.0995218 0 -0.17865 0.108653 0 -0.168794 0.103268 0 -0.147486 0.0576391 0 -0.141979 0.0527493 0 -0.153532 0.0496739 1.77636e-18 -0.155797 0.0657006 0 -0.151885 0.0614183 0 -0.163574 0.0594149 0 -0.149172 0.0458028 0 -0.137284 0.0470745 0 -0.158848 0.0542405 0 -0.175307 0.0816527 0 -0.17754 0.090485 0 -0.166233 0.0861685 0 -0.175256 0.126522 0 -0.145456 0.0413103 0 -0.133513 0.0407483 0 -0.138508 0.0194062 0 -0.134875 0.0180897 0 -0.135201 0.0178361 0 -0.130754 0.0339197 0 -0.14247 0.036302 0 0.139185 0.030896 0 0.132412 0.0407483 0 0.141369 0.036302 0 -0.0477062 0.13506 0 -0.0419075 0.143207 0 -0.036876 0.140183 0 0.046605 -0.135067 0 0.0408063 -0.143214 0 0.0357749 -0.140189 0 -0.0477062 -0.135067 0 -0.036876 -0.140189 0 -0.0419075 -0.143214 0 -0.0502852 -0.15139 0 -0.0582885 -0.145394 0 -0.0464131 -0.146977 0 -0.118895 -0.165912 0 -0.110341 -0.167167 0 -0.115669 -0.17664 0 -0.0615878 -0.149338 0 -0.0542717 -0.156156 0 -0.0693278 -0.156043 0 -0.0652675 -0.152888 0 -0.0587181 -0.160445 0 -0.101671 -0.167243 0 -0.106576 -0.177347 0 -0.166632 -0.120439 0 -0.177516 -0.117666 0 -0.168302 -0.111931 0 -0.163246 -0.0780787 0 -0.166245 -0.0862111 0 -0.175294 -0.0816159 0 -0.168104 -0.0946718 0 -0.177536 -0.0904645 0 -0.171992 -0.0731579 0 -0.159163 -0.0704297 1.77636e-18 -0.168793 -0.103299 0 -0.178659 -0.0995133 0 -0.175262 -0.126515 0 -0.178652 -0.108617 0 -0.171934 -0.134991 0 -0.15991 -0.136368 0 -0.16758 -0.142994 0 -0.0930744 -0.166133 0 -0.0884824 -0.175363 0 -0.0974547 -0.176918 0 -0.124588 -0.174816 0 -0.127207 -0.163503 0 -0.142484 -0.155406 0 -0.135121 -0.159979 0 -0.141442 -0.167919 0 -0.133226 -0.171895 0 -0.149155 -0.149868 0 -0.151852 -0.153031 0 -0.151832 -0.152784 0 0.0756703 -0.160489 0 0.0836491 -0.163876 0 0.0786239 -0.172693 0 -0.152729 -0.154158 0 -0.152511 -0.15404 0 -0.149092 -0.162961 0 -0.0533974 -0.139821 0 -0.163816 -0.128636 0 -0.16226 -0.150407 0 -0.154991 -0.143489 0 -0.155797 -0.065707 0 -0.167642 -0.0651279 0 -0.0413507 -0.131246 0 -0.0272657 -0.126746 0 -0.145456 -0.0413167 0 -0.133513 -0.0407547 0 -0.137284 -0.0470809 0 -0.140286 -0.0309025 0 -0.14247 -0.0363085 0 -0.0198724 -0.136173 0 -0.0182438 -0.133012 0 -0.017918 -0.133266 0 -0.130754 -0.0339261 0 -0.0185234 -0.132708 0 0.0178139 -0.130361 0 0.0176481 -0.129983 0 0.0187712 -0.126173 0 0.139185 -0.0309025 0 0.141369 -0.0363085 0 0.129653 -0.0339261 0 0.162473 -0.0594213 0 0.154696 -0.065707 0 0.150784 -0.0614248 0 0.136183 -0.0470809 0 0.132412 -0.0407547 0 0.144355 -0.0413167 0 0.166455 -0.143032 0 0.153907 -0.143471 0 0.158829 -0.136336 0 0.157747 -0.0542469 0 0.0703345 -0.168988 0 0.0682266 -0.156043 0 0.117818 -0.165908 0 0.123472 -0.174821 0 0.114526 -0.176646 0 0.0920105 -0.16614 0 0.0873544 -0.175358 0 0.100595 -0.167243 0 0.0963387 -0.176916 0 0.105432 -0.177346 0 0.10924 -0.167167 0 0.126142 -0.16349 0 0.132099 -0.171904 0 0.147962 -0.162983 0 0.140302 -0.167941 0 0.141402 -0.15539 0 0.134053 -0.159961 0 0.150812 -0.152297 0 0.150751 -0.152537 0 0.148054 -0.149868 0 0.15371 -0.153031 0 0.161135 -0.150434 0 0.154953 -0.157107 0 0.174155 -0.126529 0 0.162729 -0.128601 0 0.165536 -0.120414 0 0.170822 -0.135016 0 0.177549 -0.108659 0 0.167693 -0.103274 0 0.17756 -0.0995283 0 0.167201 -0.111931 0 0.146385 -0.0576455 0 0.0604866 -0.149338 0 0.049184 -0.15139 0 0.0571873 -0.145394 1.77636e-18 0.148071 -0.0458092 0 0.140878 -0.0527557 0 0.152431 -0.0496804 0 0.176438 -0.0904915 0 0.165132 -0.086175 0 0.174206 -0.0816592 0 0.062523 -0.164257 0 0.176406 -0.117708 0 0.0402495 -0.131246 0 0.0333814 -0.12845 0 0.134379 -0.0175388 0 0.134605 -0.0171931 0 0.137406 -0.0194127 1.77636e-18 0.127971 -0.0267558 0 0.137854 -0.025226 0 0.133774 -0.0180961 0 0.1341 -0.0178425 0 0.0246242 0.13662 0 0.0261645 0.126739 0 0.0179494 0.131166 0 -0.0182438 0.129327 0 -0.0198724 0.126166 0 -0.0185234 0.129631 0 0.0402495 0.13124 0 0.0303376 0.137969 0 0.0357749 0.140183 0 0.0333814 0.128444 0 0.0408063 0.143207 0 0.046605 0.13506 0 0.0571873 0.145388 0 0.0522963 0.139814 0 0.0453119 0.146971 0 0.167003 0.0946653 0 0.167692 0.103293 0 0.177558 0.0995068 0 0.0576169 0.160438 0 0.158062 0.0704233 0 0.162145 0.0780722 0 0.170891 0.0731514 0 0.165144 0.0862047 0 0.174193 0.0816095 0 0.177551 0.10861 0 0.176435 0.0904581 0 0.17416 0.126508 0 0.150784 0.0614183 0 0.162473 0.0594149 0 0.157747 0.0542405 0 0.158809 0.136362 0 0.166479 0.142987 0 0.170832 0.134984 0 0.105474 0.17734 0 0.10924 0.167161 0 0.10057 0.167236 0 0.146385 0.0576391 0 0.152431 0.0496739 0 0.114568 0.176633 0 0.141383 0.155399 0 0.13402 0.159973 0 0.140341 0.167913 0 0.132124 0.171889 0 0.049184 0.151383 1.77636e-18 0.15371 0.153025 0 0.153649 0.153265 0 0.154953 0.157101 0 0.15389 0.143483 0 0.161159 0.1504 0 0.166541 0.0651214 0 0.154696 0.0657006 0 0.162715 0.12863 0 -0.017918 0.129073 0 -0.0847503 0.163869 0 -0.0797251 0.172687 0 -0.0767715 0.160483 0 0.0176481 0.132356 0 0.0187712 0.136166 0 0.0178139 0.131978 0 0.144355 0.0413103 0 0.136183 0.0470745 0 0.130434 0.0175323 0 0.130208 0.0171866 0 0.127406 0.0194062 0 -0.0413507 0.13124 0 -0.0344825 0.128444 0 -0.135706 0.0171866 0 -0.13548 0.0175323 0 -0.140286 0.030896 0 -0.138955 0.0252196 0 -0.129073 0.0267494 0 -0.0974399 0.176909 0 -0.0931117 0.166134 0 -0.0884556 0.175352 0 -0.0314388 0.137969 0 -0.0464131 0.146971 0 -0.0533974 0.139814 0 -0.0272657 0.126739 0 -0.0542717 0.156149 0 -0.0587181 0.160438 0 -0.0652675 0.152882 0 -0.1681 0.0946278 0 -0.159163 0.0704233 0 -0.167642 0.0651214 0 -0.171992 0.0731514 0 -0.163246 0.0780722 0 -0.152148 0.151856 0 -0.152013 0.152064 0 -0.149155 0.149861 0 -0.152963 0.154232 0 -0.152729 0.154152 0 0.0179494 -0.131173 0 0.0261645 -0.126746 0 0.0246242 -0.136626 0 -0.0257254 0.13662 0 0.0179153 0.130755 0 0.129653 0.0339197 0 0.140878 0.0527493 0 0.148071 0.0458028 0 0.137854 0.0252196 0 0.0836135 0.163856 0 0.0786665 0.172702 0 0.0682266 0.156037 1.77636e-18 0.0703345 0.168982 0 0.0756703 0.160483 0 0.062523 0.164251 0 0.14799 0.162954 0 0.15371 0.152531 0 0.15373 0.152778 0 0.127971 0.0267494 0 0.130208 -0.0148134 0 0.130042 -0.0151915 0 0.127406 -0.0194127 0 0.0303376 -0.137976 0 0.0453119 -0.146977 0 0.0522963 -0.139821 0 0.0531705 -0.156156 0 0.0576169 -0.160445 0 0.0641663 -0.152888 0 0.166998 -0.0946342 0 0.170891 -0.0731579 0 0.162145 -0.0780787 0 0.158062 -0.0704297 0 0.166541 -0.0651279 0 0.152355 -0.15129 0 0.152107 -0.15129 0 0.153414 -0.153706 0 0.153246 -0.153888 0 -0.138955 -0.025226 0 -0.129073 -0.0267558 0 0.0179153 -0.131584 0 -0.141979 -0.0527557 0 -0.153532 -0.0496804 0 -0.149172 -0.0458092 0 -0.151885 -0.0614248 0 -0.158848 -0.0542469 0 -0.147486 -0.0576455 0 -0.163574 -0.0594213 0 -0.0847147 -0.163863 0 -0.0797677 -0.172709 0 -0.0714357 -0.168988 0 -0.0767715 -0.160489 0 -0.0636242 -0.164257 0 -0.154348 -0.153888 0 -0.154153 -0.15404 0 -0.156054 -0.157107 0 -0.131309 -0.0171931 0 -0.128508 -0.0194127 0 -0.131535 -0.0175388 0 -0.135706 -0.0148134 0 -0.135872 -0.0151915 0 -0.138508 -0.0194127 0 -0.154152 0.154034 0 -0.156054 0.157101 0 -0.153934 0.154152 0 -0.153456 0.151283 0 -0.1537 0.151324 0 -0.151913 0.152291 0 -0.151852 0.152531 0 -0.151832 0.152778 0 -0.152511 0.151522 0 -0.152316 0.151674 0 -0.152964 0.151324 0 -0.152729 0.151404 0 -0.153208 0.151283 0 -0.154153 0.151523 0 -0.153935 0.151405 0 -0.154348 0.151675 0 -0.154651 0.152064 0 -0.154515 0.151857 0 -0.154751 0.152292 0 -0.154811 0.153025 0 -0.15475 0.153266 0 -0.154515 0.153699 0 -0.154651 0.153492 0 -0.154347 0.153882 0 -0.1537 0.154232 0 -0.153207 0.154273 0 -0.153456 0.154273 0 -0.152511 0.154034 0 -0.152148 0.153699 0 -0.152316 0.153881 0 -0.151852 0.153025 0 -0.154811 -0.152537 0 -0.15475 -0.152297 0 -0.153207 -0.15129 0 -0.153456 -0.15129 0 -0.152013 -0.153498 0 -0.151913 -0.153271 0 -0.152148 -0.153706 0 -0.152316 -0.153888 0 -0.152964 -0.154239 0 -0.153456 -0.154279 0 -0.153208 -0.154279 0 -0.153935 -0.154158 0 -0.1537 -0.154238 0 -0.154651 -0.153498 0 -0.154515 -0.153706 0 -0.154811 -0.153031 0 -0.154751 -0.153271 0 -0.154832 -0.152784 0 -0.154515 -0.151863 0 -0.154651 -0.15207 0 -0.154347 -0.151681 0 -0.153934 -0.151411 0 -0.154152 -0.151528 0 -0.1537 -0.15133 0 -0.152963 -0.15133 0 -0.152511 -0.151529 0 -0.152729 -0.151411 0 -0.152148 -0.151863 0 -0.152316 -0.151681 0 -0.151913 -0.152297 0 -0.152012 -0.152071 0 -0.151852 -0.152537 0 0.151862 -0.154238 0 0.15373 -0.152784 0 0.150812 -0.153271 0 0.150911 -0.153498 0 0.15355 -0.153498 0 0.153649 -0.153271 0 0.152833 -0.154158 0 0.153051 -0.15404 0 0.152354 -0.154279 0 0.152598 -0.154239 0 0.152107 -0.154279 0 0.15141 -0.15404 0 0.151628 -0.154158 0 0.151047 -0.153706 0 0.151214 -0.153888 0 0.150751 -0.153031 0 0.150731 -0.152784 0 0.151047 -0.151863 0 0.150912 -0.15207 0 0.151411 -0.151528 0 0.151215 -0.151681 0 0.151862 -0.15133 0 0.151628 -0.151411 0 0.152599 -0.15133 0 0.153051 -0.151529 0 0.152833 -0.151411 0 0.153247 -0.151681 0 0.15355 -0.152071 0 0.153414 -0.151863 0 0.15371 -0.152537 0 0.153649 -0.152297 0 0.1322 -0.0184947 0 0.132613 -0.0184947 0 0.134771 -0.016815 0 0.134872 -0.0164147 0 0.134906 -0.0160032 0 0.133411 -0.0182927 0 0.13302 -0.0184267 0 0.131793 -0.0184267 0 0.131039 -0.0180961 0 0.131402 -0.0182927 0 0.129941 -0.0155917 0 0.130434 -0.0175388 0 0.130713 -0.0178425 0 0.130042 -0.016815 0 0.130208 -0.0171931 0 0.129941 -0.0164147 0 0.129906 -0.0160032 0 0.130713 -0.0141639 0 0.130713 0.0141575 0 0.131039 -0.0139103 0 0.132613 -0.0135118 0 0.1322 -0.0135118 0 0.1322 0.0135053 0 0.131793 -0.0135797 0 0.131402 -0.0137138 0 0.131402 0.0137073 0 0.133774 -0.0139103 0 0.133411 0.0137073 0 0.133774 0.0139039 0 0.133411 -0.0137138 0 0.13302 0.0135733 0 0.130042 0.015185 0 0.130208 0.0148069 0 0.1341 -0.0141639 0 0.134379 -0.0144677 0 0.134379 0.0144612 0 0.134605 -0.0148134 0 0.1341 0.0141575 0 0.134605 0.0148069 0 0.134771 -0.0151915 0 0.137406 0.0194062 0 0.134771 0.015185 0 0.134872 0.0155853 0 0.134906 0.0159968 0 0.134872 -0.0155917 0 -0.133714 -0.0184947 0 -0.131143 -0.016815 0 -0.131042 -0.0164147 0 -0.131008 -0.0160032 0 -0.131814 -0.0178425 0 -0.132894 -0.0184267 0 -0.132503 -0.0182927 0 -0.13214 -0.0180961 0 -0.133301 -0.0184947 0 -0.134121 -0.0184267 0 -0.134875 -0.0180961 0 -0.134512 -0.0182927 0 -0.135974 -0.0155917 0 -0.13548 -0.0175388 0 -0.135201 -0.0178425 0 -0.135872 -0.016815 0 -0.135706 -0.0171931 0 -0.135974 -0.0164147 0 -0.136008 -0.0160032 0 -0.135201 -0.0141639 0 -0.135201 0.0141575 0 -0.134875 -0.0139103 0 -0.133301 -0.0135118 0 -0.133714 -0.0135118 0 -0.133714 0.0135053 0 -0.134121 -0.0135797 0 -0.134512 -0.0137138 0 -0.134512 0.0137073 0 -0.13214 -0.0139103 0 -0.132503 0.0137073 0 -0.13214 0.0139039 0 -0.132503 -0.0137138 0 -0.132894 0.0135733 0 -0.135872 0.015185 0 -0.135706 0.0148069 0 -0.131814 -0.0141639 0 -0.131535 -0.0144677 0 -0.131535 0.0144612 0 -0.131309 -0.0148134 0 -0.131814 0.0141575 0 -0.131309 0.0148069 0 -0.131143 -0.0151915 0 -0.128508 0.0194062 0 -0.131143 0.015185 0 -0.131042 0.0155853 0 -0.131008 0.0159968 0 -0.131042 -0.0155917 0 -0.0155464 0.128877 0 0.0187712 0.126166 0 -0.0198724 0.136166 0 0.0144452 0.133456 0 0.014082 0.129073 0 -0.0148574 0.129327 0 0.0137562 0.129327 0 0.0168168 0.129073 0 0.0171426 0.129327 0 0.015243 0.128675 0 0.0156559 0.128675 0 0.0164536 0.128877 0 0.0160631 0.128743 0 0.0144452 0.128877 0 0.0148357 0.128743 0 -0.0163441 0.128675 0 -0.0159369 0.128743 0 -0.0171643 0.128743 0 -0.016757 0.128675 0 -0.0175548 0.128877 0 -0.0189151 0.130355 0 -0.0187493 0.129976 0 -0.0190165 0.130755 0 -0.0190506 0.131166 0 -0.0190165 0.131578 0 -0.0189151 0.131978 0 -0.0185234 0.132702 0 -0.0187493 0.132356 0 -0.017918 0.133259 0 -0.0182438 0.133006 0 -0.0171643 0.13359 0 -0.0175548 0.133456 0 -0.0159369 0.13359 0 -0.0163441 0.133658 0 -0.016757 0.133658 0 -0.0155464 0.133456 0 0.014082 0.133259 0 -0.0143519 0.132356 0 -0.0145777 0.132702 0 0.0132507 0.132356 0 -0.0151832 0.133259 0 0.0137562 0.133006 0 -0.0140847 0.130755 0 0.0129835 0.130755 0 0.0130849 0.130355 0 -0.0141861 0.131978 0 0.0129835 0.131578 0 -0.0140847 0.131578 0 0.0134766 0.129631 0 -0.0145777 0.129631 0 -0.0143519 0.129976 0 0.0132507 0.129976 0 -0.0155464 -0.133462 0 0.0187712 -0.136173 0 -0.0198724 -0.126173 0 0.0144452 -0.128883 0 0.014082 -0.133266 0 -0.0148574 -0.133012 0 0.0137562 -0.133012 0 0.0168168 -0.133266 0 0.0171426 -0.133012 0 0.015243 -0.133664 0 0.0156559 -0.133664 0 0.0164536 -0.133462 0 0.0160631 -0.133596 0 0.0144452 -0.133462 0 0.0148357 -0.133596 0 -0.0163441 -0.133664 0 -0.0159369 -0.133596 0 -0.0171643 -0.133596 0 -0.016757 -0.133664 0 -0.0175548 -0.133462 0 -0.0187493 -0.132363 0 -0.0189151 -0.131985 0 -0.0190506 -0.131173 0 -0.0190165 -0.131584 0 -0.0190165 -0.130761 0 -0.0189151 -0.130361 0 -0.0185234 -0.129637 0 -0.0187493 -0.129983 0 -0.017918 -0.12908 0 -0.0182438 -0.129333 0 -0.0171643 -0.128749 0 -0.0175548 -0.128883 0 -0.0159369 -0.128749 0 -0.0163441 -0.128681 0 -0.016757 -0.128681 0 -0.0155464 -0.128883 0 0.014082 -0.12908 0 -0.0143519 -0.129983 0 -0.0145777 -0.129637 0 0.0132507 -0.129983 0 -0.0151832 -0.12908 0 0.0137562 -0.129333 0 -0.0140847 -0.131584 0 0.0129835 -0.131584 0 0.0130849 -0.131985 0 -0.0141861 -0.130361 0 0.0129835 -0.130761 0 -0.0140847 -0.130761 0 0.0134766 -0.132708 0 -0.0145777 -0.132708 0 -0.0143519 -0.132363 0 0.0132507 -0.132363 0 -0.0141861 -0.131985 0 0.0178139 -0.131985 0 0.0174223 -0.132708 0 0.0176481 -0.132363 0 -0.0151832 -0.133266 0 -0.0140506 -0.131173 0 0.0129494 -0.131173 0 0.0130849 -0.130361 0 0.0134766 -0.129637 0 -0.0148574 -0.129333 0 0.015243 -0.128681 0 0.0148357 -0.128749 0 0.0160631 -0.128749 0 0.0156559 -0.128681 0 0.0168168 -0.12908 0 0.0164536 -0.128883 0 0.0174223 -0.129637 0 0.0171426 -0.129333 0 0.0179153 -0.130761 0 -0.0141861 0.130355 0 0.0178139 0.130355 0 0.0174223 0.129631 0 0.0176481 0.129976 0 -0.0151832 0.129073 0 -0.0140506 0.131166 0 0.0129494 0.131166 0 0.0130849 0.131978 0 0.0134766 0.132702 0 -0.0148574 0.133006 0 0.015243 0.133658 0 0.0148357 0.13359 0 0.0160631 0.13359 0 0.0156559 0.133658 0 0.0168168 0.133259 0 0.0164536 0.133456 0 0.0174223 0.132702 0 0.0171426 0.133006 0 0.0179153 0.131578 0 -0.135872 0.0168085 0 -0.135974 0.0164083 0 -0.132894 -0.0135797 0 -0.133301 0.0135053 0 -0.134121 0.0135733 0 -0.134875 0.0139039 0 -0.13548 0.0144612 0 -0.13548 -0.0144677 0 -0.135974 0.0155853 0 -0.136008 0.0159968 0 -0.133301 0.0184882 0 -0.133714 0.0184882 0 -0.134512 0.0182862 0 -0.134121 0.0184203 0 -0.132894 0.0184203 0 -0.13214 0.0180897 0 -0.132503 0.0182862 0 -0.131535 0.0175323 0 -0.131814 0.0178361 0 -0.131143 0.0168085 0 -0.131309 0.0171866 0 -0.131042 0.0164083 0 0.130042 0.0168085 0 0.129941 0.0164083 0 0.13302 -0.0135797 0 0.132613 0.0135053 0 0.131793 0.0135733 0 0.131039 0.0139039 0 0.130434 0.0144612 0 0.130434 -0.0144677 0 0.129941 0.0155853 0 0.129906 0.0159968 0 0.132613 0.0184882 0 0.130713 0.0178361 0 0.131793 0.0184203 0 0.131402 0.0182862 0 0.131039 0.0180897 0 0.1322 0.0184882 0 0.13302 0.0184203 0 0.133774 0.0180897 0 0.133411 0.0182862 0 0.134379 0.0175323 0 0.1341 0.0178361 0 0.134771 0.0168085 0 0.134605 0.0171866 0 0.134872 0.0164083 0 0.150731 0.152778 0 0.148054 0.149861 0 0.150751 0.153025 0 0.153649 0.152291 0 0.152354 0.151283 0 0.152107 0.151283 0 0.153414 0.151856 0 0.15355 0.152064 0 0.153246 0.151674 0 0.152833 0.151404 0 0.153051 0.151522 0 0.152598 0.151324 0 0.151628 0.154152 0 0.151411 0.154034 0 0.151862 0.151324 0 0.151214 0.151675 0 0.15141 0.151523 0 0.151628 0.151405 0 0.150911 0.152064 0 0.151047 0.151857 0 0.150751 0.152531 0 0.150812 0.152292 0 0.150812 0.153266 0 0.151047 0.153699 0 0.150912 0.153492 0 0.151215 0.153882 0 0.151862 0.154232 0 0.152355 0.154273 0 0.152107 0.154273 0 0.152833 0.154152 0 0.152599 0.154232 0 0.153247 0.153881 0 0.153051 0.154034 0 0.15355 0.153492 0 0.153414 0.153699 0</float_array>
          <technique_common>
            <accessor count="3200" source="#ID21" stride="3">
              <param name="X" type="float"/>
              <param name="Y" type="float"/>
              <param name="Z" type="float"/>
            </accessor>
          </technique_common>
        </source>
        <source id="ID22">
          <float_array count="9600" id="ID23">1 0 0 1 0 0 1 0 0 1 0 0 0.895716 0.444627 0 0.817152 0.576422 0 0.895716 0.444627 0 0.817152 0.576422 0 0.719351 0.694647 0 0.604614 0.796519 0 0.719351 0.694647 0 0.604614 0.796519 0 0.953193 0.302364 0 0.988229 0.152983 0 0.953193 0.302364 0 0.988229 0.152983 0 1 -1.56926e-08 0 1 -1.56926e-08 0 0.696265 0.717785 0 0.604614 0.796519 0 0.604614 0.796519 0 0.847884 0.530182 0 0.777752 0.628572 0 0.847884 0.530182 0 0.777752 0.628572 0 0.696265 0.717785 0 0.912277 0.409575 0 0.847884 0.530182 0 0.847884 0.530182 0 0.999934 0.0115058 0 0.989019 0.14779 0 0.989019 0.14779 0 0.959616 0.281312 0 0.912277 0.409575 0 0.959616 0.281312 0 0.965835 -0.259156 0 0.921459 -0.388475 0 0.965835 -0.259156 0 0.999934 0.0115058 0 0.992158 -0.124993 0 0.992158 -0.124993 0 0.782186 -0.623046 0 0.782186 -0.623046 0 0.689891 -0.723913 0 0.859859 -0.510532 0 0.921459 -0.388475 0 0.859859 -0.510532 0 0.343703 -0.939079 0 0.468581 -0.883421 0 0.468581 -0.88342 0 0.584701 -0.811249 0 0.584701 -0.811249 0 0.689891 -0.723913 0 0.0771254 -0.997021 0 -0.05959 -0.998223 -0 0.0771254 -0.997021 0 0.343702 -0.939079 0 0.212399 -0.977183 0 0.212399 -0.977183 0 -0.195191 -0.980765 -0 -0.0595898 -0.998223 -0 -0.195191 -0.980765 -0 -0.327144 -0.944975 -0 -0.327144 -0.944974 -0 -0.452982 -0.89152 -0 -0.570352 -0.8214 -0 -0.452982 -0.89152 -0 -0.570352 -0.8214 -0 -0.654793 -0.755809 -0 -0.570352 -0.8214 -0 -0.570352 -0.8214 -0 -0.800336 -0.599552 0 -0.731747 -0.681576 0 -0.800336 -0.599552 0 -0.731747 -0.681576 0 -0.654793 -0.755809 -0 -0.447464 -0.894302 -0 -0.304378 -0.952551 0 -0.447464 -0.894302 -0 -0.304378 -0.952551 0 -0.154027 -0.988067 0 2.07894e-08 -1 0 -0.154027 -0.988067 0 2.07894e-08 -1 0 -0.579871 -0.814708 -0 -0.698438 -0.715671 -0 -0.579871 -0.814708 -0 -0.698438 -0.715671 -0 -0.800336 -0.599552 -0 -0.800336 -0.599552 -0 -1.43649e-15 -1 -0 -1.43649e-15 -1 -0 -1.43649e-15 -1 -0 -1.43649e-15 -1 -0 0.447464 -0.894302 0 0.579871 -0.814708 0 0.447464 -0.894302 0 0.579871 -0.814708 0 0.698438 -0.71567 0 0.800336 -0.599552 0 0.698438 -0.71567 0 0.800336 -0.599552 0 0.304378 -0.952551 0 0.154027 -0.988067 0 0.304378 -0.952551 0 0.154027 -0.988067 0 4.27836e-08 -1 0 4.27836e-08 -1 0 0.731747 -0.681576 0 0.800336 -0.599552 0 0.800336 -0.599552 0 0.570352 -0.8214 0 0.654792 -0.755809 0 0.570352 -0.8214 0 0.654792 -0.755809 0 0.731747 -0.681576 0 0.452982 -0.89152 0 0.570352 -0.8214 0 0.570352 -0.8214 0 0.0595899 -0.998223 0 0.195191 -0.980765 0 0.195191 -0.980765 0 0.327144 -0.944974 0 0.452982 -0.89152 0 0.327144 -0.944974 0 -0.212399 -0.977183 -0 -0.343702 -0.939079 -0 -0.212399 -0.977183 -0 0.0595899 -0.998223 0 -0.0771254 -0.997021 -0 -0.0771254 -0.997021 -0 -0.584701 -0.811249 -0 -0.584701 -0.811249 -0 -0.689891 -0.723913 0 -0.468581 -0.88342 -0 -0.343702 -0.939079 -0 -0.468581 -0.88342 -0 -0.921459 -0.388475 0 -0.859859 -0.510532 0 -0.859859 -0.510532 0 -0.782185 -0.623046 0 -0.782185 -0.623046 0 -0.689891 -0.723913 0 -0.992158 -0.124993 0 -0.999934 0.0115059 0 -0.992158 -0.124993 0 -0.921459 -0.388475 0 -0.965835 -0.259156 0 -0.965835 -0.259156 0 -0.989019 0.14779 0 -0.999934 0.0115057 0 -0.989019 0.14779 0 -0.959617 0.281311 0 -0.959616 0.281312 0 -0.912277 0.409575 0 -0.847884 0.530182 0 -0.912277 0.409575 0 -0.847884 0.530182 0 -0.777752 0.628572 0 -0.847884 0.530182 0 -0.847884 0.530182 0 -0.604614 0.796519 0 -0.696265 0.717785 0 -0.604614 0.796519 0 -0.696265 0.717785 0 -0.777752 0.628572 0 -0.895716 0.444627 0 -0.953193 0.302364 0 -0.895716 0.444627 0 -0.953193 0.302364 0 -0.988229 0.152983 0 -1 -7.92656e-08 -0 -0.988229 0.152983 0 -1 -7.92656e-08 -0 -0.817152 0.576422 0 -0.719351 0.694647 0 -0.817152 0.576422 0 -0.719351 0.694647 0 -0.604614 0.796519 0 -0.604614 0.796519 0 -1 -2.86001e-15 -0 -1 -2.86001e-15 -0 -1 -2.86001e-15 -0 -1 -2.86001e-15 -0 -0.895716 -0.444627 -0 -0.817152 -0.576422 0 -0.895716 -0.444627 -0 -0.817152 -0.576422 0 -0.719351 -0.694647 0 -0.604614 -0.796519 0 -0.719351 -0.694647 0 -0.604614 -0.796519 0 -0.953193 -0.302364 -0 -0.988229 -0.152983 -0 -0.953193 -0.302364 -0 -0.988229 -0.152983 -0 -1 1.56926e-08 0 -1 1.56926e-08 0 -0.696265 -0.717785 -0 -0.604614 -0.796519 -0 -0.604614 -0.796519 -0 -0.847884 -0.530182 0 -0.777752 -0.628572 0 -0.847884 -0.530182 0 -0.777752 -0.628572 0 -0.696265 -0.717785 -0 -0.912277 -0.409575 -0 -0.847884 -0.530182 -0 -0.847884 -0.530182 -0 -0.999934 -0.0115058 -0 -0.989019 -0.14779 -0 -0.989019 -0.14779 -0 -0.959616 -0.281312 -0 -0.912277 -0.409575 -0 -0.959616 -0.281312 -0 -0.965835 0.259156 0 -0.921459 0.388475 0 -0.965835 0.259156 0 -0.999934 -0.0115058 -0 -0.992158 0.124993 0 -0.992158 0.124993 0 -0.782186 0.623046 0 -0.782186 0.623046 0 -0.689891 0.723913 0 -0.859859 0.510532 0 -0.921459 0.388475 0 -0.859859 0.510532 0 -0.343703 0.939079 0 -0.468581 0.883421 0 -0.468581 0.88342 0 -0.584701 0.811249 0 -0.584701 0.811249 0 -0.689891 0.723913 0 -0.0771254 0.997021 0 0.05959 0.998223 0 -0.0771254 0.997021 0 -0.343702 0.939079 0 -0.212399 0.977183 0 -0.212399 0.977183 0 0.195191 0.980765 0 0.0595898 0.998223 0 0.195191 0.980765 0 0.327144 0.944975 0 0.327144 0.944974 0 0.452982 0.89152 0 0.570352 0.8214 0 0.452982 0.89152 0 0.570352 0.8214 0 0.654793 0.755809 0 0.570352 0.8214 0 0.570352 0.8214 0 0.800336 0.599552 0 0.731747 0.681576 0 0.800336 0.599552 0 0.731747 0.681576 0 0.654793 0.755809 0 0.447464 0.894302 0 0.304378 0.952551 0 0.447464 0.894302 0 0.304378 0.952551 0 0.154027 0.988067 0 -2.07894e-08 1 0 0.154027 0.988067 0 -2.07894e-08 1 0 0.579871 0.814708 0 0.698438 0.715671 0 0.579871 0.814708 0 0.698438 0.715671 0 0.800336 0.599552 0 0.800336 0.599552 0 0 1 0 0 1 0 0 1 0 0 1 0 -0.447464 0.894302 0 -0.579871 0.814708 0 -0.447464 0.894302 0 -0.579871 0.814708 0 -0.698438 0.71567 0 -0.800336 0.599552 0 -0.698438 0.71567 0 -0.800336 0.599552 0 -0.304378 0.952551 0 -0.154027 0.988067 0 -0.304378 0.952551 0 -0.154027 0.988067 0 -4.27836e-08 1 0 -4.27836e-08 1 0 -0.731747 0.681576 0 -0.800336 0.599552 0 -0.800336 0.599552 0 -0.570352 0.8214 0 -0.654792 0.755809 0 -0.570352 0.8214 0 -0.654792 0.755809 0 -0.731747 0.681576 0 -0.452982 0.89152 0 -0.570352 0.8214 0 -0.570352 0.8214 0 -0.0595899 0.998223 0 -0.195191 0.980765 0 -0.195191 0.980765 0 -0.327144 0.944974 0 -0.452982 0.89152 0 -0.327144 0.944974 0 0.212399 0.977183 0 0.343702 0.939079 0 0.212399 0.977183 0 -0.0595899 0.998223 0 0.0771254 0.997021 0 0.0771254 0.997021 0 0.584701 0.811249 0 0.584701 0.811249 0 0.689891 0.723913 0 0.468581 0.88342 0 0.343702 0.939079 0 0.468581 0.88342 0 0.921459 0.388475 0 0.859859 0.510532 0 0.859859 0.510532 0 0.782185 0.623046 0 0.782185 0.623046 0 0.689891 0.723913 0 0.992158 0.124993 0 0.999934 -0.0115059 0 0.992158 0.124993 0 0.921459 0.388475 0 0.965835 0.259156 0 0.965835 0.259156 0 0.989019 -0.14779 0 0.999934 -0.0115057 0 0.989019 -0.14779 0 0.959617 -0.281311 0 0.959616 -0.281312 0 0.912277 -0.409575 0 0.847884 -0.530182 0 0.912277 -0.409575 0 0.847884 -0.530182 0 0.777752 -0.628572 0 0.847884 -0.530182 0 0.847884 -0.530182 0 0.604614 -0.796519 0 0.696265 -0.717785 0 0.604614 -0.796519 0 0.696265 -0.717785 0 0.777752 -0.628572 0 0.654793 0.755809 0 0.731747 0.681576 0 0.654793 0.755809 0 0.570352 0.8214 0 0.570352 0.8214 0 0.731747 0.681576 0 0.800336 0.599552 0 0.800336 0.599552 0 -0.689891 0.723913 0 -0.689891 0.723913 0 -0.774375 0.632727 0 -0.846893 0.531763 0 -0.774375 0.632727 0 -0.906325 0.422582 0 -0.846893 0.531763 0 -0.906325 0.422582 0 -0.951751 0.306871 0 -0.98247 0.186419 0 -0.951751 0.306871 0 -0.998008 0.0630852 0 -0.98247 0.186419 0 -0.998008 0.0630852 0 -0.998124 -0.061223 -0 -0.982817 -0.184585 -0 -0.998124 -0.061223 -0 -0.952322 -0.305095 -0 -0.982817 -0.184585 -0 -0.952322 -0.305095 -0 -0.907111 -0.420891 -0 -0.847884 -0.530182 -0 -0.907111 -0.420891 -0 -0.847884 -0.530182 -0 -0.594746 0.803913 0 -0.594746 0.803913 0 -0.490411 0.871491 0 -0.378498 0.925602 0 -0.490411 0.871491 0 -0.260736 0.96541 0 -0.378498 0.925602 0 -0.260736 0.96541 0 -0.138945 0.9903 0 -0.0150074 0.999887 0 -0.138945 0.9903 0 0.109163 0.994024 0 -0.0150072 0.999887 0 0.109163 0.994024 0 0.231646 0.9728 0 0.350549 0.936544 0 0.231646 0.9728 0 0.464036 0.885816 0 0.350549 0.936544 0 0.464036 0.885816 0 0.570352 0.8214 0 0.570352 0.8214 0 -0.696265 -0.717785 0 -0.777752 -0.628572 -0 -0.696265 -0.717785 0 -0.604614 -0.796519 0 -0.604614 -0.796519 0 -0.777752 -0.628572 -0 -0.847884 -0.530182 -0 -0.847884 -0.530182 -0 -0.719351 -0.694647 -0 -0.604614 -0.796519 -0 -0.604614 -0.796519 -0 -0.953193 -0.302364 0 -0.895716 -0.444627 0 -0.895716 -0.444627 0 -0.817152 -0.576422 -0 -0.719351 -0.694647 -0 -0.817152 -0.576422 -0 -1 1.56926e-08 0 -0.988229 -0.152983 0 -0.988229 -0.152983 0 -0.953193 -0.302364 0 -1 1.56926e-08 0 -1 -0 -0 -1 -0 -0 -1 -0 -0 -1 -0 -0 -0.988229 0.152983 0 -1 -7.92656e-08 -0 -1 -7.92656e-08 -0 -0.817152 0.576422 0 -0.895716 0.444627 0 -0.895716 0.444627 0 -0.953193 0.302364 0 -0.988229 0.152983 0 -0.953193 0.302364 0 -0.604614 0.796519 0 -0.719351 0.694647 0 -0.719351 0.694647 0 -0.817152 0.576422 0 -0.604614 0.796519 0 -0.777752 0.628572 0 -0.696265 0.717785 0 -0.777752 0.628572 0 -0.847884 0.530182 0 -0.847884 0.530182 0 -0.696265 0.717785 0 -0.604614 0.796519 0 -0.604614 0.796519 0 -0.689891 -0.723913 -0 -0.689891 -0.723913 -0 -0.594746 -0.803913 0 -0.490411 -0.871491 0 -0.594746 -0.803913 0 -0.378498 -0.925602 0 -0.490411 -0.871491 0 -0.378498 -0.925602 0 -0.260736 -0.96541 0 -0.138945 -0.9903 0 -0.260736 -0.96541 0 -0.0150074 -0.999887 0 -0.138945 -0.9903 0 -0.0150074 -0.999887 0 0.109163 -0.994024 0 0.231646 -0.9728 0 0.109163 -0.994024 0 0.350549 -0.936544 0 0.231646 -0.9728 0 0.350549 -0.936544 0 0.464036 -0.885816 0 0.570352 -0.8214 0 0.464036 -0.885816 0 0.570352 -0.8214 0 -0.774375 -0.632727 -0 -0.774375 -0.632727 -0 -0.846893 -0.531763 -0 -0.906325 -0.422582 -0 -0.846893 -0.531763 -0 -0.951751 -0.306871 -0 -0.906325 -0.422582 -0 -0.951751 -0.306871 -0 -0.98247 -0.186418 -0 -0.998008 -0.0630852 -0 -0.98247 -0.186418 -0 -0.998124 0.0612232 0 -0.998008 -0.063085 -0 -0.998124 0.0612232 0 -0.982817 0.184585 0 -0.952322 0.305095 0 -0.982817 0.184585 0 -0.907112 0.42089 0 -0.952322 0.305095 0 -0.907112 0.42089 0 -0.847884 0.530182 0 -0.847884 0.530182 0 0.731747 -0.681576 0 0.654792 -0.755809 0 0.731747 -0.681576 0 0.800336 -0.599552 0 0.800336 -0.599552 0 0.654792 -0.755809 0 0.570352 -0.8214 0 0.570352 -0.8214 0 0.698438 -0.71567 0 0.800336 -0.599552 0 0.800336 -0.599552 0 0.304378 -0.952551 0 0.447464 -0.894302 0 0.447464 -0.894302 0 0.579871 -0.814708 0 0.698438 -0.71567 0 0.579871 -0.814708 0 4.27836e-08 -1 0 0.154027 -0.988067 0 0.154027 -0.988067 0 0.304378 -0.952551 0 4.27836e-08 -1 0 0 -1 0 0 -1 0 0 -1 0 0 -1 0 -0.154027 -0.988067 -0 2.07894e-08 -1 0 2.07894e-08 -1 0 -0.579871 -0.814708 0 -0.447464 -0.894302 0 -0.447464 -0.894302 0 -0.304378 -0.952551 -0 -0.154027 -0.988067 -0 -0.304378 -0.952551 -0 -0.800336 -0.599552 0 -0.698438 -0.715671 0 -0.698438 -0.715671 0 -0.579871 -0.814708 0 -0.800336 -0.599552 0 -0.654793 -0.755809 0 -0.731747 -0.681576 -0 -0.654793 -0.755809 0 -0.570352 -0.8214 0 -0.570352 -0.8214 0 -0.731747 -0.681576 -0 -0.800336 -0.599552 -0 -0.800336 -0.599552 -0 0.689891 -0.723913 0 0.689891 -0.723913 0 0.774375 -0.632727 0 0.846893 -0.531763 0 0.774375 -0.632727 0 0.906325 -0.422582 0 0.846893 -0.531763 0 0.906325 -0.422582 0 0.951751 -0.306871 0 0.98247 -0.186419 0 0.951751 -0.306871 0 0.998008 -0.0630852 0 0.98247 -0.186419 0 0.998008 -0.0630852 0 0.998124 0.061223 0 0.982817 0.184585 0 0.998124 0.061223 0 0.952322 0.305095 0 0.982817 0.184585 0 0.952322 0.305095 0 0.907111 0.420891 0 0.847884 0.530182 0 0.907111 0.420891 0 0.847884 0.530182 0 0.594746 -0.803913 0 0.594746 -0.803913 0 0.490411 -0.871491 0 0.378498 -0.925602 0 0.490411 -0.871491 0 0.260736 -0.96541 0 0.378498 -0.925602 0 0.260736 -0.96541 0 0.138945 -0.9903 0 0.0150074 -0.999887 0 0.138945 -0.9903 0 -0.109163 -0.994024 -0 0.0150072 -0.999887 0 -0.109163 -0.994024 -0 -0.231646 -0.9728 -0 -0.350549 -0.936544 -0 -0.231646 -0.9728 -0 -0.464036 -0.885816 -0 -0.350549 -0.936544 -0 -0.464036 -0.885816 -0 -0.570352 -0.8214 -0 -0.570352 -0.8214 -0 0.696265 0.717785 0 0.777752 0.628572 0 0.696265 0.717785 0 0.604614 0.796519 0 0.604614 0.796519 0 0.777752 0.628572 0 0.847884 0.530182 0 0.847884 0.530182 0 0.719351 0.694647 0 0.604614 0.796519 0 0.604614 0.796519 0 0.953193 0.302364 0 0.895716 0.444627 0 0.895716 0.444627 0 0.817152 0.576422 0 0.719351 0.694647 0 0.817152 0.576422 0 1 -1.56926e-08 0 0.988229 0.152983 0 0.988229 0.152983 0 0.953193 0.302364 0 1 -1.56926e-08 0 1 2.86001e-15 0 1 2.86001e-15 0 1 2.86001e-15 0 1 2.86001e-15 0 0.988229 -0.152983 0 1 7.92656e-08 0 1 7.92656e-08 0 0.817152 -0.576422 0 0.895716 -0.444627 0 0.895716 -0.444627 0 0.953193 -0.302364 0 0.988229 -0.152983 0 0.953193 -0.302364 0 0.604614 -0.796519 0 0.719351 -0.694647 0 0.719351 -0.694647 0 0.817152 -0.576422 0 0.604614 -0.796519 0 0.777752 -0.628572 0 0.696265 -0.717785 0 0.777752 -0.628572 0 0.847884 -0.530182 0 0.847884 -0.530182 0 0.696265 -0.717785 0 0.604614 -0.796519 0 0.604614 -0.796519 0 0.689891 0.723913 0 0.689891 0.723913 0 0.594746 0.803913 0 0.490411 0.871491 0 0.594746 0.803913 0 0.378498 0.925602 0 0.490411 0.871491 0 0.378498 0.925602 0 0.260736 0.96541 0 0.138945 0.9903 0 0.260736 0.96541 0 0.0150074 0.999887 0 0.138945 0.9903 0 0.0150074 0.999887 0 -0.109163 0.994024 0 -0.231646 0.9728 0 -0.109163 0.994024 0 -0.350549 0.936544 0 -0.231646 0.9728 0 -0.350549 0.936544 0 -0.464036 0.885816 0 -0.570352 0.8214 0 -0.464036 0.885816 0 -0.570352 0.8214 0 0.774375 0.632727 0 0.774375 0.632727 0 0.846893 0.531763 0 0.906325 0.422582 0 0.846893 0.531763 0 0.951751 0.306871 0 0.906325 0.422582 0 0.951751 0.306871 0 0.98247 0.186418 0 0.998008 0.0630852 0 0.98247 0.186418 0 0.998124 -0.0612232 0 0.998008 0.063085 0 0.998124 -0.0612232 0 0.982817 -0.184585 0 0.952322 -0.305095 0 0.982817 -0.184585 0 0.907112 -0.42089 0 0.952322 -0.305095 0 0.907112 -0.42089 0 0.847884 -0.530182 0 0.847884 -0.530182 0 -0.731747 0.681576 0 -0.654792 0.755809 0 -0.731747 0.681576 0 -0.800336 0.599552 0 -0.800336 0.599552 0 -0.654792 0.755809 0 -0.570352 0.8214 0 -0.570352 0.8214 0 -0.698438 0.71567 0 -0.800336 0.599552 0 -0.800336 0.599552 0 -0.304378 0.952551 0 -0.447464 0.894302 0 -0.447464 0.894302 0 -0.579871 0.814708 0 -0.698438 0.71567 0 -0.579871 0.814708 0 -4.27836e-08 1 0 -0.154027 0.988067 0 -0.154027 0.988067 0 -0.304378 0.952551 0 -4.27836e-08 1 0 1.43649e-15 1 0 1.43649e-15 1 0 1.43649e-15 1 0 1.43649e-15 1 0 0.154027 0.988067 0 -2.07894e-08 1 0 -2.07894e-08 1 0 0.579871 0.814708 0 0.447464 0.894302 0 0.447464 0.894302 0 0.304378 0.952551 0 0.154027 0.988067 0 0.304378 0.952551 0 0.800336 0.599552 0 0.698438 0.715671 0 0.698438 0.715671 0 0.579871 0.814708 0 0.800336 0.599552 0 -1 -0.000228794 -0 -0.986397 0.164381 0 -1 0.000228492 0 -0.945884 0.324506 0 -0.986326 0.164808 0 -0.945751 0.324893 0 -0.879565 0.475778 0 -0.789251 0.61407 0 -0.879382 0.476117 0 -0.677406 0.73561 0 -0.78903 0.614355 0 -0.546817 0.837252 0 -0.677158 0.735838 0 -0.547079 0.837081 0 -0.401563 0.915831 0 -0.401828 0.915715 0 -0.245357 0.969433 0 -0.0824596 0.996594 0 -0.245614 0.969368 0 -0.0826991 0.996575 0 0.0824715 0.996593 0 0.0826873 0.996576 0 0.245392 0.969424 0 0.245579 0.969377 0 0.401773 0.915739 0 0.401618 0.915807 0 0.546888 0.837206 0 0.547009 0.837127 0 0.677237 0.735765 0 0.677326 0.735683 0 0.78917 0.614175 0 0.789111 0.614251 0 0.879456 0.475979 0 0.879491 0.475916 0 0.945809 0.324723 0 0.945825 0.324677 0 0.986363 0.164583 0 0.986359 0.164606 0 1 -1.74846e-07 0 1 3.01992e-07 0 -0.986397 -0.164381 -0 -0.986326 -0.164808 -0 -0.945884 -0.324506 -0 -0.879565 -0.475778 -0 -0.945751 -0.324893 -0 -0.789251 -0.61407 -0 -0.879382 -0.476117 -0 -0.78903 -0.614355 -0 -0.677406 -0.73561 -0 -0.677158 -0.735838 -0 -0.546817 -0.837252 -0 -0.547079 -0.837081 -0 -0.401563 -0.915831 -0 -0.245357 -0.969433 -0 -0.401828 -0.915715 -0 -0.245614 -0.969368 -0 -0.0824595 -0.996594 -0 -0.0826992 -0.996575 -0 0.0824715 -0.996593 0 0.0826873 -0.996576 0 0.245579 -0.969377 0 0.245392 -0.969424 0 0.401618 -0.915807 0 0.401772 -0.91574 0 0.546888 -0.837206 0 0.547009 -0.837127 0 0.677326 -0.735683 0 0.677237 -0.735765 0 0.789111 -0.614251 0 0.78917 -0.614175 0 0.879457 -0.475979 0 0.879491 -0.475916 0 0.945825 -0.324677 0 0.945809 -0.324722 0 0.986359 -0.164606 0 0.986363 -0.164583 0 -1 -0.000228794 -0 -0.986397 0.164381 0 -1 0.000228492 0 -0.945884 0.324506 0 -0.986326 0.164808 0 -0.945751 0.324893 0 -0.879565 0.475778 0 -0.789251 0.61407 0 -0.879382 0.476117 0 -0.677406 0.73561 0 -0.78903 0.614355 0 -0.546817 0.837252 0 -0.677158 0.735838 0 -0.547079 0.837081 0 -0.401563 0.915831 0 -0.401828 0.915715 0 -0.245357 0.969433 0 -0.0824596 0.996594 0 -0.245614 0.969368 0 -0.0826991 0.996575 0 0.0824715 0.996593 0 0.0826873 0.996576 0 0.245392 0.969424 0 0.245579 0.969377 0 0.401773 0.915739 0 0.401618 0.915807 0 0.546888 0.837206 0 0.547009 0.837127 0 0.677237 0.735765 0 0.677326 0.735683 0 0.78917 0.614175 0 0.789111 0.614251 0 0.879456 0.475979 0 0.879491 0.475916 0 0.945809 0.324723 0 0.945825 0.324677 0 0.986363 0.164583 0 0.986359 0.164606 0 1 -1.74846e-07 0 1 3.01992e-07 0 -0.986397 -0.164381 -0 -0.986326 -0.164808 -0 -0.945884 -0.324506 -0 -0.879565 -0.475778 -0 -0.945751 -0.324893 -0 -0.789251 -0.61407 -0 -0.879382 -0.476117 -0 -0.78903 -0.614355 -0 -0.677406 -0.73561 -0 -0.677158 -0.735838 -0 -0.546817 -0.837252 -0 -0.547079 -0.837081 -0 -0.401563 -0.915831 -0 -0.245357 -0.969433 -0 -0.401828 -0.915715 -0 -0.245614 -0.969368 -0 -0.0824595 -0.996594 -0 -0.0826992 -0.996575 -0 0.0824715 -0.996593 0 0.0826873 -0.996576 0 0.245579 -0.969377 0 0.245392 -0.969424 0 0.401618 -0.915807 0 0.401772 -0.91574 0 0.546888 -0.837206 0 0.547009 -0.837127 0 0.677326 -0.735683 0 0.677237 -0.735765 0 0.789111 -0.614251 0 0.78917 -0.614175 0 0.879457 -0.475979 0 0.879491 -0.475916 0 0.945825 -0.324677 0 0.945809 -0.324722 0 0.986359 -0.164606 0 0.986363 -0.164583 0 -1 -0.000228794 -0 -0.986397 0.164381 0 -1 0.000228492 0 -0.945884 0.324506 0 -0.986326 0.164808 0 -0.945751 0.324893 0 -0.879565 0.475778 0 -0.789251 0.61407 0 -0.879382 0.476117 0 -0.677406 0.73561 0 -0.78903 0.614355 0 -0.546817 0.837252 0 -0.677158 0.735838 0 -0.547079 0.837081 0 -0.401563 0.915831 0 -0.401828 0.915715 0 -0.245357 0.969433 0 -0.0824596 0.996594 0 -0.245614 0.969368 0 -0.0826991 0.996575 0 0.0824715 0.996593 0 0.0826873 0.996576 0 0.245392 0.969424 0 0.245579 0.969377 0 0.401773 0.915739 0 0.401618 0.915807 0 0.546888 0.837206 0 0.547009 0.837127 0 0.677237 0.735765 0 0.677326 0.735683 0 0.78917 0.614175 0 0.789111 0.614251 0 0.879456 0.475979 0 0.879491 0.475916 0 0.945809 0.324723 0 0.945825 0.324677 0 0.986363 0.164583 0 0.986359 0.164606 0 1 -1.74846e-07 0 1 3.01992e-07 0 -0.986397 -0.164381 -0 -0.986326 -0.164808 -0 -0.945884 -0.324506 -0 -0.879565 -0.475778 -0 -0.945751 -0.324893 -0 -0.789251 -0.61407 -0 -0.879382 -0.476117 -0 -0.78903 -0.614355 -0 -0.677406 -0.73561 -0 -0.677158 -0.735838 -0 -0.546817 -0.837252 -0 -0.547079 -0.837081 -0 -0.401563 -0.915831 -0 -0.245357 -0.969433 -0 -0.401828 -0.915715 -0 -0.245614 -0.969368 -0 -0.0824595 -0.996594 -0 -0.0826992 -0.996575 -0 0.0824715 -0.996593 0 0.0826873 -0.996576 0 0.245579 -0.969377 0 0.245392 -0.969424 0 0.401618 -0.915807 0 0.401772 -0.91574 0 0.546888 -0.837206 0 0.547009 -0.837127 0 0.677326 -0.735683 0 0.677237 -0.735765 0 0.789111 -0.614251 0 0.78917 -0.614175 0 0.879457 -0.475979 0 0.879491 -0.475916 0 0.945825 -0.324677 0 0.945809 -0.324722 0 0.986359 -0.164606 0 0.986363 -0.164583 0 -0.0825794 0.996584 0 0.0825794 0.996584 0 0.0825794 0.996584 0 -1 8.74228e-08 0 -0.986361 -0.164595 -0 -1 8.74228e-08 0 0.245485 0.9694 0 0.245486 0.9694 0 0.401695 0.915773 0 0.401695 0.915773 0 0.546948 0.837166 0 0.546948 0.837166 0 0.677282 0.735724 0 0.677282 0.735724 0 0.78914 0.614213 0 0.789141 0.614213 0 0.879474 0.475947 0 0.879474 0.475948 0 0.945817 0.324699 0 0.945817 0.3247 0 0.986361 0.164595 0 0.986361 0.164595 0 1 -1.74846e-07 0 1 3.01992e-07 0 -0.0825794 0.996584 0 -0.245486 0.9694 0 -0.245486 0.9694 0 -0.401695 0.915773 0 -0.401695 0.915773 0 -0.546948 0.837167 0 -0.546948 0.837167 0 -0.677282 0.735724 0 -0.677282 0.735724 0 -0.78914 0.614213 0 -0.78914 0.614213 0 -0.879474 0.475947 0 -0.879474 0.475947 0 -0.945817 0.324699 0 -0.945817 0.324699 0 -0.986361 0.164595 0 -0.986361 0.164595 0 -0.945817 -0.3247 -0 -0.945817 -0.324699 -0 -0.986361 -0.164595 -0 -0.677282 -0.735724 -0 -0.677282 -0.735724 -0 -0.789141 -0.614213 -0 -0.879474 -0.475947 -0 -0.78914 -0.614213 -0 -0.879474 -0.475947 -0 -0.401695 -0.915773 -0 -0.245485 -0.9694 -0 -0.245485 -0.9694 -0 -0.546948 -0.837166 -0 -0.546948 -0.837166 -0 -0.401695 -0.915773 -0 0.245485 -0.9694 0 0.0825794 -0.996584 0 0.245485 -0.9694 0 0.0825794 -0.996584 0 -0.0825792 -0.996584 -0 -0.0825794 -0.996584 -0 0.677282 -0.735724 0 0.677282 -0.735724 0 0.546948 -0.837166 0 0.401695 -0.915773 0 0.546948 -0.837166 0 0.401695 -0.915773 0 0.879474 -0.475947 0 0.789141 -0.614213 0 0.789141 -0.614213 0 0.879474 -0.475947 0 0.945817 -0.324699 0 0.945817 -0.324699 0 0.986361 -0.164595 0 0.986361 -0.164595 0 -0.0825794 0.996584 0 0.0825794 0.996584 0 0.0825794 0.996584 0 -1 8.74228e-08 0 -0.986361 -0.164595 -0 -1 8.74228e-08 0 0.245485 0.9694 0 0.245486 0.9694 0 0.401695 0.915773 0 0.401695 0.915773 0 0.546948 0.837166 0 0.546948 0.837166 0 0.677282 0.735724 0 0.677282 0.735724 0 0.78914 0.614213 0 0.789141 0.614213 0 0.879474 0.475947 0 0.879474 0.475948 0 0.945817 0.324699 0 0.945817 0.3247 0 0.986361 0.164595 0 0.986361 0.164595 0 1 -1.74846e-07 0 1 3.01992e-07 0 -0.0825794 0.996584 0 -0.245486 0.9694 0 -0.245486 0.9694 0 -0.401695 0.915773 0 -0.401695 0.915773 0 -0.546948 0.837167 0 -0.546948 0.837167 0 -0.677282 0.735724 0 -0.677282 0.735724 0 -0.78914 0.614213 0 -0.78914 0.614213 0 -0.879474 0.475947 0 -0.879474 0.475947 0 -0.945817 0.324699 0 -0.945817 0.324699 0 -0.986361 0.164595 0 -0.986361 0.164595 0 -0.945817 -0.3247 -0 -0.945817 -0.324699 -0 -0.986361 -0.164595 -0 -0.677282 -0.735724 -0 -0.677282 -0.735724 -0 -0.789141 -0.614213 -0 -0.879474 -0.475947 -0 -0.78914 -0.614213 -0 -0.879474 -0.475947 -0 -0.401695 -0.915773 -0 -0.245485 -0.9694 -0 -0.245485 -0.9694 -0 -0.546948 -0.837166 -0 -0.546948 -0.837166 -0 -0.401695 -0.915773 -0 0.245485 -0.9694 0 0.0825794 -0.996584 0 0.245485 -0.9694 0 0.0825794 -0.996584 0 -0.0825792 -0.996584 -0 -0.0825794 -0.996584 -0 0.677282 -0.735724 0 0.677282 -0.735724 0 0.546948 -0.837166 0 0.401695 -0.915773 0 0.546948 -0.837166 0 0.401695 -0.915773 0 0.879474 -0.475947 0 0.789141 -0.614213 0 0.789141 -0.614213 0 0.879474 -0.475947 0 0.945817 -0.324699 0 0.945817 -0.324699 0 0.986361 -0.164595 0 0.986361 -0.164595 0 -0.0825794 0.996584 0 0.0825794 0.996584 0 0.0825794 0.996584 0 -1 8.74228e-08 0 -0.986361 -0.164595 -0 -1 8.74228e-08 0 0.245485 0.9694 0 0.245486 0.9694 0 0.401695 0.915773 0 0.401695 0.915773 0 0.546948 0.837166 0 0.546948 0.837166 0 0.677282 0.735724 0 0.677282 0.735724 0 0.78914 0.614213 0 0.789141 0.614213 0 0.879474 0.475947 0 0.879474 0.475948 0 0.945817 0.324699 0 0.945817 0.3247 0 0.986361 0.164595 0 0.986361 0.164595 0 1 -1.74846e-07 0 1 3.01992e-07 0 -0.0825794 0.996584 0 -0.245486 0.9694 0 -0.245486 0.9694 0 -0.401695 0.915773 0 -0.401695 0.915773 0 -0.546948 0.837167 0 -0.546948 0.837167 0 -0.677282 0.735724 0 -0.677282 0.735724 0 -0.78914 0.614213 0 -0.78914 0.614213 0 -0.879474 0.475947 0 -0.879474 0.475947 0 -0.945817 0.324699 0 -0.945817 0.324699 0 -0.986361 0.164595 0 -0.986361 0.164595 0 -0.945817 -0.3247 -0 -0.945817 -0.324699 -0 -0.986361 -0.164595 -0 -0.677282 -0.735724 -0 -0.677282 -0.735724 -0 -0.789141 -0.614213 -0 -0.879474 -0.475947 -0 -0.78914 -0.614213 -0 -0.879474 -0.475947 -0 -0.401695 -0.915773 -0 -0.245485 -0.9694 -0 -0.245485 -0.9694 -0 -0.546948 -0.837166 -0 -0.546948 -0.837166 -0 -0.401695 -0.915773 -0 0.245485 -0.9694 0 0.0825794 -0.996584 0 0.245485 -0.9694 0 0.0825794 -0.996584 0 -0.0825792 -0.996584 -0 -0.0825794 -0.996584 -0 0.677282 -0.735724 0 0.677282 -0.735724 0 0.546948 -0.837166 0 0.401695 -0.915773 0 0.546948 -0.837166 0 0.401695 -0.915773 0 0.879474 -0.475947 0 0.789141 -0.614213 0 0.789141 -0.614213 0 0.879474 -0.475947 0 0.945817 -0.324699 0 0.945817 -0.324699 0 0.986361 -0.164595 0 0.986361 -0.164595 0 -0.0825794 0.996584 0 0.0825794 0.996584 0 0.0825794 0.996584 0 -1 8.74228e-08 0 -0.986361 -0.164595 -0 -1 8.74228e-08 0 0.245485 0.9694 0 0.245486 0.9694 0 0.401695 0.915773 0 0.401695 0.915773 0 0.546948 0.837166 0 0.546948 0.837166 0 0.677282 0.735724 0 0.677282 0.735724 0 0.78914 0.614213 0 0.789141 0.614213 0 0.879474 0.475947 0 0.879474 0.475948 0 0.945817 0.324699 0 0.945817 0.3247 0 0.986361 0.164595 0 0.986361 0.164595 0 1 -1.74846e-07 0 1 3.01992e-07 0 -0.0825794 0.996584 0 -0.245486 0.9694 0 -0.245486 0.9694 0 -0.401695 0.915773 0 -0.401695 0.915773 0 -0.546948 0.837167 0 -0.546948 0.837167 0 -0.677282 0.735724 0 -0.677282 0.735724 0 -0.78914 0.614213 0 -0.78914 0.614213 0 -0.879474 0.475947 0 -0.879474 0.475947 0 -0.945817 0.324699 0 -0.945817 0.324699 0 -0.986361 0.164595 0 -0.986361 0.164595 0 -0.945817 -0.3247 -0 -0.945817 -0.324699 -0 -0.986361 -0.164595 -0 -0.677282 -0.735724 -0 -0.677282 -0.735724 -0 -0.789141 -0.614213 -0 -0.879474 -0.475947 -0 -0.78914 -0.614213 -0 -0.879474 -0.475947 -0 -0.401695 -0.915773 -0 -0.245485 -0.9694 -0 -0.245485 -0.9694 -0 -0.546948 -0.837166 -0 -0.546948 -0.837166 -0 -0.401695 -0.915773 -0 0.245485 -0.9694 0 0.0825794 -0.996584 0 0.245485 -0.9694 0 0.0825794 -0.996584 0 -0.0825792 -0.996584 -0 -0.0825794 -0.996584 -0 0.677282 -0.735724 0 0.677282 -0.735724 0 0.546948 -0.837166 0 0.401695 -0.915773 0 0.546948 -0.837166 0 0.401695 -0.915773 0 0.879474 -0.475947 0 0.789141 -0.614213 0 0.789141 -0.614213 0 0.879474 -0.475947 0 0.945817 -0.324699 0 0.945817 -0.324699 0 0.986361 -0.164595 0 0.986361 -0.164595 0 -0.0825794 0.996584 0 0.0825794 0.996584 0 0.0825794 0.996584 0 -1 8.74228e-08 0 -0.986361 -0.164595 -0 -1 8.74228e-08 0 0.245485 0.9694 0 0.245486 0.9694 0 0.401695 0.915773 0 0.401695 0.915773 0 0.546948 0.837166 0 0.546948 0.837166 0 0.677282 0.735724 0 0.677282 0.735724 0 0.78914 0.614213 0 0.789141 0.614213 0 0.879474 0.475947 0 0.879474 0.475948 0 0.945817 0.324699 0 0.945817 0.3247 0 0.986361 0.164595 0 0.986361 0.164595 0 1 -1.74846e-07 0 1 3.01992e-07 0 -0.0825794 0.996584 0 -0.245486 0.9694 0 -0.245486 0.9694 0 -0.401695 0.915773 0 -0.401695 0.915773 0 -0.546948 0.837167 0 -0.546948 0.837167 0 -0.677282 0.735724 0 -0.677282 0.735724 0 -0.78914 0.614213 0 -0.78914 0.614213 0 -0.879474 0.475947 0 -0.879474 0.475947 0 -0.945817 0.324699 0 -0.945817 0.324699 0 -0.986361 0.164595 0 -0.986361 0.164595 0 -0.945817 -0.3247 -0 -0.945817 -0.324699 -0 -0.986361 -0.164595 -0 -0.677282 -0.735724 -0 -0.677282 -0.735724 -0 -0.789141 -0.614213 -0 -0.879474 -0.475947 -0 -0.78914 -0.614213 -0 -0.879474 -0.475947 -0 -0.401695 -0.915773 -0 -0.245485 -0.9694 -0 -0.245485 -0.9694 -0 -0.546948 -0.837166 -0 -0.546948 -0.837166 -0 -0.401695 -0.915773 -0 0.245485 -0.9694 0 0.0825794 -0.996584 0 0.245485 -0.9694 0 0.0825794 -0.996584 0 -0.0825792 -0.996584 -0 -0.0825794 -0.996584 -0 0.677282 -0.735724 0 0.677282 -0.735724 0 0.546948 -0.837166 0 0.401695 -0.915773 0 0.546948 -0.837166 0 0.401695 -0.915773 0 0.879474 -0.475947 0 0.789141 -0.614213 0 0.789141 -0.614213 0 0.879474 -0.475947 0 0.945817 -0.324699 0 0.945817 -0.324699 0 0.986361 -0.164595 0 0.986361 -0.164595 0 -0.0825794 0.996584 0 0.0825794 0.996584 0 0.0825794 0.996584 0 -1 8.74228e-08 0 -0.986361 -0.164595 -0 -1 8.74228e-08 0 0.245485 0.9694 0 0.245486 0.9694 0 0.401695 0.915773 0 0.401695 0.915773 0 0.546948 0.837166 0 0.546948 0.837166 0 0.677282 0.735724 0 0.677282 0.735724 0 0.78914 0.614213 0 0.789141 0.614213 0 0.879474 0.475947 0 0.879474 0.475948 0 0.945817 0.324699 0 0.945817 0.3247 0 0.986361 0.164595 0 0.986361 0.164595 0 1 -1.74846e-07 0 1 3.01992e-07 0 -0.0825794 0.996584 0 -0.245486 0.9694 0 -0.245486 0.9694 0 -0.401695 0.915773 0 -0.401695 0.915773 0 -0.546948 0.837167 0 -0.546948 0.837167 0 -0.677282 0.735724 0 -0.677282 0.735724 0 -0.78914 0.614213 0 -0.78914 0.614213 0 -0.879474 0.475947 0 -0.879474 0.475947 0 -0.945817 0.324699 0 -0.945817 0.324699 0 -0.986361 0.164595 0 -0.986361 0.164595 0 -0.945817 -0.3247 -0 -0.945817 -0.324699 -0 -0.986361 -0.164595 -0 -0.677282 -0.735724 -0 -0.677282 -0.735724 -0 -0.789141 -0.614213 -0 -0.879474 -0.475947 -0 -0.78914 -0.614213 -0 -0.879474 -0.475947 -0 -0.401695 -0.915773 -0 -0.245485 -0.9694 -0 -0.245485 -0.9694 -0 -0.546948 -0.837166 -0 -0.546948 -0.837166 -0 -0.401695 -0.915773 -0 0.245485 -0.9694 0 0.0825794 -0.996584 0 0.245485 -0.9694 0 0.0825794 -0.996584 0 -0.0825792 -0.996584 -0 -0.0825794 -0.996584 -0 0.677282 -0.735724 0 0.677282 -0.735724 0 0.546948 -0.837166 0 0.401695 -0.915773 0 0.546948 -0.837166 0 0.401695 -0.915773 0 0.879474 -0.475947 0 0.789141 -0.614213 0 0.789141 -0.614213 0 0.879474 -0.475947 0 0.945817 -0.324699 0 0.945817 -0.324699 0 0.986361 -0.164595 0 0.986361 -0.164595 0 -0.0825794 0.996584 0 0.0825794 0.996584 0 0.0825794 0.996584 0 -1 8.74228e-08 0 -0.986361 -0.164595 -0 -1 8.74228e-08 0 0.245485 0.9694 0 0.245486 0.9694 0 0.401695 0.915773 0 0.401695 0.915773 0 0.546948 0.837166 0 0.546948 0.837166 0 0.677282 0.735724 0 0.677282 0.735724 0 0.78914 0.614213 0 0.789141 0.614213 0 0.879474 0.475947 0 0.879474 0.475948 0 0.945817 0.324699 0 0.945817 0.3247 0 0.986361 0.164595 0 0.986361 0.164595 0 1 -1.74846e-07 0 1 3.01992e-07 0 -0.0825794 0.996584 0 -0.245486 0.9694 0 -0.245486 0.9694 0 -0.401695 0.915773 0 -0.401695 0.915773 0 -0.546948 0.837167 0 -0.546948 0.837167 0 -0.677282 0.735724 0 -0.677282 0.735724 0 -0.78914 0.614213 0 -0.78914 0.614213 0 -0.879474 0.475947 0 -0.879474 0.475947 0 -0.945817 0.324699 0 -0.945817 0.324699 0 -0.986361 0.164595 0 -0.986361 0.164595 0 -0.945817 -0.3247 -0 -0.945817 -0.324699 -0 -0.986361 -0.164595 -0 -0.677282 -0.735724 -0 -0.677282 -0.735724 -0 -0.789141 -0.614213 -0 -0.879474 -0.475947 -0 -0.78914 -0.614213 -0 -0.879474 -0.475947 -0 -0.401695 -0.915773 -0 -0.245485 -0.9694 -0 -0.245485 -0.9694 -0 -0.546948 -0.837166 -0 -0.546948 -0.837166 -0 -0.401695 -0.915773 -0 0.245485 -0.9694 0 0.0825794 -0.996584 0 0.245485 -0.9694 0 0.0825794 -0.996584 0 -0.0825792 -0.996584 -0 -0.0825794 -0.996584 -0 0.677282 -0.735724 0 0.677282 -0.735724 0 0.546948 -0.837166 0 0.401695 -0.915773 0 0.546948 -0.837166 0 0.401695 -0.915773 0 0.879474 -0.475947 0 0.789141 -0.614213 0 0.789141 -0.614213 0 0.879474 -0.475947 0 0.945817 -0.324699 0 0.945817 -0.324699 0 0.986361 -0.164595 0 0.986361 -0.164595 0 -0.0825794 0.996584 0 0.0825794 0.996584 0 0.0825794 0.996584 0 -1 8.74228e-08 0 -0.986361 -0.164595 -0 -1 8.74228e-08 0 0.245485 0.9694 0 0.245486 0.9694 0 0.401695 0.915773 0 0.401695 0.915773 0 0.546948 0.837166 0 0.546948 0.837166 0 0.677282 0.735724 0 0.677282 0.735724 0 0.78914 0.614213 0 0.789141 0.614213 0 0.879474 0.475947 0 0.879474 0.475948 0 0.945817 0.324699 0 0.945817 0.3247 0 0.986361 0.164595 0 0.986361 0.164595 0 1 -1.74846e-07 0 1 3.01992e-07 0 -0.0825794 0.996584 0 -0.245486 0.9694 0 -0.245486 0.9694 0 -0.401695 0.915773 0 -0.401695 0.915773 0 -0.546948 0.837167 0 -0.546948 0.837167 0 -0.677282 0.735724 0 -0.677282 0.735724 0 -0.78914 0.614213 0 -0.78914 0.614213 0 -0.879474 0.475947 0 -0.879474 0.475947 0 -0.945817 0.324699 0 -0.945817 0.324699 0 -0.986361 0.164595 0 -0.986361 0.164595 0 -0.945817 -0.3247 -0 -0.945817 -0.324699 -0 -0.986361 -0.164595 -0 -0.677282 -0.735724 -0 -0.677282 -0.735724 -0 -0.789141 -0.614213 -0 -0.879474 -0.475947 -0 -0.78914 -0.614213 -0 -0.879474 -0.475947 -0 -0.401695 -0.915773 -0 -0.245485 -0.9694 -0 -0.245485 -0.9694 -0 -0.546948 -0.837166 -0 -0.546948 -0.837166 -0 -0.401695 -0.915773 -0 0.245485 -0.9694 0 0.0825794 -0.996584 0 0.245485 -0.9694 0 0.0825794 -0.996584 0 -0.0825792 -0.996584 -0 -0.0825794 -0.996584 -0 0.677282 -0.735724 0 0.677282 -0.735724 0 0.546948 -0.837166 0 0.401695 -0.915773 0 0.546948 -0.837166 0 0.401695 -0.915773 0 0.879474 -0.475947 0 0.789141 -0.614213 0 0.789141 -0.614213 0 0.879474 -0.475947 0 0.945817 -0.324699 0 0.945817 -0.324699 0 0.986361 -0.164595 0 0.986361 -0.164595 0 -1 -0.000228794 -0 -0.986397 0.164381 0 -1 0.000228492 0 -0.945884 0.324506 0 -0.986326 0.164808 0 -0.945751 0.324893 0 -0.879565 0.475778 0 -0.789251 0.61407 0 -0.879382 0.476117 0 -0.677406 0.73561 0 -0.78903 0.614355 0 -0.546817 0.837252 0 -0.677158 0.735838 0 -0.547079 0.837081 0 -0.401563 0.915831 0 -0.401828 0.915715 0 -0.245357 0.969433 0 -0.0824596 0.996594 0 -0.245614 0.969368 0 -0.0826991 0.996575 0 0.0824715 0.996593 0 0.0826873 0.996576 0 0.245392 0.969424 0 0.245579 0.969377 0 0.401773 0.915739 0 0.401618 0.915807 0 0.546888 0.837206 0 0.547009 0.837127 0 0.677237 0.735765 0 0.677326 0.735683 0 0.78917 0.614175 0 0.789111 0.614251 0 0.879456 0.475979 0 0.879491 0.475916 0 0.945809 0.324723 0 0.945825 0.324677 0 0.986363 0.164583 0 0.986359 0.164606 0 1 -1.74846e-07 0 1 3.01992e-07 0 -0.986397 -0.164381 -0 -0.986326 -0.164808 -0 -0.945884 -0.324506 -0 -0.879565 -0.475778 -0 -0.945751 -0.324893 -0 -0.789251 -0.61407 -0 -0.879382 -0.476117 -0 -0.78903 -0.614355 -0 -0.677406 -0.73561 -0 -0.677158 -0.735838 -0 -0.546817 -0.837252 -0 -0.547079 -0.837081 -0 -0.401563 -0.915831 -0 -0.245357 -0.969433 -0 -0.401828 -0.915715 -0 -0.245614 -0.969368 -0 -0.0824595 -0.996594 -0 -0.0826992 -0.996575 -0 0.0824715 -0.996593 0 0.0826873 -0.996576 0 0.245579 -0.969377 0 0.245392 -0.969424 0 0.401618 -0.915807 0 0.401772 -0.91574 0 0.546888 -0.837206 0 0.547009 -0.837127 0 0.677326 -0.735683 0 0.677237 -0.735765 0 0.789111 -0.614251 0 0.78917 -0.614175 0 0.879457 -0.475979 0 0.879491 -0.475916 0 0.945825 -0.324677 0 0.945809 -0.324722 0 0.986359 -0.164606 0 0.986363 -0.164583 0 0.895716 -0.444627 0 0.953193 -0.302364 0 0.895716 -0.444627 0 0.953193 -0.302364 0 0.988229 -0.152983 0 1 7.92656e-08 0 0.988229 -0.152983 0 1 7.92656e-08 0 0.817152 -0.576422 0 0.719351 -0.694647 0 0.817152 -0.576422 0 0.719351 -0.694647 0 0.604614 -0.796519 0 0.604614 -0.796519 0 0 0 1 0 0 1 0 0 1 0 0 1 0 0 1 0 0 1 0 0 1 0 0 1 0 0 1 0 0 1 0 0 1 0 0 1 0 0 1 0 0 1 0 0 1 0 0 1 0 0 1 0 0 1 0 0 1 0 0 1 0 0 1 0 0 1 0 0 1 0 0 1 0 0 1 0 0 1 0 0 1 0 0 1 0 0 1 0 0 1 0 0 1 0 0 1 0 0 1 0 0 1 0 0 1 0 0 1 0 0 1 0 0 1 0 0 1 0 0 1 0 0 1 0 0 1 0 0 1 0 0 1 0 0 1 0 0 1 0 0 1 0 0 1 0 0 1 0 0 1 0 0 1 0 0 1 0 0 1 0 0 1 0 0 1 0 0 1 0 0 1 0 0 1 0 0 1 0 0 1 0 0 1 0 0 1 0 0 1 0 0 1 0 0 1 0 0 1 0 0 1 0 0 1 0 0 1 0 0 1 0 0 1 0 0 1 0 0 1 0 0 1 0 0 1 0 0 1 0 0 1 0 0 1 0 0 1 0 0 1 0 0 1 0 0 1 0 0 1 0 0 1 0 0 1 0 0 1 0 0 1 0 0 1 0 0 1 0 0 1 0 0 1 0 0 1 0 0 1 0 0 1 0 0 1 0 0 1 0 0 1 0 0 1 0 0 1 0 0 1 0 0 1 0 0 1 0 0 1 0 0 1 0 0 1 0 0 1 0 0 1 0 0 1 0 0 1 0 0 1 0 0 1 0 0 1 0 0 1 0 0 1 0 0 1 0 0 1 0 0 1 0 0 1 0 0 1 0 0 1 0 0 1 0 0 1 0 0 1 0 0 1 0 0 1 0 0 1 0 0 1 0 0 1 0 0 1 0 0 1 0 0 1 0 0 1 0 0 1 0 0 1 0 0 1 0 0 1 0 0 1 0 0 1 0 0 1 0 0 1 0 0 1 0 0 1 0 0 1 0 0 1 0 0 1 0 0 1 0 0 1 0 0 1 0 0 1 0 0 1 0 0 1 0 0 1 0 0 1 0 0 1 0 0 1 0 0 1 0 0 1 0 0 1 0 0 1 0 0 1 0 0 1 0 0 1 0 0 1 0 0 1 0 0 1 0 0 1 0 0 1 0 0 1 0 0 1 0 0 1 0 0 1 0 0 1 0 0 1 0 0 1 0 0 1 0 0 1 0 0 1 0 0 1 0 0 1 0 0 1 0 0 1 0 0 1 0 0 1 0 0 1 0 0 1 0 0 1 0 0 1 0 0 1 0 0 1 0 0 1 0 0 1 0 0 1 0 0 1 0 0 1 0 0 1 0 0 1 0 0 1 0 0 1 0 0 1 0 0 1 0 0 1 0 0 1 0 0 1 0 0 1 0 0 1 0 0 1 0 0 1 0 0 1 0 0 1 0 0 1 0 0 1 0 0 1 0 0 1 0 0 1 0 0 1 0 0 1 0 0 1 0 0 1 0 0 1 0 0 1 0 0 1 0 0 1 0 0 1 0 0 1 0 0 1 0 0 1 0 0 1 0 0 1 0 0 1 0 0 1 0 0 1 0 0 1 0 0 1 0 0 1 0 0 1 0 0 1 0 0 1 0 0 1 0 0 1 0 0 1 0 0 1 0 0 1 0 0 1 0 0 1 0 0 1 0 0 1 0 0 1 0 0 1 0 0 1 0 0 1 0 0 1 0 0 1 0 0 1 0 0 1 0 0 1 0 0 1 0 0 1 0 0 1 0 0 1 0 0 1 0 0 1 0 0 1 0 0 1 0 0 1 0 0 1 0 0 1 0 0 1 0 0 1 0 0 1 0 0 1 0 0 1 0 0 1 0 0 1 0 0 1 0 0 1 0 0 1 0 0 1 0 0 1 0 0 1 0 0 1 0 0 1 0 0 1 0 0 1 0 0 1 0 0 1 0 0 1 0 0 1 0 0 1 0 0 1 0 0 1 0 0 1 0 0 1 0 0 1 0 0 1 0 0 1 0 0 1 0 0 1 0 0 1 0 0 1 0 0 1 0 0 1 0 0 1 0 0 1 0 0 1 0 0 1 0 0 1 0 0 1 0 0 1 0 0 1 0 0 1 0 0 1 0 0 1 0 0 1 0 0 1 0 0 1 0 0 1 0 0 1 0 0 1 0 0 1 0 0 1 0 0 1 0 0 1 0 0 1 0 0 1 0 0 1 0 0 1 0 0 1 0 0 1 0 0 1 0 0 1 0 0 1 0 0 1 0 0 1 0 0 1 0 0 1 0 0 1 0 0 1 0 0 1 0 0 1 0 0 1 0 0 1 0 0 1 0 0 1 0 0 1 0 0 1 0 0 1 0 0 1 0 0 1 0 0 1 0 0 1 0 0 1 0 0 1 0 0 1 0 0 1 0 0 1 0 0 1 0 0 1 0 0 1 0 0 1 0 0 1 0 0 1 0 0 1 0 0 1 0 0 1 0 0 1 0 0 1 0 0 1 0 0 1 0 0 1 0 0 1 0 0 1 0 0 1 0 0 1 0 0 1 0 0 1 0 0 1 0 0 1 0 0 1 0 0 1 0 0 1 0 0 1 0 0 1 0 0 1 0 0 1 0 0 1 0 0 1 0 0 1 0 0 1 0 0 1 0 0 1 0 0 1 0 0 1 0 0 1 0 0 1 0 0 1 0 0 1 0 0 1 0 0 1 0 0 1 0 0 1 0 0 1 0 0 1 0 0 1 0 0 1 0 0 1 0 0 1 0 0 1 0 0 1 0 0 1 0 0 1 0 0 1 0 0 1 0 0 1 0 0 1 0 0 1 0 0 1 0 0 1 0 0 1 0 0 1 0 0 1 0 0 1 0 0 1 0 0 1 0 0 1 0 0 1 0 0 1 0 0 1 0 0 1 0 0 1 0 0 1 0 0 1 0 0 1 0 0 1 0 0 1 0 0 1 0 0 1 0 0 1 0 0 1 0 0 1 0 0 1 0 0 1 0 0 1 0 0 1 0 0 1 0 0 1 0 0 1 0 0 1 0 0 1 0 0 1 0 0 1 0 0 1 0 0 1 0 0 1 0 0 1 0 0 1 0 0 1 0 0 1 0 0 1 0 0 1 0 0 1 0 0 1 0 0 1 0 0 1 0 0 1 0 0 1 0 0 1 0 0 1 0 0 1 0 0 1 0 0 1 0 0 1 0 0 1 0 0 1 0 0 1 0 0 1 0 0 1 0 0 1 0 0 1 0 0 1 0 0 1 0 0 1 0 0 1 0 0 1 0 0 1 0 0 1 0 0 1 0 0 1 0 0 1 0 0 1 0 0 1 0 0 1 0 0 1 0 0 1 0 0 1 0 0 1 0 0 1 0 0 1 0 0 1 0 0 1 0 0 1 0 0 1 0 0 1 0 0 1 0 0 1 0 0 1 0 0 1 0 0 1 0 0 1 0 0 1 0 0 1 0 0 1 0 0 1 0 0 1 0 0 1 0 0 1 0 0 1 0 0 1 0 0 1 0 0 1 0 0 1 0 0 1 0 0 1 0 0 1 0 0 1 0 0 1 0 0 1 0 0 1 0 0 1 0 0 1 0 0 1 0 0 1 0 0 1 0 0 1 0 0 1 0 0 1 0 0 1 0 0 1 0 0 1 0 0 1 0 0 1 0 0 1 0 0 1 0 0 1 0 0 1 0 0 1 0 0 1 0 0 1 0 0 1 0 0 1 0 0 1 0 0 1 0 0 1 0 0 1 0 0 1 0 0 1 0 0 1 0 0 1 0 0 1 0 0 1 0 0 1 0 0 1 0 0 1 0 0 1 0 0 1 0 0 1 0 0 1 0 0 1 0 0 1 0 0 1 0 0 1 0 0 1 0 0 1 0 0 1 0 0 1 0 0 1 0 0 1 0 0 1 0 0 1 0 0 1 0 0 1 0 0 1 0 0 1 0 0 1 0 0 1 0 0 1 0 0 1 0 0 1 0 0 1 0 0 1 0 0 1 0 0 1 0 0 1 0 0 1 0 0 1 0 0 1 0 0 1 0 0 1 0 0 1 0 0 1 0 0 1 0 0 1 0 0 1 0 0 1 0 0 1 0 0 1 0 0 1 0 0 1 0 0 1 0 0 1 0 0 1 0 0 1 0 0 1 0 0 1 0 0 1 0 0 1 0 0 1 0 0 1 0 0 1 0 0 1 0 0 1 0 0 1 0 0 1 0 0 1 0 0 1 0 0 1 0 0 1 0 0 1 0 0 1 0 0 1 0 0 1 0 0 1 0 0 1 0 0 1 0 0 1 0 0 1 0 0 1 0 0 1 0 0 1 0 0 1 0 0 1 0 0 1 0 0 1 0 0 1 0 0 1 0 0 1 0 0 1 0 0 1 0 0 1 0 0 1 0 0 1 0 0 1 0 0 1 0 0 1 0 0 1 0 0 1 0 0 1 0 0 1 0 0 1 0 0 1 0 0 1 0 0 1 0 0 1 0 0 1 0 0 1 0 0 1 0 0 1 0 0 1 0 0 1 0 0 1 0 0 1 0 0 1 0 0 1 0 0 1 0 0 1 0 0 1 0 0 1 0 0 1 0 0 1 0 0 1 0 0 1 0 0 1 0 0 1 0 0 1 0 0 1 0 0 1 0 0 1 0 0 1 0 0 1 0 0 1 0 0 1 0 0 1 0 0 1 0 0 1 0 0 1 0 0 1 0 0 1 0 0 1 0 0 1 0 0 1 0 0 1 0 0 1 0 0 1 0 0 1 0 0 1 0 0 1 0 0 1 0 0 1 0 0 1 0 0 1 0 0 1 0 0 1 0 0 1 0 0 1 0 0 1 0 0 1 0 0 1 0 0 1 0 0 1 0 0 1 0 0 1 0 0 1 0 0 1 0 0 1 0 0 1 0 0 1 0 0 1 0 0 1 0 0 1 0 0 1 0 0 1 0 0 1 0 0 1 0 0 1 0 0 1 0 0 1 0 0 1 0 0 1 0 0 1 0 0 1 0 0 1 0 0 1 0 0 1 0 0 1 0 0 1 0 0 1 0 0 1 0 0 1 0 0 1 0 0 1 0 0 1 0 0 1 0 0 1 0 0 1 0 0 1 0 0 1 0 0 1 0 0 1 0 0 1 0 0 1 0 0 1 0 0 1 0 0 1 0 0 1 0 0 1 0 0 1 0 0 1 0 0 1 0 0 1 0 0 1 0 0 1 0 0 1 0 0 1 0 0 1 0 0 1 0 0 1 0 0 1 -0 -0 -1 -0 -0 -1 -0 -0 -1 -0 -0 -1 -0 -0 -1 -0 -0 -1 -0 -0 -1 -0 -0 -1 -0 -0 -1 -0 -0 -1 -0 -0 -1 -0 -0 -1 -0 -0 -1 -0 -0 -1 -0 -0 -1 -0 -0 -1 -0 -0 -1 -0 -0 -1 -0 -0 -1 -0 -0 -1 -0 -0 -1 -0 -0 -1 -0 -0 -1 -0 -0 -1 -0 -0 -1 -0 -0 -1 -0 -0 -1 -0 -0 -1 -0 -0 -1 -0 -0 -1 -0 -0 -1 -0 -0 -1 -0 -0 -1 -0 -0 -1 -0 -0 -1 -0 -0 -1 -0 -0 -1 -0 -0 -1 -0 -0 -1 -0 -0 -1 -0 -0 -1 -0 -0 -1 -0 -0 -1 -0 -0 -1 -0 -0 -1 -0 -0 -1 -0 -0 -1 -0 -0 -1 -0 -0 -1 -0 -0 -1 -0 -0 -1 -0 -0 -1 -0 -0 -1 -0 -0 -1 -0 -0 -1 -0 -0 -1 -0 -0 -1 -0 -0 -1 -0 -0 -1 -0 -0 -1 -0 -0 -1 -0 -0 -1 -0 -0 -1 -0 -0 -1 -0 -0 -1 -0 -0 -1 -0 -0 -1 -0 -0 -1 -0 -0 -1 -0 -0 -1 -0 -0 -1 -0 -0 -1 -0 -0 -1 -0 -0 -1 -0 -0 -1 -0 -0 -1 -0 -0 -1 -0 -0 -1 -0 -0 -1 -0 -0 -1 -0 -0 -1 -0 -0 -1 -0 -0 -1 -0 -0 -1 -0 -0 -1 -0 -0 -1 -0 -0 -1 -0 -0 -1 -0 -0 -1 -0 -0 -1 -0 -0 -1 -0 -0 -1 -0 -0 -1 -0 -0 -1 -0 -0 -1 -0 -0 -1 -0 -0 -1 -0 -0 -1 -0 -0 -1 -0 -0 -1 -0 -0 -1 -0 -0 -1 -0 -0 -1 -0 -0 -1 -0 -0 -1 -0 -0 -1 -0 -0 -1 -0 -0 -1 -0 -0 -1 -0 -0 -1 -0 -0 -1 -0 -0 -1 -0 -0 -1 -0 -0 -1 -0 -0 -1 -0 -0 -1 -0 -0 -1 -0 -0 -1 -0 -0 -1 -0 -0 -1 -0 -0 -1 -0 -0 -1 -0 -0 -1 -0 -0 -1 -0 -0 -1 -0 -0 -1 -0 -0 -1 -0 -0 -1 -0 -0 -1 -0 -0 -1 -0 -0 -1 -0 -0 -1 -0 -0 -1 -0 -0 -1 -0 -0 -1 -0 -0 -1 -0 -0 -1 -0 -0 -1 -0 -0 -1 -0 -0 -1 -0 -0 -1 -0 -0 -1 -0 -0 -1 -0 -0 -1 -0 -0 -1 -0 -0 -1 -0 -0 -1 -0 -0 -1 -0 -0 -1 -0 -0 -1 -0 -0 -1 -0 -0 -1 -0 -0 -1 -0 -0 -1 -0 -0 -1 -0 -0 -1 -0 -0 -1 -0 -0 -1 -0 -0 -1 -0 -0 -1 -0 -0 -1 -0 -0 -1 -0 -0 -1 -0 -0 -1 -0 -0 -1 -0 -0 -1 -0 -0 -1 -0 -0 -1 -0 -0 -1 -0 -0 -1 -0 -0 -1 -0 -0 -1 -0 -0 -1 -0 -0 -1 -0 -0 -1 -0 -0 -1 -0 -0 -1 -0 -0 -1 -0 -0 -1 -0 -0 -1 -0 -0 -1 -0 -0 -1 -0 -0 -1 -0 -0 -1 -0 -0 -1 -0 -0 -1 -0 -0 -1 -0 -0 -1 -0 -0 -1 -0 -0 -1 -0 -0 -1 -0 -0 -1 -0 -0 -1 -0 -0 -1 -0 -0 -1 -0 -0 -1 -0 -0 -1 -0 -0 -1 -0 -0 -1 -0 -0 -1 -0 -0 -1 -0 -0 -1 -0 -0 -1 -0 -0 -1 -0 -0 -1 -0 -0 -1 -0 -0 -1 -0 -0 -1 -0 -0 -1 -0 -0 -1 -0 -0 -1 -0 -0 -1 -0 -0 -1 -0 -0 -1 -0 -0 -1 -0 -0 -1 -0 -0 -1 -0 -0 -1 -0 -0 -1 -0 -0 -1 -0 -0 -1 -0 -0 -1 -0 -0 -1 -0 -0 -1 -0 -0 -1 -0 -0 -1 -0 -0 -1 -0 -0 -1 -0 -0 -1 -0 -0 -1 -0 -0 -1 -0 -0 -1 -0 -0 -1 -0 -0 -1 -0 -0 -1 -0 -0 -1 -0 -0 -1 -0 -0 -1 -0 -0 -1 -0 -0 -1 -0 -0 -1 -0 -0 -1 -0 -0 -1 -0 -0 -1 -0 -0 -1 -0 -0 -1 -0 -0 -1 -0 -0 -1 -0 -0 -1 -0 -0 -1 -0 -0 -1 -0 -0 -1 -0 -0 -1 -0 -0 -1 -0 -0 -1 -0 -0 -1 -0 -0 -1 -0 -0 -1 -0 -0 -1 -0 -0 -1 -0 -0 -1 -0 -0 -1 -0 -0 -1 -0 -0 -1 -0 -0 -1 -0 -0 -1 -0 -0 -1 -0 -0 -1 -0 -0 -1 -0 -0 -1 -0 -0 -1 -0 -0 -1 -0 -0 -1 -0 -0 -1 -0 -0 -1 -0 -0 -1 -0 -0 -1 -0 -0 -1 -0 -0 -1 -0 -0 -1 -0 -0 -1 -0 -0 -1 -0 -0 -1 -0 -0 -1 -0 -0 -1 -0 -0 -1 -0 -0 -1 -0 -0 -1 -0 -0 -1 -0 -0 -1 -0 -0 -1 -0 -0 -1 -0 -0 -1 -0 -0 -1 -0 -0 -1 -0 -0 -1 -0 -0 -1 -0 -0 -1 -0 -0 -1 -0 -0 -1 -0 -0 -1 -0 -0 -1 -0 -0 -1 -0 -0 -1 -0 -0 -1 -0 -0 -1 -0 -0 -1 -0 -0 -1 -0 -0 -1 -0 -0 -1 -0 -0 -1 -0 -0 -1 -0 -0 -1 -0 -0 -1 -0 -0 -1 -0 -0 -1 -0 -0 -1 -0 -0 -1 -0 -0 -1 -0 -0 -1 -0 -0 -1 -0 -0 -1 -0 -0 -1 -0 -0 -1 -0 -0 -1 -0 -0 -1 -0 -0 -1 -0 -0 -1 -0 -0 -1 -0 -0 -1 -0 -0 -1 -0 -0 -1 -0 -0 -1 -0 -0 -1 -0 -0 -1 -0 -0 -1 -0 -0 -1 -0 -0 -1 -0 -0 -1 -0 -0 -1 -0 -0 -1 -0 -0 -1 -0 -0 -1 -0 -0 -1 -0 -0 -1 -0 -0 -1 -0 -0 -1 -0 -0 -1 -0 -0 -1 -0 -0 -1 -0 -0 -1 -0 -0 -1 -0 -0 -1 -0 -0 -1 -0 -0 -1 -0 -0 -1 -0 -0 -1 -0 -0 -1 -0 -0 -1 -0 -0 -1 -0 -0 -1 -0 -0 -1 -0 -0 -1 -0 -0 -1 -0 -0 -1 -0 -0 -1 -0 -0 -1 -0 -0 -1 -0 -0 -1 -0 -0 -1 -0 -0 -1 -0 -0 -1 -0 -0 -1 -0 -0 -1 -0 -0 -1 -0 -0 -1 -0 -0 -1 -0 -0 -1 -0 -0 -1 -0 -0 -1 -0 -0 -1 -0 -0 -1 -0 -0 -1 -0 -0 -1 -0 -0 -1 -0 -0 -1 -0 -0 -1 -0 -0 -1 -0 -0 -1 -0 -0 -1 -0 -0 -1 -0 -0 -1 -0 -0 -1 -0 -0 -1 -0 -0 -1 -0 -0 -1 -0 -0 -1 -0 -0 -1 -0 -0 -1 -0 -0 -1 -0 -0 -1 -0 -0 -1 -0 -0 -1 -0 -0 -1 -0 -0 -1 -0 -0 -1 -0 -0 -1 -0 -0 -1 -0 -0 -1 -0 -0 -1 -0 -0 -1 -0 -0 -1 -0 -0 -1 -0 -0 -1 -0 -0 -1 -0 -0 -1 -0 -0 -1 -0 -0 -1 -0 -0 -1 -0 -0 -1 -0 -0 -1 -0 -0 -1 -0 -0 -1 -0 -0 -1 -0 -0 -1 -0 -0 -1 -0 -0 -1 -0 -0 -1 -0 -0 -1 -0 -0 -1 -0 -0 -1 -0 -0 -1 -0 -0 -1 -0 -0 -1 -0 -0 -1 -0 -0 -1 -0 -0 -1 -0 -0 -1 -0 -0 -1 -0 -0 -1 -0 -0 -1 -0 -0 -1 -0 -0 -1 -0 -0 -1 -0 -0 -1 -0 -0 -1 -0 -0 -1 -0 -0 -1 -0 -0 -1 -0 -0 -1 -0 -0 -1 -0 -0 -1 -0 -0 -1 -0 -0 -1 -0 -0 -1 -0 -0 -1 -0 -0 -1 -0 -0 -1 -0 -0 -1 -0 -0 -1 -0 -0 -1 -0 -0 -1 -0 -0 -1 -0 -0 -1 -0 -0 -1 -0 -0 -1 -0 -0 -1 -0 -0 -1 -0 -0 -1 -0 -0 -1 -0 -0 -1 -0 -0 -1 -0 -0 -1 -0 -0 -1 -0 -0 -1 -0 -0 -1 -0 -0 -1 -0 -0 -1 -0 -0 -1 -0 -0 -1 -0 -0 -1 -0 -0 -1 -0 -0 -1 -0 -0 -1 -0 -0 -1 -0 -0 -1 -0 -0 -1 -0 -0 -1 -0 -0 -1 -0 -0 -1 -0 -0 -1 -0 -0 -1 -0 -0 -1 -0 -0 -1 -0 -0 -1 -0 -0 -1 -0 -0 -1 -0 -0 -1 -0 -0 -1 -0 -0 -1 -0 -0 -1 -0 -0 -1 -0 -0 -1 -0 -0 -1 -0 -0 -1 -0 -0 -1 -0 -0 -1 -0 -0 -1 -0 -0 -1 -0 -0 -1 -0 -0 -1 -0 -0 -1 -0 -0 -1 -0 -0 -1 -0 -0 -1 -0 -0 -1 -0 -0 -1 -0 -0 -1 -0 -0 -1 -0 -0 -1 -0 -0 -1 -0 -0 -1 -0 -0 -1 -0 -0 -1 -0 -0 -1 -0 -0 -1 -0 -0 -1 -0 -0 -1 -0 -0 -1 -0 -0 -1 -0 -0 -1 -0 -0 -1 -0 -0 -1 -0 -0 -1 -0 -0 -1 -0 -0 -1 -0 -0 -1 -0 -0 -1 -0 -0 -1 -0 -0 -1 -0 -0 -1 -0 -0 -1 -0 -0 -1 -0 -0 -1 -0 -0 -1 -0 -0 -1 -0 -0 -1 -0 -0 -1 -0 -0 -1 -0 -0 -1 -0 -0 -1 -0 -0 -1 -0 -0 -1 -0 -0 -1 -0 -0 -1 -0 -0 -1 -0 -0 -1 -0 -0 -1 -0 -0 -1 -0 -0 -1 -0 -0 -1 -0 -0 -1 -0 -0 -1 -0 -0 -1 -0 -0 -1 -0 -0 -1 -0 -0 -1 -0 -0 -1 -0 -0 -1 -0 -0 -1 -0 -0 -1 -0 -0 -1 -0 -0 -1 -0 -0 -1 -0 -0 -1 -0 -0 -1 -0 -0 -1 -0 -0 -1 -0 -0 -1 -0 -0 -1 -0 -0 -1 -0 -0 -1 -0 -0 -1 -0 -0 -1 -0 -0 -1 -0 -0 -1 -0 -0 -1 -0 -0 -1 -0 -0 -1 -0 -0 -1 -0 -0 -1 -0 -0 -1 -0 -0 -1 -0 -0 -1 -0 -0 -1 -0 -0 -1 -0 -0 -1 -0 -0 -1 -0 -0 -1 -0 -0 -1 -0 -0 -1 -0 -0 -1 -0 -0 -1 -0 -0 -1 -0 -0 -1 -0 -0 -1 -0 -0 -1 -0 -0 -1 -0 -0 -1 -0 -0 -1 -0 -0 -1 -0 -0 -1 -0 -0 -1 -0 -0 -1 -0 -0 -1 -0 -0 -1 -0 -0 -1 -0 -0 -1 -0 -0 -1 -0 -0 -1 -0 -0 -1 -0 -0 -1 -0 -0 -1 -0 -0 -1 -0 -0 -1 -0 -0 -1 -0 -0 -1 -0 -0 -1 -0 -0 -1 -0 -0 -1 -0 -0 -1 -0 -0 -1 -0 -0 -1 -0 -0 -1 -0 -0 -1 -0 -0 -1 -0 -0 -1 -0 -0 -1 -0 -0 -1 -0 -0 -1 -0 -0 -1 -0 -0 -1 -0 -0 -1 -0 -0 -1 -0 -0 -1 -0 -0 -1 -0 -0 -1 -0 -0 -1 -0 -0 -1 -0 -0 -1 -0 -0 -1 -0 -0 -1 -0 -0 -1 -0 -0 -1 -0 -0 -1 -0 -0 -1 -0 -0 -1 -0 -0 -1 -0 -0 -1 -0 -0 -1 -0 -0 -1 -0 -0 -1 -0 -0 -1 -0 -0 -1 -0 -0 -1 -0 -0 -1 -0 -0 -1 -0 -0 -1 -0 -0 -1 -0 -0 -1 -0 -0 -1 -0 -0 -1 -0 -0 -1 -0 -0 -1 -0 -0 -1 -0 -0 -1 -0 -0 -1 -0 -0 -1 -0 -0 -1 -0 -0 -1 -0 -0 -1 -0 -0 -1 -0 -0 -1 -0 -0 -1 -0 -0 -1 -0 -0 -1 -0 -0 -1 -0 -0 -1 -0 -0 -1 -0 -0 -1 -0 -0 -1 -0 -0 -1 -0 -0 -1 -0 -0 -1 -0 -0 -1 -0 -0 -1 -0 -0 -1 -0 -0 -1 -0 -0 -1 -0 -0 -1 -0 -0 -1 -0 -0 -1 -0 -0 -1 -0 -0 -1 -0 -0 -1 -0 -0 -1 -0 -0 -1 -0 -0 -1 -0 -0 -1 -0 -0 -1 -0 -0 -1 -0 -0 -1 -0 -0 -1 -0 -0 -1 -0 -0 -1 -0 -0 -1 -0 -0 -1 -0 -0 -1 -0 -0 -1 -0 -0 -1 -0 -0 -1 -0 -0 -1 -0 -0 -1 -0 -0 -1 -0 -0 -1 -0 -0 -1 -0 -0 -1 -0 -0 -1 -0 -0 -1 -0 -0 -1 -0 -0 -1 -0 -0 -1 -0 -0 -1 -0 -0 -1 -0 -0 -1 -0 -0 -1 -0 -0 -1 -0 -0 -1 -0 -0 -1 -0 -0 -1 -0 -0 -1 -0 -0 -1 -0 -0 -1 -0 -0 -1 -0 -0 -1 -0 -0 -1 -0 -0 -1 -0 -0 -1 -0 -0 -1 -0 -0 -1 -0 -0 -1 -0 -0 -1 -0 -0 -1 -0 -0 -1 -0 -0 -1 -0 -0 -1 -0 -0 -1 -0 -0 -1 -0 -0 -1 -0 -0 -1 -0 -0 -1 -0 -0 -1 -0 -0 -1 -0 -0 -1 -0 -0 -1 -0 -0 -1 -0 -0 -1 -0 -0 -1 -0 -0 -1 -0 -0 -1 -0 -0 -1 -0 -0 -1 -0 -0 -1 -0 -0 -1 -0 -0 -1 -0 -0 -1</float_array>
          <technique_common>
            <accessor count="3200" source="#ID23" stride="3">
              <param name="X" type="float"/>
              <param name="Y" type="float"/>
              <param name="Z" type="float"/>
            </accessor>
          </technique_common>
        </source>
        <vertices id="ID24">
          <input semantic="POSITION" source="#ID20"/>
          <input semantic="NORMAL" source="#ID22"/>
        </vertices>
        <triangles count="3152" material="ID10">
          <input offset="0" semantic="VERTEX" source="#ID24"/>
          <p>0 1 2 0 2 3 4 5 6 7 5 8 5 7 6 9 10 8 7 8 10 11 10 9 12 4 6 12 13 14 14 4 12 15 13 16 13 15 14 15 16 17 18 19 20 21 22 23 24 25 22 18 25 24 21 24 22 20 25 18 26 27 28 29 30 31 32 33 34 35 36 37 38 39 40 41 42 43 44 45 46 47 48 49 50 51 52 53 54 55 56 57 58 59 54 60 53 60 54 59 61 62 61 59 60 63 64 62 62 61 63 65 64 66 63 66 64 67 65 66 58 57 55 57 53 55 56 47 49 56 58 47 48 51 50 49 48 50 43 42 52 51 43 52 44 46 41 41 46 42 35 45 36 36 45 44 39 37 40 39 35 37 38 29 31 38 40 29 30 32 34 31 30 34 26 28 33 32 26 33 68 69 70 71 72 73 74 75 72 68 75 74 71 74 72 70 75 68 76 77 78 79 77 80 77 79 78 81 82 80 79 80 82 83 82 81 84 76 78 84 85 86 86 76 84 87 85 88 85 87 86 87 88 89 90 91 92 90 93 91 94 95 96 97 95 98 95 97 96 99 100 98 97 98 100 101 100 99 102 94 96 102 103 104 104 94 102 105 103 106 103 105 104 105 106 107 108 109 110 111 112 113 114 115 112 108 115 114 111 114 112 110 115 108 116 117 118 119 120 121 122 123 124 125 126 127 128 129 130 131 132 133 134 135 136 137 138 139 140 141 142 143 144 145 146 147 148 149 144 150 143 150 144 149 151 152 151 149 150 153 154 152 152 151 153 155 154 156 153 156 154 157 155 156 148 147 145 147 143 145 146 137 139 146 148 137 138 141 140 139 138 140 133 132 142 141 133 142 134 136 131 131 136 132 125 135 126 126 135 134 129 127 130 129 125 127 128 119 121 128 130 119 120 122 124 121 120 124 116 118 123 122 116 123 158 159 160 161 162 163 164 165 162 158 165 164 161 164 162 160 165 158 166 167 168 169 167 170 167 169 168 171 172 170 169 170 172 173 172 171 174 166 168 174 175 176 176 166 174 177 175 178 175 177 176 177 178 179 180 181 182 180 183 181 184 185 186 187 185 188 185 187 186 189 190 188 187 188 190 191 190 189 192 184 186 192 193 194 194 184 192 195 193 196 193 195 194 195 196 197 198 199 200 201 202 203 204 205 202 198 205 204 201 204 202 200 205 198 206 207 208 209 210 211 212 213 214 215 216 217 218 219 220 221 222 223 224 225 226 227 228 229 230 231 232 233 234 235 236 237 238 239 234 240 233 240 234 239 241 242 241 239 240 243 244 242 242 241 243 245 244 246 243 246 244 247 245 246 238 237 235 237 233 235 236 227 229 236 238 227 228 231 230 229 228 230 223 222 232 231 223 232 224 226 221 221 226 222 215 225 216 216 225 224 219 217 220 219 215 217 218 209 211 218 220 209 210 212 214 211 210 214 206 208 213 212 206 213 248 249 250 251 252 253 254 255 252 248 255 254 251 254 252 250 255 248 256 257 258 259 257 260 257 259 258 261 262 260 259 260 262 263 262 261 264 256 258 264 265 266 266 256 264 267 265 268 265 267 266 267 268 269 270 271 272 270 273 271 274 275 276 277 275 278 275 277 276 279 280 278 277 278 280 281 280 279 282 274 276 282 283 284 284 274 282 285 283 286 283 285 284 285 286 287 288 289 290 291 292 293 294 295 292 288 295 294 291 294 292 290 295 288 296 297 298 299 300 301 302 303 304 305 306 307 308 309 310 311 312 313 314 315 316 317 318 319 320 321 322 323 324 325 326 327 328 329 324 330 323 330 324 329 331 332 331 329 330 333 334 332 332 331 333 335 334 336 333 336 334 337 335 336 328 327 325 327 323 325 326 317 319 326 328 317 318 321 320 319 318 320 313 312 322 321 313 322 314 316 311 311 316 312 305 315 306 306 315 314 309 307 310 309 305 307 308 299 301 308 310 299 300 302 304 301 300 304 296 298 303 302 296 303 338 339 340 341 342 343 344 345 342 338 345 344 341 344 342 340 345 338 346 347 348 349 350 346 346 348 349 348 347 351 347 352 351 351 352 353 354 355 356 357 358 356 354 356 358 357 359 360 360 358 357 361 359 362 359 361 360 363 364 362 361 362 364 363 365 366 366 364 363 367 365 368 365 367 366 369 370 368 367 368 370 369 371 372 372 370 369 373 371 374 371 373 372 375 376 374 373 374 376 377 376 375 378 355 354 379 378 380 378 379 355 381 382 380 379 380 382 381 383 384 384 382 381 385 383 386 383 385 384 387 388 386 385 386 388 387 389 390 390 388 387 391 389 392 389 391 390 393 394 392 391 392 394 393 395 396 396 394 393 397 395 398 395 397 396 397 398 399 400 401 402 403 404 400 400 402 403 402 401 405 401 406 405 405 406 407 408 409 410 411 412 413 414 415 416 417 418 419 420 419 418 421 417 419 420 411 413 420 418 411 412 414 416 413 412 416 408 410 415 414 408 415 422 423 424 422 425 423 426 427 428 429 430 431 432 433 434 435 436 437 438 437 436 439 435 437 438 429 431 438 436 429 430 432 434 431 430 434 426 428 433 432 426 433 440 441 442 443 444 440 440 442 443 442 441 445 441 446 445 445 446 447 448 449 450 451 452 450 448 450 452 451 453 454 454 452 451 455 453 456 453 455 454 457 458 456 455 456 458 457 459 460 460 458 457 461 459 462 459 461 460 463 464 462 461 462 464 463 465 466 466 464 463 467 465 468 465 467 466 469 470 468 467 468 470 471 470 469 472 449 448 473 472 474 472 473 449 475 476 474 473 474 476 475 477 478 478 476 475 479 477 480 477 479 478 481 482 480 479 480 482 481 483 484 484 482 481 485 483 486 483 485 484 487 488 486 485 486 488 487 489 490 490 488 487 491 489 492 489 491 490 491 492 493 494 495 496 497 498 494 494 496 497 496 495 499 495 500 499 499 500 501 502 503 504 505 506 507 508 509 510 511 512 513 514 513 512 515 511 513 514 505 507 514 512 505 506 508 510 507 506 510 502 504 509 508 502 509 516 517 518 516 518 519 520 521 522 523 524 525 526 527 528 529 530 531 532 531 530 533 529 531 532 523 525 532 530 523 524 526 528 525 524 528 520 522 527 526 520 527 534 535 536 537 538 534 534 536 537 536 535 539 535 540 539 539 540 541 542 543 544 545 546 544 542 544 546 545 547 548 548 546 545 549 547 550 547 549 548 551 552 550 549 550 552 551 553 554 554 552 551 555 553 556 553 555 554 557 558 556 555 556 558 557 559 560 560 558 557 561 559 562 559 561 560 563 564 562 561 562 564 565 564 563 566 543 542 567 566 568 566 567 543 569 570 568 567 568 570 569 571 572 572 570 569 573 571 574 571 573 572 575 576 574 573 574 576 575 577 578 578 576 575 579 577 580 577 579 578 581 582 580 579 580 582 581 583 584 584 582 581 585 583 586 583 585 584 585 586 587 588 589 590 591 592 588 588 590 591 590 589 593 589 594 593 593 594 595 596 597 598 599 600 601 602 603 604 605 606 607 608 607 606 609 605 607 608 599 601 608 606 599 600 602 604 601 600 604 596 598 603 602 596 603 610 611 612 611 610 613 614 615 616 617 618 619 620 621 622 623 624 625 626 625 624 627 623 625 626 617 619 626 624 617 618 620 622 619 618 622 614 616 621 620 614 621 628 629 630 631 632 628 628 630 631 630 629 633 629 634 633 633 634 635 636 637 638 639 640 638 636 638 640 639 641 642 642 640 639 643 641 644 641 643 642 645 646 644 643 644 646 645 647 648 648 646 645 649 647 650 647 649 648 651 652 650 649 650 652 651 653 654 654 652 651 655 653 656 653 655 654 657 658 656 655 656 658 659 658 657 660 637 636 661 660 662 660 661 637 663 664 662 661 662 664 663 665 666 666 664 663 667 665 668 665 667 666 669 670 668 667 668 670 669 671 672 672 670 669 673 671 674 671 673 672 675 676 674 673 674 676 675 677 678 678 676 675 679 677 680 677 679 678 679 680 681 682 683 684 685 686 682 682 684 685 684 683 687 683 688 687 687 688 689 690 691 692 693 694 695 696 697 698 699 700 701 702 701 700 703 699 701 702 693 695 702 700 693 694 696 698 695 694 698 690 692 697 696 690 697 704 705 706 705 704 707 708 709 710 711 712 713 714 715 716 717 718 719 720 719 718 721 717 719 720 711 713 720 718 711 712 714 716 713 712 716 708 710 715 714 708 715 722 723 724 725 726 723 724 723 726 727 725 728 725 727 726 728 729 730 730 727 728 731 732 729 730 729 732 733 734 731 731 734 732 733 735 736 735 733 731 737 738 736 736 735 737 739 738 740 737 740 738 741 739 740 741 742 743 743 739 741 744 745 742 743 742 745 746 744 747 744 746 745 747 748 749 749 746 747 750 751 748 749 748 751 752 750 753 750 752 751 753 754 755 755 752 753 756 757 754 755 754 757 758 756 759 756 758 757 760 758 759 760 759 761 722 724 762 763 762 764 762 763 722 764 765 766 766 763 764 767 768 765 766 765 768 769 767 770 767 769 768 771 770 772 771 769 770 773 774 772 772 770 773 775 774 776 773 776 774 775 777 778 777 775 776 778 777 779 780 781 779 778 779 781 782 780 783 780 782 781 783 784 785 785 782 783 786 787 784 785 784 787 788 786 789 786 788 787 789 790 791 791 788 789 792 793 790 791 790 793 794 792 795 792 794 793 795 796 797 797 794 795 797 796 761 796 760 761 798 799 800 801 802 799 800 799 802 803 801 804 801 803 802 804 805 806 806 803 804 807 808 805 806 805 808 809 810 807 807 810 808 809 811 812 811 809 807 813 814 812 812 811 813 815 814 816 813 816 814 817 815 816 817 818 819 819 815 817 820 821 818 819 818 821 822 820 823 820 822 821 823 824 825 825 822 823 826 827 824 825 824 827 828 826 829 826 828 827 829 830 831 831 828 829 832 833 830 831 830 833 834 832 835 832 834 833 836 834 835 836 835 837 798 800 838 839 838 840 838 839 798 840 841 842 842 839 840 843 844 841 842 841 844 845 843 846 843 845 844 847 846 848 847 845 846 849 850 848 848 846 849 851 850 852 849 852 850 851 853 854 853 851 852 854 853 855 856 857 855 854 855 857 858 856 859 856 858 857 859 860 861 861 858 859 862 863 860 861 860 863 864 862 865 862 864 863 865 866 867 867 864 865 868 869 866 867 866 869 870 868 871 868 870 869 871 872 873 873 870 871 873 872 837 872 836 837 874 875 876 877 878 875 876 875 878 879 877 880 877 879 878 880 881 882 882 879 880 883 884 881 882 881 884 885 886 883 883 886 884 885 887 888 887 885 883 889 890 888 888 887 889 891 890 892 889 892 890 893 891 892 893 894 895 895 891 893 896 897 894 895 894 897 898 896 899 896 898 897 899 900 901 901 898 899 902 903 900 901 900 903 904 902 905 902 904 903 905 906 907 907 904 905 908 909 906 907 906 909 910 908 911 908 910 909 912 910 911 912 911 913 874 876 914 915 914 916 914 915 874 916 917 918 918 915 916 919 920 917 918 917 920 921 919 922 919 921 920 923 922 924 923 921 922 925 926 924 924 922 925 927 926 928 925 928 926 927 929 930 929 927 928 930 929 931 932 933 931 930 931 933 934 932 935 932 934 933 935 936 937 937 934 935 938 939 936 937 936 939 940 938 941 938 940 939 941 942 943 943 940 941 944 945 942 943 942 945 946 944 947 944 946 945 947 948 949 949 946 947 949 948 913 948 912 913 950 951 952 953 954 955 956 957 951 952 951 957 958 956 959 956 958 957 959 960 961 961 958 959 962 963 960 961 960 963 964 962 965 962 964 963 965 966 967 967 964 965 968 969 966 967 966 969 970 968 971 968 970 969 972 970 971 972 971 973 952 974 950 975 974 976 974 975 950 976 977 978 978 975 976 979 980 977 978 977 980 981 979 982 979 981 980 982 983 984 984 981 982 985 986 983 984 983 986 987 985 988 985 987 986 988 989 990 990 987 988 990 989 955 991 992 993 989 953 955 994 995 996 997 998 999 1000 1001 1002 1003 1004 1005 1006 1007 1008 1009 1010 1011 1012 1013 1014 1015 1016 1017 1018 1019 1020 1012 1020 1019 1018 1021 1022 1021 1018 1020 1023 1024 1022 1022 1021 1023 973 1024 1025 1023 1025 1024 972 973 1025 1014 1013 1016 1012 1019 1013 1015 1017 1008 1014 1016 1015 1006 1009 1007 1017 1006 1008 1010 1001 1011 1009 1011 1007 1005 1000 1002 1002 1001 1010 994 1004 1003 1004 1000 1005 996 995 998 994 1003 995 997 999 991 996 998 997 992 954 993 999 992 991 953 993 954 1026 1027 1028 1029 1030 1031 1032 1033 1027 1028 1027 1033 1034 1032 1035 1032 1034 1033 1035 1036 1037 1037 1034 1035 1038 1039 1036 1037 1036 1039 1040 1038 1041 1038 1040 1039 1041 1042 1043 1043 1040 1041 1044 1045 1042 1043 1042 1045 1046 1044 1047 1044 1046 1045 1048 1046 1047 1048 1047 1049 1028 1050 1026 1051 1050 1052 1050 1051 1026 1052 1053 1054 1054 1051 1052 1055 1056 1053 1054 1053 1056 1057 1055 1058 1055 1057 1056 1058 1059 1060 1060 1057 1058 1061 1062 1059 1060 1059 1062 1063 1061 1064 1061 1063 1062 1064 1065 1066 1066 1063 1064 1066 1065 1031 1067 1068 1069 1065 1029 1031 1070 1071 1072 1073 1074 1075 1076 1077 1078 1079 1080 1081 1082 1083 1084 1085 1086 1087 1088 1089 1090 1091 1092 1093 1094 1095 1096 1088 1096 1095 1094 1097 1098 1097 1094 1096 1099 1100 1098 1098 1097 1099 1049 1100 1101 1099 1101 1100 1048 1049 1101 1090 1089 1092 1088 1095 1089 1091 1093 1084 1090 1092 1091 1082 1085 1083 1093 1082 1084 1086 1077 1087 1085 1087 1083 1081 1076 1078 1078 1077 1086 1070 1080 1079 1080 1076 1081 1072 1071 1074 1070 1079 1071 1073 1075 1067 1072 1074 1073 1068 1030 1069 1075 1068 1067 1029 1069 1030 1102 1103 1104 1105 1106 1107 1108 1109 1103 1104 1103 1109 1110 1108 1111 1108 1110 1109 1111 1112 1113 1113 1110 1111 1114 1115 1112 1113 1112 1115 1116 1114 1117 1114 1116 1115 1117 1118 1119 1119 1116 1117 1120 1121 1118 1119 1118 1121 1122 1120 1123 1120 1122 1121 1124 1122 1123 1124 1123 1125 1104 1126 1102 1127 1126 1128 1126 1127 1102 1128 1129 1130 1130 1127 1128 1131 1132 1129 1130 1129 1132 1133 1131 1134 1131 1133 1132 1134 1135 1136 1136 1133 1134 1137 1138 1135 1136 1135 1138 1139 1137 1140 1137 1139 1138 1140 1141 1142 1142 1139 1140 1142 1141 1107 1143 1144 1145 1141 1105 1107 1146 1147 1148 1149 1150 1151 1152 1153 1154 1155 1156 1157 1158 1159 1160 1161 1162 1163 1164 1165 1166 1167 1168 1169 1170 1171 1172 1164 1172 1171 1170 1173 1174 1173 1170 1172 1175 1176 1174 1174 1173 1175 1125 1176 1177 1175 1177 1176 1124 1125 1177 1166 1165 1168 1164 1171 1165 1167 1169 1160 1166 1168 1167 1158 1161 1159 1169 1158 1160 1162 1153 1163 1161 1163 1159 1157 1152 1154 1154 1153 1162 1146 1156 1155 1156 1152 1157 1148 1147 1150 1146 1155 1147 1149 1151 1143 1148 1150 1149 1144 1106 1145 1151 1144 1143 1105 1145 1106 1178 1179 1180 1181 1182 1183 1184 1185 1179 1180 1179 1185 1186 1184 1187 1184 1186 1185 1187 1188 1189 1189 1186 1187 1190 1191 1188 1189 1188 1191 1192 1190 1193 1190 1192 1191 1193 1194 1195 1195 1192 1193 1196 1197 1194 1195 1194 1197 1198 1196 1199 1196 1198 1197 1200 1198 1199 1200 1199 1201 1180 1202 1178 1203 1202 1204 1202 1203 1178 1204 1205 1206 1206 1203 1204 1207 1208 1205 1206 1205 1208 1209 1207 1210 1207 1209 1208 1210 1211 1212 1212 1209 1210 1213 1214 1211 1212 1211 1214 1215 1213 1216 1213 1215 1214 1216 1217 1218 1218 1215 1216 1218 1217 1183 1219 1220 1221 1217 1181 1183 1222 1223 1224 1225 1226 1227 1228 1229 1230 1231 1232 1233 1234 1235 1236 1237 1238 1239 1240 1241 1242 1243 1244 1245 1246 1247 1248 1240 1248 1247 1246 1249 1250 1249 1246 1248 1251 1252 1250 1250 1249 1251 1201 1252 1253 1251 1253 1252 1200 1201 1253 1242 1241 1244 1240 1247 1241 1243 1245 1236 1242 1244 1243 1234 1237 1235 1245 1234 1236 1238 1229 1239 1237 1239 1235 1233 1228 1230 1230 1229 1238 1222 1232 1231 1232 1228 1233 1224 1223 1226 1222 1231 1223 1225 1227 1219 1224 1226 1225 1220 1182 1221 1227 1220 1219 1181 1221 1182 1254 1255 1256 1257 1258 1259 1260 1261 1255 1256 1255 1261 1262 1260 1263 1260 1262 1261 1263 1264 1265 1265 1262 1263 1266 1267 1264 1265 1264 1267 1268 1266 1269 1266 1268 1267 1269 1270 1271 1271 1268 1269 1272 1273 1270 1271 1270 1273 1274 1272 1275 1272 1274 1273 1276 1274 1275 1276 1275 1277 1256 1278 1254 1279 1278 1280 1278 1279 1254 1280 1281 1282 1282 1279 1280 1283 1284 1281 1282 1281 1284 1285 1283 1286 1283 1285 1284 1286 1287 1288 1288 1285 1286 1289 1290 1287 1288 1287 1290 1291 1289 1292 1289 1291 1290 1292 1293 1294 1294 1291 1292 1294 1293 1259 1295 1296 1297 1293 1257 1259 1298 1299 1300 1301 1302 1303 1304 1305 1306 1307 1308 1309 1310 1311 1312 1313 1314 1315 1316 1317 1318 1319 1320 1321 1322 1323 1324 1316 1324 1323 1322 1325 1326 1325 1322 1324 1327 1328 1326 1326 1325 1327 1277 1328 1329 1327 1329 1328 1276 1277 1329 1318 1317 1320 1316 1323 1317 1319 1321 1312 1318 1320 1319 1310 1313 1311 1321 1310 1312 1314 1305 1315 1313 1315 1311 1309 1304 1306 1306 1305 1314 1298 1308 1307 1308 1304 1309 1300 1299 1302 1298 1307 1299 1301 1303 1295 1300 1302 1301 1296 1258 1297 1303 1296 1295 1257 1297 1258 1330 1331 1332 1333 1334 1335 1336 1337 1331 1332 1331 1337 1338 1336 1339 1336 1338 1337 1339 1340 1341 1341 1338 1339 1342 1343 1340 1341 1340 1343 1344 1342 1345 1342 1344 1343 1345 1346 1347 1347 1344 1345 1348 1349 1346 1347 1346 1349 1350 1348 1351 1348 1350 1349 1352 1350 1351 1352 1351 1353 1332 1354 1330 1355 1354 1356 1354 1355 1330 1356 1357 1358 1358 1355 1356 1359 1360 1357 1358 1357 1360 1361 1359 1362 1359 1361 1360 1362 1363 1364 1364 1361 1362 1365 1366 1363 1364 1363 1366 1367 1365 1368 1365 1367 1366 1368 1369 1370 1370 1367 1368 1370 1369 1335 1371 1372 1373 1369 1333 1335 1374 1375 1376 1377 1378 1379 1380 1381 1382 1383 1384 1385 1386 1387 1388 1389 1390 1391 1392 1393 1394 1395 1396 1397 1398 1399 1400 1392 1400 1399 1398 1401 1402 1401 1398 1400 1403 1404 1402 1402 1401 1403 1353 1404 1405 1403 1405 1404 1352 1353 1405 1394 1393 1396 1392 1399 1393 1395 1397 1388 1394 1396 1395 1386 1389 1387 1397 1386 1388 1390 1381 1391 1389 1391 1387 1385 1380 1382 1382 1381 1390 1374 1384 1383 1384 1380 1385 1376 1375 1378 1374 1383 1375 1377 1379 1371 1376 1378 1377 1372 1334 1373 1379 1372 1371 1333 1373 1334 1406 1407 1408 1409 1410 1411 1412 1413 1407 1408 1407 1413 1414 1412 1415 1412 1414 1413 1415 1416 1417 1417 1414 1415 1418 1419 1416 1417 1416 1419 1420 1418 1421 1418 1420 1419 1421 1422 1423 1423 1420 1421 1424 1425 1422 1423 1422 1425 1426 1424 1427 1424 1426 1425 1428 1426 1427 1428 1427 1429 1408 1430 1406 1431 1430 1432 1430 1431 1406 1432 1433 1434 1434 1431 1432 1435 1436 1433 1434 1433 1436 1437 1435 1438 1435 1437 1436 1438 1439 1440 1440 1437 1438 1441 1442 1439 1440 1439 1442 1443 1441 1444 1441 1443 1442 1444 1445 1446 1446 1443 1444 1446 1445 1411 1447 1448 1449 1445 1409 1411 1450 1451 1452 1453 1454 1455 1456 1457 1458 1459 1460 1461 1462 1463 1464 1465 1466 1467 1468 1469 1470 1471 1472 1473 1474 1475 1476 1468 1476 1475 1474 1477 1478 1477 1474 1476 1479 1480 1478 1478 1477 1479 1429 1480 1481 1479 1481 1480 1428 1429 1481 1470 1469 1472 1468 1475 1469 1471 1473 1464 1470 1472 1471 1462 1465 1463 1473 1462 1464 1466 1457 1467 1465 1467 1463 1461 1456 1458 1458 1457 1466 1450 1460 1459 1460 1456 1461 1452 1451 1454 1450 1459 1451 1453 1455 1447 1452 1454 1453 1448 1410 1449 1455 1448 1447 1409 1449 1410 1482 1483 1484 1485 1486 1487 1488 1489 1483 1484 1483 1489 1490 1488 1491 1488 1490 1489 1491 1492 1493 1493 1490 1491 1494 1495 1492 1493 1492 1495 1496 1494 1497 1494 1496 1495 1497 1498 1499 1499 1496 1497 1500 1501 1498 1499 1498 1501 1502 1500 1503 1500 1502 1501 1504 1502 1503 1504 1503 1505 1484 1506 1482 1507 1506 1508 1506 1507 1482 1508 1509 1510 1510 1507 1508 1511 1512 1509 1510 1509 1512 1513 1511 1514 1511 1513 1512 1514 1515 1516 1516 1513 1514 1517 1518 1515 1516 1515 1518 1519 1517 1520 1517 1519 1518 1520 1521 1522 1522 1519 1520 1522 1521 1487 1523 1524 1525 1521 1485 1487 1526 1527 1528 1529 1530 1531 1532 1533 1534 1535 1536 1537 1538 1539 1540 1541 1542 1543 1544 1545 1546 1547 1548 1549 1550 1551 1552 1544 1552 1551 1550 1553 1554 1553 1550 1552 1555 1556 1554 1554 1553 1555 1505 1556 1557 1555 1557 1556 1504 1505 1557 1546 1545 1548 1544 1551 1545 1547 1549 1540 1546 1548 1547 1538 1541 1539 1549 1538 1540 1542 1533 1543 1541 1543 1539 1537 1532 1534 1534 1533 1542 1526 1536 1535 1536 1532 1537 1528 1527 1530 1526 1535 1527 1529 1531 1523 1528 1530 1529 1524 1486 1525 1531 1524 1523 1485 1525 1486 1558 1559 1560 1561 1562 1559 1560 1559 1562 1563 1561 1564 1561 1563 1562 1564 1565 1566 1566 1563 1564 1567 1568 1565 1566 1565 1568 1569 1570 1567 1567 1570 1568 1569 1571 1572 1571 1569 1567 1573 1574 1572 1572 1571 1573 1575 1574 1576 1573 1576 1574 1577 1575 1576 1577 1578 1579 1579 1575 1577 1580 1581 1578 1579 1578 1581 1582 1580 1583 1580 1582 1581 1583 1584 1585 1585 1582 1583 1586 1587 1584 1585 1584 1587 1588 1586 1589 1586 1588 1587 1589 1590 1591 1591 1588 1589 1592 1593 1590 1591 1590 1593 1594 1592 1595 1592 1594 1593 1596 1594 1595 1596 1595 1597 1558 1560 1598 1599 1598 1600 1598 1599 1558 1600 1601 1602 1602 1599 1600 1603 1604 1601 1602 1601 1604 1605 1603 1606 1603 1605 1604 1607 1606 1608 1607 1605 1606 1609 1610 1608 1608 1606 1609 1611 1610 1612 1609 1612 1610 1611 1613 1614 1613 1611 1612 1614 1613 1615 1616 1617 1615 1614 1615 1617 1618 1616 1619 1616 1618 1617 1619 1620 1621 1621 1618 1619 1622 1623 1620 1621 1620 1623 1624 1622 1625 1622 1624 1623 1625 1626 1627 1627 1624 1625 1628 1629 1626 1627 1626 1629 1630 1628 1631 1628 1630 1629 1631 1632 1633 1633 1630 1631 1633 1632 1597 1632 1596 1597 1634 1635 1636 1637 1635 1638 1635 1637 1636 1639 1640 1638 1637 1638 1640 1641 1640 1639 1642 1634 1636 1642 1643 1644 1644 1634 1642 1645 1643 1646 1643 1645 1644 1645 1646 1647 1648 1649 1650 1651 1652 1653 1654 1655 1656 1657 1656 1658 1659 1660 1661 1650 1662 1663 1662 1657 1664 1665 1666 1667 1668 1669 1670 1671 1672 1673 1673 1672 1649 1674 1675 1676 1677 1660 1659 1678 1679 1680 1671 1679 1681 1682 1683 1684 1680 1685 1684 1686 1687 1688 1689 1690 1691 1692 1688 1693 1694 1695 1696 1697 1698 1692 1699 1700 1701 1696 1702 1694 1703 1704 1705 1705 1706 1703 1707 1708 1709 1710 1704 1703 1708 1704 1710 1710 1709 1708 1706 1705 1711 1698 1712 1695 1713 1714 1715 1709 1716 1707 1717 1718 1719 1719 1718 1720 1721 1722 1723 1724 1725 1726 1727 1728 1729 1730 1731 1732 1733 1734 1735 1736 1737 1738 1739 1740 1741 1742 1743 1744 1745 1746 1747 1740 1739 1748 1749 1750 1751 1751 1752 1753 1754 1749 1755 1753 1756 1757 1746 1745 1758 1747 1757 1759 1760 1734 1761 1762 1763 1736 1737 1764 1765 1766 1767 1768 1768 1769 1764 1770 1741 1771 1741 1770 1739 1772 1773 1774 1775 1776 1777 1778 1779 1780 1771 1781 1770 1782 1781 1783 1783 1784 1782 1760 1785 1758 1771 1783 1781 1786 1787 1755 1782 1784 1788 1789 1788 1790 1789 1790 1791 1788 1784 1790 1789 1791 1792 1793 1794 1795 1796 1792 1797 1798 1799 1794 1800 1801 1802 1803 1804 1805 1802 1806 1800 1807 1808 1809 1810 1811 1812 1813 1814 1815 1816 1817 1818 1816 1818 1819 1820 1821 1822 1823 1824 1825 1777 1826 1827 1828 1827 1829 1830 1831 1832 1833 1831 1828 1834 1835 1820 1830 1822 1821 1836 1837 1838 1836 1839 1834 1840 1841 1842 1843 1844 1845 1846 1847 1848 1824 1849 1846 1850 1851 1852 1853 1851 1850 1818 1817 1652 1854 1855 1856 1651 1857 1858 1652 1817 1653 1859 1860 1861 1857 1651 1653 1775 1862 1776 1863 1853 1848 1858 1810 1812 1810 1858 1857 1814 1813 1811 1864 1865 1866 1811 1813 1812 1867 1868 1866 1869 1870 1871 1872 1873 1869 1874 1815 1814 1875 1876 1877 1878 1879 1880 1881 1882 1883 1884 1885 1886 1887 1888 1889 1890 1891 1892 1893 1889 1667 1665 1883 1894 1895 1888 1896 1897 1895 1898 1899 1900 1901 1898 1902 1897 1903 1670 1904 1905 1906 1907 1676 1908 1909 1674 1910 1911 1909 1912 1892 1913 1677 1914 1914 1915 1913 1913 1660 1677 1916 1917 1918 1661 1919 1659 1919 1661 1920 1921 1922 1900 1923 1919 1920 1899 1924 1902 1923 1925 1884 1925 1885 1884 1920 1925 1923 1926 1927 1928 1929 1930 1926 1875 1877 1886 1880 1879 1931 1932 1933 1934 1935 1936 1721 1725 1937 1938 1939 1717 1719 1716 1720 1940 1718 1940 1720 1655 1654 1941 1707 1716 1940 1938 1942 1725 1943 1944 1945 1946 1699 1947 1942 1938 1948 1701 1700 1949 1724 1937 1725 1654 1950 1951 1726 1946 1947 1714 1952 1702 1950 1701 1949 1953 1954 1955 1711 1955 1706 1711 1953 1955 1953 1956 1954 1956 1713 1715 1956 1715 1954 1713 1952 1714 1952 1694 1702 1695 1712 1696 1698 1697 1712 1692 1693 1697 1688 1687 1693 1686 1690 1687 1957 1958 1959 1960 1961 1685 1684 1678 1680 1678 1681 1679 1681 1672 1671 1649 1648 1673 1650 1663 1648 1662 1664 1663 1657 1658 1664 1656 1655 1658 1654 1951 1941 1950 1949 1951 1699 1946 1700 1947 1724 1726 1948 1962 1942 1877 1876 1963 1964 1927 1926 1965 1966 1903 1886 1885 1875 1967 1927 1964 1669 1904 1670 1926 1928 1929 1882 1881 1668 1890 1905 1891 1968 1906 1969 1970 1971 1972 1970 1973 1915 1915 1914 1970 1970 1972 1973 1971 1968 1969 1971 1969 1972 1968 1907 1906 1907 1891 1905 1892 1912 1890 1909 1908 1912 1676 1675 1908 1674 1911 1675 1910 1974 1911 1921 1975 1976 1922 1901 1900 1901 1924 1899 1924 1897 1902 1895 1896 1898 1888 1887 1896 1889 1893 1887 1667 1666 1893 1665 1894 1666 1883 1882 1894 1669 1668 1881 1930 1966 1965 1965 1903 1904 1930 1929 1966 1964 1977 1967 1978 1979 1980 1868 1981 1866 1982 1856 1983 1981 1868 1934 1855 1854 1984 1865 1867 1866 1775 1985 1986 1859 1987 1852 1988 1989 1860 1990 1988 1991 1819 1990 1991 1819 1991 1816 1990 1989 1988 1989 1861 1860 1861 1987 1859 1987 1850 1852 1853 1863 1851 1848 1847 1863 1846 1849 1847 1824 1823 1849 1825 1843 1823 1825 1992 1993 1994 1995 1845 1838 1839 1836 1839 1835 1834 1835 1821 1820 1830 1832 1822 1831 1833 1832 1828 1829 1833 1827 1826 1829 1777 1776 1826 1775 1986 1862 1985 1984 1986 1855 1984 1985 1856 1982 1854 1864 1983 1865 1983 1864 1982 1934 1933 1981 1797 1792 1791 1996 1933 1932 1795 1732 1793 1997 1998 1999 1787 1786 2000 1762 1742 1763 2001 1743 2002 1748 2003 2004 1748 2004 2005 2005 1740 1748 2004 2003 2002 2003 2001 2002 2001 1744 1743 1744 1763 1742 1736 1738 1762 1737 1765 1738 1764 1769 1765 1768 1767 1769 1766 1779 1767 1766 1774 1773 2006 2007 2008 1733 1761 1734 1761 1785 1760 1785 1746 1758 1747 1759 1745 1757 1756 1759 1753 1752 1756 1751 1750 1752 1749 1754 1750 1755 1787 1754 1997 2000 1786 1999 2000 1997 1998 1731 1730 1730 1999 1998 1793 1732 1731 2009 1794 1799 1795 1794 2009 2010 1798 2011 2010 1799 1798 2012 2013 2014 2015 2016 2017 2018 2019 1686 2020 1958 2021 1958 2022 2021 1958 2020 1959 1958 2023 2024 1957 2023 1958 1958 2025 2026 2024 2025 1958 1686 1958 2027 2026 2027 1958 1686 2027 2018 1686 2028 2029 2019 2028 1686 1690 1686 2030 2029 2030 1686 2031 1690 2032 1690 2030 2032 1690 2033 1691 1690 2031 2033 1689 2034 1690 2035 2017 2034 1690 2034 2017 2036 2017 2037 2017 2035 2037 2015 2017 2038 2017 2036 2038 2016 2039 2017 2017 2040 2041 2039 2040 2017 1685 2017 1960 2041 1960 2017 1961 2042 1685 1685 2043 2044 2042 2043 1685 1682 1684 2044 1685 2044 1684 1683 2045 1684 2022 1958 2045 1684 2045 1958 2046 2047 1735 1733 2048 2049 1766 2050 2051 1773 2050 1766 1779 1766 2052 2051 2052 1766 1779 2053 1780 1779 2052 2053 2007 1779 2054 1778 2054 1779 2055 2007 2056 2007 2054 2056 2057 2007 2058 2007 2055 2058 2007 2057 2008 2007 2059 2060 2006 2059 2007 2007 2061 2062 2060 2061 2007 2007 2062 1735 1735 2063 2046 1735 2062 2063 1735 2064 2065 2047 2064 1735 1733 1735 2066 2065 2066 1735 2067 1733 2068 1733 2066 2068 1733 2069 2048 1733 2067 2069 2070 1774 2049 1733 2049 1774 2071 1774 2072 1774 2070 2072 2073 1774 2074 1774 2071 2074 2075 1774 2076 1774 2073 2076 1772 1774 2077 1774 2075 2077 1837 1845 2078 1843 2079 1844 1838 2080 2081 2082 1845 2083 1845 1844 2083 1845 2082 1994 1845 2084 2085 1995 2084 1845 1845 2086 2087 2085 2086 1845 2088 2078 1845 2087 2088 1845 1837 2089 2090 2078 2089 1837 1837 2091 2092 2090 2091 1837 1838 2092 2080 1837 2092 1838 1842 1838 2093 2081 2093 1838 1842 2093 2094 2095 1842 2096 1842 2094 1840 1842 1841 2096 1842 2097 2098 2095 2097 1842 1842 2099 2100 2098 2099 1842 1825 1842 1992 2100 1992 1842 1993 2101 1825 1825 2102 2103 2101 2102 1825 1843 1825 2104 2103 2104 1825 2105 1843 2106 1843 2104 2106 2107 1843 2108 1843 2105 2108 2079 1843 2107 2109 1815 2110 2111 1869 2112 1869 2113 2112 1871 1872 1869 1869 2111 1870 2114 1869 1873 1869 2115 1874 2115 1869 2114 1874 2110 1815 2115 2110 1874 1979 1815 2116 2109 2116 1815 2117 1979 2118 1979 2116 2118 2119 1980 1979 2120 1979 2121 1979 2117 2121 2122 1979 2123 1979 2120 2123 1979 2122 2124 1979 2125 2119 1979 2124 2125 1978 1808 1979 2126 2127 2128 2129 2130 2131 2132 2133 2134 2135 2136 2137 2138 2137 2139 1808 2140 2141 2142 2136 2135 2143 2144 2145 2145 2146 2143 2144 1869 2147 2144 2147 2145 1869 2144 2148 2149 2150 2151 2147 2149 2151 2149 2147 1869 2150 2149 2152 2113 1869 2153 1869 2148 2153 2010 2011 2154 2155 2014 2156 2014 2157 2156 2013 2158 2014 2014 2155 2012 2014 2159 2160 2161 2159 2014 2158 2161 2014 2011 2160 2162 2160 2011 2014 2162 2154 2011 1945 2010 2163 2154 2163 2010 2164 1945 2165 1945 2163 2165 2166 1943 1945 2167 1945 2168 1945 2164 2168 2169 1945 2170 1945 2167 2170 1945 2169 2171 1945 2172 2166 1945 2171 2172 1944 1721 1945 2173 2174 2175 2176 2177 2178 2179 2180 2181 2182 2183 2184 2185 2184 2186 1721 2187 2188 2189 2183 2182 2190 2191 2192 2192 2193 2190 2191 2014 2194 2191 2194 2192 2014 2191 2195 2196 2197 2198 2194 2196 2198 2196 2194 2014 2197 2196 2199 2157 2014 2200 2014 2195 2200 1879 2201 2202 2203 2204 1727 2205 2206 2207 2201 2208 2209 2201 2210 2211 2212 2213 2201 2214 2201 2215 2216 1879 2217 1879 2202 2217 2218 1879 2219 1879 2216 2219 1931 1879 2220 1879 2218 2220 1879 2221 2222 1878 2221 1879 1948 2222 2223 2222 1948 1879 1948 2224 1962 2223 2224 1948 2224 2225 1962 2203 1962 2226 2225 2226 1962 2227 2203 2228 2203 2226 2228 2229 2203 2230 2203 2227 2230 2231 2203 2232 2203 2229 2232 2233 2203 2234 2203 2235 2234 2203 2231 2235 2236 2237 2204 2233 2236 2203 2238 2239 2240 2241 2242 2237 2243 2244 2245 2246 2247 2248 2249 2250 2251 2250 2249 2252 2251 2206 2249 1800 2253 2254 2255 2256 1803 2257 2258 2259 2253 2260 2261 2253 2262 2263 2264 2265 2253 2266 2253 2267 2268 1800 2269 1800 2254 2269 2270 1800 2271 1800 2268 2271 1801 1800 2272 1800 2270 2272 2273 1800 1806 1800 2274 1797 2274 1800 2273 1797 2275 2276 2274 2275 1797 1797 2276 1796 2276 2277 1796 2255 1796 2278 2277 2278 1796 2279 2255 2280 2255 2278 2280 2281 2255 2282 2255 2279 2282 2283 2255 2284 2255 2281 2284 2285 2255 2286 2255 2287 2286 2255 2283 2287 2288 2289 2256 2285 2288 2255 2290 2291 2292 2293 2294 2289 2295 2296 2297 2298 2299 2300 2301 2302 2303 2302 2301 2304 2303 2258 2301 2304 2305 2302 2303 2259 2258 2253 1933 2306 1996 2306 1933 2307 2253 2308 2253 2306 2308 2309 2257 2259 2257 2309 2266 2253 2307 2260 2309 2254 2266 2253 2261 2264 2266 2254 2253 2253 2265 2262 2253 2263 2267 2305 2296 2295 2296 2305 2304 2297 2310 2295 2299 2310 2311 2297 2311 2310 2298 2300 2312 2299 2311 2300 2312 2291 2290 2290 2298 2312 2313 2292 2291 2314 2313 2294 2313 2314 2292 2293 2289 2288 2314 2294 2293 2256 2255 2288 2315 1803 2316 1803 2256 2316 2317 1803 2318 1803 2315 2318 2319 1803 2320 1803 2317 2320 2321 1803 2322 1803 2319 2322 1803 1805 1934 1803 2321 1804 1932 1934 2323 1934 1805 2323 2252 2324 2250 2251 2207 2206 2201 1877 2325 1963 2325 1877 2326 2201 2327 2201 2325 2327 2328 2205 2207 2205 2328 2214 2201 2326 2208 2328 2202 2214 2201 2209 2212 2214 2202 2201 2201 2213 2210 2201 2211 2215 2324 2244 2243 2244 2324 2252 2245 2329 2243 2247 2329 2330 2245 2330 2329 2246 2248 2331 2247 2330 2248 2331 2239 2238 2238 2246 2331 2332 2240 2239 2333 2332 2242 2332 2333 2240 2241 2237 2236 2333 2242 2241 2204 2203 2236 2334 1727 2335 1727 2204 2335 2336 1727 2337 1727 2334 2337 2338 1727 2339 1727 2336 2339 2340 1727 2341 1727 2338 2341 1727 1729 1875 1727 2340 1728 1876 1875 2342 1875 1729 2342 1721 2343 2344 2185 2182 2184 2193 2183 2189 2193 2189 2190 2345 2185 2186 2345 2346 2176 2346 2345 2186 2177 2347 2178 2346 2177 2176 2180 2179 2347 2178 2347 2179 2181 2180 2348 2348 2175 2174 2174 2181 2348 2349 2173 2175 2350 2349 2187 2349 2350 2173 1721 1944 2187 2350 2187 1944 1721 2188 2351 1721 2351 2352 2353 1717 2354 1721 2352 2343 1723 1935 1721 1721 2344 1722 2355 1721 1936 1721 2356 1939 2356 1721 2355 1939 2354 1717 2356 2354 1939 2196 1717 2357 2353 2357 1717 2358 2196 2359 2196 2357 2359 2360 2196 2361 2196 2358 2361 2362 2196 2363 2196 2360 2363 2199 2196 2364 2196 2362 2364 1808 2365 2366 2138 2135 2137 2146 2136 2142 2146 2142 2143 2367 2138 2139 2367 2368 2129 2368 2367 2139 2130 2369 2131 2368 2130 2129 2133 2132 2369 2131 2369 2132 2134 2133 2370 2370 2128 2127 2127 2134 2370 2371 2126 2128 2372 2371 2140 2371 2372 2126 1808 1978 2140 2372 2140 1978 1808 2141 2373 1808 2373 2374 1967 1977 2375 1808 2374 2365 1807 2376 1808 1808 2366 1809 1808 2377 2378 2379 2377 1808 2376 2379 1808 1977 2378 2380 2378 1977 1808 2380 2375 1977 2149 1967 2381 2375 2381 1967 2382 2149 2383 2149 2381 2383 2384 2149 2385 2149 2382 2385 2386 2149 2387 2149 2384 2387 2152 2149 2388 2149 2386 2388 2389 2390 2391 1976 2392 1921 2393 2394 1922 1921 2395 2396 2392 2395 1921 1922 1921 2397 2396 2397 1921 2398 1922 2399 1922 2397 2399 1922 2400 2393 1922 2398 2400 2401 1974 2402 2403 2391 2394 1922 2394 2391 2404 2391 2405 2391 2406 2405 2391 2403 2406 2391 2407 2408 2404 2407 2391 2391 2409 2410 2408 2409 2391 2410 2389 2391 1910 2390 2411 2390 1910 2391 1910 2412 2413 2411 2412 1910 2414 1974 2413 1910 2413 1974 1974 2414 2402 1917 1974 2415 2401 2415 1974 2416 1917 2417 1917 2415 2417 2418 1917 2419 1917 2416 2419 2420 1917 2421 1917 2418 2421 2422 1917 2423 1917 2420 2423 1917 1916 1921 1917 2422 1918 1975 1921 1916 2424 2425 2426 2427 2428 2429 2430 2431 2432 2425 2433 2434 2435 2434 2433 2436 2437 2438 2439 2440 2441 2442 2443 2444 2445 2443 2435 2446 2447 2448 2449 2450 2451 2449 2452 2442 2453 2454 2455 2456 2457 2458 2459 2460 2453 2461 2462 2463 2464 2465 2466 2467 2468 2469 2470 2471 2472 2473 2474 2475 2476 2477 2478 2479 2475 2474 2474 2480 2479 2481 2477 2473 2481 2473 2475 2481 2478 2477 2482 2483 2484 2459 2465 2485 2466 2472 2471 2486 2480 2487 2488 2489 2490 2487 2491 2492 2493 2494 2495 2496 2497 2498 2499 2500 2501 2502 2503 2504 2505 2506 2507 2508 2509 2510 2511 2505 2512 2513 2514 2515 2516 2517 2509 2518 2519 2520 2521 2522 2523 2522 2524 2525 2526 2527 2521 2524 2528 2529 2518 2530 2519 2520 2531 2528 2532 2533 2534 2535 2536 2537 2508 2538 2539 2540 2541 2542 2543 2541 2539 2512 2515 2514 2512 2514 2511 2544 2545 2546 2547 2548 2549 2550 2551 2552 2505 2511 2506 2553 2507 2506 2507 2553 2504 2530 2554 2532 2555 2534 2556 2557 2527 2558 2553 2502 2504 2559 2503 2502 2559 2428 2427 2559 2427 2503 2429 2428 2560 2561 2562 2563 2564 2562 2565 2566 2567 2568 2569 2562 2564 2567 2566 2570 2571 2572 2573 2574 2575 2576 2577 2578 2579 2580 2581 2582 2583 2584 2585 2579 2586 2577 2587 2588 2547 2589 2590 2591 2592 2593 2548 2592 2594 2595 2596 2594 2597 2598 2599 2590 2591 2597 2589 2600 2601 2602 2603 2601 2599 2604 2605 2606 2607 2608 2609 2610 2611 2612 2613 2585 2611 2614 2615 2616 2614 2617 2615 2586 2579 2618 2619 2620 2621 2622 2623 2580 2586 2618 2624 2624 2618 2623 2623 2622 2624 2625 2626 2627 2587 2628 2588 2612 2617 2629 2622 2580 2582 2576 2575 2581 2575 2582 2581 2630 2501 2631 2632 2633 2634 2635 2574 2576 2635 2636 2574 2634 2637 2638 2639 2640 2641 2642 2643 2644 2645 2646 2647 2645 2648 2646 2647 2649 2650 2651 2652 2653 2649 2652 2650 2654 2655 2656 2657 2446 2448 2658 2659 2660 2659 2661 2662 2663 2655 2436 2664 2661 2654 2437 2665 2438 2666 2667 2668 2669 2670 2671 2672 2673 2674 2675 2668 2676 2673 2677 2439 2678 2679 2680 2441 2681 2679 2682 2448 2447 2651 2682 2447 2649 2653 2652 2683 2684 2685 2686 2687 2670 2653 2682 2651 2658 2688 2689 2671 2665 2690 2691 2643 2642 2650 2645 2647 2692 2693 2694 2695 2696 2697 2648 2640 2639 2698 2494 2699 2700 2701 2702 2703 2498 2704 2705 2488 2706 2707 2492 2491 2708 2707 2709 2479 2480 2486 2486 2487 2492 2424 2710 2711 2692 2711 2712 2461 2463 2694 2704 2498 2713 2714 2715 2468 2709 2707 2491 2713 2716 2704 2469 2717 2467 2496 2498 2703 2463 2718 2719 2497 2715 2714 2483 2470 2720 2719 2717 2469 2721 2722 2723 2476 2478 2722 2476 2722 2721 2721 2723 2724 2724 2482 2484 2724 2723 2482 2484 2483 2720 2720 2470 2472 2466 2471 2464 2465 2464 2485 2459 2485 2460 2453 2460 2454 2455 2454 2457 2725 2726 2727 2728 2452 2729 2449 2442 2444 2444 2443 2445 2445 2435 2433 2425 2434 2426 2424 2426 2710 2711 2710 2712 2692 2712 2693 2694 2693 2461 2463 2462 2718 2719 2718 2717 2468 2467 2714 2715 2497 2496 2730 2731 2732 2716 2713 2733 2640 2734 2641 2735 2494 2493 2736 2676 2737 2648 2639 2646 2738 2735 2493 2666 2668 2675 2494 2698 2495 2688 2667 2689 2672 2674 2430 2739 2740 2432 2741 2742 2743 2741 2657 2744 2657 2741 2446 2741 2744 2742 2743 2740 2739 2743 2742 2740 2739 2432 2431 2431 2430 2674 2673 2672 2677 2439 2677 2440 2441 2440 2681 2679 2681 2680 2678 2680 2745 2687 2746 2747 2686 2670 2669 2669 2671 2690 2690 2665 2437 2436 2438 2663 2655 2663 2656 2654 2656 2664 2661 2664 2662 2659 2662 2660 2658 2660 2688 2666 2689 2667 2699 2736 2737 2736 2675 2676 2699 2737 2698 2735 2738 2748 2749 2750 2751 2631 2501 2752 2753 2754 2621 2752 2731 2631 2619 2755 2620 2499 2501 2630 2588 2756 2757 2625 2616 2758 2759 2627 2760 2761 2762 2759 2578 2762 2761 2578 2577 2762 2761 2759 2760 2760 2627 2626 2626 2625 2758 2758 2616 2615 2617 2614 2629 2612 2629 2610 2611 2610 2613 2585 2613 2583 2584 2583 2608 2584 2763 2764 2765 2609 2766 2602 2601 2603 2603 2599 2598 2598 2590 2589 2597 2591 2596 2594 2596 2595 2592 2595 2593 2548 2593 2549 2547 2549 2587 2588 2628 2756 2757 2756 2755 2619 2757 2755 2621 2620 2753 2500 2499 2754 2754 2753 2500 2731 2752 2732 2569 2767 2768 2769 2730 2732 2770 2771 2772 2767 2569 2564 2773 2774 2775 2562 2561 2565 2558 2776 2557 2517 2516 2537 2777 2778 2536 2513 2779 2780 2513 2781 2779 2781 2513 2515 2779 2778 2780 2780 2778 2777 2777 2536 2535 2535 2537 2516 2509 2517 2510 2508 2510 2538 2539 2538 2543 2541 2543 2542 2540 2542 2552 2540 2545 2544 2782 2783 2784 2556 2534 2533 2533 2532 2554 2554 2530 2518 2520 2519 2531 2528 2531 2529 2524 2529 2525 2522 2525 2523 2521 2523 2526 2527 2526 2558 2773 2557 2776 2774 2773 2776 2775 2771 2770 2771 2775 2774 2563 2770 2772 2563 2772 2561 2785 2786 2787 2788 2789 2790 2791 2792 2793 2794 2455 2795 2796 2797 2727 2727 2797 2798 2727 2726 2796 2727 2799 2800 2725 2727 2800 2727 2801 2802 2799 2727 2802 2455 2803 2727 2801 2727 2803 2455 2794 2803 2455 2804 2805 2795 2455 2805 2457 2806 2455 2804 2455 2806 2807 2808 2457 2457 2808 2806 2457 2456 2809 2457 2809 2807 2458 2457 2810 2811 2810 2792 2457 2792 2810 2812 2813 2792 2792 2813 2811 2791 2814 2792 2792 2814 2812 2793 2792 2815 2792 2816 2817 2815 2792 2817 2452 2728 2792 2816 2792 2728 2729 2452 2818 2452 2819 2820 2818 2452 2820 2451 2819 2449 2452 2449 2819 2450 2449 2821 2798 2821 2727 2449 2727 2821 2822 2555 2823 2556 2824 2825 2540 2826 2827 2545 2540 2827 2552 2828 2540 2826 2540 2828 2552 2551 2829 2552 2829 2828 2784 2830 2552 2550 2552 2830 2831 2832 2784 2784 2832 2830 2833 2834 2784 2784 2834 2831 2784 2783 2833 2784 2835 2836 2782 2784 2836 2784 2837 2838 2835 2784 2838 2784 2555 2837 2555 2822 2839 2555 2839 2837 2555 2840 2841 2823 2555 2841 2556 2842 2555 2840 2555 2842 2843 2844 2556 2556 2844 2842 2556 2825 2845 2556 2845 2843 2846 2824 2544 2556 2544 2824 2847 2848 2544 2544 2848 2846 2849 2850 2544 2544 2850 2847 2851 2852 2544 2544 2852 2849 2546 2853 2544 2544 2853 2851 2600 2854 2609 2608 2607 2855 2602 2856 2857 2858 2859 2609 2609 2859 2607 2609 2765 2858 2609 2860 2861 2766 2609 2861 2609 2862 2863 2860 2609 2863 2864 2609 2854 2862 2609 2864 2600 2865 2866 2854 2600 2866 2600 2867 2868 2865 2600 2868 2602 2857 2867 2600 2602 2867 2606 2869 2602 2856 2602 2869 2606 2870 2869 2871 2872 2606 2606 2605 2870 2606 2872 2604 2606 2873 2874 2871 2606 2874 2606 2875 2876 2873 2606 2876 2584 2764 2606 2875 2606 2764 2763 2584 2877 2584 2878 2879 2877 2584 2879 2608 2880 2584 2878 2584 2880 2881 2882 2608 2608 2882 2880 2883 2884 2608 2608 2884 2881 2855 2883 2608 2885 2886 2635 2887 2888 2634 2634 2888 2889 2632 2634 2638 2634 2633 2887 2890 2637 2634 2634 2636 2891 2891 2890 2634 2636 2635 2886 2891 2636 2886 2751 2892 2635 2885 2635 2892 2893 2894 2751 2751 2894 2892 2895 2751 2750 2896 2897 2751 2751 2897 2893 2898 2899 2751 2751 2899 2896 2751 2900 2898 2751 2895 2901 2751 2901 2900 2749 2751 2702 2902 2903 2904 2905 2906 2907 2908 2909 2910 2911 2912 2913 2914 2915 2912 2702 2916 2917 2918 2911 2913 2919 2920 2921 2920 2919 2922 2921 2923 2634 2921 2920 2923 2634 2924 2921 2925 2926 2927 2923 2926 2925 2925 2634 2923 2927 2928 2925 2889 2929 2634 2634 2929 2924 2767 2930 2768 2931 2932 2786 2786 2932 2933 2787 2786 2934 2786 2785 2931 2786 2935 2936 2937 2786 2936 2934 2786 2937 2768 2938 2935 2935 2786 2768 2938 2768 2930 2790 2939 2767 2930 2767 2939 2940 2941 2790 2790 2941 2939 2942 2790 2789 2943 2944 2790 2790 2944 2940 2945 2946 2790 2790 2946 2943 2790 2947 2945 2790 2942 2948 2790 2948 2947 2788 2790 2488 2949 2950 2951 2952 2953 2954 2955 2956 2957 2958 2959 2960 2961 2962 2959 2488 2963 2964 2965 2958 2960 2966 2967 2968 2967 2966 2969 2968 2970 2786 2968 2967 2970 2786 2971 2968 2972 2973 2974 2970 2973 2972 2972 2786 2970 2974 2975 2972 2933 2976 2786 2786 2976 2971 2643 2977 2978 2979 2696 2980 2981 2982 2983 2978 2984 2985 2978 2986 2987 2988 2978 2989 2990 2991 2978 2992 2993 2643 2643 2993 2977 2994 2995 2643 2643 2995 2992 2691 2996 2643 2643 2996 2994 2643 2997 2998 2644 2643 2998 2716 2999 2997 2997 2643 2716 2716 2733 3000 2999 2716 3000 3000 2733 3001 2979 3002 2733 3001 2733 3002 3003 3004 2979 2979 3004 3002 3005 3006 2979 2979 3006 3003 3007 3008 2979 2979 3008 3005 3009 3010 2979 2979 3010 3011 2979 3011 3007 3012 2980 3013 3009 2979 3012 3014 3015 3016 3017 3013 3018 3019 3020 3021 3022 3023 3024 3025 3026 3027 3027 3028 3025 3026 3025 2983 2566 3029 3030 3031 2573 3032 3033 3034 3035 3030 3036 3037 3030 3038 3039 3040 3030 3041 3042 3043 3030 3044 3045 2566 2566 3045 3029 3046 3047 2566 2566 3047 3044 2568 3048 2566 2566 3048 3046 3049 2570 2566 2566 2429 3050 3050 3049 2566 2429 3051 3052 3050 2429 3052 2429 2560 3051 3051 2560 3053 3031 3054 2560 3053 2560 3054 3055 3056 3031 3031 3056 3054 3057 3058 3031 3031 3058 3055 3059 3060 3031 3031 3060 3057 3061 3062 3031 3031 3062 3063 3031 3063 3059 3064 3032 3065 3061 3031 3064 3066 3067 3068 3069 3065 3070 3071 3072 3073 3074 3075 3076 3077 3078 3079 3079 3080 3077 3078 3077 3035 3080 3079 3081 3078 3035 3034 3030 3082 2732 2769 2732 3082 3083 3084 3030 3030 3084 3082 3085 3034 3033 3033 3042 3085 3030 3037 3083 3085 3042 3029 3030 3040 3036 3042 3030 3029 3030 3039 3041 3030 3043 3038 3081 3071 3073 3073 3080 3081 3072 3071 3086 3076 3087 3086 3072 3086 3087 3074 3088 3075 3076 3075 3087 3088 3066 3068 3066 3088 3074 3089 3068 3067 3090 3070 3089 3089 3067 3090 3069 3064 3065 3090 3069 3070 3032 3064 3031 3091 3092 2573 2573 3092 3032 3093 3094 2573 2573 3094 3091 3095 3096 2573 2573 3096 3093 3097 3098 2573 2573 3098 3095 2573 2731 2571 2573 2572 3097 2730 3099 2731 2731 3099 2571 3028 3027 3100 3026 2983 2982 2978 3101 2640 2734 2640 3101 3102 3103 2978 2978 3103 3101 3104 2982 2981 2981 2990 3104 2978 2985 3102 3104 2990 2977 2978 2988 2984 2990 2978 2977 2978 2987 2989 2978 2991 2986 3100 3019 3021 3021 3028 3100 3020 3019 3105 3024 3106 3105 3020 3105 3106 3022 3107 3023 3024 3023 3106 3107 3014 3016 3014 3107 3022 3108 3016 3015 3109 3018 3108 3108 3015 3109 3017 3012 3013 3109 3017 3018 2980 3012 2979 3110 3111 2696 2696 3111 2980 3112 3113 2696 2696 3113 3110 3114 3115 2696 2696 3115 3112 3116 3117 2696 2696 3117 3114 2696 2639 2697 2696 2695 3116 2641 3118 2639 2639 3118 2697 2488 3119 3120 2961 2959 2958 2969 2965 2960 2969 2966 2965 3121 2962 2961 3121 2952 3122 3122 2962 3121 2954 2953 3123 3122 2952 2954 2957 3123 2955 2953 2955 3123 2956 3124 2957 3124 2951 2950 2951 3124 2956 3125 2950 2949 3126 2964 3125 3125 2949 3126 2488 2964 2788 3126 2788 2964 2488 3127 2963 2488 3128 3127 3129 3130 2709 2488 3120 3128 2706 2488 2490 2488 2705 3119 3131 2489 2488 2488 2708 3132 3132 3131 2488 2708 2709 3130 3132 2708 3130 2972 3133 2709 3129 2709 3133 3134 3135 2972 2972 3135 3133 3136 3137 2972 2972 3137 3134 3138 3139 2972 2972 3139 3136 2975 3140 2972 2972 3140 3138 2702 3141 3142 2914 2912 2911 2922 2918 2913 2922 2919 2918 3143 2915 2914 3143 2905 3144 3144 2915 3143 2907 2906 3145 3144 2905 2907 2910 3145 2908 2906 2908 3145 2909 3146 2910 3146 2904 2903 2904 3146 2909 3147 2903 2902 3148 2917 3147 3147 2902 3148 2702 2917 2749 3148 2749 2917 2702 3149 2916 2702 3150 3149 2738 3151 2748 2702 3142 3150 2700 2702 3152 2702 2701 3141 2702 3153 3154 3155 2702 3154 3152 2702 3155 2748 3156 3153 3153 2702 2748 3156 2748 3151 2925 3157 2738 3151 2738 3157 3158 3159 2925 2925 3159 3157 3160 3161 2925 2925 3161 3158 3162 3163 2925 2925 3163 3160 2928 3164 2925 2925 3164 3162 3165 3166 3167 2746 2687 3168 3169 2686 3170 2687 3171 3172 3168 2687 3172 2686 3173 2687 3171 2687 3173 3174 3175 2686 2686 3175 3173 2686 3169 3176 2686 3176 3174 3177 3178 2745 3179 3170 3166 2686 3166 3170 3180 3181 3166 3166 3181 3182 3166 3182 3179 3166 3183 3184 3180 3166 3184 3166 3185 3186 3183 3166 3186 3185 3166 3165 2678 3187 3167 3167 3166 2678 2678 3188 3189 3187 2678 3189 3190 3188 2745 2678 2745 3188 2745 3178 3190 2685 3191 2745 3177 2745 3191 3192 3193 2685 2685 3193 3191 3194 3195 2685 2685 3195 3192 3196 3197 2685 2685 3197 3194 3198 3199 2685 2685 3199 3196 2685 2687 2683 2685 2684 3198 2747 2683 2687</p>
        </triangles>
      </mesh>
    </geometry>
    <geometry id="ID26">
      <mesh>
        <source id="ID27">
          <float_array count="11196" id="ID28">0.159019 -0.170447 0 0.161631 -0.169515 0 0.153384 -0.154155 0 0.1541 -0.153495 0 0.170375 -0.15929 0 0.1542 -0.153268 0 0.164043 -0.168146 0 0.153602 -0.154037 0 0.153965 -0.153702 0 0.153797 -0.153885 0 0.166183 -0.166381 0 0.151281 -0.152781 0 0.151302 -0.152534 0 0.143654 -0.166281 0 0.169397 -0.161885 0 0.167985 -0.164273 0 0.170926 -0.153791 0 0.154281 -0.152781 0 0.154261 -0.153028 0 0.17089 -0.156565 0 0.153965 -0.15186 0 0.1541 -0.152067 0 0.166481 -0.143854 0 0.1542 -0.152294 0 0.154261 -0.152534 0 0.168227 -0.146009 0 0.170484 -0.151053 0 0.169575 -0.148433 0 0.129336 -0.106708 0 0.128569 -0.110975 0 0.110975 -0.128569 0 0.115045 -0.127077 0 0.127077 -0.115045 0 0.151302 -0.153028 0 0.151362 -0.153268 0 0.151362 -0.152294 0 0.118797 -0.124905 0 0.152905 -0.154276 0 0.153511 -0.170901 0 0.153149 -0.154235 0 0.151462 -0.153495 0 0.152179 -0.154155 0 0.151961 -0.154037 0 0.106708 -0.129336 0 0.156285 -0.170914 0 0.152657 -0.154276 0 0.150781 -0.17041 0 0.152413 -0.154235 0 0.148178 -0.169455 0 0.145778 -0.168065 0 0.151597 -0.153702 0 0.151765 -0.153885 0 0.152657 -0.151286 0 0.152413 -0.151327 0 0.151462 -0.152067 0 0.151597 -0.15186 0 0.122116 -0.122116 0 0.151765 -0.151678 0 0.151961 -0.151525 0 0.124905 -0.118797 0 0.152179 -0.151407 0 0.152905 -0.151286 0 0.153384 -0.151407 0 0.153149 -0.151327 0 0.153797 -0.151678 0 0.153602 -0.151525 0 -0.153602 0.154037 0 -0.161631 0.169515 1.77636e-18 -0.164043 0.168146 1.77636e-18 -0.153797 0.153885 0 -0.166183 0.166381 1.77636e-18 -0.153384 0.154155 0 -0.156285 0.170914 1.77636e-18 -0.159019 0.170447 1.77636e-18 -0.153965 0.153702 0 -0.169397 0.161885 1.77636e-18 -0.1541 0.153495 0 -0.167985 0.164273 1.77636e-18 -0.17089 0.156565 1.77636e-18 -0.1542 0.153268 0 -0.170375 0.15929 1.77636e-18 -0.154261 0.153028 0 -0.170926 0.153791 1.77636e-18 -0.153965 0.15186 0 -0.166481 0.143854 0 -0.153797 0.151678 0 -0.169575 0.148433 1.77636e-18 -0.154261 0.152534 0 -0.154281 0.152781 0 -0.152413 0.151327 0 -0.152657 0.151286 0 -0.127077 0.115045 0 -0.152905 0.151286 0 -0.153384 0.151407 0 -0.153602 0.151525 0 -0.153149 0.151327 0 -0.168227 0.146009 1.77636e-18 -0.1542 0.152294 0 -0.1541 0.152067 0 -0.170484 0.151053 1.77636e-18 -0.129336 0.106708 0 -0.128569 0.110975 0 -0.151362 0.152294 0 -0.118797 0.124905 0 -0.115045 0.127077 0 -0.151462 0.152067 0 -0.143654 0.166281 0 -0.151302 0.152534 0 -0.110975 0.128569 0 -0.151281 0.152781 0 -0.106708 0.129336 0 -0.153149 0.154235 0 -0.152905 0.154276 0 -0.153511 0.170901 1.77636e-18 -0.151597 0.15186 0 -0.122116 0.122116 0 -0.151765 0.151678 0 -0.151961 0.151525 0 -0.124905 0.118797 0 -0.152179 0.151407 0 -0.150781 0.17041 1.77636e-18 -0.152657 0.154276 0 -0.148178 0.169455 1.77636e-18 -0.152413 0.154235 0 -0.145778 0.168065 1.77636e-18 -0.152179 0.154155 0 -0.151765 0.153885 0 -0.151961 0.154037 0 -0.151462 0.153495 0 -0.151597 0.153702 0 -0.151302 0.153028 0 -0.151362 0.153268 0 0.153602 0.154037 0 0.164043 0.168146 0 0.161631 0.169515 0 0.156285 0.170914 0 0.153384 0.154155 0 0.159019 0.170447 0 0.153797 0.153885 0 0.166183 0.166381 0 0.153149 0.154235 0 0.153511 0.170901 0 0.152657 0.154276 0 0.152905 0.154276 0 0.150781 0.17041 0 0.152413 0.154235 0 0.148178 0.169455 0 0.153965 0.153702 0 0.167985 0.164273 0 0.145778 0.168065 0 0.152179 0.154155 0 0.1541 0.153495 0 0.170375 0.15929 0 0.169397 0.161885 0 0.151961 0.154037 0 0.143654 0.166281 0 0.151765 0.153885 0 0.17089 0.156565 0 0.1542 0.153268 0 0.154261 0.153028 0 0.151362 0.153268 0 0.151462 0.153495 0 0.170484 0.151053 0 0.170926 0.153791 0 0.151281 0.152781 0 0.151302 0.153028 0 0.169575 0.148433 0 0.154281 0.152781 0 0.151302 0.152534 0 0.115045 0.127077 0 0.151362 0.152294 0 0.154261 0.152534 0 0.110975 0.128569 0 0.124905 0.118797 0 0.152179 0.151407 0 0.151961 0.151525 0 0.106708 0.129336 0 0.166481 0.143854 0 0.152657 0.151286 0 0.152413 0.151327 0 0.152905 0.151286 0 0.153149 0.151327 0 0.129336 0.106708 0 0.128569 0.110975 0 0.127077 0.115045 0 0.153602 0.151525 0 0.153384 0.151407 0 0.168227 0.146009 0 0.1542 0.152294 0 0.153797 0.151678 0 0.153965 0.15186 0 0.1541 0.152067 0 0.122116 0.122116 0 0.151765 0.151678 0 0.151597 0.15186 0 0.118797 0.124905 0 0.151462 0.152067 0 0.151597 0.153702 0 -0.102169 0.079542 0 -0.0532295 0.030602 0 -0.0979031 0.0803095 -3.55271e-18 0.0532295 0.030602 0 0.102169 0.079542 0 0.0979031 0.0803095 0 0.047409 0.0721128 0 0.0476269 0.0722307 0 0.0532295 0.075857 0 0.0532295 -0.0758569 0 0.079542 -0.102169 0 0.0803095 -0.0979031 0 0.0938333 0.0818022 0 0.0900825 0.0839752 0 0.0867632 0.0867632 0 0.0839752 0.0900825 0 0.0818022 0.0938333 0 0.0803095 0.0979031 0 0.079542 0.102169 0 -0.048832 0.0694834 0 -0.0485977 0.0694029 0 0.0497295 0.070857 0 0.049709 0.0706101 0 0.0485977 0.0694029 0 0.0483533 0.0693621 0 -0.0818022 0.0938333 -3.55271e-18 -0.0532295 0.0758569 0 -0.0803095 0.0979031 -3.55271e-18 -0.0839752 0.0900825 -3.55271e-18 -0.079542 0.102169 0 -0.0867632 0.0867632 -3.55271e-18 -0.0900825 0.0839752 -3.55271e-18 -0.0938333 0.0818022 -3.55271e-18 -0.0495487 0.0701431 0 -0.0818022 -0.0938333 -3.55271e-18 -0.0532295 -0.075857 0 -0.0839752 -0.0900825 -3.55271e-18 0.0532295 -0.030602 0 -0.0532295 -0.030602 0 -0.102169 -0.079542 0 -0.0979031 -0.0803095 -3.55271e-18 -0.0938333 -0.0818022 -3.55271e-18 -0.0900825 -0.0839752 -3.55271e-18 -0.0867632 -0.0867632 -3.55271e-18 -0.079542 -0.102169 0 -0.0803095 -0.0979031 -3.55271e-18 -0.047409 -0.0696013 0 -0.0472135 -0.0697534 0 -0.049709 -0.0711039 0 -0.0497295 -0.070857 0 0.0818022 -0.0938333 0 0.0478612 -0.0723111 0 0.0481056 -0.0723519 0 0.0839752 -0.0900825 0 0.0867632 -0.0867632 0 0.0900825 -0.0839752 0 0.0490499 -0.0696013 0 0.0492454 -0.0697534 0 0.0938333 -0.0818022 0 0.0495487 -0.0701431 0 0.0979031 -0.0803095 0 0.102169 -0.079542 0 0.0496482 0.07037 0 0.0476269 0.0694834 0 0.047409 0.0696013 0 0.0495487 0.0701431 0 0.0492454 0.0697534 0 0.0494132 0.0699357 0 0.048832 0.0694834 0 0.0490499 0.0696013 0 0.0481056 0.0693621 0 0.0478612 0.0694029 0 0.0472135 0.0697534 0 0.0470457 0.0699357 0 -0.0468107 0.07037 0 0.0468107 0.07037 0 -0.0467499 0.0706101 0 0.0469103 0.0701431 0 -0.0496482 0.07037 0 0.0467499 0.0706101 0 0.0467295 0.070857 0 0.0467499 0.0711039 0 -0.0467499 0.0711039 0 -0.0467295 0.070857 0 0.0470457 0.0717783 0 -0.0470457 0.0717783 0 0.0469103 0.0715709 0 -0.0469103 0.0715709 0 -0.0468107 0.0713441 0 0.0468107 0.0713441 0 -0.047409 0.0721128 0 -0.0476269 0.0722307 0 -0.0472135 0.0719606 0 0.0472135 0.0719606 0 -0.048832 0.0722307 0 -0.0485977 0.0723111 0 -0.0478612 0.0723111 0 0.0481056 0.0723519 0 0.0478612 0.0723111 0 0.0485977 0.0723111 0 0.0483533 0.0723519 0 0.0490499 0.0721128 0 0.048832 0.0722307 0 0.0494132 0.0717783 0 0.0492454 0.0719606 0 0.0496482 0.0713441 0 0.0495487 0.0715709 0 0.049709 0.0711039 0 0.0469103 -0.0715709 0 -0.0468107 -0.0713441 0 -0.0469103 -0.0715709 0 0.0496482 -0.0713441 0 0.049709 -0.0711039 0 0.0497295 -0.070857 0 0.0494132 -0.0717783 0 0.0495487 -0.0715709 0 0.0490499 -0.0721128 0 0.0492454 -0.0719606 0 0.0485977 -0.0723111 0 0.048832 -0.0722307 0 0.0483533 -0.0723519 0 0.0476269 -0.0722307 0 0.047409 -0.0721128 0 -0.0472135 -0.0719606 0 -0.047409 -0.0721128 0 -0.0467499 -0.0711039 0 0.0468107 -0.0713441 0 0.0467499 -0.0711039 0 -0.0467295 -0.070857 0 0.0467499 -0.0706101 0 -0.0467499 -0.0706101 0 0.0467295 -0.070857 0 -0.0476269 -0.0722307 0 -0.0468107 -0.07037 0 0.0468107 -0.07037 0 -0.0469103 -0.0701431 0 0.0470457 -0.0699357 0 0.0469103 -0.0701431 0 0.047409 -0.0696013 0 0.0472135 -0.0697534 0 0.0478612 -0.0694029 0 0.0476269 -0.0694834 0 0.0483533 -0.0693621 0 0.0481056 -0.0693621 0 0.048832 -0.0694834 0 0.0485977 -0.0694029 0 0.0494132 -0.0699357 0 0.0496482 -0.07037 0 0.049709 -0.0706101 0 -0.0470457 -0.0699357 0 -0.0483533 -0.0723519 0 -0.0485977 -0.0723111 0 -0.0470457 -0.0717783 0 0.0470457 -0.0717783 0 0.0472135 -0.0719606 0 -0.0481056 -0.0723519 0 -0.0478612 -0.0723111 0 -0.049709 -0.0706101 0 -0.0496482 -0.07037 0 -0.0490499 -0.0721128 0 -0.048832 -0.0722307 0 -0.0494132 -0.0717783 0 -0.0492454 -0.0719606 0 -0.0496482 -0.0713441 0 -0.0495487 -0.0715709 0 -0.0495487 -0.0701431 0 -0.0492454 -0.0697534 0 -0.0494132 -0.0699357 0 -0.048832 -0.0694834 0 -0.0490499 -0.0696013 0 -0.0483533 -0.0693621 0 -0.0485977 -0.0694029 0 -0.0478612 -0.0694029 0 -0.0481056 -0.0693621 0 -0.0476269 -0.0694834 0 -0.0469103 0.0701431 0 -0.0470457 0.0699357 0 -0.047409 0.0696013 0 -0.0472135 0.0697534 0 -0.0478612 0.0694029 0 -0.0476269 0.0694834 0 -0.0483533 0.0693621 0 -0.0481056 0.0693621 0 -0.0490499 0.0696013 0 -0.0492454 0.0697534 0 -0.0494132 0.0699357 0 -0.0497295 0.070857 0 -0.049709 0.0706101 0 -0.0496482 0.0713441 0 -0.049709 0.0711039 0 -0.0494132 0.0717783 0 -0.0495487 0.0715709 0 -0.0490499 0.0721128 0 -0.0492454 0.0719606 0 -0.0481056 0.0723519 0 -0.0483533 0.0723519 0 -0.152905 -0.154276 0 -0.153149 -0.154235 0 -0.153511 -0.170901 1.77636e-18 -0.150781 -0.17041 1.77636e-18 -0.152657 -0.154276 0 -0.153384 -0.154155 0 -0.156285 -0.170914 1.77636e-18 -0.152413 -0.154235 0 -0.148178 -0.169455 1.77636e-18 -0.161631 -0.169515 1.77636e-18 -0.159019 -0.170447 1.77636e-18 -0.145778 -0.168065 1.77636e-18 -0.153602 -0.154037 0 -0.164043 -0.168146 1.77636e-18 -0.143654 -0.166281 0 -0.152179 -0.154155 0 -0.153797 -0.153885 0 -0.166183 -0.166381 1.77636e-18 -0.151765 -0.153885 0 -0.151961 -0.154037 0 -0.151462 -0.153495 0 -0.151597 -0.153702 0 -0.151362 -0.153268 0 -0.153965 -0.153702 0 -0.167985 -0.164273 1.77636e-18 -0.151302 -0.153028 0 -0.1541 -0.153495 0 -0.169397 -0.161885 1.77636e-18 -0.151281 -0.152781 0 -0.170375 -0.15929 1.77636e-18 -0.1542 -0.153268 0 -0.110975 -0.128569 0 -0.115045 -0.127077 0 -0.151362 -0.152294 0 -0.118797 -0.124905 0 -0.151462 -0.152067 0 -0.106708 -0.129336 0 -0.151302 -0.152534 0 -0.122116 -0.122116 0 -0.124905 -0.118797 0 -0.151961 -0.151525 0 -0.1541 -0.152067 0 -0.153965 -0.15186 0 -0.166481 -0.143854 0 -0.153602 -0.151525 0 -0.153797 -0.151678 0 -0.129336 -0.106708 0 -0.128569 -0.110975 0 -0.127077 -0.115045 0 -0.152657 -0.151286 0 -0.152413 -0.151327 0 -0.17089 -0.156565 1.77636e-18 -0.154261 -0.153028 0 -0.170484 -0.151053 1.77636e-18 -0.170926 -0.153791 1.77636e-18 -0.154281 -0.152781 0 -0.169575 -0.148433 1.77636e-18 -0.154261 -0.152534 0 -0.168227 -0.146009 1.77636e-18 -0.1542 -0.152294 0 -0.153384 -0.151407 0 -0.153149 -0.151327 0 -0.152905 -0.151286 0 -0.152179 -0.151407 0 -0.151765 -0.151678 0 -0.151597 -0.15186 0 -0.0532295 0.0758569 0.01 -0.0900808 0.083973 0.01 -0.0867611 0.0867611 0.01 0.0532295 0.030602 0.01 0.0979025 0.0803083 0.01 0.102169 0.079542 0.01 -0.047409 -0.0721128 0.01 -0.0532295 -0.075857 0.01 -0.0476269 -0.0722307 0.01 0.0938322 0.0818003 0.01 0.0532295 0.075857 0.01 0.0900808 0.083973 0.01 0.0867611 0.0867611 0.01 0.083973 0.0900808 0.01 0.0818003 0.0938322 0.01 0.0803083 0.0979025 0.01 0.079542 0.102169 0.01 0.049709 0.0706101 0.01 0.0497295 0.070857 0.01 -0.0485977 0.0723111 0.01 -0.048832 0.0722307 0.01 -0.083973 0.0900808 0.01 -0.0818003 0.0938322 0.01 -0.0532295 0.030602 0.01 -0.048832 0.0694834 0.01 -0.0485977 0.0694029 0.01 -0.0803083 0.0979025 0.01 -0.079542 0.102169 0.01 -0.0979025 0.0803083 0.01 -0.0938322 0.0818003 0.01 -0.0495487 0.0701431 0.01 -0.102169 0.079542 0.01 -0.0818003 -0.0938322 0.01 -0.083973 -0.0900808 0.01 -0.0496482 0.07037 0.01 -0.0532295 -0.030602 0.01 0.0532295 -0.030602 0.01 -0.102169 -0.079542 0.01 -0.0979025 -0.0803083 0.01 -0.0938322 -0.0818003 0.01 -0.0900808 -0.083973 0.01 -0.0867611 -0.0867611 0.01 -0.079542 -0.102169 0.01 -0.0803083 -0.0979025 0.01 -0.0497295 -0.070857 0.01 -0.049709 -0.0711039 0.01 0.0492454 -0.0697534 0.01 0.0490499 -0.0696013 0.01 0.0818003 -0.0938322 0.01 0.0803083 -0.0979025 0.01 0.0532295 -0.0758569 0.01 0.079542 -0.102169 0.01 0.083973 -0.0900808 0.01 0.0867611 -0.0867611 0.01 0.0900808 -0.083973 0.01 0.0979025 -0.0803083 0.01 0.0938322 -0.0818003 0.01 0.0495487 -0.0701431 0.01 0.102169 -0.079542 0.01 -0.0472135 -0.0697534 0.01 -0.047409 -0.0696013 0.01 0.0472135 0.0697534 0.01 0.047409 0.0696013 0.01 0.0476269 0.0722307 0.01 0.047409 0.0721128 0.01 0.0476269 0.0694834 0.01 0.0478612 0.0694029 0.01 -0.0470457 0.0699357 0.01 -0.0469103 0.0701431 0.01 -0.047409 0.0696013 0.01 -0.0472135 0.0697534 0.01 -0.0478612 0.0694029 0.01 -0.0476269 0.0694834 0.01 -0.0483533 0.0693621 0.01 -0.0481056 0.0693621 0.01 -0.0490499 0.0696013 0.01 -0.0494132 0.0699357 0.01 -0.0492454 0.0697534 0.01 -0.0497295 0.070857 0.01 -0.049709 0.0706101 0.01 -0.0496482 0.0713441 0.01 -0.049709 0.0711039 0.01 -0.0494132 0.0717783 0.01 -0.0495487 0.0715709 0.01 -0.0490499 0.0721128 0.01 -0.0492454 0.0719606 0.01 -0.0481056 0.0723519 0.01 -0.0478612 0.0723111 0.01 -0.0483533 0.0723519 0.01 -0.047409 0.0721128 0.01 -0.0476269 0.0722307 0.01 0.0472135 0.0719606 0.01 0.0468107 0.07037 0.01 -0.0467499 0.0706101 0.01 0.0467499 0.0706101 0.01 -0.0469103 0.0715709 0.01 0.0468107 0.0713441 0.01 -0.0468107 0.0713441 0.01 0.0469103 0.0701431 0.01 -0.0468107 0.07037 0.01 0.0470457 0.0699357 0.01 0.0467499 -0.0706101 0.01 0.0467295 -0.070857 0.01 -0.0467499 -0.0706101 0.01 -0.0485977 -0.0723111 0.01 -0.0483533 -0.0723519 0.01 -0.0472135 -0.0719606 0.01 0.047409 -0.0721128 0.01 0.0472135 -0.0719606 0.01 0.0469103 -0.0701431 0.01 -0.0469103 -0.0701431 0.01 0.0485977 -0.0723111 0.01 0.048832 -0.0722307 0.01 -0.0481056 -0.0723519 0.01 -0.0478612 -0.0723111 0.01 -0.049709 -0.0706101 0.01 -0.0496482 -0.07037 0.01 -0.0490499 -0.0721128 0.01 -0.048832 -0.0722307 0.01 -0.0494132 -0.0717783 0.01 -0.0492454 -0.0719606 0.01 -0.0496482 -0.0713441 0.01 -0.0495487 -0.0715709 0.01 -0.0495487 -0.0701431 0.01 -0.0492454 -0.0697534 0.01 -0.0494132 -0.0699357 0.01 -0.048832 -0.0694834 0.01 -0.0490499 -0.0696013 0.01 -0.0483533 -0.0693621 0.01 -0.0485977 -0.0694029 0.01 -0.0478612 -0.0694029 0.01 -0.0481056 -0.0693621 0.01 -0.0476269 -0.0694834 0.01 -0.0470457 -0.0699357 0.01 0.0469103 -0.0715709 0.01 0.0470457 -0.0717783 0.01 -0.0469103 -0.0715709 0.01 -0.0470457 -0.0717783 0.01 -0.0468107 -0.0713441 0.01 0.0496482 -0.0713441 0.01 0.049709 -0.0711039 0.01 0.0497295 -0.070857 0.01 0.0494132 -0.0717783 0.01 0.0495487 -0.0715709 0.01 0.0476269 -0.0722307 0.01 0.0490499 -0.0721128 0.01 0.0492454 -0.0719606 0.01 0.0478612 -0.0723111 0.01 0.0481056 -0.0723519 0.01 0.0483533 -0.0723519 0.01 -0.0467499 -0.0711039 0.01 0.0468107 -0.0713441 0.01 -0.0467295 -0.070857 0.01 0.0467499 -0.0711039 0.01 -0.0468107 -0.07037 0.01 0.0468107 -0.07037 0.01 0.0470457 -0.0699357 0.01 0.047409 -0.0696013 0.01 0.0472135 -0.0697534 0.01 0.0478612 -0.0694029 0.01 0.0476269 -0.0694834 0.01 0.0483533 -0.0693621 0.01 0.0481056 -0.0693621 0.01 0.048832 -0.0694834 0.01 0.0485977 -0.0694029 0.01 0.0494132 -0.0699357 0.01 0.0496482 -0.07037 0.01 0.049709 -0.0706101 0.01 0.0496482 0.07037 0.01 0.0495487 0.0701431 0.01 0.0492454 0.0697534 0.01 0.0494132 0.0699357 0.01 0.048832 0.0694834 0.01 0.0490499 0.0696013 0.01 0.0483533 0.0693621 0.01 0.0485977 0.0694029 0.01 0.0481056 0.0693621 0.01 -0.0467295 0.070857 0.01 -0.0467499 0.0711039 0.01 0.0467295 0.070857 0.01 0.0467499 0.0711039 0.01 0.0469103 0.0715709 0.01 -0.0470457 0.0717783 0.01 0.0470457 0.0717783 0.01 -0.0472135 0.0719606 0.01 0.0481056 0.0723519 0.01 0.0478612 0.0723111 0.01 0.0485977 0.0723111 0.01 0.0483533 0.0723519 0.01 0.0490499 0.0721128 0.01 0.048832 0.0722307 0.01 0.0494132 0.0717783 0.01 0.0492454 0.0719606 0.01 0.0496482 0.0713441 0.01 0.0495487 0.0715709 0.01 0.049709 0.0711039 0.01 -0.164043 -0.168146 0.01 -0.166183 -0.166381 0.01 -0.153797 -0.153885 0.01 -0.143654 -0.166281 0.01 -0.110975 -0.128569 0.01 -0.106708 -0.129336 0.01 -0.151462 -0.152067 0.01 -0.118797 -0.124905 0.01 -0.151362 -0.152294 0.01 -0.115045 -0.127077 0.01 -0.166481 -0.143854 0.01 -0.153602 -0.151525 0.01 -0.153797 -0.151678 0.01 -0.122116 -0.122116 0.01 -0.151961 -0.151525 0.01 -0.124905 -0.118797 0.01 -0.127077 -0.115045 0.01 -0.128569 -0.110975 0.01 -0.1541 -0.152067 0.01 -0.153965 -0.15186 0.01 -0.129336 -0.106708 0.01 -0.154261 -0.153028 0.01 -0.1542 -0.153268 0.01 -0.17089 -0.156565 0.01 -0.151362 -0.153268 0.01 -0.151462 -0.153495 0.01 -0.1541 -0.153495 0.01 -0.170375 -0.15929 0.01 -0.152179 -0.154155 0.01 -0.145778 -0.168065 0.01 -0.152905 -0.154276 0.01 -0.152657 -0.154276 0.01 -0.150781 -0.17041 0.01 -0.156285 -0.170914 0.01 -0.153384 -0.154155 0.01 -0.153149 -0.154235 0.01 -0.152413 -0.154235 0.01 -0.148178 -0.169455 0.01 -0.153511 -0.170901 0.01 -0.159019 -0.170447 0.01 -0.161631 -0.169515 0.01 -0.153602 -0.154037 0.01 -0.151597 -0.153702 0.01 -0.151961 -0.154037 0.01 -0.151765 -0.153885 0.01 -0.169397 -0.161885 0.01 -0.153965 -0.153702 0.01 -0.167985 -0.164273 0.01 -0.151302 -0.153028 0.01 -0.151281 -0.152781 0.01 -0.151302 -0.152534 0.01 -0.152657 -0.151286 0.01 -0.152413 -0.151327 0.01 -0.170484 -0.151053 0.01 -0.170926 -0.153791 0.01 -0.154281 -0.152781 0.01 -0.169575 -0.148433 0.01 -0.168227 -0.146009 0.01 -0.154261 -0.152534 0.01 -0.1542 -0.152294 0.01 -0.153384 -0.151407 0.01 -0.153149 -0.151327 0.01 -0.152905 -0.151286 0.01 -0.152179 -0.151407 0.01 -0.151765 -0.151678 0.01 -0.151597 -0.15186 0.01 0.154261 0.152534 0.01 0.154281 0.152781 0.01 0.169575 0.148433 0.01 0.143654 0.166281 0.01 0.151281 0.152781 0.01 0.151302 0.152534 0.01 0.115045 0.127077 0.01 0.110975 0.128569 0.01 0.106708 0.129336 0.01 0.153149 0.151327 0.01 0.166481 0.143854 0.01 0.152905 0.151286 0.01 0.151961 0.151525 0.01 0.152179 0.151407 0.01 0.124905 0.118797 0.01 0.127077 0.115045 0.01 0.128569 0.110975 0.01 0.129336 0.106708 0.01 0.151362 0.153268 0.01 0.151462 0.153495 0.01 0.168227 0.146009 0.01 0.152657 0.154276 0.01 0.152413 0.154235 0.01 0.148178 0.169455 0.01 0.154261 0.153028 0.01 0.1542 0.153268 0.01 0.17089 0.156565 0.01 0.164043 0.168146 0.01 0.166183 0.166381 0.01 0.153797 0.153885 0.01 0.161631 0.169515 0.01 0.153602 0.154037 0.01 0.156285 0.170914 0.01 0.159019 0.170447 0.01 0.153384 0.154155 0.01 0.150781 0.17041 0.01 0.152905 0.154276 0.01 0.153511 0.170901 0.01 0.153149 0.154235 0.01 0.169397 0.161885 0.01 0.170375 0.15929 0.01 0.1541 0.153495 0.01 0.153965 0.153702 0.01 0.167985 0.164273 0.01 0.151961 0.154037 0.01 0.151765 0.153885 0.01 0.145778 0.168065 0.01 0.152179 0.154155 0.01 0.170484 0.151053 0.01 0.170926 0.153791 0.01 0.151362 0.152294 0.01 0.151302 0.153028 0.01 0.152657 0.151286 0.01 0.152413 0.151327 0.01 0.153384 0.151407 0.01 0.153602 0.151525 0.01 0.1542 0.152294 0.01 0.153797 0.151678 0.01 0.153965 0.15186 0.01 0.1541 0.152067 0.01 0.122116 0.122116 0.01 0.151765 0.151678 0.01 0.151597 0.15186 0.01 0.118797 0.124905 0.01 0.151462 0.152067 0.01 0.151597 0.153702 0.01 0.164043 -0.168146 0.01 0.161631 -0.169515 0.01 0.153602 -0.154037 0.01 0.143654 -0.166281 0.01 0.110975 -0.128569 0.01 0.115045 -0.127077 0.01 0.151302 -0.152534 0.01 0.151281 -0.152781 0.01 0.159019 -0.170447 0.01 0.153384 -0.154155 0.01 0.17089 -0.156565 0.01 0.1542 -0.153268 0.01 0.154261 -0.153028 0.01 0.170375 -0.15929 0.01 0.151961 -0.154037 0.01 0.152179 -0.154155 0.01 0.153149 -0.154235 0.01 0.153511 -0.170901 0.01 0.152905 -0.154276 0.01 0.106708 -0.129336 0.01 0.166183 -0.166381 0.01 0.153797 -0.153885 0.01 0.153965 -0.153702 0.01 0.167985 -0.164273 0.01 0.169397 -0.161885 0.01 0.1541 -0.153495 0.01 0.154281 -0.152781 0.01 0.170926 -0.153791 0.01 0.1541 -0.152067 0.01 0.153965 -0.15186 0.01 0.166481 -0.143854 0.01 0.154261 -0.152534 0.01 0.1542 -0.152294 0.01 0.168227 -0.146009 0.01 0.170484 -0.151053 0.01 0.169575 -0.148433 0.01 0.156285 -0.170914 0.01 0.118797 -0.124905 0.01 0.151362 -0.152294 0.01 0.151362 -0.153268 0.01 0.151302 -0.153028 0.01 0.127077 -0.115045 0.01 0.128569 -0.110975 0.01 0.129336 -0.106708 0.01 0.151462 -0.153495 0.01 0.152657 -0.154276 0.01 0.150781 -0.17041 0.01 0.148178 -0.169455 0.01 0.152413 -0.154235 0.01 0.145778 -0.168065 0.01 0.151597 -0.153702 0.01 0.151765 -0.153885 0.01 0.152657 -0.151286 0.01 0.152413 -0.151327 0.01 0.151597 -0.15186 0.01 0.151462 -0.152067 0.01 0.122116 -0.122116 0.01 0.151765 -0.151678 0.01 0.124905 -0.118797 0.01 0.151961 -0.151525 0.01 0.152179 -0.151407 0.01 0.152905 -0.151286 0.01 0.153384 -0.151407 0.01 0.153149 -0.151327 0.01 0.153797 -0.151678 0.01 0.153602 -0.151525 0.01 -0.164043 0.168146 0.01 -0.153797 0.153885 0.01 -0.166183 0.166381 0.01 -0.153384 0.154155 0.01 -0.159019 0.170447 0.01 -0.156285 0.170914 0.01 -0.154261 0.152534 0.01 -0.1542 0.152294 0.01 -0.168227 0.146009 0.01 -0.169575 0.148433 0.01 -0.154281 0.152781 0.01 -0.151302 0.152534 0.01 -0.151281 0.152781 0.01 -0.143654 0.166281 0.01 -0.115045 0.127077 0.01 -0.106708 0.129336 0.01 -0.110975 0.128569 0.01 -0.167985 0.164273 0.01 -0.153965 0.153702 0.01 -0.161631 0.169515 0.01 -0.153602 0.154037 0.01 -0.169397 0.161885 0.01 -0.1541 0.153495 0.01 -0.170375 0.15929 0.01 -0.17089 0.156565 0.01 -0.154261 0.153028 0.01 -0.170926 0.153791 0.01 -0.1542 0.153268 0.01 -0.166481 0.143854 0.01 -0.152905 0.151286 0.01 -0.152657 0.151286 0.01 -0.153965 0.15186 0.01 -0.153797 0.151678 0.01 -0.152413 0.151327 0.01 -0.127077 0.115045 0.01 -0.153602 0.151525 0.01 -0.153384 0.151407 0.01 -0.153149 0.151327 0.01 -0.170484 0.151053 0.01 -0.1541 0.152067 0.01 -0.118797 0.124905 0.01 -0.151362 0.152294 0.01 -0.152905 0.154276 0.01 -0.153149 0.154235 0.01 -0.153511 0.170901 0.01 -0.128569 0.110975 0.01 -0.151462 0.152067 0.01 -0.129336 0.106708 0.01 -0.151597 0.15186 0.01 -0.122116 0.122116 0.01 -0.151765 0.151678 0.01 -0.124905 0.118797 0.01 -0.151961 0.151525 0.01 -0.152179 0.151407 0.01 -0.150781 0.17041 0.01 -0.152657 0.154276 0.01 -0.148178 0.169455 0.01 -0.145778 0.168065 0.01 -0.152413 0.154235 0.01 -0.152179 0.154155 0.01 -0.151765 0.153885 0.01 -0.151961 0.154037 0.01 -0.151462 0.153495 0.01 -0.151597 0.153702 0.01 -0.151302 0.153028 0.01 -0.151362 0.153268 0.01 -0.166481 0.143854 0.01 -0.129336 0.106708 0.01 -0.129336 0.106708 0 -0.166481 0.143854 0 -0.080212 0.110608 -0.025 -0.0797797 0.108554 0.035 -0.0807933 0.112556 0.035 -0.079542 0.102169 -0.025 -0.0794388 0.104439 0.035 -0.0795172 0.106417 -0.025 -0.079542 0.102169 0 -0.079542 0.102169 0.01 -0.0797797 0.100324 0.035 -0.0803083 0.0979025 0.01 -0.0863137 0.121657 -0.025 -0.0875067 0.122832 0.035 -0.0894906 0.124478 -0.025 -0.0824519 0.116337 0.035 -0.0847102 0.119794 0.035 -0.08366 0.11834 -0.025 -0.102374 0.129353 0.035 -0.101185 0.129226 -0.025 -0.0983016 0.128674 0.035 -0.0943964 0.127333 0.035 -0.0970353 0.128317 -0.025 -0.0930993 0.126719 -0.025 -0.118797 0.124905 0 -0.117506 0.125752 -0.025 -0.115045 0.127077 0 -0.105429 0.129419 -0.025 -0.106708 0.129336 0 -0.109644 0.128891 -0.025 -0.124905 0.118797 0 -0.12387 0.120169 -0.025 -0.122116 0.122116 0 -0.115045 0.127077 0.01 -0.118112 0.125368 0.035 -0.118797 0.124905 0.01 -0.126253 0.116652 -0.025 -0.127077 0.115045 0 -0.121371 0.122832 0.035 -0.122116 0.122116 0.01 -0.128569 0.110975 0 -0.128005 0.112782 -0.025 -0.124905 0.118797 0.01 -0.124167 0.119794 0.035 -0.129336 0.106708 0 -0.129078 0.108672 -0.025 -0.126426 0.116337 0.035 -0.127077 0.115045 0.01 -0.129439 0.104439 -0.025 -0.128084 0.112556 0.035 -0.128569 0.110975 0.01 -0.120926 0.123232 -0.025 -0.129336 0.106708 0.01 -0.129098 0.108554 0.035 -0.114481 0.127333 0.035 -0.110975 0.128569 0.01 -0.113709 0.127657 -0.025 -0.110975 0.128569 0 -0.106708 0.129336 0.01 -0.110576 0.128674 0.035 -0.106503 0.129353 0.035 -0.0907651 0.125368 0.035 -0.0816064 0.114621 -0.025 -0.0824519 0.0925401 0.035 -0.0818003 0.0938322 0.01 -0.083973 0.0900808 0.01 -0.0807933 0.0963213 0.035 -0.0907651 0.0835096 0.035 -0.0875067 0.0860457 0.035 -0.0900808 0.083973 0.01 -0.0867611 0.0867611 0.01 -0.0847102 0.0890834 0.035 -0.102169 0.079542 -0.025 -0.106319 0.0795095 -0.025 -0.102374 0.0795241 0.035 -0.0943964 0.0815444 0.035 -0.0938322 0.0818003 0.01 -0.0979025 0.0803083 0.01 -0.114481 0.0815444 0.035 -0.114349 0.081487 -0.025 -0.118009 0.0834424 -0.025 -0.110576 0.0802037 0.035 -0.106503 0.0795241 0.035 -0.110416 0.0801639 -0.025 -0.124167 0.0890834 0.035 -0.121371 0.0860457 0.035 -0.124117 0.0890186 -0.025 -0.121295 0.0859762 -0.025 -0.118112 0.0835096 0.035 -0.126396 0.0924858 -0.025 -0.126426 0.0925401 0.035 -0.128071 0.0962824 -0.025 -0.128084 0.0963213 0.035 -0.129098 0.100324 0.035 -0.129094 0.100304 -0.025 -0.129439 0.104439 0.035 -0.102169 0.079542 0 -0.102169 0.079542 0.01 -0.0983016 0.0802037 0.035 -0.102169 0.079542 0.01 -0.0532295 0.030602 0.01 -0.0532295 0.030602 0 -0.102169 0.079542 0 -0.0532295 0.030602 0 -0.0532295 0.030602 0.01 -0.0532295 -0.030602 0.01 -0.0532295 -0.030602 0 -0.0532295 -0.030602 0 -0.0532295 -0.030602 0.01 -0.102169 -0.079542 0.01 -0.102169 -0.079542 0 -0.129336 -0.106708 0 -0.129336 -0.106708 0.01 -0.166481 -0.143854 0.01 -0.166481 -0.143854 0 -0.166183 -0.166381 1.77636e-18 -0.166183 -0.166381 0.01 -0.164043 -0.168146 1.77636e-18 -0.164043 -0.168146 0.01 -0.161631 -0.169515 1.77636e-18 -0.159019 -0.170447 1.77636e-18 -0.161631 -0.169515 0.01 -0.159019 -0.170447 0.01 -0.156285 -0.170914 1.77636e-18 -0.156285 -0.170914 0.01 -0.153511 -0.170901 1.77636e-18 -0.150781 -0.17041 1.77636e-18 -0.153511 -0.170901 0.01 -0.150781 -0.17041 0.01 -0.148178 -0.169455 1.77636e-18 -0.148178 -0.169455 0.01 -0.145778 -0.168065 1.77636e-18 -0.143654 -0.166281 0 -0.145778 -0.168065 0.01 -0.143654 -0.166281 0.01 -0.167985 -0.164273 0.01 -0.167985 -0.164273 1.77636e-18 -0.169397 -0.161885 0.01 -0.169397 -0.161885 1.77636e-18 -0.170375 -0.15929 0.01 -0.17089 -0.156565 0.01 -0.170375 -0.15929 1.77636e-18 -0.17089 -0.156565 1.77636e-18 -0.170926 -0.153791 0.01 -0.170926 -0.153791 1.77636e-18 -0.170484 -0.151053 0.01 -0.169575 -0.148433 0.01 -0.170484 -0.151053 1.77636e-18 -0.169575 -0.148433 1.77636e-18 -0.168227 -0.146009 0.01 -0.168227 -0.146009 1.77636e-18 -0.166481 -0.143854 0.01 -0.166481 -0.143854 0 -0.143654 -0.166281 0.01 -0.106708 -0.129336 0.01 -0.106708 -0.129336 0 -0.143654 -0.166281 0 -0.079542 -0.102169 -0.025 -0.0794388 -0.104439 0.035 -0.079542 -0.102169 0 -0.079542 -0.102169 0.01 -0.106319 -0.0795095 -0.025 -0.106503 -0.0795241 0.035 -0.110416 -0.0801639 -0.025 -0.0797797 -0.100324 0.035 -0.114481 -0.0815444 0.035 -0.114349 -0.081487 -0.025 -0.110576 -0.0802037 0.035 -0.118009 -0.0834424 -0.025 -0.118112 -0.0835096 0.035 -0.121295 -0.0859762 -0.025 -0.121371 -0.0860457 0.035 -0.124117 -0.0890186 -0.025 -0.124167 -0.0890834 0.035 -0.126396 -0.0924858 -0.025 -0.102169 -0.079542 -0.025 -0.102374 -0.0795241 0.035 -0.102169 -0.079542 0 -0.128071 -0.0962824 -0.025 -0.126426 -0.0925401 0.035 -0.128084 -0.0963213 0.035 -0.129098 -0.100324 0.035 -0.129094 -0.100304 -0.025 -0.129439 -0.104439 0.035 -0.129439 -0.104439 -0.025 -0.102169 -0.079542 0.01 -0.0983016 -0.0802037 0.035 -0.0979025 -0.0803083 0.01 -0.0943964 -0.0815444 0.035 -0.0907651 -0.0835096 0.035 -0.0938322 -0.0818003 0.01 -0.0900808 -0.083973 0.01 -0.0875067 -0.0860457 0.035 -0.0867611 -0.0867611 0.01 -0.0847102 -0.0890834 0.035 -0.0824519 -0.0925401 0.035 -0.083973 -0.0900808 0.01 -0.0818003 -0.0938322 0.01 -0.0807933 -0.0963213 0.035 -0.0803083 -0.0979025 0.01 -0.0807933 -0.112556 0.035 -0.080212 -0.110608 -0.025 -0.0816064 -0.114621 -0.025 -0.0797797 -0.108554 0.035 -0.0795172 -0.106417 -0.025 -0.0894906 -0.124478 -0.025 -0.0875067 -0.122832 0.035 -0.0863137 -0.121657 -0.025 -0.08366 -0.11834 -0.025 -0.0847102 -0.119794 0.035 -0.0824519 -0.116337 0.035 -0.0970353 -0.128317 -0.025 -0.101185 -0.129226 -0.025 -0.0983016 -0.128674 0.035 -0.0907651 -0.125368 0.035 -0.0930993 -0.126719 -0.025 -0.0943964 -0.127333 0.035 -0.110975 -0.128569 0 -0.106708 -0.129336 0 -0.109644 -0.128891 -0.025 -0.106503 -0.129353 0.035 -0.102374 -0.129353 0.035 -0.105429 -0.129419 -0.025 -0.120926 -0.123232 -0.025 -0.122116 -0.122116 0 -0.118797 -0.124905 0 -0.124905 -0.118797 0 -0.12387 -0.120169 -0.025 -0.126253 -0.116652 -0.025 -0.127077 -0.115045 0 -0.128005 -0.112782 -0.025 -0.128569 -0.110975 0 -0.129336 -0.106708 0 -0.129078 -0.108672 -0.025 -0.115045 -0.127077 0 -0.117506 -0.125752 -0.025 -0.113709 -0.127657 -0.025 -0.106708 -0.129336 0.01 -0.110975 -0.128569 0.01 -0.110576 -0.128674 0.035 -0.115045 -0.127077 0.01 -0.114481 -0.127333 0.035 -0.118797 -0.124905 0.01 -0.118112 -0.125368 0.035 -0.122116 -0.122116 0.01 -0.121371 -0.122832 0.035 -0.124905 -0.118797 0.01 -0.124167 -0.119794 0.035 -0.127077 -0.115045 0.01 -0.126426 -0.116337 0.035 -0.128569 -0.110975 0.01 -0.128084 -0.112556 0.035 -0.129336 -0.106708 0.01 -0.129098 -0.108554 0.035 -0.079542 -0.102169 0.01 -0.0532295 -0.075857 0.01 -0.0532295 -0.075857 0 -0.079542 -0.102169 0 -0.0532295 -0.075857 0 0.0532295 -0.0758569 0.01 0.0532295 -0.0758569 0 -0.0532295 -0.075857 0.01 0.0532295 -0.0758569 0 0.0532295 -0.0758569 0.01 0.079542 -0.102169 0.01 0.079542 -0.102169 0 0.079542 -0.102169 0.01 0.0794388 -0.104439 0.035 0.0794388 -0.104439 -0.025 0.079542 -0.102169 0 0.079542 -0.102169 -0.025 0.0797797 -0.100324 0.035 0.0803083 -0.0979025 0.01 0.0824519 -0.0925401 0.035 0.0818003 -0.0938322 0.01 0.083973 -0.0900808 0.01 0.0807933 -0.0963213 0.035 0.0907651 -0.0835096 0.035 0.0875067 -0.0860457 0.035 0.0900808 -0.083973 0.01 0.0867611 -0.0867611 0.01 0.0847102 -0.0890834 0.035 0.102169 -0.079542 -0.025 0.106453 -0.07952 -0.025 0.102374 -0.0795241 0.035 0.0943964 -0.0815444 0.035 0.0938322 -0.0818003 0.01 0.0979025 -0.0803083 0.01 0.118112 -0.0835096 0.035 0.114481 -0.0815444 0.035 0.114718 -0.0816498 -0.025 0.110677 -0.0802296 -0.025 0.110576 -0.0802037 0.035 0.124604 -0.0896613 -0.025 0.126426 -0.0925401 0.035 0.124167 -0.0890834 0.035 0.118457 -0.083739 -0.025 0.121785 -0.0864359 -0.025 0.121371 -0.0860457 0.035 0.1284 -0.0973061 -0.025 0.129266 -0.101501 -0.025 0.129098 -0.100324 0.035 0.128084 -0.0963213 0.035 0.12683 -0.0933205 -0.025 0.127496 -0.114102 -0.025 0.128569 -0.110975 0 0.128807 -0.110024 -0.025 0.124905 -0.118797 0 0.122901 -0.121295 -0.025 0.122116 -0.122116 0 0.124167 -0.119794 0.035 0.124905 -0.118797 0.01 0.122116 -0.122116 0.01 0.115045 -0.127077 0 0.112213 -0.128199 -0.025 0.110975 -0.128569 0 0.103767 -0.12943 -0.025 0.0995105 -0.128948 -0.025 0.102374 -0.129353 0.035 0.106503 -0.129353 0.035 0.095399 -0.127747 -0.025 0.0983016 -0.128674 0.035 0.0943964 -0.127333 0.035 0.0915528 -0.125862 -0.025 0.0880849 -0.123348 -0.025 0.0907651 -0.125368 0.035 0.085097 -0.120278 -0.025 0.0875067 -0.122832 0.035 0.0847102 -0.119794 0.035 0.082677 -0.116744 -0.025 0.0808958 -0.112849 -0.025 0.0824519 -0.116337 0.035 0.0798057 -0.108706 -0.025 0.0807933 -0.112556 0.035 0.0797797 -0.108554 0.035 0.106708 -0.129336 0 0.108043 -0.129178 -0.025 0.118797 -0.124905 0 0.116155 -0.126523 -0.025 0.118112 -0.125368 0.035 0.118797 -0.124905 0.01 0.115045 -0.127077 0.01 0.119753 -0.124199 -0.025 0.127077 -0.115045 0 0.125508 -0.117896 -0.025 0.121371 -0.122832 0.035 0.129336 -0.106708 0 0.129403 -0.105782 -0.025 0.129439 -0.104439 0.035 0.106503 -0.0795241 0.035 0.102169 -0.079542 0 0.102169 -0.079542 0.01 0.0983016 -0.0802037 0.035 0.129336 -0.106708 0.01 0.129098 -0.108554 0.035 0.128569 -0.110975 0.01 0.128084 -0.112556 0.035 0.127077 -0.115045 0.01 0.126426 -0.116337 0.035 0.110975 -0.128569 0.01 0.114481 -0.127333 0.035 0.106708 -0.129336 0.01 0.110576 -0.128674 0.035 0.106708 -0.129336 0 0.106708 -0.129336 0.01 0.143654 -0.166281 0.01 0.143654 -0.166281 0 0.166183 -0.166381 0 0.166183 -0.166381 0.01 0.167985 -0.164273 0 0.167985 -0.164273 0.01 0.169397 -0.161885 0 0.170375 -0.15929 0 0.169397 -0.161885 0.01 0.170375 -0.15929 0.01 0.17089 -0.156565 0 0.17089 -0.156565 0.01 0.170926 -0.153791 0 0.170484 -0.151053 0 0.170926 -0.153791 0.01 0.170484 -0.151053 0.01 0.169575 -0.148433 0 0.169575 -0.148433 0.01 0.168227 -0.146009 0 0.166481 -0.143854 0 0.168227 -0.146009 0.01 0.166481 -0.143854 0.01 0.164043 -0.168146 0.01 0.164043 -0.168146 0 0.161631 -0.169515 0.01 0.161631 -0.169515 0 0.159019 -0.170447 0.01 0.156285 -0.170914 0.01 0.159019 -0.170447 0 0.156285 -0.170914 0 0.153511 -0.170901 0.01 0.153511 -0.170901 0 0.150781 -0.17041 0.01 0.148178 -0.169455 0.01 0.150781 -0.17041 0 0.148178 -0.169455 0 0.145778 -0.168065 0.01 0.145778 -0.168065 0 0.143654 -0.166281 0.01 0.143654 -0.166281 0 0.166481 -0.143854 0.01 0.129336 -0.106708 0.01 0.129336 -0.106708 0 0.166481 -0.143854 0 0.102169 -0.079542 0.01 0.0532295 -0.030602 0.01 0.0532295 -0.030602 0 0.102169 -0.079542 0 0.0532295 0.030602 0 0.0532295 -0.030602 0.01 0.0532295 0.030602 0.01 0.0532295 -0.030602 0 0.0532295 0.030602 0 0.0532295 0.030602 0.01 0.102169 0.079542 0.01 0.102169 0.079542 0 0.110677 0.0802296 -0.025 0.110576 0.0802037 0.035 0.114481 0.0815444 0.035 0.102169 0.079542 -0.025 0.102374 0.0795241 0.035 0.106453 0.07952 -0.025 0.102169 0.079542 0 0.102169 0.079542 0.01 0.0983016 0.0802037 0.035 0.0979025 0.0803083 0.01 0.121785 0.0864359 -0.025 0.124167 0.0890834 0.035 0.124604 0.0896613 -0.025 0.118112 0.0835096 0.035 0.118457 0.083739 -0.025 0.114718 0.0816498 -0.025 0.129439 0.104439 0.035 0.129266 0.101501 -0.025 0.129098 0.100324 0.035 0.128084 0.0963213 0.035 0.12683 0.0933205 -0.025 0.126426 0.0925401 0.035 0.127496 0.114102 -0.025 0.127077 0.115045 0 0.125508 0.117896 -0.025 0.128569 0.110975 0 0.128807 0.110024 -0.025 0.129336 0.106708 0 0.115045 0.127077 0 0.116155 0.126523 -0.025 0.118797 0.124905 0 0.106503 0.129353 0.035 0.102374 0.129353 0.035 0.103767 0.12943 -0.025 0.108043 0.129178 -0.025 0.110975 0.128569 0 0.106708 0.129336 0 0.0983016 0.128674 0.035 0.0943964 0.127333 0.035 0.095399 0.127747 -0.025 0.0995105 0.128948 -0.025 0.0907651 0.125368 0.035 0.0915528 0.125862 -0.025 0.0880849 0.123348 -0.025 0.0875067 0.122832 0.035 0.0847102 0.119794 0.035 0.085097 0.120278 -0.025 0.0824519 0.116337 0.035 0.082677 0.116744 -0.025 0.0808958 0.112849 -0.025 0.0807933 0.112556 0.035 0.0797797 0.108554 0.035 0.0798057 0.108706 -0.025 0.0794388 0.104439 0.035 0.0794388 0.104439 -0.025 0.112213 0.128199 -0.025 0.122116 0.122116 0 0.122901 0.121295 -0.025 0.124905 0.118797 0 0.119753 0.124199 -0.025 0.129403 0.105782 -0.025 0.1284 0.0973061 -0.025 0.121371 0.0860457 0.035 0.106503 0.0795241 0.035 0.0907651 0.0835096 0.035 0.0938322 0.0818003 0.01 0.0900808 0.083973 0.01 0.0943964 0.0815444 0.035 0.0818003 0.0938322 0.01 0.0824519 0.0925401 0.035 0.083973 0.0900808 0.01 0.0867611 0.0867611 0.01 0.0847102 0.0890834 0.035 0.0875067 0.0860457 0.035 0.0803083 0.0979025 0.01 0.079542 0.102169 0.01 0.0797797 0.100324 0.035 0.0807933 0.0963213 0.035 0.079542 0.102169 0 0.079542 0.102169 -0.025 0.106708 0.129336 0.01 0.110975 0.128569 0.01 0.110576 0.128674 0.035 0.115045 0.127077 0.01 0.114481 0.127333 0.035 0.118797 0.124905 0.01 0.118112 0.125368 0.035 0.122116 0.122116 0.01 0.121371 0.122832 0.035 0.124905 0.118797 0.01 0.124167 0.119794 0.035 0.127077 0.115045 0.01 0.126426 0.116337 0.035 0.128084 0.112556 0.035 0.128569 0.110975 0.01 0.129098 0.108554 0.035 0.129336 0.106708 0.01 0.129336 0.106708 0 0.129336 0.106708 0.01 0.166481 0.143854 0.01 0.166481 0.143854 0 0.166183 0.166381 0 0.166183 0.166381 0.01 0.164043 0.168146 0 0.164043 0.168146 0.01 0.161631 0.169515 0 0.159019 0.170447 0 0.161631 0.169515 0.01 0.159019 0.170447 0.01 0.156285 0.170914 0 0.156285 0.170914 0.01 0.153511 0.170901 0 0.150781 0.17041 0 0.153511 0.170901 0.01 0.150781 0.17041 0.01 0.148178 0.169455 0 0.148178 0.169455 0.01 0.145778 0.168065 0 0.143654 0.166281 0 0.145778 0.168065 0.01 0.143654 0.166281 0.01 0.167985 0.164273 0.01 0.167985 0.164273 0 0.169397 0.161885 0.01 0.169397 0.161885 0 0.170375 0.15929 0.01 0.17089 0.156565 0.01 0.170375 0.15929 0 0.17089 0.156565 0 0.170926 0.153791 0.01 0.170926 0.153791 0 0.170484 0.151053 0.01 0.169575 0.148433 0.01 0.170484 0.151053 0 0.169575 0.148433 0 0.168227 0.146009 0.01 0.168227 0.146009 0 0.166481 0.143854 0.01 0.166481 0.143854 0 0.143654 0.166281 0.01 0.106708 0.129336 0.01 0.106708 0.129336 0 0.143654 0.166281 0 0.079542 0.102169 0.01 0.0532295 0.075857 0.01 0.0532295 0.075857 0 0.079542 0.102169 0 0.0532295 0.075857 0.01 -0.0532295 0.0758569 0.01 -0.0532295 0.0758569 0 0.0532295 0.075857 0 -0.0532295 0.0758569 0 -0.0532295 0.0758569 0.01 -0.079542 0.102169 0.01 -0.079542 0.102169 0 -0.106708 0.129336 0 -0.106708 0.129336 0.01 -0.143654 0.166281 0.01 -0.143654 0.166281 0 0.152905 -0.154276 0 0.152657 -0.154276 0.01 0.152657 -0.154276 0 0.154281 -0.152781 0.01 0.154281 -0.152781 0 0.154261 -0.152534 0 0.152413 -0.154235 0 0.152413 -0.154235 0.01 0.152179 -0.154155 0.01 0.152179 -0.154155 0 0.151961 -0.154037 0.01 0.151961 -0.154037 0 0.151765 -0.153885 0 0.151765 -0.153885 0.01 0.151597 -0.153702 0.01 0.151597 -0.153702 0 0.151462 -0.153495 0.01 0.151462 -0.153495 0 0.151362 -0.153268 0 0.151362 -0.153268 0.01 0.151302 -0.153028 0.01 0.151302 -0.153028 0 0.151281 -0.152781 0.01 0.151281 -0.152781 0 0.152905 -0.154276 0.01 0.153149 -0.154235 0 0.153149 -0.154235 0.01 0.153384 -0.154155 0 0.153384 -0.154155 0.01 0.153602 -0.154037 0.01 0.153602 -0.154037 0 0.153797 -0.153885 0 0.153797 -0.153885 0.01 0.153965 -0.153702 0 0.153965 -0.153702 0.01 0.1541 -0.153495 0.01 0.1541 -0.153495 0 0.1542 -0.153268 0 0.1542 -0.153268 0.01 0.154261 -0.153028 0 0.154261 -0.153028 0.01 0.1542 -0.152294 0.01 0.154261 -0.152534 0.01 0.1542 -0.152294 0 0.153797 -0.151678 0.01 0.153965 -0.15186 0.01 0.153797 -0.151678 0 0.1541 -0.152067 0.01 0.1541 -0.152067 0 0.153965 -0.15186 0 0.153384 -0.151407 0.01 0.153149 -0.151327 0 0.153149 -0.151327 0.01 0.153602 -0.151525 0 0.153384 -0.151407 0 0.153602 -0.151525 0.01 0.152413 -0.151327 0 0.152413 -0.151327 0.01 0.152657 -0.151286 0.01 0.152657 -0.151286 0 0.152905 -0.151286 0.01 0.152905 -0.151286 0 0.151765 -0.151678 0.01 0.151961 -0.151525 0.01 0.151765 -0.151678 0 0.152179 -0.151407 0.01 0.152179 -0.151407 0 0.151961 -0.151525 0 0.151462 -0.152067 0 0.151597 -0.15186 0.01 0.151597 -0.15186 0 0.151362 -0.152294 0 0.151462 -0.152067 0.01 0.151362 -0.152294 0.01 0.151302 -0.152534 0 0.151302 -0.152534 0.01 0.152905 0.151286 0 0.152657 0.151286 0.01 0.152657 0.151286 0 0.154281 0.152781 0.01 0.154281 0.152781 0 0.154261 0.153028 0 0.152413 0.151327 0 0.152413 0.151327 0.01 0.152179 0.151407 0.01 0.152179 0.151407 0 0.151961 0.151525 0.01 0.151961 0.151525 0 0.151765 0.151678 0 0.151765 0.151678 0.01 0.151597 0.15186 0.01 0.151597 0.15186 0 0.151462 0.152067 0.01 0.151462 0.152067 0 0.151362 0.152294 0 0.151362 0.152294 0.01 0.151302 0.152534 0.01 0.151302 0.152534 0 0.151281 0.152781 0.01 0.151281 0.152781 0 0.152905 0.151286 0.01 0.153149 0.151327 0 0.153149 0.151327 0.01 0.153384 0.151407 0 0.153384 0.151407 0.01 0.153602 0.151525 0.01 0.153602 0.151525 0 0.153797 0.151678 0 0.153797 0.151678 0.01 0.153965 0.15186 0 0.153965 0.15186 0.01 0.1541 0.152067 0.01 0.1541 0.152067 0 0.1542 0.152294 0 0.1542 0.152294 0.01 0.154261 0.152534 0 0.154261 0.152534 0.01 0.1542 0.153268 0.01 0.154261 0.153028 0.01 0.1542 0.153268 0 0.153797 0.153885 0.01 0.153965 0.153702 0.01 0.153797 0.153885 0 0.1541 0.153495 0.01 0.1541 0.153495 0 0.153965 0.153702 0 0.153384 0.154155 0.01 0.153149 0.154235 0 0.153149 0.154235 0.01 0.153602 0.154037 0 0.153384 0.154155 0 0.153602 0.154037 0.01 0.152413 0.154235 0 0.152413 0.154235 0.01 0.152657 0.154276 0.01 0.152657 0.154276 0 0.152905 0.154276 0.01 0.152905 0.154276 0 0.151765 0.153885 0.01 0.151961 0.154037 0.01 0.151765 0.153885 0 0.152179 0.154155 0.01 0.152179 0.154155 0 0.151961 0.154037 0 0.151462 0.153495 0 0.151597 0.153702 0.01 0.151597 0.153702 0 0.151362 0.153268 0 0.151462 0.153495 0.01 0.151362 0.153268 0.01 0.151302 0.153028 0 0.151302 0.153028 0.01 0.0483533 0.0693621 0 0.0481056 0.0693621 0.01 0.0481056 0.0693621 0 0.0497295 0.070857 0.01 0.0497295 0.070857 0 0.049709 0.0711039 0 0.0478612 0.0694029 0 0.0478612 0.0694029 0.01 0.0476269 0.0694834 0.01 0.0476269 0.0694834 0 0.047409 0.0696013 0.01 0.047409 0.0696013 0 0.0472135 0.0697534 0 0.0472135 0.0697534 0.01 0.0470457 0.0699357 0.01 0.0470457 0.0699357 0 0.0469103 0.0701431 0.01 0.0469103 0.0701431 0 0.0468107 0.07037 0 0.0468107 0.07037 0.01 0.0467499 0.0706101 0.01 0.0467499 0.0706101 0 0.0467295 0.070857 0.01 0.0467295 0.070857 0 0.0483533 0.0693621 0.01 0.0485977 0.0694029 0 0.0485977 0.0694029 0.01 0.048832 0.0694834 0 0.048832 0.0694834 0.01 0.0490499 0.0696013 0.01 0.0490499 0.0696013 0 0.0492454 0.0697534 0 0.0492454 0.0697534 0.01 0.0494132 0.0699357 0 0.0494132 0.0699357 0.01 0.0495487 0.0701431 0.01 0.0495487 0.0701431 0 0.0496482 0.07037 0 0.0496482 0.07037 0.01 0.049709 0.0706101 0 0.049709 0.0706101 0.01 0.0496482 0.0713441 0.01 0.049709 0.0711039 0.01 0.0496482 0.0713441 0 0.0492454 0.0719606 0.01 0.0494132 0.0717783 0.01 0.0492454 0.0719606 0 0.0495487 0.0715709 0.01 0.0495487 0.0715709 0 0.0494132 0.0717783 0 0.048832 0.0722307 0.01 0.0485977 0.0723111 0 0.0485977 0.0723111 0.01 0.0490499 0.0721128 0 0.048832 0.0722307 0 0.0490499 0.0721128 0.01 0.0478612 0.0723111 0 0.0478612 0.0723111 0.01 0.0481056 0.0723519 0.01 0.0481056 0.0723519 0 0.0483533 0.0723519 0.01 0.0483533 0.0723519 0 0.0472135 0.0719606 0.01 0.047409 0.0721128 0.01 0.0472135 0.0719606 0 0.0476269 0.0722307 0.01 0.0476269 0.0722307 0 0.047409 0.0721128 0 0.0469103 0.0715709 0 0.0470457 0.0717783 0.01 0.0470457 0.0717783 0 0.0468107 0.0713441 0 0.0469103 0.0715709 0.01 0.0468107 0.0713441 0.01 0.0467499 0.0711039 0 0.0467499 0.0711039 0.01 0.0483533 -0.0723519 0 0.0481056 -0.0723519 0.01 0.0481056 -0.0723519 0 0.0497295 -0.070857 0.01 0.0497295 -0.070857 0 0.049709 -0.0706101 0 0.0478612 -0.0723111 0 0.0478612 -0.0723111 0.01 0.0476269 -0.0722307 0.01 0.0476269 -0.0722307 0 0.047409 -0.0721128 0.01 0.047409 -0.0721128 0 0.0472135 -0.0719606 0 0.0472135 -0.0719606 0.01 0.0470457 -0.0717783 0.01 0.0470457 -0.0717783 0 0.0469103 -0.0715709 0.01 0.0469103 -0.0715709 0 0.0468107 -0.0713441 0 0.0468107 -0.0713441 0.01 0.0467499 -0.0711039 0.01 0.0467499 -0.0711039 0 0.0467295 -0.070857 0.01 0.0467295 -0.070857 0 0.0483533 -0.0723519 0.01 0.0485977 -0.0723111 0 0.0485977 -0.0723111 0.01 0.048832 -0.0722307 0 0.048832 -0.0722307 0.01 0.0490499 -0.0721128 0.01 0.0490499 -0.0721128 0 0.0492454 -0.0719606 0 0.0492454 -0.0719606 0.01 0.0494132 -0.0717783 0 0.0494132 -0.0717783 0.01 0.0495487 -0.0715709 0.01 0.0495487 -0.0715709 0 0.0496482 -0.0713441 0 0.0496482 -0.0713441 0.01 0.049709 -0.0711039 0 0.049709 -0.0711039 0.01 0.0496482 -0.07037 0.01 0.049709 -0.0706101 0.01 0.0496482 -0.07037 0 0.0492454 -0.0697534 0.01 0.0494132 -0.0699357 0.01 0.0492454 -0.0697534 0 0.0495487 -0.0701431 0.01 0.0495487 -0.0701431 0 0.0494132 -0.0699357 0 0.048832 -0.0694834 0.01 0.0485977 -0.0694029 0 0.0485977 -0.0694029 0.01 0.0490499 -0.0696013 0 0.048832 -0.0694834 0 0.0490499 -0.0696013 0.01 0.0478612 -0.0694029 0 0.0478612 -0.0694029 0.01 0.0481056 -0.0693621 0.01 0.0481056 -0.0693621 0 0.0483533 -0.0693621 0.01 0.0483533 -0.0693621 0 0.0472135 -0.0697534 0.01 0.047409 -0.0696013 0.01 0.0472135 -0.0697534 0 0.0476269 -0.0694834 0.01 0.0476269 -0.0694834 0 0.047409 -0.0696013 0 0.0469103 -0.0701431 0 0.0470457 -0.0699357 0.01 0.0470457 -0.0699357 0 0.0468107 -0.07037 0 0.0469103 -0.0701431 0.01 0.0468107 -0.07037 0.01 0.0467499 -0.0706101 0 0.0467499 -0.0706101 0.01 -0.0481056 -0.0723519 0 -0.0483533 -0.0723519 0.01 -0.0483533 -0.0723519 0 -0.0467295 -0.070857 0.01 -0.0467295 -0.070857 0 -0.0467499 -0.0706101 0 -0.0485977 -0.0723111 0 -0.0485977 -0.0723111 0.01 -0.048832 -0.0722307 0.01 -0.048832 -0.0722307 0 -0.0490499 -0.0721128 0.01 -0.0490499 -0.0721128 0 -0.0492454 -0.0719606 0 -0.0492454 -0.0719606 0.01 -0.0494132 -0.0717783 0.01 -0.0494132 -0.0717783 0 -0.0495487 -0.0715709 0.01 -0.0495487 -0.0715709 0 -0.0496482 -0.0713441 0 -0.0496482 -0.0713441 0.01 -0.049709 -0.0711039 0.01 -0.049709 -0.0711039 0 -0.0497295 -0.070857 0.01 -0.0497295 -0.070857 0 -0.0481056 -0.0723519 0.01 -0.0478612 -0.0723111 0 -0.0478612 -0.0723111 0.01 -0.0476269 -0.0722307 0 -0.0476269 -0.0722307 0.01 -0.047409 -0.0721128 0.01 -0.047409 -0.0721128 0 -0.0472135 -0.0719606 0 -0.0472135 -0.0719606 0.01 -0.0470457 -0.0717783 0 -0.0470457 -0.0717783 0.01 -0.0469103 -0.0715709 0.01 -0.0469103 -0.0715709 0 -0.0468107 -0.0713441 0 -0.0468107 -0.0713441 0.01 -0.0467499 -0.0711039 0 -0.0467499 -0.0711039 0.01 -0.0468107 -0.07037 0.01 -0.0467499 -0.0706101 0.01 -0.0468107 -0.07037 0 -0.0472135 -0.0697534 0.01 -0.0470457 -0.0699357 0.01 -0.0472135 -0.0697534 0 -0.0469103 -0.0701431 0.01 -0.0469103 -0.0701431 0 -0.0470457 -0.0699357 0 -0.0476269 -0.0694834 0.01 -0.0478612 -0.0694029 0 -0.0478612 -0.0694029 0.01 -0.047409 -0.0696013 0 -0.0476269 -0.0694834 0 -0.047409 -0.0696013 0.01 -0.0485977 -0.0694029 0 -0.0485977 -0.0694029 0.01 -0.0483533 -0.0693621 0.01 -0.0483533 -0.0693621 0 -0.0481056 -0.0693621 0.01 -0.0481056 -0.0693621 0 -0.0492454 -0.0697534 0.01 -0.0490499 -0.0696013 0.01 -0.0492454 -0.0697534 0 -0.048832 -0.0694834 0.01 -0.048832 -0.0694834 0 -0.0490499 -0.0696013 0 -0.0495487 -0.0701431 0 -0.0494132 -0.0699357 0.01 -0.0494132 -0.0699357 0 -0.0496482 -0.07037 0 -0.0495487 -0.0701431 0.01 -0.0496482 -0.07037 0.01 -0.049709 -0.0706101 0 -0.049709 -0.0706101 0.01 -0.0481056 0.0693621 0 -0.0483533 0.0693621 0.01 -0.0483533 0.0693621 0 -0.0467295 0.070857 0.01 -0.0467295 0.070857 0 -0.0467499 0.0711039 0 -0.0485977 0.0694029 0 -0.0485977 0.0694029 0.01 -0.048832 0.0694834 0.01 -0.048832 0.0694834 0 -0.0490499 0.0696013 0.01 -0.0490499 0.0696013 0 -0.0492454 0.0697534 0 -0.0492454 0.0697534 0.01 -0.0494132 0.0699357 0.01 -0.0494132 0.0699357 0 -0.0495487 0.0701431 0.01 -0.0495487 0.0701431 0 -0.0496482 0.07037 0 -0.0496482 0.07037 0.01 -0.049709 0.0706101 0.01 -0.049709 0.0706101 0 -0.0497295 0.070857 0.01 -0.0497295 0.070857 0 -0.0481056 0.0693621 0.01 -0.0478612 0.0694029 0 -0.0478612 0.0694029 0.01 -0.0476269 0.0694834 0 -0.0476269 0.0694834 0.01 -0.047409 0.0696013 0.01 -0.047409 0.0696013 0 -0.0472135 0.0697534 0 -0.0472135 0.0697534 0.01 -0.0470457 0.0699357 0 -0.0470457 0.0699357 0.01 -0.0469103 0.0701431 0.01 -0.0469103 0.0701431 0 -0.0468107 0.07037 0 -0.0468107 0.07037 0.01 -0.0467499 0.0706101 0 -0.0467499 0.0706101 0.01 -0.0468107 0.0713441 0.01 -0.0467499 0.0711039 0.01 -0.0468107 0.0713441 0 -0.0472135 0.0719606 0.01 -0.0470457 0.0717783 0.01 -0.0472135 0.0719606 0 -0.0469103 0.0715709 0.01 -0.0469103 0.0715709 0 -0.0470457 0.0717783 0 -0.0476269 0.0722307 0.01 -0.0478612 0.0723111 0 -0.0478612 0.0723111 0.01 -0.047409 0.0721128 0 -0.0476269 0.0722307 0 -0.047409 0.0721128 0.01 -0.0485977 0.0723111 0 -0.0485977 0.0723111 0.01 -0.0483533 0.0723519 0.01 -0.0483533 0.0723519 0 -0.0481056 0.0723519 0.01 -0.0481056 0.0723519 0 -0.0492454 0.0719606 0.01 -0.0490499 0.0721128 0.01 -0.0492454 0.0719606 0 -0.048832 0.0722307 0.01 -0.048832 0.0722307 0 -0.0490499 0.0721128 0 -0.0495487 0.0715709 0 -0.0494132 0.0717783 0.01 -0.0494132 0.0717783 0 -0.0496482 0.0713441 0 -0.0495487 0.0715709 0.01 -0.0496482 0.0713441 0.01 -0.049709 0.0711039 0 -0.049709 0.0711039 0.01 -0.166183 0.166381 1.77636e-18 -0.166183 0.166381 0.01 -0.167985 0.164273 1.77636e-18 -0.167985 0.164273 0.01 -0.169397 0.161885 1.77636e-18 -0.170375 0.15929 1.77636e-18 -0.169397 0.161885 0.01 -0.170375 0.15929 0.01 -0.17089 0.156565 1.77636e-18 -0.17089 0.156565 0.01 -0.170926 0.153791 1.77636e-18 -0.170484 0.151053 1.77636e-18 -0.170926 0.153791 0.01 -0.170484 0.151053 0.01 -0.169575 0.148433 1.77636e-18 -0.169575 0.148433 0.01 -0.168227 0.146009 1.77636e-18 -0.166481 0.143854 0 -0.168227 0.146009 0.01 -0.166481 0.143854 0.01 -0.164043 0.168146 0.01 -0.164043 0.168146 1.77636e-18 -0.161631 0.169515 0.01 -0.161631 0.169515 1.77636e-18 -0.159019 0.170447 0.01 -0.156285 0.170914 0.01 -0.159019 0.170447 1.77636e-18 -0.156285 0.170914 1.77636e-18 -0.153511 0.170901 0.01 -0.153511 0.170901 1.77636e-18 -0.150781 0.17041 0.01 -0.148178 0.169455 0.01 -0.150781 0.17041 1.77636e-18 -0.148178 0.169455 1.77636e-18 -0.145778 0.168065 0.01 -0.145778 0.168065 1.77636e-18 -0.143654 0.166281 0.01 -0.143654 0.166281 0 -0.152657 0.151286 0 -0.152905 0.151286 0.01 -0.152905 0.151286 0 -0.151281 0.152781 0.01 -0.151281 0.152781 0 -0.151302 0.153028 0 -0.153149 0.151327 0 -0.153149 0.151327 0.01 -0.153384 0.151407 0.01 -0.153384 0.151407 0 -0.153602 0.151525 0.01 -0.153602 0.151525 0 -0.153797 0.151678 0 -0.153797 0.151678 0.01 -0.153965 0.15186 0.01 -0.153965 0.15186 0 -0.1541 0.152067 0.01 -0.1541 0.152067 0 -0.1542 0.152294 0 -0.1542 0.152294 0.01 -0.154261 0.152534 0.01 -0.154261 0.152534 0 -0.154281 0.152781 0.01 -0.154281 0.152781 0 -0.152657 0.151286 0.01 -0.152413 0.151327 0 -0.152413 0.151327 0.01 -0.152179 0.151407 0 -0.152179 0.151407 0.01 -0.151961 0.151525 0.01 -0.151961 0.151525 0 -0.151765 0.151678 0 -0.151765 0.151678 0.01 -0.151597 0.15186 0 -0.151597 0.15186 0.01 -0.151462 0.152067 0.01 -0.151462 0.152067 0 -0.151362 0.152294 0 -0.151362 0.152294 0.01 -0.151302 0.152534 0 -0.151302 0.152534 0.01 -0.151362 0.153268 0.01 -0.151302 0.153028 0.01 -0.151362 0.153268 0 -0.151765 0.153885 0.01 -0.151597 0.153702 0.01 -0.151765 0.153885 0 -0.151462 0.153495 0.01 -0.151462 0.153495 0 -0.151597 0.153702 0 -0.152179 0.154155 0.01 -0.152413 0.154235 0 -0.152413 0.154235 0.01 -0.151961 0.154037 0 -0.152179 0.154155 0 -0.151961 0.154037 0.01 -0.153149 0.154235 0 -0.153149 0.154235 0.01 -0.152905 0.154276 0.01 -0.152905 0.154276 0 -0.152657 0.154276 0.01 -0.152657 0.154276 0 -0.153797 0.153885 0.01 -0.153602 0.154037 0.01 -0.153797 0.153885 0 -0.153384 0.154155 0.01 -0.153384 0.154155 0 -0.153602 0.154037 0 -0.1541 0.153495 0 -0.153965 0.153702 0.01 -0.153965 0.153702 0 -0.1542 0.153268 0 -0.1541 0.153495 0.01 -0.1542 0.153268 0.01 -0.154261 0.153028 0 -0.154261 0.153028 0.01 -0.152657 -0.154276 0 -0.152905 -0.154276 0.01 -0.152905 -0.154276 0 -0.151281 -0.152781 0.01 -0.151281 -0.152781 0 -0.151302 -0.152534 0 -0.153149 -0.154235 0 -0.153149 -0.154235 0.01 -0.153384 -0.154155 0.01 -0.153384 -0.154155 0 -0.153602 -0.154037 0.01 -0.153602 -0.154037 0 -0.153797 -0.153885 0 -0.153797 -0.153885 0.01 -0.153965 -0.153702 0.01 -0.153965 -0.153702 0 -0.1541 -0.153495 0.01 -0.1541 -0.153495 0 -0.1542 -0.153268 0 -0.1542 -0.153268 0.01 -0.154261 -0.153028 0.01 -0.154261 -0.153028 0 -0.154281 -0.152781 0.01 -0.154281 -0.152781 0 -0.152657 -0.154276 0.01 -0.152413 -0.154235 0 -0.152413 -0.154235 0.01 -0.152179 -0.154155 0 -0.152179 -0.154155 0.01 -0.151961 -0.154037 0.01 -0.151961 -0.154037 0 -0.151765 -0.153885 0 -0.151765 -0.153885 0.01 -0.151597 -0.153702 0 -0.151597 -0.153702 0.01 -0.151462 -0.153495 0.01 -0.151462 -0.153495 0 -0.151362 -0.153268 0 -0.151362 -0.153268 0.01 -0.151302 -0.153028 0 -0.151302 -0.153028 0.01 -0.151362 -0.152294 0.01 -0.151302 -0.152534 0.01 -0.151362 -0.152294 0 -0.151765 -0.151678 0.01 -0.151597 -0.15186 0.01 -0.151765 -0.151678 0 -0.151462 -0.152067 0.01 -0.151462 -0.152067 0 -0.151597 -0.15186 0 -0.152179 -0.151407 0.01 -0.152413 -0.151327 0 -0.152413 -0.151327 0.01 -0.151961 -0.151525 0 -0.152179 -0.151407 0 -0.151961 -0.151525 0.01 -0.153149 -0.151327 0 -0.153149 -0.151327 0.01 -0.152905 -0.151286 0.01 -0.152905 -0.151286 0 -0.152657 -0.151286 0.01 -0.152657 -0.151286 0 -0.153797 -0.151678 0.01 -0.153602 -0.151525 0.01 -0.153797 -0.151678 0 -0.153384 -0.151407 0.01 -0.153384 -0.151407 0 -0.153602 -0.151525 0 -0.1541 -0.152067 0 -0.153965 -0.15186 0.01 -0.153965 -0.15186 0 -0.1542 -0.152294 0 -0.1541 -0.152067 0.01 -0.1542 -0.152294 0.01 -0.154261 -0.152534 0 -0.154261 -0.152534 0.01 -0.102911 0.0860019 0.01 -0.105966 0.0860019 0.035 -0.105966 0.0860019 0.01 -0.0859388 0.104439 0.035 -0.0859388 0.104439 0.01 -0.0861911 0.107484 0.01 -0.10898 0.0865049 0.01 -0.10898 0.0865049 0.035 -0.11187 0.087497 0.035 -0.11187 0.087497 0.01 -0.114557 0.0889512 0.035 -0.114557 0.0889512 0.01 -0.116968 0.0908279 0.01 -0.116968 0.0908279 0.035 -0.119038 0.0930758 0.035 -0.119038 0.0930758 0.01 -0.120709 0.0956337 0.035 -0.120709 0.0956337 0.01 -0.121936 0.0984318 0.01 -0.121936 0.0984318 0.035 -0.122686 0.101394 0.035 -0.122686 0.101394 0.01 -0.122939 0.104439 0.035 -0.122939 0.104439 0.01 -0.102911 0.0860019 0.035 -0.0998973 0.0865049 0.01 -0.0998973 0.0865049 0.035 -0.0970074 0.087497 0.01 -0.0970074 0.087497 0.035 -0.0943202 0.0889512 0.035 -0.0943202 0.0889512 0.01 -0.0919091 0.0908279 0.01 -0.0919091 0.0908279 0.035 -0.0898397 0.0930758 0.01 -0.0898397 0.0930758 0.035 -0.0881685 0.0956337 0.035 -0.0881685 0.0956337 0.01 -0.0869411 0.0984318 0.01 -0.0869411 0.0984318 0.035 -0.0861911 0.101394 0.01 -0.0861911 0.101394 0.035 -0.0869411 0.110446 0.035 -0.0861911 0.107484 0.035 -0.0869411 0.110446 0.01 -0.0919091 0.11805 0.035 -0.0898397 0.115802 0.035 -0.0919091 0.11805 0.01 -0.0881685 0.113244 0.035 -0.0881685 0.113244 0.01 -0.0898397 0.115802 0.01 -0.0970074 0.121381 0.035 -0.0998973 0.122373 0.01 -0.0998973 0.122373 0.035 -0.0943202 0.119926 0.01 -0.0970074 0.121381 0.01 -0.0943202 0.119926 0.035 -0.10898 0.122373 0.01 -0.10898 0.122373 0.035 -0.105966 0.122876 0.035 -0.105966 0.122876 0.01 -0.102911 0.122876 0.035 -0.102911 0.122876 0.01 -0.116968 0.11805 0.035 -0.114557 0.119926 0.035 -0.116968 0.11805 0.01 -0.11187 0.121381 0.035 -0.11187 0.121381 0.01 -0.114557 0.119926 0.01 -0.120709 0.113244 0.01 -0.119038 0.115802 0.035 -0.119038 0.115802 0.01 -0.121936 0.110446 0.01 -0.120709 0.113244 0.035 -0.121936 0.110446 0.035 -0.122686 0.107484 0.01 -0.122686 0.107484 0.035 -0.114557 0.119926 0.035 -0.116968 0.11805 0.035 -0.121371 0.122832 0.035 -0.0983016 0.128674 0.035 -0.0970074 0.121381 0.035 -0.0998973 0.122373 0.035 -0.102374 0.129353 0.035 -0.102911 0.122876 0.035 -0.0943202 0.119926 0.035 -0.0943964 0.127333 0.035 -0.106503 0.129353 0.035 -0.105966 0.122876 0.035 -0.0875067 0.122832 0.035 -0.0919091 0.11805 0.035 -0.110576 0.128674 0.035 -0.10898 0.122373 0.035 -0.0824519 0.116337 0.035 -0.0898397 0.115802 0.035 -0.0847102 0.119794 0.035 -0.114481 0.127333 0.035 -0.11187 0.121381 0.035 -0.0881685 0.113244 0.035 -0.0807933 0.112556 0.035 -0.0869411 0.110446 0.035 -0.118112 0.125368 0.035 -0.0861911 0.101394 0.035 -0.0797797 0.100324 0.035 -0.0807933 0.0963213 0.035 -0.120709 0.113244 0.035 -0.126426 0.116337 0.035 -0.124167 0.119794 0.035 -0.129439 0.104439 0.035 -0.129098 0.108554 0.035 -0.122939 0.104439 0.035 -0.126426 0.0925401 0.035 -0.128084 0.0963213 0.035 -0.120709 0.0956337 0.035 -0.0824519 0.0925401 0.035 -0.0847102 0.0890834 0.035 -0.0881685 0.0956337 0.035 -0.114557 0.0889512 0.035 -0.118112 0.0835096 0.035 -0.121371 0.0860457 0.035 -0.0970074 0.087497 0.035 -0.0943202 0.0889512 0.035 -0.0907651 0.0835096 0.035 -0.106503 0.0795241 0.035 -0.10898 0.0865049 0.035 -0.105966 0.0860019 0.035 -0.102374 0.0795241 0.035 -0.102911 0.0860019 0.035 -0.11187 0.087497 0.035 -0.114481 0.0815444 0.035 -0.110576 0.0802037 0.035 -0.0983016 0.0802037 0.035 -0.0998973 0.0865049 0.035 -0.124167 0.0890834 0.035 -0.116968 0.0908279 0.035 -0.0943964 0.0815444 0.035 -0.0875067 0.0860457 0.035 -0.0919091 0.0908279 0.035 -0.119038 0.0930758 0.035 -0.121936 0.0984318 0.035 -0.129098 0.100324 0.035 -0.0898397 0.0930758 0.035 -0.0907651 0.125368 0.035 -0.122686 0.101394 0.035 -0.128084 0.112556 0.035 -0.122686 0.107484 0.035 -0.0869411 0.0984318 0.035 -0.0859388 0.104439 0.035 -0.121936 0.110446 0.035 -0.0794388 0.104439 0.035 -0.0861911 0.107484 0.035 -0.0797797 0.108554 0.035 -0.119038 0.115802 0.035 -0.0859388 0.104439 0.01 -0.11187 0.121381 0.01 -0.10898 0.122373 0.01 -0.0970074 0.121381 0.01 -0.0919091 0.11805 0.01 -0.0898397 0.115802 0.01 -0.0943202 0.119926 0.01 -0.0881685 0.113244 0.01 -0.0998973 0.122373 0.01 -0.0869411 0.110446 0.01 -0.102911 0.122876 0.01 -0.105966 0.122876 0.01 -0.0861911 0.107484 0.01 -0.0881685 0.0956337 0.01 -0.116968 0.11805 0.01 -0.0869411 0.0984318 0.01 -0.0861911 0.101394 0.01 -0.114557 0.119926 0.01 -0.119038 0.115802 0.01 -0.0898397 0.0930758 0.01 -0.120709 0.113244 0.01 -0.0970074 0.087497 0.01 -0.122939 0.104439 0.01 -0.122686 0.107484 0.01 -0.0919091 0.0908279 0.01 -0.0943202 0.0889512 0.01 -0.121936 0.110446 0.01 -0.121936 0.0984318 0.01 -0.105966 0.0860019 0.01 -0.120709 0.0956337 0.01 -0.122686 0.101394 0.01 -0.0998973 0.0865049 0.01 -0.102911 0.0860019 0.01 -0.116968 0.0908279 0.01 -0.11187 0.087497 0.01 -0.114557 0.0889512 0.01 -0.119038 0.0930758 0.01 -0.10898 0.0865049 0.01 0.105966 -0.122876 0.01 0.102911 -0.122876 0.035 0.102911 -0.122876 0.01 0.122939 -0.104439 0.035 0.122939 -0.104439 0.01 0.122686 -0.101394 0.01 0.0998973 -0.122373 0.01 0.0998973 -0.122373 0.035 0.0970074 -0.121381 0.035 0.0970074 -0.121381 0.01 0.0943202 -0.119926 0.035 0.0943202 -0.119926 0.01 0.0919091 -0.11805 0.01 0.0919091 -0.11805 0.035 0.0898397 -0.115802 0.035 0.0898397 -0.115802 0.01 0.0881685 -0.113244 0.035 0.0881685 -0.113244 0.01 0.0869411 -0.110446 0.01 0.0869411 -0.110446 0.035 0.0861911 -0.107484 0.035 0.0861911 -0.107484 0.01 0.0859388 -0.104439 0.035 0.0859388 -0.104439 0.01 0.105966 -0.122876 0.035 0.10898 -0.122373 0.01 0.10898 -0.122373 0.035 0.11187 -0.121381 0.01 0.11187 -0.121381 0.035 0.114557 -0.119926 0.035 0.114557 -0.119926 0.01 0.116968 -0.11805 0.01 0.116968 -0.11805 0.035 0.119038 -0.115802 0.01 0.119038 -0.115802 0.035 0.120709 -0.113244 0.035 0.120709 -0.113244 0.01 0.121936 -0.110446 0.01 0.121936 -0.110446 0.035 0.122686 -0.107484 0.01 0.122686 -0.107484 0.035 0.121936 -0.0984318 0.035 0.122686 -0.101394 0.035 0.121936 -0.0984318 0.01 0.116968 -0.0908279 0.035 0.119038 -0.0930758 0.035 0.116968 -0.0908279 0.01 0.120709 -0.0956337 0.035 0.120709 -0.0956337 0.01 0.119038 -0.0930758 0.01 0.11187 -0.087497 0.035 0.10898 -0.0865049 0.01 0.10898 -0.0865049 0.035 0.114557 -0.0889512 0.01 0.11187 -0.087497 0.01 0.114557 -0.0889512 0.035 0.0998973 -0.0865049 0.01 0.0998973 -0.0865049 0.035 0.102911 -0.0860019 0.035 0.102911 -0.0860019 0.01 0.105966 -0.0860019 0.035 0.105966 -0.0860019 0.01 0.0919091 -0.0908279 0.035 0.0943202 -0.0889512 0.035 0.0919091 -0.0908279 0.01 0.0970074 -0.087497 0.035 0.0970074 -0.087497 0.01 0.0943202 -0.0889512 0.01 0.0881685 -0.0956337 0.01 0.0898397 -0.0930758 0.035 0.0898397 -0.0930758 0.01 0.0869411 -0.0984318 0.01 0.0881685 -0.0956337 0.035 0.0869411 -0.0984318 0.035 0.0861911 -0.101394 0.01 0.0861911 -0.101394 0.035 0.0943202 -0.0889512 0.035 0.0919091 -0.0908279 0.035 0.0875067 -0.0860457 0.035 0.110576 -0.0802037 0.035 0.11187 -0.087497 0.035 0.10898 -0.0865049 0.035 0.106503 -0.0795241 0.035 0.105966 -0.0860019 0.035 0.114557 -0.0889512 0.035 0.114481 -0.0815444 0.035 0.102374 -0.0795241 0.035 0.102911 -0.0860019 0.035 0.121371 -0.0860457 0.035 0.116968 -0.0908279 0.035 0.0983016 -0.0802037 0.035 0.0998973 -0.0865049 0.035 0.126426 -0.0925401 0.035 0.119038 -0.0930758 0.035 0.124167 -0.0890834 0.035 0.0943964 -0.0815444 0.035 0.0970074 -0.087497 0.035 0.120709 -0.0956337 0.035 0.128084 -0.0963213 0.035 0.121936 -0.0984318 0.035 0.0907651 -0.0835096 0.035 0.122686 -0.107484 0.035 0.129098 -0.108554 0.035 0.128084 -0.112556 0.035 0.0881685 -0.0956337 0.035 0.0824519 -0.0925401 0.035 0.0847102 -0.0890834 0.035 0.0794388 -0.104439 0.035 0.0797797 -0.100324 0.035 0.0859388 -0.104439 0.035 0.0824519 -0.116337 0.035 0.0807933 -0.112556 0.035 0.0881685 -0.113244 0.035 0.126426 -0.116337 0.035 0.124167 -0.119794 0.035 0.120709 -0.113244 0.035 0.0943202 -0.119926 0.035 0.0907651 -0.125368 0.035 0.0875067 -0.122832 0.035 0.11187 -0.121381 0.035 0.114557 -0.119926 0.035 0.118112 -0.125368 0.035 0.102374 -0.129353 0.035 0.0998973 -0.122373 0.035 0.102911 -0.122876 0.035 0.106503 -0.129353 0.035 0.105966 -0.122876 0.035 0.0970074 -0.121381 0.035 0.0943964 -0.127333 0.035 0.0983016 -0.128674 0.035 0.110576 -0.128674 0.035 0.10898 -0.122373 0.035 0.0847102 -0.119794 0.035 0.0919091 -0.11805 0.035 0.114481 -0.127333 0.035 0.121371 -0.122832 0.035 0.116968 -0.11805 0.035 0.0898397 -0.115802 0.035 0.0869411 -0.110446 0.035 0.0797797 -0.108554 0.035 0.119038 -0.115802 0.035 0.118112 -0.0835096 0.035 0.0861911 -0.107484 0.035 0.0807933 -0.0963213 0.035 0.0861911 -0.101394 0.035 0.121936 -0.110446 0.035 0.122939 -0.104439 0.035 0.0869411 -0.0984318 0.035 0.129439 -0.104439 0.035 0.122686 -0.101394 0.035 0.129098 -0.100324 0.035 0.0898397 -0.0930758 0.035 0.122939 -0.104439 0.01 0.0970074 -0.087497 0.01 0.0998973 -0.0865049 0.01 0.11187 -0.087497 0.01 0.116968 -0.0908279 0.01 0.119038 -0.0930758 0.01 0.114557 -0.0889512 0.01 0.120709 -0.0956337 0.01 0.10898 -0.0865049 0.01 0.121936 -0.0984318 0.01 0.105966 -0.0860019 0.01 0.102911 -0.0860019 0.01 0.122686 -0.101394 0.01 0.120709 -0.113244 0.01 0.0919091 -0.0908279 0.01 0.121936 -0.110446 0.01 0.122686 -0.107484 0.01 0.0943202 -0.0889512 0.01 0.0898397 -0.0930758 0.01 0.119038 -0.115802 0.01 0.0881685 -0.0956337 0.01 0.11187 -0.121381 0.01 0.0859388 -0.104439 0.01 0.0861911 -0.101394 0.01 0.116968 -0.11805 0.01 0.114557 -0.119926 0.01 0.0869411 -0.0984318 0.01 0.0869411 -0.110446 0.01 0.102911 -0.122876 0.01 0.0881685 -0.113244 0.01 0.0861911 -0.107484 0.01 0.10898 -0.122373 0.01 0.105966 -0.122876 0.01 0.0919091 -0.11805 0.01 0.0970074 -0.121381 0.01 0.0943202 -0.119926 0.01 0.0898397 -0.115802 0.01 0.0998973 -0.122373 0.01 -0.102911 -0.122876 0.01 -0.105966 -0.122876 0.035 -0.105966 -0.122876 0.01 -0.0859388 -0.104439 0.035 -0.0859388 -0.104439 0.01 -0.0861911 -0.101394 0.01 -0.10898 -0.122373 0.01 -0.10898 -0.122373 0.035 -0.11187 -0.121381 0.035 -0.11187 -0.121381 0.01 -0.114557 -0.119926 0.035 -0.114557 -0.119926 0.01 -0.116968 -0.11805 0.01 -0.116968 -0.11805 0.035 -0.119038 -0.115802 0.035 -0.119038 -0.115802 0.01 -0.120709 -0.113244 0.035 -0.120709 -0.113244 0.01 -0.121936 -0.110446 0.01 -0.121936 -0.110446 0.035 -0.122686 -0.107484 0.035 -0.122686 -0.107484 0.01 -0.122939 -0.104439 0.035 -0.122939 -0.104439 0.01 -0.102911 -0.122876 0.035 -0.0998973 -0.122373 0.01 -0.0998973 -0.122373 0.035 -0.0970074 -0.121381 0.01 -0.0970074 -0.121381 0.035 -0.0943202 -0.119926 0.035 -0.0943202 -0.119926 0.01 -0.0919091 -0.11805 0.01 -0.0919091 -0.11805 0.035 -0.0898397 -0.115802 0.01 -0.0898397 -0.115802 0.035 -0.0881685 -0.113244 0.035 -0.0881685 -0.113244 0.01 -0.0869411 -0.110446 0.01 -0.0869411 -0.110446 0.035 -0.0861911 -0.107484 0.01 -0.0861911 -0.107484 0.035 -0.0869411 -0.0984318 0.035 -0.0861911 -0.101394 0.035 -0.0869411 -0.0984318 0.01 -0.0919091 -0.0908279 0.035 -0.0898397 -0.0930758 0.035 -0.0919091 -0.0908279 0.01 -0.0881685 -0.0956337 0.035 -0.0881685 -0.0956337 0.01 -0.0898397 -0.0930758 0.01 -0.0970074 -0.087497 0.035 -0.0998973 -0.0865049 0.01 -0.0998973 -0.0865049 0.035 -0.0943202 -0.0889512 0.01 -0.0970074 -0.087497 0.01 -0.0943202 -0.0889512 0.035 -0.10898 -0.0865049 0.01 -0.10898 -0.0865049 0.035 -0.105966 -0.0860019 0.035 -0.105966 -0.0860019 0.01 -0.102911 -0.0860019 0.035 -0.102911 -0.0860019 0.01 -0.116968 -0.0908279 0.035 -0.114557 -0.0889512 0.035 -0.116968 -0.0908279 0.01 -0.11187 -0.087497 0.035 -0.11187 -0.087497 0.01 -0.114557 -0.0889512 0.01 -0.120709 -0.0956337 0.01 -0.119038 -0.0930758 0.035 -0.119038 -0.0930758 0.01 -0.121936 -0.0984318 0.01 -0.120709 -0.0956337 0.035 -0.121936 -0.0984318 0.035 -0.122686 -0.101394 0.01 -0.122686 -0.101394 0.035 -0.114557 -0.0889512 0.035 -0.116968 -0.0908279 0.035 -0.121371 -0.0860457 0.035 -0.0983016 -0.0802037 0.035 -0.0970074 -0.087497 0.035 -0.0998973 -0.0865049 0.035 -0.102374 -0.0795241 0.035 -0.102911 -0.0860019 0.035 -0.0943202 -0.0889512 0.035 -0.0943964 -0.0815444 0.035 -0.106503 -0.0795241 0.035 -0.105966 -0.0860019 0.035 -0.0875067 -0.0860457 0.035 -0.0919091 -0.0908279 0.035 -0.110576 -0.0802037 0.035 -0.10898 -0.0865049 0.035 -0.0824519 -0.0925401 0.035 -0.0898397 -0.0930758 0.035 -0.0847102 -0.0890834 0.035 -0.114481 -0.0815444 0.035 -0.11187 -0.087497 0.035 -0.0881685 -0.0956337 0.035 -0.0807933 -0.0963213 0.035 -0.0869411 -0.0984318 0.035 -0.118112 -0.0835096 0.035 -0.0861911 -0.107484 0.035 -0.0797797 -0.108554 0.035 -0.0807933 -0.112556 0.035 -0.120709 -0.0956337 0.035 -0.126426 -0.0925401 0.035 -0.124167 -0.0890834 0.035 -0.129439 -0.104439 0.035 -0.129098 -0.100324 0.035 -0.122939 -0.104439 0.035 -0.126426 -0.116337 0.035 -0.128084 -0.112556 0.035 -0.120709 -0.113244 0.035 -0.0824519 -0.116337 0.035 -0.0847102 -0.119794 0.035 -0.0881685 -0.113244 0.035 -0.114557 -0.119926 0.035 -0.118112 -0.125368 0.035 -0.121371 -0.122832 0.035 -0.0970074 -0.121381 0.035 -0.0943202 -0.119926 0.035 -0.0907651 -0.125368 0.035 -0.106503 -0.129353 0.035 -0.10898 -0.122373 0.035 -0.105966 -0.122876 0.035 -0.102374 -0.129353 0.035 -0.102911 -0.122876 0.035 -0.11187 -0.121381 0.035 -0.114481 -0.127333 0.035 -0.110576 -0.128674 0.035 -0.0983016 -0.128674 0.035 -0.0998973 -0.122373 0.035 -0.124167 -0.119794 0.035 -0.116968 -0.11805 0.035 -0.0943964 -0.127333 0.035 -0.0875067 -0.122832 0.035 -0.0919091 -0.11805 0.035 -0.119038 -0.115802 0.035 -0.121936 -0.110446 0.035 -0.129098 -0.108554 0.035 -0.0898397 -0.115802 0.035 -0.0907651 -0.0835096 0.035 -0.122686 -0.107484 0.035 -0.128084 -0.0963213 0.035 -0.122686 -0.101394 0.035 -0.0869411 -0.110446 0.035 -0.0859388 -0.104439 0.035 -0.121936 -0.0984318 0.035 -0.0794388 -0.104439 0.035 -0.0861911 -0.101394 0.035 -0.0797797 -0.100324 0.035 -0.119038 -0.0930758 0.035 0.105966 0.0860019 0.01 0.102911 0.0860019 0.035 0.102911 0.0860019 0.01 0.122939 0.104439 0.035 0.122939 0.104439 0.01 0.122686 0.107484 0.01 0.0998973 0.0865049 0.01 0.0998973 0.0865049 0.035 0.0970074 0.087497 0.035 0.0970074 0.087497 0.01 0.0943202 0.0889512 0.035 0.0943202 0.0889512 0.01 0.0919091 0.0908279 0.01 0.0919091 0.0908279 0.035 0.0898397 0.0930758 0.035 0.0898397 0.0930758 0.01 0.0881685 0.0956337 0.035 0.0881685 0.0956337 0.01 0.0869411 0.0984318 0.01 0.0869411 0.0984318 0.035 0.0861911 0.101394 0.035 0.0861911 0.101394 0.01 0.0859388 0.104439 0.035 0.0859388 0.104439 0.01 0.105966 0.0860019 0.035 0.10898 0.0865049 0.01 0.10898 0.0865049 0.035 0.11187 0.087497 0.01 0.11187 0.087497 0.035 0.114557 0.0889512 0.035 0.114557 0.0889512 0.01 0.116968 0.0908279 0.01 0.116968 0.0908279 0.035 0.119038 0.0930758 0.01 0.119038 0.0930758 0.035 0.120709 0.0956337 0.035 0.120709 0.0956337 0.01 0.121936 0.0984318 0.01 0.121936 0.0984318 0.035 0.122686 0.101394 0.01 0.122686 0.101394 0.035 0.121936 0.110446 0.035 0.122686 0.107484 0.035 0.121936 0.110446 0.01 0.116968 0.11805 0.035 0.119038 0.115802 0.035 0.116968 0.11805 0.01 0.120709 0.113244 0.035 0.120709 0.113244 0.01 0.119038 0.115802 0.01 0.11187 0.121381 0.035 0.10898 0.122373 0.01 0.10898 0.122373 0.035 0.114557 0.119926 0.01 0.11187 0.121381 0.01 0.114557 0.119926 0.035 0.0998973 0.122373 0.01 0.0998973 0.122373 0.035 0.102911 0.122876 0.035 0.102911 0.122876 0.01 0.105966 0.122876 0.035 0.105966 0.122876 0.01 0.0919091 0.11805 0.035 0.0943202 0.119926 0.035 0.0919091 0.11805 0.01 0.0970074 0.121381 0.035 0.0970074 0.121381 0.01 0.0943202 0.119926 0.01 0.0881685 0.113244 0.01 0.0898397 0.115802 0.035 0.0898397 0.115802 0.01 0.0869411 0.110446 0.01 0.0881685 0.113244 0.035 0.0869411 0.110446 0.035 0.0861911 0.107484 0.01 0.0861911 0.107484 0.035 0.0943202 0.119926 0.035 0.0919091 0.11805 0.035 0.0875067 0.122832 0.035 0.110576 0.128674 0.035 0.11187 0.121381 0.035 0.10898 0.122373 0.035 0.106503 0.129353 0.035 0.105966 0.122876 0.035 0.114557 0.119926 0.035 0.114481 0.127333 0.035 0.102374 0.129353 0.035 0.102911 0.122876 0.035 0.121371 0.122832 0.035 0.116968 0.11805 0.035 0.0983016 0.128674 0.035 0.0998973 0.122373 0.035 0.126426 0.116337 0.035 0.119038 0.115802 0.035 0.124167 0.119794 0.035 0.0943964 0.127333 0.035 0.0970074 0.121381 0.035 0.120709 0.113244 0.035 0.128084 0.112556 0.035 0.121936 0.110446 0.035 0.0907651 0.125368 0.035 0.122686 0.101394 0.035 0.129098 0.100324 0.035 0.128084 0.0963213 0.035 0.0881685 0.113244 0.035 0.0824519 0.116337 0.035 0.0847102 0.119794 0.035 0.0794388 0.104439 0.035 0.0797797 0.108554 0.035 0.0859388 0.104439 0.035 0.0824519 0.0925401 0.035 0.0807933 0.0963213 0.035 0.0881685 0.0956337 0.035 0.126426 0.0925401 0.035 0.124167 0.0890834 0.035 0.120709 0.0956337 0.035 0.0943202 0.0889512 0.035 0.0907651 0.0835096 0.035 0.0875067 0.0860457 0.035 0.11187 0.087497 0.035 0.114557 0.0889512 0.035 0.118112 0.0835096 0.035 0.102374 0.0795241 0.035 0.0998973 0.0865049 0.035 0.102911 0.0860019 0.035 0.106503 0.0795241 0.035 0.105966 0.0860019 0.035 0.0970074 0.087497 0.035 0.0943964 0.0815444 0.035 0.0983016 0.0802037 0.035 0.110576 0.0802037 0.035 0.10898 0.0865049 0.035 0.0847102 0.0890834 0.035 0.0919091 0.0908279 0.035 0.114481 0.0815444 0.035 0.121371 0.0860457 0.035 0.116968 0.0908279 0.035 0.0898397 0.0930758 0.035 0.0869411 0.0984318 0.035 0.0797797 0.100324 0.035 0.119038 0.0930758 0.035 0.118112 0.125368 0.035 0.0861911 0.101394 0.035 0.0807933 0.112556 0.035 0.0861911 0.107484 0.035 0.121936 0.0984318 0.035 0.122939 0.104439 0.035 0.0869411 0.110446 0.035 0.129439 0.104439 0.035 0.122686 0.107484 0.035 0.129098 0.108554 0.035 0.0898397 0.115802 0.035 -0.0859388 -0.104439 0.01 -0.11187 -0.087497 0.01 -0.10898 -0.0865049 0.01 -0.0970074 -0.087497 0.01 -0.0919091 -0.0908279 0.01 -0.0898397 -0.0930758 0.01 -0.0943202 -0.0889512 0.01 -0.0881685 -0.0956337 0.01 -0.0998973 -0.0865049 0.01 -0.0869411 -0.0984318 0.01 -0.102911 -0.0860019 0.01 -0.105966 -0.0860019 0.01 -0.0861911 -0.101394 0.01 -0.0881685 -0.113244 0.01 -0.116968 -0.0908279 0.01 -0.0869411 -0.110446 0.01 -0.0861911 -0.107484 0.01 -0.114557 -0.0889512 0.01 -0.119038 -0.0930758 0.01 -0.0898397 -0.115802 0.01 -0.120709 -0.0956337 0.01 -0.0970074 -0.121381 0.01 -0.122939 -0.104439 0.01 -0.122686 -0.101394 0.01 -0.0919091 -0.11805 0.01 -0.0943202 -0.119926 0.01 -0.121936 -0.0984318 0.01 -0.121936 -0.110446 0.01 -0.105966 -0.122876 0.01 -0.120709 -0.113244 0.01 -0.122686 -0.107484 0.01 -0.0998973 -0.122373 0.01 -0.102911 -0.122876 0.01 -0.116968 -0.11805 0.01 -0.11187 -0.121381 0.01 -0.114557 -0.119926 0.01 -0.119038 -0.115802 0.01 -0.10898 -0.122373 0.01 0.122939 0.104439 0.01 0.0970074 0.121381 0.01 0.0998973 0.122373 0.01 0.11187 0.121381 0.01 0.116968 0.11805 0.01 0.119038 0.115802 0.01 0.114557 0.119926 0.01 0.120709 0.113244 0.01 0.10898 0.122373 0.01 0.121936 0.110446 0.01 0.105966 0.122876 0.01 0.102911 0.122876 0.01 0.122686 0.107484 0.01 0.120709 0.0956337 0.01 0.0919091 0.11805 0.01 0.121936 0.0984318 0.01 0.122686 0.101394 0.01 0.0943202 0.119926 0.01 0.0898397 0.115802 0.01 0.119038 0.0930758 0.01 0.0881685 0.113244 0.01 0.11187 0.087497 0.01 0.0859388 0.104439 0.01 0.0861911 0.107484 0.01 0.116968 0.0908279 0.01 0.114557 0.0889512 0.01 0.0869411 0.110446 0.01 0.0869411 0.0984318 0.01 0.102911 0.0860019 0.01 0.0881685 0.0956337 0.01 0.0861911 0.101394 0.01 0.10898 0.0865049 0.01 0.105966 0.0860019 0.01 0.0919091 0.0908279 0.01 0.0970074 0.087497 0.01 0.0943202 0.0889512 0.01 0.0898397 0.0930758 0.01 0.0998973 0.0865049 0.01 -0.105915 -0.122948 0 -0.102859 -0.122948 -0.025 -0.102859 -0.122948 0 -0.122887 -0.104512 -0.025 -0.122887 -0.104512 0 -0.122635 -0.101467 0 -0.0998455 -0.122445 0 -0.0998455 -0.122445 -0.025 -0.0969556 -0.121453 -0.025 -0.0969556 -0.121453 0 -0.0942684 -0.119999 -0.025 -0.0942684 -0.119999 0 -0.0918573 -0.118122 0 -0.0918573 -0.118122 -0.025 -0.0897879 -0.115874 -0.025 -0.0897879 -0.115874 0 -0.0881167 -0.113317 -0.025 -0.0881167 -0.113317 0 -0.0868893 -0.110519 0 -0.0868893 -0.110519 -0.025 -0.0861393 -0.107557 -0.025 -0.0861393 -0.107557 0 -0.085887 -0.104512 -0.025 -0.085887 -0.104512 0 -0.105915 -0.122948 -0.025 -0.108928 -0.122445 0 -0.108928 -0.122445 -0.025 -0.111818 -0.121453 0 -0.111818 -0.121453 -0.025 -0.114506 -0.119999 -0.025 -0.114506 -0.119999 0 -0.116917 -0.118122 0 -0.116917 -0.118122 -0.025 -0.118986 -0.115874 0 -0.118986 -0.115874 -0.025 -0.120657 -0.113317 -0.025 -0.120657 -0.113317 0 -0.121885 -0.110519 0 -0.121885 -0.110519 -0.025 -0.122635 -0.107557 0 -0.122635 -0.107557 -0.025 -0.121885 -0.0985046 -0.025 -0.122635 -0.101467 -0.025 -0.121885 -0.0985046 0 -0.116917 -0.0909007 -0.025 -0.118986 -0.0931486 -0.025 -0.116917 -0.0909007 0 -0.120657 -0.0957065 -0.025 -0.120657 -0.0957065 0 -0.118986 -0.0931486 0 -0.111818 -0.0875698 -0.025 -0.108928 -0.0865777 0 -0.108928 -0.0865777 -0.025 -0.114506 -0.089024 0 -0.111818 -0.0875698 0 -0.114506 -0.089024 -0.025 -0.0998455 -0.0865777 0 -0.0998455 -0.0865777 -0.025 -0.102859 -0.0860748 -0.025 -0.102859 -0.0860748 0 -0.105915 -0.0860748 -0.025 -0.105915 -0.0860748 0 -0.0918573 -0.0909007 -0.025 -0.0942684 -0.089024 -0.025 -0.0918573 -0.0909007 0 -0.0969556 -0.0875698 -0.025 -0.0969556 -0.0875698 0 -0.0942684 -0.089024 0 -0.0881167 -0.0957065 0 -0.0897879 -0.0931486 -0.025 -0.0897879 -0.0931486 0 -0.0868893 -0.0985046 0 -0.0881167 -0.0957065 -0.025 -0.0868893 -0.0985046 -0.025 -0.0861393 -0.101467 0 -0.0861393 -0.101467 -0.025 -0.0839752 -0.0900825 -3.55271e-18 -0.0867632 -0.0867632 -3.55271e-18 -0.0867632 -0.0867632 -0.025 -0.0839752 -0.0900825 -0.025 -0.0818022 -0.0938333 -3.55271e-18 -0.0818022 -0.0938333 -0.025 -0.0803095 -0.0979031 -3.55271e-18 -0.079542 -0.102169 0 -0.0803095 -0.0979031 -0.025 -0.079542 -0.102169 -0.025 -0.0900825 -0.0839752 -0.025 -0.0938333 -0.0818022 -0.025 -0.0900825 -0.0839752 -3.55271e-18 -0.0938333 -0.0818022 -3.55271e-18 -0.0979031 -0.0803095 -0.025 -0.0979031 -0.0803095 -3.55271e-18 -0.102169 -0.079542 -0.025 -0.102169 -0.079542 0 -0.120657 -0.113317 -0.025 -0.126253 -0.116652 -0.025 -0.118986 -0.115874 -0.025 -0.0998455 -0.122445 -0.025 -0.0970353 -0.128317 -0.025 -0.0969556 -0.121453 -0.025 -0.101185 -0.129226 -0.025 -0.102859 -0.122948 -0.025 -0.0942684 -0.119999 -0.025 -0.0930993 -0.126719 -0.025 -0.105915 -0.122948 -0.025 -0.105429 -0.129419 -0.025 -0.0894906 -0.124478 -0.025 -0.0918573 -0.118122 -0.025 -0.108928 -0.122445 -0.025 -0.109644 -0.128891 -0.025 -0.0863137 -0.121657 -0.025 -0.0897879 -0.115874 -0.025 -0.113709 -0.127657 -0.025 -0.111818 -0.121453 -0.025 -0.08366 -0.11834 -0.025 -0.0881167 -0.113317 -0.025 -0.0795172 -0.106417 -0.025 -0.085887 -0.104512 -0.025 -0.0861393 -0.107557 -0.025 -0.114506 -0.119999 -0.025 -0.117506 -0.125752 -0.025 -0.121885 -0.110519 -0.025 -0.122635 -0.107557 -0.025 -0.129078 -0.108672 -0.025 -0.0969556 -0.0875698 -0.025 -0.0942684 -0.089024 -0.025 -0.0938333 -0.0818022 -0.025 -0.105915 -0.0860748 -0.025 -0.102859 -0.0860748 -0.025 -0.106319 -0.0795095 -0.025 -0.120657 -0.0957065 -0.025 -0.128071 -0.0962824 -0.025 -0.121885 -0.0985046 -0.025 -0.114349 -0.081487 -0.025 -0.118009 -0.0834424 -0.025 -0.111818 -0.0875698 -0.025 -0.121295 -0.0859762 -0.025 -0.116917 -0.0909007 -0.025 -0.114506 -0.089024 -0.025 -0.108928 -0.0865777 -0.025 -0.110416 -0.0801639 -0.025 -0.0998455 -0.0865777 -0.025 -0.102169 -0.079542 -0.025 -0.118986 -0.0931486 -0.025 -0.124117 -0.0890186 -0.025 -0.126396 -0.0924858 -0.025 -0.0979031 -0.0803095 -0.025 -0.122887 -0.104512 -0.025 -0.129439 -0.104439 -0.025 -0.129094 -0.100304 -0.025 -0.122635 -0.101467 -0.025 -0.0839752 -0.0900825 -0.025 -0.0897879 -0.0931486 -0.025 -0.0881167 -0.0957065 -0.025 -0.0918573 -0.0909007 -0.025 -0.0867632 -0.0867632 -0.025 -0.128005 -0.112782 -0.025 -0.079542 -0.102169 -0.025 -0.0861393 -0.101467 -0.025 -0.0818022 -0.0938333 -0.025 -0.0868893 -0.0985046 -0.025 -0.0803095 -0.0979031 -0.025 -0.116917 -0.118122 -0.025 -0.120926 -0.123232 -0.025 -0.12387 -0.120169 -0.025 -0.0816064 -0.114621 -0.025 -0.0868893 -0.110519 -0.025 -0.080212 -0.110608 -0.025 -0.0900825 -0.0839752 -0.025 0.102859 0.0860748 0 0.105915 0.0860748 -0.025 0.105915 0.0860748 0 0.085887 0.104512 -0.025 0.085887 0.104512 0 0.0861393 0.107557 0 0.108928 0.0865777 0 0.108928 0.0865777 -0.025 0.111818 0.0875698 -0.025 0.111818 0.0875698 0 0.114506 0.089024 -0.025 0.114506 0.089024 0 0.116917 0.0909007 0 0.116917 0.0909007 -0.025 0.118986 0.0931486 -0.025 0.118986 0.0931486 0 0.120657 0.0957065 -0.025 0.120657 0.0957065 0 0.121885 0.0985046 0 0.121885 0.0985046 -0.025 0.122635 0.101467 -0.025 0.122635 0.101467 0 0.122887 0.104512 -0.025 0.122887 0.104512 0 0.102859 0.0860748 -0.025 0.0998455 0.0865777 0 0.0998455 0.0865777 -0.025 0.0969556 0.0875698 0 0.0969556 0.0875698 -0.025 0.0942684 0.089024 -0.025 0.0942684 0.089024 0 0.0918573 0.0909007 0 0.0918573 0.0909007 -0.025 0.0897879 0.0931486 0 0.0897879 0.0931486 -0.025 0.0881167 0.0957065 -0.025 0.0881167 0.0957065 0 0.0868893 0.0985046 0 0.0868893 0.0985046 -0.025 0.0861393 0.101467 0 0.0861393 0.101467 -0.025 0.0868893 0.110519 -0.025 0.0861393 0.107557 -0.025 0.0868893 0.110519 0 0.0918573 0.118122 -0.025 0.0897879 0.115874 -0.025 0.0918573 0.118122 0 0.0881167 0.113317 -0.025 0.0881167 0.113317 0 0.0897879 0.115874 0 0.0969556 0.121453 -0.025 0.0998455 0.122445 0 0.0998455 0.122445 -0.025 0.0942684 0.119999 0 0.0969556 0.121453 0 0.0942684 0.119999 -0.025 0.108928 0.122445 0 0.108928 0.122445 -0.025 0.105915 0.122948 -0.025 0.105915 0.122948 0 0.102859 0.122948 -0.025 0.102859 0.122948 0 0.116917 0.118122 -0.025 0.114506 0.119999 -0.025 0.116917 0.118122 0 0.111818 0.121453 -0.025 0.111818 0.121453 0 0.114506 0.119999 0 0.120657 0.113317 0 0.118986 0.115874 -0.025 0.118986 0.115874 0 0.121885 0.110519 0 0.120657 0.113317 -0.025 0.121885 0.110519 -0.025 0.122635 0.107557 0 0.122635 0.107557 -0.025 0.0839752 0.0900825 0 0.0867632 0.0867632 0 0.0867632 0.0867632 -0.025 0.0839752 0.0900825 -0.025 0.0818022 0.0938333 0 0.0818022 0.0938333 -0.025 0.0803095 0.0979031 0 0.079542 0.102169 0 0.0803095 0.0979031 -0.025 0.079542 0.102169 -0.025 0.0900825 0.0839752 -0.025 0.0938333 0.0818022 -0.025 0.0900825 0.0839752 0 0.0938333 0.0818022 0 0.0979031 0.0803095 -0.025 0.0979031 0.0803095 0 0.102169 0.079542 -0.025 0.102169 0.079542 0 0.0915528 0.125862 -0.025 0.0969556 0.121453 -0.025 0.095399 0.127747 -0.025 0.103767 0.12943 -0.025 0.102859 0.122948 -0.025 0.105915 0.122948 -0.025 0.0998455 0.122445 -0.025 0.0995105 0.128948 -0.025 0.108928 0.122445 -0.025 0.108043 0.129178 -0.025 0.0942684 0.119999 -0.025 0.0880849 0.123348 -0.025 0.0918573 0.118122 -0.025 0.082677 0.116744 -0.025 0.0897879 0.115874 -0.025 0.085097 0.120278 -0.025 0.0868893 0.110519 -0.025 0.0881167 0.113317 -0.025 0.0808958 0.112849 -0.025 0.111818 0.121453 -0.025 0.112213 0.128199 -0.025 0.0798057 0.108706 -0.025 0.0794388 0.104439 -0.025 0.0861393 0.107557 -0.025 0.114506 0.119999 -0.025 0.116155 0.126523 -0.025 0.079542 0.102169 -0.025 0.0803095 0.0979031 -0.025 0.0861393 0.101467 -0.025 0.116917 0.118122 -0.025 0.119753 0.124199 -0.025 0.122635 0.107557 -0.025 0.128807 0.110024 -0.025 0.121885 0.110519 -0.025 0.0900825 0.0839752 -0.025 0.0942684 0.089024 -0.025 0.0918573 0.0909007 -0.025 0.1284 0.0973061 -0.025 0.122635 0.101467 -0.025 0.121885 0.0985046 -0.025 0.105915 0.0860748 -0.025 0.102859 0.0860748 -0.025 0.102169 0.079542 -0.025 0.116917 0.0909007 -0.025 0.121785 0.0864359 -0.025 0.118986 0.0931486 -0.025 0.108928 0.0865777 -0.025 0.110677 0.0802296 -0.025 0.111818 0.0875698 -0.025 0.114506 0.089024 -0.025 0.114718 0.0816498 -0.025 0.106453 0.07952 -0.025 0.0979031 0.0803095 -0.025 0.0998455 0.0865777 -0.025 0.0969556 0.0875698 -0.025 0.118457 0.083739 -0.025 0.124604 0.0896613 -0.025 0.120657 0.0957065 -0.025 0.0938333 0.0818022 -0.025 0.0897879 0.0931486 -0.025 0.0867632 0.0867632 -0.025 0.12683 0.0933205 -0.025 0.129266 0.101501 -0.025 0.122887 0.104512 -0.025 0.0839752 0.0900825 -0.025 0.0881167 0.0957065 -0.025 0.0818022 0.0938333 -0.025 0.0868893 0.0985046 -0.025 0.129403 0.105782 -0.025 0.120657 0.113317 -0.025 0.127496 0.114102 -0.025 0.118986 0.115874 -0.025 0.122901 0.121295 -0.025 0.125508 0.117896 -0.025 0.085887 0.104512 -0.025 -0.0900825 0.0839752 -3.55271e-18 -0.0867632 0.0867632 -3.55271e-18 -0.0867632 0.0867632 -0.025 -0.0900825 0.0839752 -0.025 -0.0938333 0.0818022 -3.55271e-18 -0.0938333 0.0818022 -0.025 -0.0979031 0.0803095 -3.55271e-18 -0.102169 0.079542 0 -0.0979031 0.0803095 -0.025 -0.102169 0.079542 -0.025 -0.0839752 0.0900825 -0.025 -0.0818022 0.0938333 -0.025 -0.0839752 0.0900825 -3.55271e-18 -0.0818022 0.0938333 -3.55271e-18 -0.0803095 0.0979031 -0.025 -0.0803095 0.0979031 -3.55271e-18 -0.079542 0.102169 -0.025 -0.079542 0.102169 0 -0.103602 0.0860282 0 -0.105915 0.0860748 -0.025 -0.102859 0.0860748 -0.025 -0.12282 0.10608 0 -0.122887 0.104512 -0.025 -0.12282 0.102943 0 -0.0998455 0.0865777 -0.025 -0.100489 0.0864268 0 -0.0969556 0.0875698 -0.025 -0.0974891 0.0873456 0 -0.0946873 0.0887583 0 -0.0942684 0.089024 -0.025 -0.0918573 0.0909007 -0.025 -0.0921645 0.0906241 0 -0.0897879 0.0931486 -0.025 -0.0899933 0.0928895 0 -0.0882362 0.0954892 0 -0.0881167 0.0957065 -0.025 -0.0868893 0.0985046 -0.025 -0.0869437 0.0983485 0 -0.0861393 0.101467 -0.025 -0.0861531 0.101385 0 -0.085887 0.104512 0 -0.085887 0.104512 -0.025 -0.106737 0.0861614 0 -0.109804 0.0868225 0 -0.108928 0.0865777 -0.025 -0.111818 0.0875698 -0.025 -0.112716 0.0879924 0 -0.115388 0.0896376 0 -0.114506 0.089024 -0.025 -0.117743 0.0917107 0 -0.116917 0.0909007 -0.025 -0.118986 0.0931486 -0.025 -0.119714 0.094152 0 -0.121245 0.0968914 0 -0.120657 0.0957065 -0.025 -0.12229 0.09985 0 -0.121885 0.0985046 -0.025 -0.122635 0.101467 -0.025 -0.119714 0.114871 0 -0.120657 0.113317 -0.025 -0.121245 0.112132 0 -0.12229 0.109173 0 -0.121885 0.110519 -0.025 -0.122635 0.107557 -0.025 -0.114506 0.119999 -0.025 -0.115388 0.119386 0 -0.112716 0.121031 0 -0.118986 0.115874 -0.025 -0.117743 0.117312 0 -0.116917 0.118122 -0.025 -0.106737 0.122862 0 -0.103602 0.122995 0 -0.105915 0.122948 -0.025 -0.109804 0.122201 0 -0.108928 0.122445 -0.025 -0.111818 0.121453 -0.025 -0.0946873 0.120265 0 -0.0969556 0.121453 -0.025 -0.0974891 0.121678 0 -0.0998455 0.122445 -0.025 -0.102859 0.122948 -0.025 -0.100489 0.122596 0 -0.0897879 0.115874 -0.025 -0.0918573 0.118122 -0.025 -0.0899933 0.116134 0 -0.0942684 0.119999 -0.025 -0.0921645 0.118399 0 -0.0882362 0.113534 0 -0.0881167 0.113317 -0.025 -0.0869437 0.110675 0 -0.0868893 0.110519 -0.025 -0.0861393 0.107557 -0.025 -0.0861531 0.107638 0 -0.121885 0.0985046 -0.025 -0.129094 0.100304 -0.025 -0.128071 0.0962824 -0.025 -0.085887 0.104512 -0.025 -0.0795172 0.106417 -0.025 -0.0861393 0.107557 -0.025 -0.129078 0.108672 -0.025 -0.129439 0.104439 -0.025 -0.122635 0.107557 -0.025 -0.0897879 0.115874 -0.025 -0.0863137 0.121657 -0.025 -0.0918573 0.118122 -0.025 -0.120926 0.123232 -0.025 -0.116917 0.118122 -0.025 -0.114506 0.119999 -0.025 -0.101185 0.129226 -0.025 -0.102859 0.122948 -0.025 -0.0998455 0.122445 -0.025 -0.113709 0.127657 -0.025 -0.117506 0.125752 -0.025 -0.111818 0.121453 -0.025 -0.105429 0.129419 -0.025 -0.105915 0.122948 -0.025 -0.108928 0.122445 -0.025 -0.109644 0.128891 -0.025 -0.12387 0.120169 -0.025 -0.126253 0.116652 -0.025 -0.118986 0.115874 -0.025 -0.0969556 0.121453 -0.025 -0.0970353 0.128317 -0.025 -0.120657 0.113317 -0.025 -0.128005 0.112782 -0.025 -0.121885 0.110519 -0.025 -0.0894906 0.124478 -0.025 -0.0942684 0.119999 -0.025 -0.0930993 0.126719 -0.025 -0.122635 0.101467 -0.025 -0.0881167 0.113317 -0.025 -0.0868893 0.110519 -0.025 -0.0816064 0.114621 -0.025 -0.08366 0.11834 -0.025 -0.080212 0.110608 -0.025 -0.124117 0.0890186 -0.025 -0.116917 0.0909007 -0.025 -0.118986 0.0931486 -0.025 -0.120657 0.0957065 -0.025 -0.126396 0.0924858 -0.025 -0.114506 0.089024 -0.025 -0.121295 0.0859762 -0.025 -0.0861393 0.101467 -0.025 -0.079542 0.102169 -0.025 -0.111818 0.0875698 -0.025 -0.118009 0.0834424 -0.025 -0.0868893 0.0985046 -0.025 -0.0803095 0.0979031 -0.025 -0.108928 0.0865777 -0.025 -0.114349 0.081487 -0.025 -0.0818022 0.0938333 -0.025 -0.0881167 0.0957065 -0.025 -0.0897879 0.0931486 -0.025 -0.0839752 0.0900825 -0.025 -0.0938333 0.0818022 -0.025 -0.0942684 0.089024 -0.025 -0.0969556 0.0875698 -0.025 -0.102859 0.0860748 -0.025 -0.105915 0.0860748 -0.025 -0.106319 0.0795095 -0.025 -0.0998455 0.0865777 -0.025 -0.102169 0.079542 -0.025 -0.0979031 0.0803095 -0.025 -0.0918573 0.0909007 -0.025 -0.0867632 0.0867632 -0.025 -0.0900825 0.0839752 -0.025 -0.110416 0.0801639 -0.025 -0.122887 0.104512 -0.025 -0.115388 0.119386 0 -0.0882362 0.0954892 0 -0.112716 0.121031 0 -0.0899933 0.116134 0 -0.0946873 0.120265 0 -0.0882362 0.113534 0 -0.0921645 0.118399 0 -0.0869437 0.110675 0 -0.0974891 0.121678 0 -0.100489 0.122596 0 -0.0861531 0.107638 0 -0.103602 0.122995 0 -0.085887 0.104512 0 -0.109804 0.122201 0 -0.0869437 0.0983485 0 -0.0861531 0.101385 0 -0.106737 0.122862 0 -0.119714 0.114871 0 -0.121245 0.112132 0 -0.0946873 0.0887583 0 -0.0921645 0.0906241 0 -0.0899933 0.0928895 0 -0.117743 0.117312 0 -0.12229 0.109173 0 -0.100489 0.0864268 0 -0.0974891 0.0873456 0 -0.12229 0.09985 0 -0.109804 0.0868225 0 -0.106737 0.0861614 0 -0.12282 0.102943 0 -0.103602 0.0860282 0 -0.12282 0.10608 0 -0.119714 0.094152 0 -0.117743 0.0917107 0 -0.115388 0.0896376 0 -0.112716 0.0879924 0 -0.121245 0.0968914 0 0.0900825 -0.0839752 0 0.0867632 -0.0867632 0 0.0867632 -0.0867632 -0.025 0.0900825 -0.0839752 -0.025 0.0938333 -0.0818022 0 0.0938333 -0.0818022 -0.025 0.0979031 -0.0803095 0 0.102169 -0.079542 0 0.0979031 -0.0803095 -0.025 0.102169 -0.079542 -0.025 0.0839752 -0.0900825 -0.025 0.0818022 -0.0938333 -0.025 0.0839752 -0.0900825 0 0.0818022 -0.0938333 0 0.0803095 -0.0979031 -0.025 0.0803095 -0.0979031 0 0.079542 -0.102169 -0.025 0.079542 -0.102169 0 0.105172 -0.122995 0 0.102859 -0.122948 -0.025 0.105915 -0.122948 -0.025 0.0859536 -0.102943 0 0.085887 -0.104512 -0.025 0.0859536 -0.10608 0 0.108928 -0.122445 -0.025 0.108285 -0.122596 0 0.111818 -0.121453 -0.025 0.111285 -0.121678 0 0.114087 -0.120265 0 0.114506 -0.119999 -0.025 0.116917 -0.118122 -0.025 0.116609 -0.118399 0 0.118986 -0.115874 -0.025 0.118781 -0.116134 0 0.120538 -0.113534 0 0.120657 -0.113317 -0.025 0.121885 -0.110519 -0.025 0.12183 -0.110675 0 0.122635 -0.107557 -0.025 0.122621 -0.107638 0 0.122887 -0.104512 0 0.122887 -0.104512 -0.025 0.102037 -0.122862 0 0.0989698 -0.122201 0 0.0998455 -0.122445 -0.025 0.0969556 -0.121453 -0.025 0.0960582 -0.121031 0 0.0933863 -0.119386 0 0.0942684 -0.119999 -0.025 0.0910308 -0.117312 0 0.0918573 -0.118122 -0.025 0.0897879 -0.115874 -0.025 0.0890595 -0.114871 0 0.0875292 -0.112132 0 0.0881167 -0.113317 -0.025 0.0864839 -0.109173 0 0.0868893 -0.110519 -0.025 0.0861393 -0.107557 -0.025 0.0890595 -0.094152 0 0.0881167 -0.0957065 -0.025 0.0875292 -0.0968914 0 0.0864839 -0.09985 0 0.0868893 -0.0985046 -0.025 0.0861393 -0.101467 -0.025 0.0942684 -0.089024 -0.025 0.0933863 -0.0896376 0 0.0960582 -0.0879924 0 0.0897879 -0.0931486 -0.025 0.0910308 -0.0917107 0 0.0918573 -0.0909007 -0.025 0.102037 -0.0861614 0 0.105172 -0.0860282 0 0.102859 -0.0860748 -0.025 0.0989698 -0.0868225 0 0.0998455 -0.0865777 -0.025 0.0969556 -0.0875698 -0.025 0.114087 -0.0887583 0 0.111818 -0.0875698 -0.025 0.111285 -0.0873456 0 0.108928 -0.0865777 -0.025 0.105915 -0.0860748 -0.025 0.108285 -0.0864268 0 0.118986 -0.0931486 -0.025 0.116917 -0.0909007 -0.025 0.118781 -0.0928895 0 0.114506 -0.089024 -0.025 0.116609 -0.0906241 0 0.120538 -0.0954892 0 0.120657 -0.0957065 -0.025 0.12183 -0.0983485 0 0.121885 -0.0985046 -0.025 0.122635 -0.101467 -0.025 0.122621 -0.101385 0 0.0868893 -0.110519 -0.025 0.0808958 -0.112849 -0.025 0.0881167 -0.113317 -0.025 0.116155 -0.126523 -0.025 0.114506 -0.119999 -0.025 0.111818 -0.121453 -0.025 0.0880849 -0.123348 -0.025 0.0942684 -0.119999 -0.025 0.0918573 -0.118122 -0.025 0.122635 -0.107557 -0.025 0.121885 -0.110519 -0.025 0.128807 -0.110024 -0.025 0.0998455 -0.122445 -0.025 0.0995105 -0.128948 -0.025 0.102859 -0.122948 -0.025 0.116917 -0.118122 -0.025 0.122901 -0.121295 -0.025 0.118986 -0.115874 -0.025 0.108043 -0.129178 -0.025 0.108928 -0.122445 -0.025 0.105915 -0.122948 -0.025 0.112213 -0.128199 -0.025 0.119753 -0.124199 -0.025 0.103767 -0.12943 -0.025 0.0969556 -0.121453 -0.025 0.095399 -0.127747 -0.025 0.120657 -0.113317 -0.025 0.125508 -0.117896 -0.025 0.0915528 -0.125862 -0.025 0.085097 -0.120278 -0.025 0.0897879 -0.115874 -0.025 0.127496 -0.114102 -0.025 0.129403 -0.105782 -0.025 0.122887 -0.104512 -0.025 0.082677 -0.116744 -0.025 0.0798057 -0.108706 -0.025 0.129266 -0.101501 -0.025 0.122635 -0.101467 -0.025 0.0861393 -0.107557 -0.025 0.121885 -0.0985046 -0.025 0.12683 -0.0933205 -0.025 0.120657 -0.0957065 -0.025 0.118986 -0.0931486 -0.025 0.121785 -0.0864359 -0.025 0.116917 -0.0909007 -0.025 0.085887 -0.104512 -0.025 0.0794388 -0.104439 -0.025 0.114506 -0.089024 -0.025 0.118457 -0.083739 -0.025 0.079542 -0.102169 -0.025 0.0803095 -0.0979031 -0.025 0.0861393 -0.101467 -0.025 0.0868893 -0.0985046 -0.025 0.0881167 -0.0957065 -0.025 0.0839752 -0.0900825 -0.025 0.0818022 -0.0938333 -0.025 0.114718 -0.0816498 -0.025 0.111818 -0.0875698 -0.025 0.0998455 -0.0865777 -0.025 0.102859 -0.0860748 -0.025 0.102169 -0.079542 -0.025 0.0918573 -0.0909007 -0.025 0.0867632 -0.0867632 -0.025 0.0897879 -0.0931486 -0.025 0.0938333 -0.0818022 -0.025 0.0900825 -0.0839752 -0.025 0.0942684 -0.089024 -0.025 0.0969556 -0.0875698 -0.025 0.0979031 -0.0803095 -0.025 0.105915 -0.0860748 -0.025 0.108928 -0.0865777 -0.025 0.110677 -0.0802296 -0.025 0.106453 -0.07952 -0.025 0.124604 -0.0896613 -0.025 0.1284 -0.0973061 -0.025 0.0933863 -0.0896376 0 0.120538 -0.113534 0 0.0960582 -0.0879924 0 0.118781 -0.0928895 0 0.114087 -0.0887583 0 0.120538 -0.0954892 0 0.116609 -0.0906241 0 0.12183 -0.0983485 0 0.111285 -0.0873456 0 0.108285 -0.0864268 0 0.122621 -0.101385 0 0.105172 -0.0860282 0 0.122887 -0.104512 0 0.0989698 -0.0868225 0 0.12183 -0.110675 0 0.122621 -0.107638 0 0.102037 -0.0861614 0 0.0890595 -0.094152 0 0.0875292 -0.0968914 0 0.114087 -0.120265 0 0.116609 -0.118399 0 0.118781 -0.116134 0 0.0910308 -0.0917107 0 0.0864839 -0.09985 0 0.108285 -0.122596 0 0.111285 -0.121678 0 0.0864839 -0.109173 0 0.0989698 -0.122201 0 0.102037 -0.122862 0 0.0859536 -0.10608 0 0.105172 -0.122995 0 0.0859536 -0.102943 0 0.0890595 -0.114871 0 0.0910308 -0.117312 0 0.0933863 -0.119386 0 0.0960582 -0.121031 0 0.0875292 -0.112132 0 -0.116917 -0.118122 0 -0.114506 -0.119999 0 -0.111818 -0.121453 0 -0.111818 -0.0875698 0 -0.114506 -0.089024 0 -0.0861393 -0.107557 0 -0.108928 -0.122445 0 -0.118986 -0.115874 0 -0.105915 -0.122948 0 -0.120657 -0.113317 0 -0.121885 -0.110519 0 -0.102859 -0.122948 0 -0.122635 -0.107557 0 -0.0998455 -0.122445 0 -0.122887 -0.104512 0 -0.0969556 -0.121453 0 -0.0942684 -0.119999 0 -0.122635 -0.101467 0 -0.0881167 -0.113317 0 -0.118986 -0.0931486 0 -0.0897879 -0.115874 0 -0.120657 -0.0957065 0 -0.121885 -0.0985046 0 -0.0918573 -0.118122 0 -0.085887 -0.104512 0 -0.116917 -0.0909007 0 -0.0868893 -0.110519 0 -0.0868893 -0.0985046 0 -0.0881167 -0.0957065 0 -0.102859 -0.0860748 0 -0.0861393 -0.101467 0 -0.105915 -0.0860748 0 -0.108928 -0.0865777 0 -0.0969556 -0.0875698 0 -0.0918573 -0.0909007 0 -0.0942684 -0.089024 0 -0.0897879 -0.0931486 0 -0.0998455 -0.0865777 0 0.0918573 0.0909007 0 0.0942684 0.089024 0 0.0969556 0.0875698 0 0.0969556 0.121453 0 0.0942684 0.119999 0 0.122635 0.101467 0 0.0998455 0.0865777 0 0.0897879 0.0931486 0 0.102859 0.0860748 0 0.0881167 0.0957065 0 0.0868893 0.0985046 0 0.105915 0.0860748 0 0.0861393 0.101467 0 0.108928 0.0865777 0 0.085887 0.104512 0 0.111818 0.0875698 0 0.114506 0.089024 0 0.0861393 0.107557 0 0.120657 0.0957065 0 0.0897879 0.115874 0 0.118986 0.0931486 0 0.0881167 0.113317 0 0.0868893 0.110519 0 0.116917 0.0909007 0 0.122887 0.104512 0 0.0918573 0.118122 0 0.121885 0.0985046 0 0.121885 0.110519 0 0.120657 0.113317 0 0.105915 0.122948 0 0.122635 0.107557 0 0.102859 0.122948 0 0.0998455 0.122445 0 0.111818 0.121453 0 0.116917 0.118122 0 0.114506 0.119999 0 0.118986 0.115874 0 0.108928 0.122445 0</float_array>
          <technique_common>
            <accessor count="3732" source="#ID28" stride="3">
              <param name="X" type="float"/>
              <param name="Y" type="float"/>
              <param name="Z" type="float"/>
            </accessor>
          </technique_common>
        </source>
        <source id="ID29">
          <float_array count="11196" id="ID30">-0 -0 -1 -0 -0 -1 -0 -0 -1 -0 -0 -1 -0 -0 -1 -0 -0 -1 -0 -0 -1 -0 -0 -1 -0 -0 -1 -0 -0 -1 -0 -0 -1 -0 -0 -1 -0 -0 -1 -0 -0 -1 -0 -0 -1 -0 -0 -1 -0 -0 -1 -0 -0 -1 -0 -0 -1 -0 -0 -1 -0 -0 -1 -0 -0 -1 -0 -0 -1 -0 -0 -1 -0 -0 -1 -0 -0 -1 -0 -0 -1 -0 -0 -1 -0 -0 -1 -0 -0 -1 -0 -0 -1 -0 -0 -1 -0 -0 -1 -0 -0 -1 -0 -0 -1 -0 -0 -1 -0 -0 -1 -0 -0 -1 -0 -0 -1 -0 -0 -1 -0 -0 -1 -0 -0 -1 -0 -0 -1 -0 -0 -1 -0 -0 -1 -0 -0 -1 -0 -0 -1 -0 -0 -1 -0 -0 -1 -0 -0 -1 -0 -0 -1 -0 -0 -1 -0 -0 -1 -0 -0 -1 -0 -0 -1 -0 -0 -1 -0 -0 -1 -0 -0 -1 -0 -0 -1 -0 -0 -1 -0 -0 -1 -0 -0 -1 -0 -0 -1 -0 -0 -1 -0 -0 -1 -0 -0 -1 -0 -0 -1 -0 -0 -1 -0 -0 -1 -0 -0 -1 -0 -0 -1 -0 -0 -1 -0 -0 -1 -0 -0 -1 -0 -0 -1 -0 -0 -1 -0 -0 -1 -0 -0 -1 -0 -0 -1 -0 -0 -1 -0 -0 -1 -0 -0 -1 -0 -0 -1 -0 -0 -1 -0 -0 -1 -0 -0 -1 -0 -0 -1 -0 -0 -1 -0 -0 -1 -0 -0 -1 -0 -0 -1 -0 -0 -1 -0 -0 -1 -0 -0 -1 -0 -0 -1 -0 -0 -1 -0 -0 -1 -0 -0 -1 -0 -0 -1 -0 -0 -1 -0 -0 -1 -0 -0 -1 -0 -0 -1 -0 -0 -1 -0 -0 -1 -0 -0 -1 -0 -0 -1 -0 -0 -1 -0 -0 -1 -0 -0 -1 -0 -0 -1 -0 -0 -1 -0 -0 -1 -0 -0 -1 -0 -0 -1 -0 -0 -1 -0 -0 -1 -0 -0 -1 -0 -0 -1 -0 -0 -1 -0 -0 -1 -0 -0 -1 -0 -0 -1 -0 -0 -1 -0 -0 -1 -0 -0 -1 -0 -0 -1 -0 -0 -1 -0 -0 -1 -0 -0 -1 -0 -0 -1 -0 -0 -1 -0 -0 -1 -0 -0 -1 -0 -0 -1 -0 -0 -1 -0 -0 -1 -0 -0 -1 -0 -0 -1 -0 -0 -1 -0 -0 -1 -0 -0 -1 -0 -0 -1 -0 -0 -1 -0 -0 -1 -0 -0 -1 -0 -0 -1 -0 -0 -1 -0 -0 -1 -0 -0 -1 -0 -0 -1 -0 -0 -1 -0 -0 -1 -0 -0 -1 -0 -0 -1 -0 -0 -1 -0 -0 -1 -0 -0 -1 -0 -0 -1 -0 -0 -1 -0 -0 -1 -0 -0 -1 -0 -0 -1 -0 -0 -1 -0 -0 -1 -0 -0 -1 -0 -0 -1 -0 -0 -1 -0 -0 -1 -0 -0 -1 -0 -0 -1 -0 -0 -1 -0 -0 -1 -0 -0 -1 -0 -0 -1 -0 -0 -1 -0 -0 -1 -0 -0 -1 -0 -0 -1 -0 -0 -1 -0 -0 -1 -0 -0 -1 -0 -0 -1 -0 -0 -1 -0 -0 -1 -0 -0 -1 -0 -0 -1 -0 -0 -1 -0 -0 -1 -0 -0 -1 -0 -0 -1 -0 -0 -1 -0 -0 -1 -0 -0 -1 -0 -0 -1 -0 -0 -1 -0 -0 -1 -0 -0 -1 -0 -0 -1 -0 -0 -1 -0 -0 -1 -0 -0 -1 -0 -0 -1 -0 -0 -1 -0 -0 -1 -0 -0 -1 -0 -0 -1 -0 -0 -1 -0 -0 -1 -0 -0 -1 -0 -0 -1 -0 -0 -1 -0 -0 -1 -0 -0 -1 -0 -0 -1 -0 -0 -1 -0 -0 -1 -0 -0 -1 -0 -0 -1 -0 -0 -1 -0 -0 -1 -0 -0 -1 -0 -0 -1 -0 -0 -1 -0 -0 -1 -0 -0 -1 -0 -0 -1 -0 -0 -1 -0 -0 -1 -0 -0 -1 -0 -0 -1 -0 -0 -1 -0 -0 -1 -0 -0 -1 -0 -0 -1 -0 -0 -1 -0 -0 -1 -0 -0 -1 -0 -0 -1 -0 -0 -1 -0 -0 -1 -0 -0 -1 -0 -0 -1 -0 -0 -1 -0 -0 -1 -0 -0 -1 -0 -0 -1 -0 -0 -1 -0 -0 -1 -0 -0 -1 -0 -0 -1 -0 -0 -1 -0 -0 -1 -0 -0 -1 -0 -0 -1 -0 -0 -1 -0 -0 -1 -0 -0 -1 -0 -0 -1 -0 -0 -1 -0 -0 -1 -0 -0 -1 -0 -0 -1 -0 -0 -1 -0 -0 -1 -0 -0 -1 -0 -0 -1 -0 -0 -1 -0 -0 -1 -0 -0 -1 -0 -0 -1 -0 -0 -1 -0 -0 -1 -0 -0 -1 -0 -0 -1 -0 -0 -1 -0 -0 -1 -0 -0 -1 -0 -0 -1 -0 -0 -1 -0 -0 -1 -0 -0 -1 -0 -0 -1 -0 -0 -1 -0 -0 -1 -0 -0 -1 -0 -0 -1 -0 -0 -1 -0 -0 -1 -0 -0 -1 -0 -0 -1 -0 -0 -1 -0 -0 -1 -0 -0 -1 -0 -0 -1 -0 -0 -1 -0 -0 -1 -0 -0 -1 -0 -0 -1 -0 -0 -1 -0 -0 -1 -0 -0 -1 -0 -0 -1 -0 -0 -1 -0 -0 -1 -0 -0 -1 -0 -0 -1 -0 -0 -1 -0 -0 -1 -0 -0 -1 -0 -0 -1 -0 -0 -1 -0 -0 -1 -0 -0 -1 -0 -0 -1 -0 -0 -1 -0 -0 -1 -0 -0 -1 -0 -0 -1 -0 -0 -1 -0 -0 -1 -0 -0 -1 -0 -0 -1 -0 -0 -1 -0 -0 -1 -0 -0 -1 -0 -0 -1 -0 -0 -1 -0 -0 -1 -0 -0 -1 -0 -0 -1 -0 -0 -1 -0 -0 -1 -0 -0 -1 -0 -0 -1 -0 -0 -1 -0 -0 -1 -0 -0 -1 -0 -0 -1 -0 -0 -1 -0 -0 -1 -0 -0 -1 -0 -0 -1 -0 -0 -1 -0 -0 -1 -0 -0 -1 -0 -0 -1 -0 -0 -1 -0 -0 -1 -0 -0 -1 -0 -0 -1 -0 -0 -1 -0 -0 -1 -0 -0 -1 -0 -0 -1 -0 -0 -1 -0 -0 -1 -0 -0 -1 -0 -0 -1 -0 -0 -1 -0 -0 -1 -0 -0 -1 -0 -0 -1 -0 -0 -1 -0 -0 -1 -0 -0 -1 -0 -0 -1 -0 -0 -1 -0 -0 -1 -0 -0 -1 -0 -0 -1 -0 -0 -1 -0 -0 -1 -0 -0 -1 -0 -0 -1 -0 -0 -1 -0 -0 -1 -0 -0 -1 -0 -0 -1 -0 -0 -1 -0 -0 -1 -0 -0 -1 -0 -0 -1 -0 -0 -1 -0 -0 -1 -0 -0 -1 -0 -0 -1 -0 -0 -1 -0 -0 -1 -0 -0 -1 -0 -0 -1 -0 -0 -1 -0 -0 -1 -0 -0 -1 -0 -0 -1 -0 -0 -1 -0 -0 -1 -0 -0 -1 -0 -0 -1 -0 -0 -1 -0 -0 -1 -0 -0 -1 -0 -0 -1 -0 -0 -1 -0 -0 -1 -0 -0 -1 -0 -0 -1 -0 -0 -1 -0 -0 -1 -0 -0 -1 -0 -0 -1 -0 -0 -1 -0 -0 -1 -0 -0 -1 -0 -0 -1 -0 -0 -1 -0 -0 -1 -0 -0 -1 -0 -0 -1 -0 -0 -1 -0 -0 -1 -0 -0 -1 -0 -0 -1 -0 -0 -1 -0 -0 -1 -0 -0 -1 -0 -0 -1 -0 -0 -1 -0 -0 -1 -0 -0 -1 -0 -0 -1 -0 -0 -1 -0 -0 -1 -0 -0 -1 -0 -0 -1 -0 -0 -1 -0 -0 -1 -0 -0 -1 -0 -0 -1 -0 -0 -1 -0 -0 -1 -0 -0 -1 -0 -0 -1 -0 -0 -1 -0 -0 -1 -0 -0 -1 -0 -0 -1 -0 -0 -1 -0 -0 -1 -0 -0 -1 -0 -0 -1 -0 -0 -1 -0 -0 -1 -0 -0 -1 -0 -0 -1 -0 -0 -1 -0 -0 -1 -0 -0 -1 -0 -0 -1 -0 -0 -1 0 0 1 0 0 1 0 0 1 0 0 1 0 0 1 0 0 1 0 0 1 0 0 1 0 0 1 0 0 1 0 0 1 0 0 1 0 0 1 0 0 1 0 0 1 0 0 1 0 0 1 0 0 1 0 0 1 0 0 1 0 0 1 0 0 1 0 0 1 0 0 1 0 0 1 0 0 1 0 0 1 0 0 1 0 0 1 0 0 1 0 0 1 0 0 1 0 0 1 0 0 1 0 0 1 0 0 1 0 0 1 0 0 1 0 0 1 0 0 1 0 0 1 0 0 1 0 0 1 0 0 1 0 0 1 0 0 1 0 0 1 0 0 1 0 0 1 0 0 1 0 0 1 0 0 1 0 0 1 0 0 1 0 0 1 0 0 1 0 0 1 0 0 1 0 0 1 0 0 1 0 0 1 0 0 1 0 0 1 0 0 1 0 0 1 0 0 1 0 0 1 0 0 1 0 0 1 0 0 1 0 0 1 0 0 1 0 0 1 0 0 1 0 0 1 0 0 1 0 0 1 0 0 1 0 0 1 0 0 1 0 0 1 0 0 1 0 0 1 0 0 1 0 0 1 0 0 1 0 0 1 0 0 1 0 0 1 0 0 1 0 0 1 0 0 1 0 0 1 0 0 1 0 0 1 0 0 1 0 0 1 0 0 1 0 0 1 0 0 1 0 0 1 0 0 1 0 0 1 0 0 1 0 0 1 0 0 1 0 0 1 0 0 1 0 0 1 0 0 1 0 0 1 0 0 1 0 0 1 0 0 1 0 0 1 0 0 1 0 0 1 0 0 1 0 0 1 0 0 1 0 0 1 0 0 1 0 0 1 0 0 1 0 0 1 0 0 1 0 0 1 0 0 1 0 0 1 0 0 1 0 0 1 0 0 1 0 0 1 0 0 1 0 0 1 0 0 1 0 0 1 0 0 1 0 0 1 0 0 1 0 0 1 0 0 1 0 0 1 0 0 1 0 0 1 0 0 1 0 0 1 0 0 1 0 0 1 0 0 1 0 0 1 0 0 1 0 0 1 0 0 1 0 0 1 0 0 1 0 0 1 0 0 1 0 0 1 0 0 1 0 0 1 0 0 1 0 0 1 0 0 1 0 0 1 0 0 1 0 0 1 0 0 1 0 0 1 0 0 1 0 0 1 0 0 1 0 0 1 0 0 1 0 0 1 0 0 1 0 0 1 0 0 1 0 0 1 0 0 1 0 0 1 0 0 1 0 0 1 0 0 1 0 0 1 0 0 1 0 0 1 0 0 1 0 0 1 0 0 1 0 0 1 0 0 1 0 0 1 0 0 1 0 0 1 0 0 1 0 0 1 0 0 1 0 0 1 0 0 1 0 0 1 0 0 1 0 0 1 0 0 1 0 0 1 0 0 1 0 0 1 0 0 1 0 0 1 0 0 1 0 0 1 0 0 1 0 0 1 0 0 1 0 0 1 0 0 1 0 0 1 0 0 1 0 0 1 0 0 1 0 0 1 0 0 1 0 0 1 0 0 1 0 0 1 0 0 1 0 0 1 0 0 1 0 0 1 0 0 1 0 0 1 0 0 1 0 0 1 0 0 1 0 0 1 0 0 1 0 0 1 0 0 1 0 0 1 0 0 1 0 0 1 0 0 1 0 0 1 0 0 1 0 0 1 0 0 1 0 0 1 0 0 1 0 0 1 0 0 1 0 0 1 0 0 1 0 0 1 0 0 1 0 0 1 0 0 1 0 0 1 0 0 1 0 0 1 0 0 1 0 0 1 0 0 1 0 0 1 0 0 1 0 0 1 0 0 1 0 0 1 0 0 1 0 0 1 0 0 1 0 0 1 0 0 1 0 0 1 0 0 1 0 0 1 0 0 1 0 0 1 0 0 1 0 0 1 0 0 1 0 0 1 0 0 1 0 0 1 0 0 1 0 0 1 0 0 1 0 0 1 0 0 1 0 0 1 0 0 1 0 0 1 0 0 1 0 0 1 0 0 1 0 0 1 0 0 1 0 0 1 0 0 1 0 0 1 0 0 1 0 0 1 0 0 1 0 0 1 0 0 1 0 0 1 0 0 1 0 0 1 0 0 1 0 0 1 0 0 1 0 0 1 0 0 1 0 0 1 0 0 1 0 0 1 0 0 1 0 0 1 0 0 1 0 0 1 0 0 1 0 0 1 0 0 1 0 0 1 0 0 1 0 0 1 0 0 1 0 0 1 0 0 1 0 0 1 0 0 1 0 0 1 0 0 1 0 0 1 0 0 1 0 0 1 0 0 1 0 0 1 0 0 1 0 0 1 0 0 1 0 0 1 0 0 1 0 0 1 0 0 1 0 0 1 0 0 1 0 0 1 0 0 1 0 0 1 0 0 1 0 0 1 0 0 1 0 0 1 0 0 1 0 0 1 0 0 1 0 0 1 0 0 1 0 0 1 0 0 1 0 0 1 0 0 1 0 0 1 0 0 1 0 0 1 0 0 1 0 0 1 0 0 1 0 0 1 0 0 1 0 0 1 0 0 1 0 0 1 0 0 1 0 0 1 0 0 1 0 0 1 0 0 1 0 0 1 0 0 1 0 0 1 0 0 1 0 0 1 0 0 1 0 0 1 0 0 1 0 0 1 0 0 1 0 0 1 0 0 1 0 0 1 0 0 1 0 0 1 0 0 1 0 0 1 0 0 1 0 0 1 0 0 1 0 0 1 0 0 1 0 0 1 0 0 1 0 0 1 0 0 1 0 0 1 0 0 1 0 0 1 0 0 1 0 0 1 0 0 1 0 0 1 0 0 1 0 0 1 0 0 1 0 0 1 0 0 1 0 0 1 0 0 1 0 0 1 0 0 1 0 0 1 0 0 1 0 0 1 0 0 1 0 0 1 0 0 1 0 0 1 0 0 1 0 0 1 0 0 1 0 0 1 0 0 1 0 0 1 0 0 1 0 0 1 0 0 1 0 0 1 0 0 1 0 0 1 0 0 1 0 0 1 0 0 1 0 0 1 0 0 1 0 0 1 0 0 1 0 0 1 0 0 1 0 0 1 0 0 1 0 0 1 0 0 1 0 0 1 0 0 1 0 0 1 0 0 1 0 0 1 0 0 1 0 0 1 0 0 1 -0.707107 -0.707107 0 -0.707107 -0.707107 0 -0.707107 -0.707107 0 -0.707107 -0.707107 0 0.96907 0.246786 0 0.986361 0.164595 0 0.945817 0.3247 0 0.995871 -0.0907749 0 1 -8.74228e-08 0 0.996863 0.0791483 0 0.995871 -0.0907749 0 0.995871 -0.0907749 0 0.986361 -0.164595 0 0.965217 -0.26145 0 0.725004 0.688745 0 0.677282 0.735724 0 0.597924 0.801553 0 0.879474 0.475947 0 0.789141 0.614213 0 0.831149 0.556049 0 0.0825794 0.996584 0 0.130145 0.991495 0 0.245485 0.9694 0 0.401695 0.915773 0 0.296138 0.955145 0 0.45358 0.891216 0 -0.57432 0.818631 0 -0.522695 0.85252 0 -0.424264 0.905538 0 -0.0396053 0.999215 0 -0.0907748 0.995871 0 -0.208212 0.978084 0 -0.818631 0.57432 0 -0.777243 0.629201 0 -0.707107 0.707107 0 -0.424264 0.905538 0 -0.546948 0.837166 0 -0.57432 0.818631 0 -0.872552 0.488521 0 -0.905538 0.424264 0 -0.677282 0.735724 0 -0.707107 0.707107 0 -0.965217 0.26145 0 -0.942667 0.333734 0 -0.818631 0.57432 0 -0.789141 0.614213 0 -0.995871 0.0907748 0 -0.985563 0.169312 0 -0.879474 0.475947 0 -0.905538 0.424264 0 -1 -1.37149e-11 0 -0.945817 0.324699 0 -0.965217 0.26145 0 -0.65949 0.751713 0 -0.995871 0.0907748 0 -0.986361 0.164595 0 -0.401695 0.915773 0 -0.26145 0.965217 0 -0.370807 0.92871 0 -0.26145 0.965217 0 -0.0907748 0.995871 0 -0.245485 0.9694 0 -0.0825794 0.996584 0 0.546948 0.837166 0 0.913295 0.407298 0 0.879474 -0.475947 0 0.905539 -0.424264 0 0.818631 -0.57432 0 0.945817 -0.324699 0 0.546948 -0.837167 0 0.677282 -0.735724 0 0.57432 -0.818631 0 0.707107 -0.707107 0 0.78914 -0.614213 0 0.0907748 -0.995871 0 -0.0751987 -0.997169 0 0.0825794 -0.996584 0 0.401695 -0.915773 0 0.424264 -0.905538 0 0.26145 -0.965217 0 -0.401695 -0.915773 0 -0.396415 -0.918071 0 -0.542809 -0.839856 0 -0.245486 -0.9694 0 -0.0825794 -0.996584 0 -0.2391 -0.970995 0 -0.78914 -0.614213 0 -0.677282 -0.735724 0 -0.787115 -0.616806 0 -0.674249 -0.738504 0 -0.546948 -0.837166 0 -0.878297 -0.478116 0 -0.879474 -0.475948 0 -0.945282 -0.326256 0 -0.945817 -0.3247 0 -0.986361 -0.164595 0 -0.986226 -0.165406 0 -1 1.74846e-07 0 0.0907748 -0.995871 0 0.0907748 -0.995871 0 0.245486 -0.9694 0 -0.707107 -0.707107 0 -0.707107 -0.707107 0 -0.707107 -0.707107 0 -0.707107 -0.707107 0 -1 0 0 -1 0 0 -1 0 0 -1 0 0 -0.707107 0.707107 0 -0.707107 0.707107 0 -0.707107 0.707107 0 -0.707107 0.707107 0 -0.707107 0.707107 0 -0.707107 0.707107 0 -0.707107 0.707107 0 -0.707107 0.707107 0 -0.700826 -0.713332 -0 -0.700826 -0.713332 -0 -0.567119 -0.823636 0 -0.567119 -0.823636 0 -0.416374 -0.909193 0 -0.25312 -0.967435 0 -0.416374 -0.909193 0 -0.25312 -0.967435 0 -0.0822604 -0.996611 0 -0.0822604 -0.996611 0 0.0910706 -0.995844 0 0.261665 -0.965159 0 0.0910706 -0.995844 0 0.261665 -0.965159 0 0.424399 -0.905475 0 0.424399 -0.905475 0 0.574381 -0.818588 0 0.707107 -0.707107 0 0.574381 -0.818588 0 0.707107 -0.707107 0 -0.813477 -0.581598 -0 -0.813477 -0.581598 -0 -0.901687 -0.43239 -0 -0.901687 -0.43239 -0 -0.962807 -0.27019 -0 -0.995 -0.0998739 -0 -0.962807 -0.27019 -0 -0.995 -0.0998739 -0 -0.997299 0.0734435 0 -0.997299 0.0734435 0 -0.969636 0.244554 0 -0.91284 0.408318 0 -0.969636 0.244554 0 -0.91284 0.408318 0 -0.828619 0.559813 0 -0.828619 0.559813 0 -0.719502 0.69449 0 -0.719502 0.69449 0 0.707107 -0.707107 0 0.707107 -0.707107 0 0.707107 -0.707107 0 0.707107 -0.707107 0 0.995871 0.0907747 0 1 -8.74228e-08 0 0.995871 0.0907747 0 0.995871 0.0907747 0 -0.0751986 0.997169 0 -0.0825794 0.996584 0 -0.239101 0.970995 0 0.986361 0.164595 0 -0.401695 0.915773 0 -0.396415 0.918071 0 -0.245485 0.9694 0 -0.542809 0.839856 0 -0.546948 0.837166 0 -0.67425 0.738503 0 -0.677282 0.735724 0 -0.787115 0.616806 0 -0.789141 0.614213 0 -0.878296 0.478116 0 0.0907747 0.995871 0 0.0825794 0.996584 0 0.0907749 0.995871 0 -0.945282 0.326255 0 -0.879474 0.475947 0 -0.945817 0.324699 0 -0.986361 0.164595 0 -0.986226 0.165406 0 -1 -7.66451e-25 0 -1 -1.37149e-11 0 0.0907747 0.995871 0 0.245485 0.9694 0 0.26145 0.965217 0 0.401695 0.915773 0 0.546948 0.837166 0 0.424264 0.905538 0 0.57432 0.818631 0 0.677282 0.735724 0 0.707107 0.707107 0 0.789141 0.614213 0 0.879474 0.475947 0 0.818631 0.57432 0 0.905538 0.424264 0 0.945817 0.3247 0 0.965217 0.26145 0 0.945817 -0.324699 0 0.96907 -0.246786 0 0.913295 -0.407298 0 0.986361 -0.164595 0 0.996863 -0.0791482 0 0.597924 -0.801552 0 0.677282 -0.735724 0 0.725004 -0.688745 0 0.831149 -0.556049 0 0.78914 -0.614213 0 0.879474 -0.475947 0 0.296138 -0.955145 0 0.130145 -0.991495 0 0.245486 -0.9694 0 0.546948 -0.837167 0 0.45358 -0.891216 0 0.401695 -0.915773 0 -0.26145 -0.965217 0 -0.0907748 -0.995871 0 -0.208212 -0.978084 0 -0.0825794 -0.996584 0 0.0825794 -0.996584 0 -0.0396053 -0.999215 0 -0.65949 -0.751713 0 -0.707107 -0.707107 0 -0.57432 -0.818631 0 -0.818631 -0.57432 0 -0.777242 -0.629201 0 -0.872552 -0.488521 0 -0.905539 -0.424264 0 -0.942667 -0.333734 0 -0.965217 -0.26145 0 -0.995871 -0.0907746 0 -0.985563 -0.169311 0 -0.424264 -0.905539 0 -0.522695 -0.85252 0 -0.370807 -0.92871 0 -0.0907748 -0.995871 0 -0.26145 -0.965217 0 -0.245486 -0.9694 0 -0.424264 -0.905539 0 -0.401695 -0.915773 0 -0.574321 -0.81863 0 -0.546948 -0.837166 0 -0.707107 -0.707107 0 -0.677282 -0.735724 0 -0.818631 -0.57432 0 -0.78914 -0.614213 0 -0.905538 -0.424264 0 -0.879474 -0.475948 0 -0.965217 -0.26145 0 -0.945817 -0.3247 0 -0.995871 -0.0907746 0 -0.986361 -0.164595 0 0.707107 -0.707107 0 0.707107 -0.707107 0 0.707107 -0.707107 0 0.707107 -0.707107 0 0 -1 0 0 -1 0 0 -1 0 0 -1 0 -0.707107 -0.707107 -0 -0.707107 -0.707107 -0 -0.707107 -0.707107 -0 -0.707107 -0.707107 -0 -0.995871 0.0907748 0 -1 0 0 -1 -1.37149e-11 0 -0.995871 0.0907748 0 -0.995871 0.0907748 0 -0.986361 0.164595 0 -0.965217 0.26145 0 -0.879474 0.475947 0 -0.905538 0.424264 0 -0.818631 0.57432 0 -0.945817 0.324699 0 -0.546948 0.837166 0 -0.677282 0.735724 0 -0.57432 0.818631 0 -0.707107 0.707107 0 -0.789141 0.614213 0 -0.0907748 0.995871 0 0.0805588 0.99675 0 -0.0825794 0.996584 0 -0.401695 0.915773 0 -0.424264 0.905538 0 -0.26145 0.965217 0 0.546948 0.837166 0 0.401695 0.915773 0 0.411171 0.911558 0 0.249527 0.968368 0 0.245485 0.9694 0 0.806599 0.591098 0 0.879474 0.475947 0 0.789141 0.614213 0 0.560744 0.827989 0 0.693856 0.720114 0 0.677282 0.735724 0 0.958436 0.285308 0 0.993072 0.11751 0 0.986361 0.164595 0 0.945817 0.3247 0 0.895664 0.444731 0 0.922281 -0.386521 0 0.965217 -0.26145 0 0.974725 -0.223409 0 0.818631 -0.57432 0 0.738504 -0.67425 0 0.707107 -0.707107 0 0.78914 -0.614213 0 0.818631 -0.57432 0 0.707107 -0.707107 0 0.424264 -0.905539 0 0.310967 -0.950421 0 0.26145 -0.965217 0 -0.0268789 -0.999639 0 -0.197129 -0.980378 0 -0.0825794 -0.996584 0 0.0825794 -0.996584 0 -0.361591 -0.932337 0 -0.245486 -0.9694 0 -0.401695 -0.915773 0 -0.515439 -0.856926 0 -0.654156 -0.75636 0 -0.546948 -0.837166 0 -0.773669 -0.63359 0 -0.677282 -0.735724 0 -0.78914 -0.614213 0 -0.870471 -0.49222 0 -0.941719 -0.336401 0 -0.879474 -0.475948 0 -0.985322 -0.170706 0 -0.945817 -0.3247 0 -0.986361 -0.164595 0 0.0907748 -0.995871 0 0.14416 -0.989554 0 0.57432 -0.818631 0 0.468645 -0.883387 0 0.546948 -0.837167 0 0.57432 -0.818631 0 0.424264 -0.905538 0 0.612565 -0.79042 0 0.905539 -0.424264 0 0.842762 -0.538286 0 0.677282 -0.735724 0 0.995871 -0.0907749 0 0.998555 -0.0537383 0 1 -8.74228e-08 0 0.0825794 0.996584 0 -0.0907748 0.995871 0 -0.0907748 0.995871 0 -0.245485 0.9694 0 0.995871 -0.0907749 0 0.986361 -0.164595 0 0.965217 -0.26145 0 0.945817 -0.324699 0 0.905539 -0.424264 0 0.879474 -0.475947 0 0.26145 -0.965217 0 0.401695 -0.915773 0 0.0907748 -0.995871 0 0.245486 -0.9694 0 -0.707107 -0.707107 -0 -0.707107 -0.707107 -0 -0.707107 -0.707107 -0 -0.707107 -0.707107 -0 0.700826 -0.713332 0 0.700826 -0.713332 0 0.813477 -0.581598 0 0.813477 -0.581598 0 0.901687 -0.432389 0 0.962807 -0.27019 0 0.901687 -0.432389 0 0.962807 -0.270191 0 0.995 -0.0998738 0 0.995 -0.0998738 0 0.997299 0.0734436 0 0.969636 0.244554 0 0.997299 0.0734436 0 0.969636 0.244554 0 0.91284 0.408318 0 0.91284 0.408318 0 0.828619 0.559814 0 0.719502 0.69449 0 0.828619 0.559814 0 0.719502 0.69449 0 0.567119 -0.823636 0 0.567119 -0.823636 0 0.416374 -0.909193 0 0.416374 -0.909193 0 0.25312 -0.967435 0 0.0822605 -0.996611 0 0.25312 -0.967435 0 0.0822605 -0.996611 0 -0.0910705 -0.995844 -0 -0.0910705 -0.995844 -0 -0.261665 -0.965159 -0 -0.424399 -0.905475 -0 -0.261665 -0.965159 -0 -0.424399 -0.905475 -0 -0.574381 -0.818588 -0 -0.574381 -0.818588 -0 -0.707107 -0.707107 -0 -0.707107 -0.707107 -0 0.707107 0.707107 0 0.707107 0.707107 0 0.707107 0.707107 0 0.707107 0.707107 0 0.707107 0.707107 0 0.707107 0.707107 0 0.707107 0.707107 0 0.707107 0.707107 0 1 0 0 1 0 0 1 0 0 1 0 0 0.707107 -0.707107 0 0.707107 -0.707107 0 0.707107 -0.707107 0 0.707107 -0.707107 0 0.249527 -0.968368 0 0.245486 -0.9694 0 0.401695 -0.915773 0 -0.0907748 -0.995871 0 -0.0825794 -0.996584 0 0.0805591 -0.99675 0 -0.0907748 -0.995871 0 -0.0907748 -0.995871 0 -0.245486 -0.9694 0 -0.26145 -0.965217 0 0.693856 -0.720114 0 0.78914 -0.614213 0 0.806599 -0.591098 0 0.546948 -0.837167 0 0.560744 -0.827989 0 0.411171 -0.911558 0 1 -8.74228e-08 0 0.993072 -0.11751 0 0.986361 -0.164595 0 0.945817 -0.324699 0 0.895664 -0.444731 0 0.879474 -0.475947 0 0.922281 0.386521 0 0.905538 0.424264 0 0.842762 0.538286 0 0.965217 0.26145 0 0.974725 0.223409 0 0.995871 0.0907747 0 0.424264 0.905538 0 0.468645 0.883387 0 0.57432 0.818631 0 0.0825794 0.996584 0 -0.0825794 0.996584 0 -0.0268788 0.999639 0 0.14416 0.989554 0 0.26145 0.965217 0 0.0907749 0.995871 0 -0.245485 0.9694 0 -0.401695 0.915773 0 -0.361591 0.932337 0 -0.197129 0.980378 0 -0.546948 0.837166 0 -0.515439 0.856926 0 -0.654156 0.75636 0 -0.677282 0.735724 0 -0.789141 0.614213 0 -0.773669 0.63359 0 -0.879474 0.475947 0 -0.870471 0.49222 0 -0.941719 0.336401 0 -0.945817 0.324699 0 -0.986361 0.164595 0 -0.985322 0.170706 0 -1 -5.99984e-24 0 -1 -1.37151e-11 0 0.310967 0.950421 0 0.707107 0.707107 0 0.738504 0.67425 0 0.818631 0.57432 0 0.612565 0.79042 0 0.998555 0.0537384 0 0.958436 -0.285308 0 0.677282 -0.735724 0 0.0825794 -0.996584 0 -0.546948 -0.837166 0 -0.424264 -0.905539 0 -0.574321 -0.81863 0 -0.401695 -0.915773 0 -0.905538 -0.424264 0 -0.879474 -0.475948 0 -0.818631 -0.57432 0 -0.707107 -0.707107 0 -0.78914 -0.614213 0 -0.677282 -0.735724 0 -0.965217 -0.26145 0 -0.995871 -0.0907746 0 -0.986361 -0.164595 0 -0.945817 -0.3247 0 -0.995871 -0.0907746 0 -0.995871 -0.0907746 0 0.0907747 0.995871 0 0.26145 0.965217 0 0.245485 0.9694 0 0.424264 0.905538 0 0.401695 0.915773 0 0.57432 0.818631 0 0.546948 0.837166 0 0.707107 0.707107 0 0.677282 0.735724 0 0.818631 0.57432 0 0.789141 0.614213 0 0.905538 0.424264 0 0.879474 0.475947 0 0.945817 0.3247 0 0.965217 0.26145 0 0.986361 0.164595 0 0.995871 0.0907747 0 0.707107 -0.707107 0 0.707107 -0.707107 0 0.707107 -0.707107 0 0.707107 -0.707107 0 0.700826 0.713332 0 0.700826 0.713332 0 0.567119 0.823636 0 0.567119 0.823636 0 0.416374 0.909193 0 0.25312 0.967435 0 0.416374 0.909193 0 0.25312 0.967435 0 0.0822604 0.996611 0 0.0822604 0.996611 0 -0.0910706 0.995844 0 -0.261665 0.965159 0 -0.0910706 0.995844 0 -0.261665 0.965159 0 -0.424399 0.905475 0 -0.424399 0.905475 0 -0.574381 0.818588 0 -0.707107 0.707107 0 -0.574381 0.818588 0 -0.707107 0.707107 0 0.813477 0.581598 0 0.813477 0.581598 0 0.901687 0.43239 0 0.901687 0.43239 0 0.962807 0.27019 0 0.995 0.0998739 0 0.962807 0.27019 0 0.995 0.0998739 0 0.997299 -0.0734435 0 0.997299 -0.0734435 0 0.969636 -0.244554 0 0.91284 -0.408318 0 0.969636 -0.244554 0 0.91284 -0.408318 0 0.828619 -0.559813 0 0.828619 -0.559813 0 0.719502 -0.69449 0 0.719502 -0.69449 0 -0.707107 0.707107 0 -0.707107 0.707107 0 -0.707107 0.707107 0 -0.707107 0.707107 0 -0.707107 0.707107 0 -0.707107 0.707107 0 -0.707107 0.707107 0 -0.707107 0.707107 0 0 1 0 0 1 0 0 1 0 0 1 0 0.707107 0.707107 0 0.707107 0.707107 0 0.707107 0.707107 0 0.707107 0.707107 0 0.707107 0.707107 0 0.707107 0.707107 0 0.707107 0.707107 0 0.707107 0.707107 0 -0.0825794 0.996584 0 0.0825794 0.996584 0 0.0825794 0.996584 0 -1 8.74228e-08 0 -1 8.74228e-08 0 -0.986361 -0.164595 -0 0.245485 0.9694 0 0.245486 0.9694 0 0.401695 0.915773 0 0.401695 0.915773 0 0.546948 0.837166 0 0.546948 0.837166 0 0.677282 0.735724 0 0.677282 0.735724 0 0.78914 0.614213 0 0.789141 0.614213 0 0.879474 0.475948 0 0.879474 0.475947 0 0.945817 0.324699 0 0.945817 0.3247 0 0.986361 0.164595 0 0.986361 0.164595 0 1 -1.74846e-07 0 1 3.01992e-07 0 -0.0825794 0.996584 0 -0.245486 0.9694 0 -0.245486 0.9694 0 -0.401695 0.915773 0 -0.401695 0.915773 0 -0.546948 0.837167 0 -0.546948 0.837167 0 -0.677282 0.735724 0 -0.677282 0.735724 0 -0.78914 0.614213 0 -0.78914 0.614213 0 -0.879474 0.475947 0 -0.879474 0.475947 0 -0.945817 0.324699 0 -0.945817 0.324699 0 -0.986361 0.164595 0 -0.986361 0.164595 0 -0.945817 -0.3247 -0 -0.986361 -0.164595 -0 -0.945817 -0.324699 -0 -0.677282 -0.735724 -0 -0.789141 -0.614213 -0 -0.677282 -0.735724 -0 -0.879474 -0.475947 -0 -0.879474 -0.475947 -0 -0.78914 -0.614213 -0 -0.401695 -0.915773 -0 -0.245485 -0.9694 -0 -0.245485 -0.9694 -0 -0.546948 -0.837166 -0 -0.401695 -0.915773 -0 -0.546948 -0.837166 -0 0.245485 -0.9694 0 0.245485 -0.9694 0 0.0825794 -0.996584 0 0.0825794 -0.996584 0 -0.0825794 -0.996584 -0 -0.0825792 -0.996584 -0 0.677282 -0.735724 0 0.546948 -0.837166 0 0.677282 -0.735724 0 0.401695 -0.915773 0 0.401695 -0.915773 0 0.546948 -0.837166 0 0.879474 -0.475947 0 0.789141 -0.614213 0 0.789141 -0.614213 0 0.945817 -0.324699 0 0.879474 -0.475947 0 0.945817 -0.324699 0 0.986361 -0.164595 0 0.986361 -0.164595 0 -0.0825794 0.996584 0 0.0825794 0.996584 0 0.0825794 0.996584 0 -1 8.74228e-08 0 -1 8.74228e-08 0 -0.986361 -0.164595 -0 0.245485 0.9694 0 0.245486 0.9694 0 0.401695 0.915773 0 0.401695 0.915773 0 0.546948 0.837166 0 0.546948 0.837166 0 0.677282 0.735724 0 0.677282 0.735724 0 0.78914 0.614213 0 0.789141 0.614213 0 0.879474 0.475948 0 0.879474 0.475947 0 0.945817 0.324699 0 0.945817 0.3247 0 0.986361 0.164595 0 0.986361 0.164595 0 1 -1.74846e-07 0 1 3.01992e-07 0 -0.0825794 0.996584 0 -0.245486 0.9694 0 -0.245486 0.9694 0 -0.401695 0.915773 0 -0.401695 0.915773 0 -0.546948 0.837167 0 -0.546948 0.837167 0 -0.677282 0.735724 0 -0.677282 0.735724 0 -0.78914 0.614213 0 -0.78914 0.614213 0 -0.879474 0.475947 0 -0.879474 0.475947 0 -0.945817 0.324699 0 -0.945817 0.324699 0 -0.986361 0.164595 0 -0.986361 0.164595 0 -0.945817 -0.3247 -0 -0.986361 -0.164595 -0 -0.945817 -0.324699 -0 -0.677282 -0.735724 -0 -0.789141 -0.614213 -0 -0.677282 -0.735724 -0 -0.879474 -0.475947 -0 -0.879474 -0.475947 -0 -0.78914 -0.614213 -0 -0.401695 -0.915773 -0 -0.245485 -0.9694 -0 -0.245485 -0.9694 -0 -0.546948 -0.837166 -0 -0.401695 -0.915773 -0 -0.546948 -0.837166 -0 0.245485 -0.9694 0 0.245485 -0.9694 0 0.0825794 -0.996584 0 0.0825794 -0.996584 0 -0.0825794 -0.996584 -0 -0.0825792 -0.996584 -0 0.677282 -0.735724 0 0.546948 -0.837166 0 0.677282 -0.735724 0 0.401695 -0.915773 0 0.401695 -0.915773 0 0.546948 -0.837166 0 0.879474 -0.475947 0 0.789141 -0.614213 0 0.789141 -0.614213 0 0.945817 -0.324699 0 0.879474 -0.475947 0 0.945817 -0.324699 0 0.986361 -0.164595 0 0.986361 -0.164595 0 -0.0825794 0.996584 0 0.0825794 0.996584 0 0.0825794 0.996584 0 -1 8.74228e-08 0 -1 8.74228e-08 0 -0.986361 -0.164595 -0 0.245485 0.9694 0 0.245486 0.9694 0 0.401695 0.915773 0 0.401695 0.915773 0 0.546948 0.837166 0 0.546948 0.837166 0 0.677282 0.735724 0 0.677282 0.735724 0 0.78914 0.614213 0 0.789141 0.614213 0 0.879474 0.475948 0 0.879474 0.475947 0 0.945817 0.324699 0 0.945817 0.3247 0 0.986361 0.164595 0 0.986361 0.164595 0 1 -1.74846e-07 0 1 3.01992e-07 0 -0.0825794 0.996584 0 -0.245486 0.9694 0 -0.245486 0.9694 0 -0.401695 0.915773 0 -0.401695 0.915773 0 -0.546948 0.837167 0 -0.546948 0.837167 0 -0.677282 0.735724 0 -0.677282 0.735724 0 -0.78914 0.614213 0 -0.78914 0.614213 0 -0.879474 0.475947 0 -0.879474 0.475947 0 -0.945817 0.324699 0 -0.945817 0.324699 0 -0.986361 0.164595 0 -0.986361 0.164595 0 -0.945817 -0.3247 -0 -0.986361 -0.164595 -0 -0.945817 -0.324699 -0 -0.677282 -0.735724 -0 -0.789141 -0.614213 -0 -0.677282 -0.735724 -0 -0.879474 -0.475947 -0 -0.879474 -0.475947 -0 -0.78914 -0.614213 -0 -0.401695 -0.915773 -0 -0.245485 -0.9694 -0 -0.245485 -0.9694 -0 -0.546948 -0.837166 -0 -0.401695 -0.915773 -0 -0.546948 -0.837166 -0 0.245485 -0.9694 0 0.245485 -0.9694 0 0.0825794 -0.996584 0 0.0825794 -0.996584 0 -0.0825794 -0.996584 -0 -0.0825792 -0.996584 -0 0.677282 -0.735724 0 0.546948 -0.837166 0 0.677282 -0.735724 0 0.401695 -0.915773 0 0.401695 -0.915773 0 0.546948 -0.837166 0 0.879474 -0.475947 0 0.789141 -0.614213 0 0.789141 -0.614213 0 0.945817 -0.324699 0 0.879474 -0.475947 0 0.945817 -0.324699 0 0.986361 -0.164595 0 0.986361 -0.164595 0 -0.0825794 0.996584 0 0.0825794 0.996584 0 0.0825794 0.996584 0 -1 8.74228e-08 0 -1 8.74228e-08 0 -0.986361 -0.164595 -0 0.245485 0.9694 0 0.245486 0.9694 0 0.401695 0.915773 0 0.401695 0.915773 0 0.546948 0.837166 0 0.546948 0.837166 0 0.677282 0.735724 0 0.677282 0.735724 0 0.78914 0.614213 0 0.789141 0.614213 0 0.879474 0.475948 0 0.879474 0.475947 0 0.945817 0.324699 0 0.945817 0.3247 0 0.986361 0.164595 0 0.986361 0.164595 0 1 -1.74846e-07 0 1 3.01992e-07 0 -0.0825794 0.996584 0 -0.245486 0.9694 0 -0.245486 0.9694 0 -0.401695 0.915773 0 -0.401695 0.915773 0 -0.546948 0.837167 0 -0.546948 0.837167 0 -0.677282 0.735724 0 -0.677282 0.735724 0 -0.78914 0.614213 0 -0.78914 0.614213 0 -0.879474 0.475947 0 -0.879474 0.475947 0 -0.945817 0.324699 0 -0.945817 0.324699 0 -0.986361 0.164595 0 -0.986361 0.164595 0 -0.945817 -0.3247 -0 -0.986361 -0.164595 -0 -0.945817 -0.324699 -0 -0.677282 -0.735724 -0 -0.789141 -0.614213 -0 -0.677282 -0.735724 -0 -0.879474 -0.475947 -0 -0.879474 -0.475947 -0 -0.78914 -0.614213 -0 -0.401695 -0.915773 -0 -0.245485 -0.9694 -0 -0.245485 -0.9694 -0 -0.546948 -0.837166 -0 -0.401695 -0.915773 -0 -0.546948 -0.837166 -0 0.245485 -0.9694 0 0.245485 -0.9694 0 0.0825794 -0.996584 0 0.0825794 -0.996584 0 -0.0825794 -0.996584 -0 -0.0825792 -0.996584 -0 0.677282 -0.735724 0 0.546948 -0.837166 0 0.677282 -0.735724 0 0.401695 -0.915773 0 0.401695 -0.915773 0 0.546948 -0.837166 0 0.879474 -0.475947 0 0.789141 -0.614213 0 0.789141 -0.614213 0 0.945817 -0.324699 0 0.879474 -0.475947 0 0.945817 -0.324699 0 0.986361 -0.164595 0 0.986361 -0.164595 0 -0.0825794 0.996584 0 0.0825794 0.996584 0 0.0825794 0.996584 0 -1 8.74228e-08 0 -1 8.74228e-08 0 -0.986361 -0.164595 -0 0.245485 0.9694 0 0.245486 0.9694 0 0.401695 0.915773 0 0.401695 0.915773 0 0.546948 0.837166 0 0.546948 0.837166 0 0.677282 0.735724 0 0.677282 0.735724 0 0.78914 0.614213 0 0.789141 0.614213 0 0.879474 0.475948 0 0.879474 0.475947 0 0.945817 0.324699 0 0.945817 0.3247 0 0.986361 0.164595 0 0.986361 0.164595 0 1 -1.74846e-07 0 1 3.01992e-07 0 -0.0825794 0.996584 0 -0.245486 0.9694 0 -0.245486 0.9694 0 -0.401695 0.915773 0 -0.401695 0.915773 0 -0.546948 0.837167 0 -0.546948 0.837167 0 -0.677282 0.735724 0 -0.677282 0.735724 0 -0.78914 0.614213 0 -0.78914 0.614213 0 -0.879474 0.475947 0 -0.879474 0.475947 0 -0.945817 0.324699 0 -0.945817 0.324699 0 -0.986361 0.164595 0 -0.986361 0.164595 0 -0.945817 -0.3247 -0 -0.986361 -0.164595 -0 -0.945817 -0.324699 -0 -0.677282 -0.735724 -0 -0.789141 -0.614213 -0 -0.677282 -0.735724 -0 -0.879474 -0.475947 -0 -0.879474 -0.475947 -0 -0.78914 -0.614213 -0 -0.401695 -0.915773 -0 -0.245485 -0.9694 -0 -0.245485 -0.9694 -0 -0.546948 -0.837166 -0 -0.401695 -0.915773 -0 -0.546948 -0.837166 -0 0.245485 -0.9694 0 0.245485 -0.9694 0 0.0825794 -0.996584 0 0.0825794 -0.996584 0 -0.0825794 -0.996584 -0 -0.0825792 -0.996584 -0 0.677282 -0.735724 0 0.546948 -0.837166 0 0.677282 -0.735724 0 0.401695 -0.915773 0 0.401695 -0.915773 0 0.546948 -0.837166 0 0.879474 -0.475947 0 0.789141 -0.614213 0 0.789141 -0.614213 0 0.945817 -0.324699 0 0.879474 -0.475947 0 0.945817 -0.324699 0 0.986361 -0.164595 0 0.986361 -0.164595 0 -0.0825794 0.996584 0 0.0825794 0.996584 0 0.0825794 0.996584 0 -1 8.74228e-08 0 -1 8.74228e-08 0 -0.986361 -0.164595 -0 0.245485 0.9694 0 0.245486 0.9694 0 0.401695 0.915773 0 0.401695 0.915773 0 0.546948 0.837166 0 0.546948 0.837166 0 0.677282 0.735724 0 0.677282 0.735724 0 0.78914 0.614213 0 0.789141 0.614213 0 0.879474 0.475948 0 0.879474 0.475947 0 0.945817 0.324699 0 0.945817 0.3247 0 0.986361 0.164595 0 0.986361 0.164595 0 1 -1.74846e-07 0 1 3.01992e-07 0 -0.0825794 0.996584 0 -0.245486 0.9694 0 -0.245486 0.9694 0 -0.401695 0.915773 0 -0.401695 0.915773 0 -0.546948 0.837167 0 -0.546948 0.837167 0 -0.677282 0.735724 0 -0.677282 0.735724 0 -0.78914 0.614213 0 -0.78914 0.614213 0 -0.879474 0.475947 0 -0.879474 0.475947 0 -0.945817 0.324699 0 -0.945817 0.324699 0 -0.986361 0.164595 0 -0.986361 0.164595 0 -0.945817 -0.3247 -0 -0.986361 -0.164595 -0 -0.945817 -0.324699 -0 -0.677282 -0.735724 -0 -0.789141 -0.614213 -0 -0.677282 -0.735724 -0 -0.879474 -0.475947 -0 -0.879474 -0.475947 -0 -0.78914 -0.614213 -0 -0.401695 -0.915773 -0 -0.245485 -0.9694 -0 -0.245485 -0.9694 -0 -0.546948 -0.837166 -0 -0.401695 -0.915773 -0 -0.546948 -0.837166 -0 0.245485 -0.9694 0 0.245485 -0.9694 0 0.0825794 -0.996584 0 0.0825794 -0.996584 0 -0.0825794 -0.996584 -0 -0.0825792 -0.996584 -0 0.677282 -0.735724 0 0.546948 -0.837166 0 0.677282 -0.735724 0 0.401695 -0.915773 0 0.401695 -0.915773 0 0.546948 -0.837166 0 0.879474 -0.475947 0 0.789141 -0.614213 0 0.789141 -0.614213 0 0.945817 -0.324699 0 0.879474 -0.475947 0 0.945817 -0.324699 0 0.986361 -0.164595 0 0.986361 -0.164595 0 -0.700826 0.713332 0 -0.700826 0.713332 0 -0.813477 0.581598 0 -0.813477 0.581598 0 -0.901687 0.432389 0 -0.962807 0.27019 0 -0.901687 0.432389 0 -0.962807 0.270191 0 -0.995 0.0998738 0 -0.995 0.0998738 0 -0.997299 -0.0734436 -0 -0.969636 -0.244554 -0 -0.997299 -0.0734436 -0 -0.969636 -0.244554 -0 -0.91284 -0.408318 -0 -0.91284 -0.408318 -0 -0.828619 -0.559814 -0 -0.719502 -0.69449 -0 -0.828619 -0.559814 -0 -0.719502 -0.69449 -0 -0.567119 0.823636 0 -0.567119 0.823636 0 -0.416374 0.909193 0 -0.416374 0.909193 0 -0.25312 0.967435 0 -0.0822605 0.996611 0 -0.25312 0.967435 0 -0.0822605 0.996611 0 0.0910705 0.995844 0 0.0910705 0.995844 0 0.261665 0.965159 0 0.424399 0.905475 0 0.261665 0.965159 0 0.424399 0.905475 0 0.574381 0.818588 0 0.574381 0.818588 0 0.707107 0.707107 0 0.707107 0.707107 0 -0.0825794 0.996584 0 0.0825794 0.996584 0 0.0825794 0.996584 0 -1 8.74228e-08 0 -1 8.74228e-08 0 -0.986361 -0.164595 -0 0.245485 0.9694 0 0.245486 0.9694 0 0.401695 0.915773 0 0.401695 0.915773 0 0.546948 0.837166 0 0.546948 0.837166 0 0.677282 0.735724 0 0.677282 0.735724 0 0.78914 0.614213 0 0.789141 0.614213 0 0.879474 0.475948 0 0.879474 0.475947 0 0.945817 0.324699 0 0.945817 0.3247 0 0.986361 0.164595 0 0.986361 0.164595 0 1 -1.74846e-07 0 1 3.01992e-07 0 -0.0825794 0.996584 0 -0.245486 0.9694 0 -0.245486 0.9694 0 -0.401695 0.915773 0 -0.401695 0.915773 0 -0.546948 0.837167 0 -0.546948 0.837167 0 -0.677282 0.735724 0 -0.677282 0.735724 0 -0.78914 0.614213 0 -0.78914 0.614213 0 -0.879474 0.475947 0 -0.879474 0.475947 0 -0.945817 0.324699 0 -0.945817 0.324699 0 -0.986361 0.164595 0 -0.986361 0.164595 0 -0.945817 -0.3247 -0 -0.986361 -0.164595 -0 -0.945817 -0.324699 -0 -0.677282 -0.735724 -0 -0.789141 -0.614213 -0 -0.677282 -0.735724 -0 -0.879474 -0.475947 -0 -0.879474 -0.475947 -0 -0.78914 -0.614213 -0 -0.401695 -0.915773 -0 -0.245485 -0.9694 -0 -0.245485 -0.9694 -0 -0.546948 -0.837166 -0 -0.401695 -0.915773 -0 -0.546948 -0.837166 -0 0.245485 -0.9694 0 0.245485 -0.9694 0 0.0825794 -0.996584 0 0.0825794 -0.996584 0 -0.0825794 -0.996584 -0 -0.0825792 -0.996584 -0 0.677282 -0.735724 0 0.546948 -0.837166 0 0.677282 -0.735724 0 0.401695 -0.915773 0 0.401695 -0.915773 0 0.546948 -0.837166 0 0.879474 -0.475947 0 0.789141 -0.614213 0 0.789141 -0.614213 0 0.945817 -0.324699 0 0.879474 -0.475947 0 0.945817 -0.324699 0 0.986361 -0.164595 0 0.986361 -0.164595 0 -0.0825794 0.996584 0 0.0825794 0.996584 0 0.0825794 0.996584 0 -1 8.74228e-08 0 -1 8.74228e-08 0 -0.986361 -0.164595 -0 0.245485 0.9694 0 0.245486 0.9694 0 0.401695 0.915773 0 0.401695 0.915773 0 0.546948 0.837166 0 0.546948 0.837166 0 0.677282 0.735724 0 0.677282 0.735724 0 0.78914 0.614213 0 0.789141 0.614213 0 0.879474 0.475948 0 0.879474 0.475947 0 0.945817 0.324699 0 0.945817 0.3247 0 0.986361 0.164595 0 0.986361 0.164595 0 1 -1.74846e-07 0 1 3.01992e-07 0 -0.0825794 0.996584 0 -0.245486 0.9694 0 -0.245486 0.9694 0 -0.401695 0.915773 0 -0.401695 0.915773 0 -0.546948 0.837167 0 -0.546948 0.837167 0 -0.677282 0.735724 0 -0.677282 0.735724 0 -0.78914 0.614213 0 -0.78914 0.614213 0 -0.879474 0.475947 0 -0.879474 0.475947 0 -0.945817 0.324699 0 -0.945817 0.324699 0 -0.986361 0.164595 0 -0.986361 0.164595 0 -0.945817 -0.3247 -0 -0.986361 -0.164595 -0 -0.945817 -0.324699 -0 -0.677282 -0.735724 -0 -0.789141 -0.614213 -0 -0.677282 -0.735724 -0 -0.879474 -0.475947 -0 -0.879474 -0.475947 -0 -0.78914 -0.614213 -0 -0.401695 -0.915773 -0 -0.245485 -0.9694 -0 -0.245485 -0.9694 -0 -0.546948 -0.837166 -0 -0.401695 -0.915773 -0 -0.546948 -0.837166 -0 0.245485 -0.9694 0 0.245485 -0.9694 0 0.0825794 -0.996584 0 0.0825794 -0.996584 0 -0.0825794 -0.996584 -0 -0.0825792 -0.996584 -0 0.677282 -0.735724 0 0.546948 -0.837166 0 0.677282 -0.735724 0 0.401695 -0.915773 0 0.401695 -0.915773 0 0.546948 -0.837166 0 0.879474 -0.475947 0 0.789141 -0.614213 0 0.789141 -0.614213 0 0.945817 -0.324699 0 0.879474 -0.475947 0 0.945817 -0.324699 0 0.986361 -0.164595 0 0.986361 -0.164595 0 -0.0825794 0.996584 0 0.0825794 0.996584 0 0.0825794 0.996584 0 -1 8.74228e-08 0 -1 8.74228e-08 0 -0.986361 -0.164595 -0 0.245485 0.9694 0 0.245486 0.9694 0 0.401695 0.915773 0 0.401695 0.915773 0 0.546948 0.837166 0 0.546948 0.837166 0 0.677282 0.735724 0 0.677282 0.735724 0 0.78914 0.614213 0 0.789141 0.614213 0 0.879474 0.475948 0 0.879474 0.475947 0 0.945817 0.324699 0 0.945817 0.3247 0 0.986361 0.164595 0 0.986361 0.164595 0 1 -1.74846e-07 0 1 3.01992e-07 0 -0.0825794 0.996584 0 -0.245486 0.9694 0 -0.245486 0.9694 0 -0.401695 0.915773 0 -0.401695 0.915773 0 -0.546948 0.837167 0 -0.546948 0.837167 0 -0.677282 0.735724 0 -0.677282 0.735724 0 -0.78914 0.614213 0 -0.78914 0.614213 0 -0.879474 0.475947 0 -0.879474 0.475947 0 -0.945817 0.324699 0 -0.945817 0.324699 0 -0.986361 0.164595 0 -0.986361 0.164595 0 -0.945817 -0.3247 -0 -0.986361 -0.164595 -0 -0.945817 -0.324699 -0 -0.677282 -0.735724 -0 -0.789141 -0.614213 -0 -0.677282 -0.735724 -0 -0.879474 -0.475947 -0 -0.879474 -0.475947 -0 -0.78914 -0.614213 -0 -0.401695 -0.915773 -0 -0.245485 -0.9694 -0 -0.245485 -0.9694 -0 -0.546948 -0.837166 -0 -0.401695 -0.915773 -0 -0.546948 -0.837166 -0 0.245485 -0.9694 0 0.245485 -0.9694 0 0.0825794 -0.996584 0 0.0825794 -0.996584 0 -0.0825794 -0.996584 -0 -0.0825792 -0.996584 -0 0.677282 -0.735724 0 0.546948 -0.837166 0 0.677282 -0.735724 0 0.401695 -0.915773 0 0.401695 -0.915773 0 0.546948 -0.837166 0 0.879474 -0.475947 0 0.789141 -0.614213 0 0.789141 -0.614213 0 0.945817 -0.324699 0 0.879474 -0.475947 0 0.945817 -0.324699 0 0.986361 -0.164595 0 0.986361 -0.164595 0 0 0 1 0 0 1 0 0 1 0 0 1 0 0 1 0 0 1 0 0 1 0 0 1 0 0 1 0 0 1 0 0 1 0 0 1 0 0 1 0 0 1 0 0 1 0 0 1 0 0 1 0 0 1 0 0 1 0 0 1 0 0 1 0 0 1 0 0 1 0 0 1 0 0 1 0 0 1 0 0 1 0 0 1 0 0 1 0 0 1 0 0 1 0 0 1 0 0 1 0 0 1 0 0 1 0 0 1 0 0 1 0 0 1 0 0 1 0 0 1 0 0 1 0 0 1 0 0 1 0 0 1 0 0 1 0 0 1 0 0 1 0 0 1 0 0 1 0 0 1 0 0 1 0 0 1 0 0 1 0 0 1 0 0 1 0 0 1 0 0 1 0 0 1 0 0 1 0 0 1 0 0 1 0 0 1 0 0 1 0 0 1 0 0 1 0 0 1 0 0 1 0 0 1 0 0 1 0 0 1 0 0 1 0 0 1 0 0 1 0 0 1 0 0 1 0 0 1 0 0 1 0 0 1 0 0 1 0 0 1 0 0 1 0 0 1 0 0 1 0 0 1 0 0 1 0 0 1 0 0 1 0 0 1 0 0 1 0 0 1 0 0 1 0 0 1 0 0 1 0 0 1 0 0 1 0 0 1 0 0 1 0 0 1 0 0 1 0 0 1 0 0 1 0 0 1 0 0 1 0 0 1 0 0 1 0 0 1 0 0 1 0 0 1 0 0 1 0 0 1 0 0 1 0 0 1 0 0 1 0 0 1 -0.0825794 0.996584 0 0.0825794 0.996584 0 0.0825794 0.996584 0 -1 8.74228e-08 0 -1 8.74228e-08 0 -0.986361 -0.164595 -0 0.245485 0.9694 0 0.245486 0.9694 0 0.401695 0.915773 0 0.401695 0.915773 0 0.546948 0.837166 0 0.546948 0.837166 0 0.677282 0.735724 0 0.677282 0.735724 0 0.78914 0.614213 0 0.789141 0.614213 0 0.879474 0.475948 0 0.879474 0.475947 0 0.945817 0.324699 0 0.945817 0.3247 0 0.986361 0.164595 0 0.986361 0.164595 0 1 -1.74846e-07 0 1 3.01992e-07 0 -0.0825794 0.996584 0 -0.245486 0.9694 0 -0.245486 0.9694 0 -0.401695 0.915773 0 -0.401695 0.915773 0 -0.546948 0.837167 0 -0.546948 0.837167 0 -0.677282 0.735724 0 -0.677282 0.735724 0 -0.78914 0.614213 0 -0.78914 0.614213 0 -0.879474 0.475947 0 -0.879474 0.475947 0 -0.945817 0.324699 0 -0.945817 0.324699 0 -0.986361 0.164595 0 -0.986361 0.164595 0 -0.945817 -0.3247 -0 -0.986361 -0.164595 -0 -0.945817 -0.324699 -0 -0.677282 -0.735724 -0 -0.789141 -0.614213 -0 -0.677282 -0.735724 -0 -0.879474 -0.475947 -0 -0.879474 -0.475947 -0 -0.78914 -0.614213 -0 -0.401695 -0.915773 -0 -0.245485 -0.9694 -0 -0.245485 -0.9694 -0 -0.546948 -0.837166 -0 -0.401695 -0.915773 -0 -0.546948 -0.837166 -0 0.245485 -0.9694 0 0.245485 -0.9694 0 0.0825794 -0.996584 0 0.0825794 -0.996584 0 -0.0825794 -0.996584 -0 -0.0825792 -0.996584 -0 0.677282 -0.735724 0 0.546948 -0.837166 0 0.677282 -0.735724 0 0.401695 -0.915773 0 0.401695 -0.915773 0 0.546948 -0.837166 0 0.879474 -0.475947 0 0.789141 -0.614213 0 0.789141 -0.614213 0 0.945817 -0.324699 0 0.879474 -0.475947 0 0.945817 -0.324699 0 0.986361 -0.164595 0 0.986361 -0.164595 0 0 0 1 0 0 1 0 0 1 0 0 1 0 0 1 0 0 1 0 0 1 0 0 1 0 0 1 0 0 1 0 0 1 0 0 1 0 0 1 0 0 1 0 0 1 0 0 1 0 0 1 0 0 1 0 0 1 0 0 1 0 0 1 0 0 1 0 0 1 0 0 1 0 0 1 0 0 1 0 0 1 0 0 1 0 0 1 0 0 1 0 0 1 0 0 1 0 0 1 0 0 1 0 0 1 0 0 1 0 0 1 0 0 1 0 0 1 0 0 1 0 0 1 0 0 1 0 0 1 0 0 1 0 0 1 0 0 1 0 0 1 0 0 1 0 0 1 0 0 1 0 0 1 0 0 1 0 0 1 0 0 1 0 0 1 0 0 1 0 0 1 0 0 1 0 0 1 0 0 1 0 0 1 0 0 1 0 0 1 0 0 1 0 0 1 0 0 1 0 0 1 0 0 1 0 0 1 0 0 1 0 0 1 0 0 1 0 0 1 0 0 1 0 0 1 0 0 1 0 0 1 0 0 1 0 0 1 0 0 1 0 0 1 0 0 1 0 0 1 0 0 1 0 0 1 0 0 1 0 0 1 0 0 1 0 0 1 0 0 1 0 0 1 0 0 1 0 0 1 0 0 1 0 0 1 0 0 1 0 0 1 0 0 1 0 0 1 0 0 1 0 0 1 0 0 1 0 0 1 0 0 1 0 0 1 0 0 1 0 0 1 0 0 1 0 0 1 0 0 1 0 0 1 0 0 1 0 0 1 0 0 1 -0.0825794 0.996584 0 0.0825794 0.996584 0 0.0825794 0.996584 0 -1 8.74228e-08 0 -1 8.74228e-08 0 -0.986361 -0.164595 -0 0.245485 0.9694 0 0.245486 0.9694 0 0.401695 0.915773 0 0.401695 0.915773 0 0.546948 0.837166 0 0.546948 0.837166 0 0.677282 0.735724 0 0.677282 0.735724 0 0.78914 0.614213 0 0.789141 0.614213 0 0.879474 0.475948 0 0.879474 0.475947 0 0.945817 0.324699 0 0.945817 0.3247 0 0.986361 0.164595 0 0.986361 0.164595 0 1 -1.74846e-07 0 1 3.01992e-07 0 -0.0825794 0.996584 0 -0.245486 0.9694 0 -0.245486 0.9694 0 -0.401695 0.915773 0 -0.401695 0.915773 0 -0.546948 0.837167 0 -0.546948 0.837167 0 -0.677282 0.735724 0 -0.677282 0.735724 0 -0.78914 0.614213 0 -0.78914 0.614213 0 -0.879474 0.475947 0 -0.879474 0.475947 0 -0.945817 0.324699 0 -0.945817 0.324699 0 -0.986361 0.164595 0 -0.986361 0.164595 0 -0.945817 -0.3247 -0 -0.986361 -0.164595 -0 -0.945817 -0.324699 -0 -0.677282 -0.735724 -0 -0.789141 -0.614213 -0 -0.677282 -0.735724 -0 -0.879474 -0.475947 -0 -0.879474 -0.475947 -0 -0.78914 -0.614213 -0 -0.401695 -0.915773 -0 -0.245485 -0.9694 -0 -0.245485 -0.9694 -0 -0.546948 -0.837166 -0 -0.401695 -0.915773 -0 -0.546948 -0.837166 -0 0.245485 -0.9694 0 0.245485 -0.9694 0 0.0825794 -0.996584 0 0.0825794 -0.996584 0 -0.0825794 -0.996584 -0 -0.0825792 -0.996584 -0 0.677282 -0.735724 0 0.546948 -0.837166 0 0.677282 -0.735724 0 0.401695 -0.915773 0 0.401695 -0.915773 0 0.546948 -0.837166 0 0.879474 -0.475947 0 0.789141 -0.614213 0 0.789141 -0.614213 0 0.945817 -0.324699 0 0.879474 -0.475947 0 0.945817 -0.324699 0 0.986361 -0.164595 0 0.986361 -0.164595 0 0 0 1 0 0 1 0 0 1 0 0 1 0 0 1 0 0 1 0 0 1 0 0 1 0 0 1 0 0 1 0 0 1 0 0 1 0 0 1 0 0 1 0 0 1 0 0 1 0 0 1 0 0 1 0 0 1 0 0 1 0 0 1 0 0 1 0 0 1 0 0 1 0 0 1 0 0 1 0 0 1 0 0 1 0 0 1 0 0 1 0 0 1 0 0 1 0 0 1 0 0 1 0 0 1 0 0 1 0 0 1 0 0 1 0 0 1 0 0 1 0 0 1 0 0 1 0 0 1 0 0 1 0 0 1 0 0 1 0 0 1 0 0 1 0 0 1 0 0 1 0 0 1 0 0 1 0 0 1 0 0 1 0 0 1 0 0 1 0 0 1 0 0 1 0 0 1 0 0 1 0 0 1 0 0 1 0 0 1 0 0 1 0 0 1 0 0 1 0 0 1 0 0 1 0 0 1 0 0 1 0 0 1 0 0 1 0 0 1 0 0 1 0 0 1 0 0 1 -0.0825794 0.996584 0 0.0825794 0.996584 0 0.0825794 0.996584 0 -1 8.74228e-08 0 -1 8.74228e-08 0 -0.986361 -0.164595 -0 0.245485 0.9694 0 0.245486 0.9694 0 0.401695 0.915773 0 0.401695 0.915773 0 0.546948 0.837166 0 0.546948 0.837166 0 0.677282 0.735724 0 0.677282 0.735724 0 0.78914 0.614213 0 0.789141 0.614213 0 0.879474 0.475948 0 0.879474 0.475947 0 0.945817 0.324699 0 0.945817 0.3247 0 0.986361 0.164595 0 0.986361 0.164595 0 1 -1.74846e-07 0 1 3.01992e-07 0 -0.0825794 0.996584 0 -0.245486 0.9694 0 -0.245486 0.9694 0 -0.401695 0.915773 0 -0.401695 0.915773 0 -0.546948 0.837167 0 -0.546948 0.837167 0 -0.677282 0.735724 0 -0.677282 0.735724 0 -0.78914 0.614213 0 -0.78914 0.614213 0 -0.879474 0.475947 0 -0.879474 0.475947 0 -0.945817 0.324699 0 -0.945817 0.324699 0 -0.986361 0.164595 0 -0.986361 0.164595 0 -0.945817 -0.3247 -0 -0.986361 -0.164595 -0 -0.945817 -0.324699 -0 -0.677282 -0.735724 -0 -0.789141 -0.614213 -0 -0.677282 -0.735724 -0 -0.879474 -0.475947 -0 -0.879474 -0.475947 -0 -0.78914 -0.614213 -0 -0.401695 -0.915773 -0 -0.245485 -0.9694 -0 -0.245485 -0.9694 -0 -0.546948 -0.837166 -0 -0.401695 -0.915773 -0 -0.546948 -0.837166 -0 0.245485 -0.9694 0 0.245485 -0.9694 0 0.0825794 -0.996584 0 0.0825794 -0.996584 0 -0.0825794 -0.996584 -0 -0.0825792 -0.996584 -0 0.677282 -0.735724 0 0.546948 -0.837166 0 0.677282 -0.735724 0 0.401695 -0.915773 0 0.401695 -0.915773 0 0.546948 -0.837166 0 0.879474 -0.475947 0 0.789141 -0.614213 0 0.789141 -0.614213 0 0.945817 -0.324699 0 0.879474 -0.475947 0 0.945817 -0.324699 0 0.986361 -0.164595 0 0.986361 -0.164595 0 0 0 1 0 0 1 0 0 1 0 0 1 0 0 1 0 0 1 0 0 1 0 0 1 0 0 1 0 0 1 0 0 1 0 0 1 0 0 1 0 0 1 0 0 1 0 0 1 0 0 1 0 0 1 0 0 1 0 0 1 0 0 1 0 0 1 0 0 1 0 0 1 0 0 1 0 0 1 0 0 1 0 0 1 0 0 1 0 0 1 0 0 1 0 0 1 0 0 1 0 0 1 0 0 1 0 0 1 0 0 1 0 0 1 0 0 1 0 0 1 0 0 1 0 0 1 0 0 1 0 0 1 0 0 1 0 0 1 0 0 1 0 0 1 0 0 1 0 0 1 0 0 1 0 0 1 0 0 1 0 0 1 0 0 1 0 0 1 0 0 1 0 0 1 0 0 1 0 0 1 0 0 1 0 0 1 0 0 1 0 0 1 0 0 1 0 0 1 0 0 1 0 0 1 0 0 1 0 0 1 0 0 1 0 0 1 0 0 1 0 0 1 0 0 1 0 0 1 0 0 1 0 0 1 0 0 1 0 0 1 0 0 1 0 0 1 0 0 1 0 0 1 0 0 1 0 0 1 0 0 1 0 0 1 0 0 1 0 0 1 0 0 1 0 0 1 0 0 1 0 0 1 0 0 1 0 0 1 0 0 1 0 0 1 0 0 1 0 0 1 0 0 1 0 0 1 0 0 1 0 0 1 0 0 1 0 0 1 0 0 1 0 0 1 0 0 1 0 0 1 0 0 1 0 0 1 0 0 1 0 0 1 0 0 1 0 0 1 0 0 1 0 0 1 0 0 1 0 0 1 0 0 1 0 0 1 0 0 1 0 0 1 0 0 1 0 0 1 0 0 1 0 0 1 0 0 1 0 0 1 0 0 1 0 0 1 0 0 1 0 0 1 0 0 1 0 0 1 0 0 1 0 0 1 0 0 1 0 0 1 0 0 1 0 0 1 0 0 1 0 0 1 0 0 1 0 0 1 0 0 1 0 0 1 0 0 1 0 0 1 0 0 1 0 0 1 0.0825794 0.996584 0 -0.0825794 0.996584 0 -0.0825794 0.996584 0 1 8.74228e-08 0 1 8.74228e-08 0 0.986361 -0.164595 0 -0.245485 0.9694 0 -0.245486 0.9694 0 -0.401695 0.915773 0 -0.401695 0.915773 0 -0.546948 0.837166 0 -0.546948 0.837166 0 -0.677282 0.735724 0 -0.677282 0.735724 0 -0.78914 0.614213 0 -0.789141 0.614213 0 -0.879474 0.475948 0 -0.879474 0.475947 0 -0.945817 0.324699 0 -0.945817 0.3247 0 -0.986361 0.164595 0 -0.986361 0.164595 0 -1 -1.74846e-07 -0 -1 3.01992e-07 0 0.0825794 0.996584 0 0.245486 0.9694 0 0.245486 0.9694 0 0.401695 0.915773 0 0.401695 0.915773 0 0.546948 0.837167 0 0.546948 0.837167 0 0.677282 0.735724 0 0.677282 0.735724 0 0.78914 0.614213 0 0.78914 0.614213 0 0.879474 0.475947 0 0.879474 0.475947 0 0.945817 0.324699 0 0.945817 0.324699 0 0.986361 0.164595 0 0.986361 0.164595 0 0.945817 -0.3247 0 0.986361 -0.164595 0 0.945817 -0.324699 0 0.677282 -0.735724 0 0.789141 -0.614213 0 0.677282 -0.735724 0 0.879474 -0.475947 0 0.879474 -0.475947 0 0.78914 -0.614213 0 0.401695 -0.915773 0 0.245485 -0.9694 0 0.245485 -0.9694 0 0.546948 -0.837166 0 0.401695 -0.915773 0 0.546948 -0.837166 0 -0.245485 -0.9694 -0 -0.245485 -0.9694 -0 -0.0825794 -0.996584 -0 -0.0825794 -0.996584 -0 0.0825794 -0.996584 0 0.0825792 -0.996584 0 -0.677282 -0.735724 -0 -0.546948 -0.837166 -0 -0.677282 -0.735724 -0 -0.401695 -0.915773 -0 -0.401695 -0.915773 -0 -0.546948 -0.837166 -0 -0.879474 -0.475947 -0 -0.789141 -0.614213 -0 -0.789141 -0.614213 -0 -0.945817 -0.324699 -0 -0.879474 -0.475947 -0 -0.945817 -0.324699 -0 -0.986361 -0.164595 -0 -0.986361 -0.164595 -0 0.818583 0.574389 0 0.707107 0.707107 0 0.707107 0.707107 0 0.818583 0.574389 0 0.905468 0.424415 0 0.905468 0.424415 0 0.965152 0.261691 0 0.995841 0.0911063 0 0.965152 0.261691 0 0.995841 0.0911063 0 0.574388 0.818583 0 0.424415 0.905468 0 0.574388 0.818583 0 0.424415 0.905468 0 0.261691 0.965152 0 0.261691 0.965152 0 0.0911063 0.995841 0 0.0911063 0.995841 0 0 0 -1 0 0 -1 0 0 -1 0 0 -1 0 0 -1 0 0 -1 0 0 -1 0 0 -1 0 0 -1 0 0 -1 0 0 -1 0 0 -1 0 0 -1 0 0 -1 0 0 -1 0 0 -1 0 0 -1 0 0 -1 0 0 -1 0 0 -1 0 0 -1 0 0 -1 0 0 -1 0 0 -1 0 0 -1 0 0 -1 0 0 -1 0 0 -1 0 0 -1 0 0 -1 0 0 -1 0 0 -1 0 0 -1 0 0 -1 0 0 -1 0 0 -1 0 0 -1 0 0 -1 0 0 -1 0 0 -1 0 0 -1 0 0 -1 0 0 -1 0 0 -1 0 0 -1 0 0 -1 0 0 -1 0 0 -1 0 0 -1 0 0 -1 0 0 -1 0 0 -1 0 0 -1 0 0 -1 0 0 -1 0 0 -1 0 0 -1 0 0 -1 0 0 -1 0 0 -1 0 0 -1 0 0 -1 0 0 -1 0 0 -1 0 0 -1 0 0 -1 0 0 -1 0 0 -1 0 0 -1 0 0 -1 0 0 -1 0 0 -1 0 0 -1 0 0 -1 0 0 -1 0.0825794 0.996584 0 -0.0825794 0.996584 0 -0.0825794 0.996584 0 1 8.74228e-08 0 1 8.74228e-08 0 0.986361 -0.164595 0 -0.245485 0.9694 0 -0.245486 0.9694 0 -0.401695 0.915773 0 -0.401695 0.915773 0 -0.546948 0.837166 0 -0.546948 0.837166 0 -0.677282 0.735724 0 -0.677282 0.735724 0 -0.78914 0.614213 0 -0.789141 0.614213 0 -0.879474 0.475948 0 -0.879474 0.475947 0 -0.945817 0.324699 0 -0.945817 0.3247 0 -0.986361 0.164595 0 -0.986361 0.164595 0 -1 -1.74846e-07 -0 -1 3.01992e-07 0 0.0825794 0.996584 0 0.245486 0.9694 0 0.245486 0.9694 0 0.401695 0.915773 0 0.401695 0.915773 0 0.546948 0.837167 0 0.546948 0.837167 0 0.677282 0.735724 0 0.677282 0.735724 0 0.78914 0.614213 0 0.78914 0.614213 0 0.879474 0.475947 0 0.879474 0.475947 0 0.945817 0.324699 0 0.945817 0.324699 0 0.986361 0.164595 0 0.986361 0.164595 0 0.945817 -0.3247 0 0.986361 -0.164595 0 0.945817 -0.324699 0 0.677282 -0.735724 0 0.789141 -0.614213 0 0.677282 -0.735724 0 0.879474 -0.475947 0 0.879474 -0.475947 0 0.78914 -0.614213 0 0.401695 -0.915773 0 0.245485 -0.9694 0 0.245485 -0.9694 0 0.546948 -0.837166 0 0.401695 -0.915773 0 0.546948 -0.837166 0 -0.245485 -0.9694 -0 -0.245485 -0.9694 -0 -0.0825794 -0.996584 -0 -0.0825794 -0.996584 -0 0.0825794 -0.996584 0 0.0825792 -0.996584 0 -0.677282 -0.735724 -0 -0.546948 -0.837166 -0 -0.677282 -0.735724 -0 -0.401695 -0.915773 -0 -0.401695 -0.915773 -0 -0.546948 -0.837166 -0 -0.879474 -0.475947 -0 -0.789141 -0.614213 -0 -0.789141 -0.614213 -0 -0.945817 -0.324699 -0 -0.879474 -0.475947 -0 -0.945817 -0.324699 -0 -0.986361 -0.164595 -0 -0.986361 -0.164595 -0 -0.818583 -0.574389 0 -0.707107 -0.707107 0 -0.707107 -0.707107 0 -0.818583 -0.574389 0 -0.905468 -0.424415 0 -0.905468 -0.424415 0 -0.965152 -0.261691 0 -0.995841 -0.0911063 0 -0.965152 -0.261691 0 -0.995841 -0.0911063 0 -0.574388 -0.818583 0 -0.424415 -0.905468 0 -0.574388 -0.818583 0 -0.424415 -0.905468 0 -0.261691 -0.965152 0 -0.261691 -0.965152 0 -0.0911063 -0.995841 0 -0.0911063 -0.995841 0 0 0 -1 0 0 -1 0 0 -1 0 0 -1 0 0 -1 0 0 -1 0 0 -1 0 0 -1 0 0 -1 0 0 -1 0 0 -1 0 0 -1 0 0 -1 0 0 -1 0 0 -1 0 0 -1 0 0 -1 0 0 -1 0 0 -1 0 0 -1 0 0 -1 0 0 -1 0 0 -1 0 0 -1 0 0 -1 0 0 -1 0 0 -1 0 0 -1 0 0 -1 0 0 -1 0 0 -1 0 0 -1 0 0 -1 0 0 -1 0 0 -1 0 0 -1 0 0 -1 0 0 -1 0 0 -1 0 0 -1 0 0 -1 0 0 -1 0 0 -1 0 0 -1 0 0 -1 0 0 -1 0 0 -1 0 0 -1 0 0 -1 0 0 -1 0 0 -1 0 0 -1 0 0 -1 0 0 -1 0 0 -1 0 0 -1 0 0 -1 0 0 -1 0 0 -1 0 0 -1 0 0 -1 0 0 -1 0 0 -1 0 0 -1 0 0 -1 0 0 -1 0 0 -1 0 0 -1 0 0 -1 0 0 -1 0 0 -1 0 0 -1 0 0 -1 0 0 -1 0 0 -1 0.574389 -0.818583 0 0.707107 -0.707107 0 0.707107 -0.707107 0 0.574389 -0.818583 0 0.424415 -0.905468 0 0.424415 -0.905468 0 0.261691 -0.965152 0 0.0911063 -0.995841 0 0.261691 -0.965152 0 0.0911063 -0.995841 0 0.818583 -0.574388 0 0.905468 -0.424415 0 0.818583 -0.574388 0 0.905468 -0.424415 0 0.965152 -0.261691 0 0.965152 -0.261691 0 0.995841 -0.0911063 0 0.995841 -0.0911063 0 -0.042441 0.999099 0 0.0825794 0.996584 0 -0.0825794 0.996584 0 0.996397 -0.0848059 0 1 8.74228e-08 0 0.996397 0.0848059 0 -0.245486 0.9694 0 -0.210679 0.977555 0 -0.401695 0.915773 0 -0.372857 0.927889 0 -0.524307 0.851529 0 -0.546948 0.837166 0 -0.677282 0.735724 0 -0.660675 0.750672 0 -0.78914 0.614213 0 -0.778036 0.62822 0 -0.873014 0.487695 0 -0.879474 0.475948 0 -0.945817 0.3247 0 -0.942877 0.33314 0 -0.986361 0.164595 0 -0.985616 0.169001 0 -1 3.01992e-07 0 -1 -1.74846e-07 -0 0.127018 0.9919 0 0.292823 0.956167 0 0.245486 0.9694 0 0.401695 0.915773 0 0.450204 0.892926 0 0.594633 0.803997 0 0.546948 0.837167 0 0.721956 0.691939 0 0.677282 0.735724 0 0.78914 0.614213 0 0.82851 0.559975 0 0.911228 0.411901 0 0.879474 0.475947 0 0.967733 0.251978 0 0.945817 0.324699 0 0.986361 0.164595 0 0.82851 -0.559975 0 0.879474 -0.475947 0 0.911228 -0.411901 0 0.967733 -0.251978 0 0.945817 -0.3247 0 0.986361 -0.164595 0 0.546948 -0.837166 0 0.594633 -0.803997 0 0.450204 -0.892926 0 0.789141 -0.614213 0 0.721956 -0.691939 0 0.677282 -0.735724 0 0.127018 -0.9919 0 -0.0424412 -0.999099 -0 0.0825794 -0.996584 0 0.292823 -0.956167 0 0.245485 -0.9694 0 0.401695 -0.915773 0 -0.524307 -0.851529 -0 -0.401695 -0.915773 -0 -0.372857 -0.927889 -0 -0.245485 -0.9694 -0 -0.0825794 -0.996584 -0 -0.210679 -0.977555 -0 -0.789141 -0.614213 -0 -0.677282 -0.735724 -0 -0.778036 -0.62822 -0 -0.546948 -0.837166 -0 -0.660675 -0.750672 -0 -0.873014 -0.487695 -0 -0.879474 -0.475947 -0 -0.942877 -0.33314 -0 -0.945817 -0.324699 -0 -0.986361 -0.164595 -0 -0.985616 -0.169001 -0 0 0 -1 0 0 -1 0 0 -1 0 0 -1 0 0 -1 0 0 -1 0 0 -1 0 0 -1 0 0 -1 0 0 -1 0 0 -1 0 0 -1 0 0 -1 0 0 -1 0 0 -1 0 0 -1 0 0 -1 0 0 -1 0 0 -1 0 0 -1 0 0 -1 0 0 -1 0 0 -1 0 0 -1 0 0 -1 0 0 -1 0 0 -1 0 0 -1 0 0 -1 0 0 -1 0 0 -1 0 0 -1 0 0 -1 0 0 -1 0 0 -1 0 0 -1 0 0 -1 0 0 -1 0 0 -1 0 0 -1 0 0 -1 0 0 -1 0 0 -1 0 0 -1 0 0 -1 0 0 -1 0 0 -1 0 0 -1 0 0 -1 0 0 -1 0 0 -1 0 0 -1 0 0 -1 0 0 -1 0 0 -1 0 0 -1 0 0 -1 0 0 -1 0 0 -1 0 0 -1 0 0 -1 0 0 -1 0 0 -1 0 0 -1 0 0 -1 0 0 -1 0 0 -1 0 0 -1 0 0 -1 0 0 -1 0 0 -1 0 0 -1 0 0 -1 0 0 -1 0 0 -1 -0 -0 -1 -0 -0 -1 -0 -0 -1 -0 -0 -1 -0 -0 -1 -0 -0 -1 -0 -0 -1 -0 -0 -1 -0 -0 -1 -0 -0 -1 -0 -0 -1 -0 -0 -1 -0 -0 -1 -0 -0 -1 -0 -0 -1 -0 -0 -1 -0 -0 -1 -0 -0 -1 -0 -0 -1 -0 -0 -1 -0 -0 -1 -0 -0 -1 -0 -0 -1 -0 -0 -1 -0 -0 -1 -0 -0 -1 -0 -0 -1 -0 -0 -1 -0 -0 -1 -0 -0 -1 -0 -0 -1 -0 -0 -1 -0 -0 -1 -0 -0 -1 -0 -0 -1 -0 -0 -1 -0 -0 -1 -0.574389 0.818583 0 -0.707107 0.707107 0 -0.707107 0.707107 0 -0.574389 0.818583 0 -0.424415 0.905468 0 -0.424415 0.905468 0 -0.261691 0.965152 0 -0.0911063 0.995841 0 -0.261691 0.965152 0 -0.0911063 0.995841 0 -0.818583 0.574388 0 -0.905468 0.424415 0 -0.818583 0.574388 0 -0.905468 0.424415 0 -0.965152 0.261691 0 -0.965152 0.261691 0 -0.995841 0.0911063 0 -0.995841 0.0911063 0 -0.042441 0.999099 0 0.0825794 0.996584 0 -0.0825794 0.996584 0 0.996397 -0.0848059 0 1 8.74228e-08 0 0.996397 0.0848059 0 -0.245486 0.9694 0 -0.210679 0.977555 0 -0.401695 0.915773 0 -0.372857 0.927889 0 -0.524307 0.851529 0 -0.546948 0.837166 0 -0.677282 0.735724 0 -0.660675 0.750672 0 -0.78914 0.614213 0 -0.778036 0.62822 0 -0.873014 0.487695 0 -0.879474 0.475948 0 -0.945817 0.3247 0 -0.942877 0.33314 0 -0.986361 0.164595 0 -0.985616 0.169001 0 -1 3.01992e-07 0 -1 -1.74846e-07 -0 0.127018 0.9919 0 0.292823 0.956167 0 0.245486 0.9694 0 0.401695 0.915773 0 0.450204 0.892926 0 0.594633 0.803997 0 0.546948 0.837167 0 0.721956 0.691939 0 0.677282 0.735724 0 0.78914 0.614213 0 0.82851 0.559975 0 0.911228 0.411901 0 0.879474 0.475947 0 0.967733 0.251978 0 0.945817 0.324699 0 0.986361 0.164595 0 0.82851 -0.559975 0 0.879474 -0.475947 0 0.911228 -0.411901 0 0.967733 -0.251978 0 0.945817 -0.3247 0 0.986361 -0.164595 0 0.546948 -0.837166 0 0.594633 -0.803997 0 0.450204 -0.892926 0 0.789141 -0.614213 0 0.721956 -0.691939 0 0.677282 -0.735724 0 0.127018 -0.9919 0 -0.0424412 -0.999099 -0 0.0825794 -0.996584 0 0.292823 -0.956167 0 0.245485 -0.9694 0 0.401695 -0.915773 0 -0.524307 -0.851529 -0 -0.401695 -0.915773 -0 -0.372857 -0.927889 -0 -0.245485 -0.9694 -0 -0.0825794 -0.996584 -0 -0.210679 -0.977555 -0 -0.789141 -0.614213 -0 -0.677282 -0.735724 -0 -0.778036 -0.62822 -0 -0.546948 -0.837166 -0 -0.660675 -0.750672 -0 -0.873014 -0.487695 -0 -0.879474 -0.475947 -0 -0.942877 -0.33314 -0 -0.945817 -0.324699 -0 -0.986361 -0.164595 -0 -0.985616 -0.169001 -0 0 0 -1 0 0 -1 0 0 -1 0 0 -1 0 0 -1 0 0 -1 0 0 -1 0 0 -1 0 0 -1 0 0 -1 0 0 -1 0 0 -1 0 0 -1 0 0 -1 0 0 -1 0 0 -1 0 0 -1 0 0 -1 0 0 -1 0 0 -1 0 0 -1 0 0 -1 0 0 -1 0 0 -1 0 0 -1 0 0 -1 0 0 -1 0 0 -1 0 0 -1 0 0 -1 0 0 -1 0 0 -1 0 0 -1 0 0 -1 0 0 -1 0 0 -1 0 0 -1 0 0 -1 0 0 -1 0 0 -1 0 0 -1 0 0 -1 0 0 -1 0 0 -1 0 0 -1 0 0 -1 0 0 -1 0 0 -1 0 0 -1 0 0 -1 0 0 -1 0 0 -1 0 0 -1 0 0 -1 0 0 -1 0 0 -1 0 0 -1 0 0 -1 0 0 -1 0 0 -1 0 0 -1 0 0 -1 0 0 -1 0 0 -1 0 0 -1 0 0 -1 0 0 -1 0 0 -1 0 0 -1 0 0 -1 0 0 -1 0 0 -1 0 0 -1 0 0 -1 0 0 -1 -0 -0 -1 -0 -0 -1 -0 -0 -1 -0 -0 -1 -0 -0 -1 -0 -0 -1 -0 -0 -1 -0 -0 -1 -0 -0 -1 -0 -0 -1 -0 -0 -1 -0 -0 -1 -0 -0 -1 -0 -0 -1 -0 -0 -1 -0 -0 -1 -0 -0 -1 -0 -0 -1 -0 -0 -1 -0 -0 -1 -0 -0 -1 -0 -0 -1 -0 -0 -1 -0 -0 -1 -0 -0 -1 -0 -0 -1 -0 -0 -1 -0 -0 -1 -0 -0 -1 -0 -0 -1 -0 -0 -1 -0 -0 -1 -0 -0 -1 -0 -0 -1 -0 -0 -1 -0 -0 -1 -0 -0 -1 -0 -0 -1 -0 -0 -1 -0 -0 -1 -0 -0 -1 -0 -0 -1 -0 -0 -1 -0 -0 -1 -0 -0 -1 -0 -0 -1 -0 -0 -1 -0 -0 -1 -0 -0 -1 -0 -0 -1 -0 -0 -1 -0 -0 -1 -0 -0 -1 -0 -0 -1 -0 -0 -1 -0 -0 -1 -0 -0 -1 -0 -0 -1 -0 -0 -1 -0 -0 -1 -0 -0 -1 -0 -0 -1 -0 -0 -1 -0 -0 -1 -0 -0 -1 -0 -0 -1 -0 -0 -1 -0 -0 -1 -0 -0 -1 -0 -0 -1 -0 -0 -1 -0 -0 -1 -0 -0 -1 -0 -0 -1 -0 -0 -1 -0 -0 -1 -0 -0 -1 -0 -0 -1 -0 -0 -1 -0 -0 -1 -0 -0 -1 -0 -0 -1 -0 -0 -1 -0 -0 -1 -0 -0 -1 -0 -0 -1 -0 -0 -1 -0 -0 -1 -0 -0 -1 -0 -0 -1 -0 -0 -1 -0 -0 -1 -0 -0 -1 -0 -0 -1 -0 -0 -1 -0 -0 -1 -0 -0 -1 -0 -0 -1 -0 -0 -1 -0 -0 -1 -0 -0 -1 -0 -0 -1 -0 -0 -1 -0 -0 -1 -0 -0 -1 -0 -0 -1 -0 -0 -1 -0 -0 -1 -0 -0 -1 -0 -0 -1 -0 -0 -1 -0 -0 -1 -0 -0 -1</float_array>
          <technique_common>
            <accessor count="3732" source="#ID30" stride="3">
              <param name="X" type="float"/>
              <param name="Y" type="float"/>
              <param name="Z" type="float"/>
            </accessor>
          </technique_common>
        </source>
        <vertices id="ID31">
          <input semantic="POSITION" source="#ID27"/>
          <input semantic="NORMAL" source="#ID29"/>
        </vertices>
        <triangles count="3680" material="ID32">
          <input offset="0" semantic="VERTEX" source="#ID31"/>
          <p>0 2 1 3 5 4 1 7 6 8 10 9 11 13 12 14 15 8 8 15 10 14 3 4 3 14 8 16 18 17 19 4 5 20 22 21 23 25 24 17 27 26 18 16 19 17 26 16 18 19 5 28 22 29 30 31 13 29 22 32 33 34 13 31 36 35 37 39 38 13 34 40 41 13 42 30 13 43 44 39 2 9 6 7 9 10 6 7 1 2 0 44 2 44 38 39 45 37 46 38 46 37 45 48 47 48 45 46 49 41 47 47 48 49 50 51 13 49 13 41 13 51 42 50 13 40 13 11 33 52 53 32 35 12 31 13 31 12 36 54 35 55 36 56 36 55 54 57 56 58 57 55 56 59 60 58 58 56 59 59 32 53 60 59 53 61 52 22 32 22 52 62 63 22 22 63 61 64 65 22 22 65 62 21 22 23 22 20 64 25 27 24 22 25 23 17 24 27 66 68 67 69 70 68 71 73 72 74 76 75 74 77 70 78 80 79 76 80 75 81 82 78 83 85 84 86 88 87 89 91 90 84 92 90 84 94 93 95 92 84 87 97 96 97 98 84 88 99 82 100 84 101 101 84 91 102 104 103 103 105 102 104 107 106 67 73 71 108 104 106 107 109 106 106 110 108 102 107 104 111 113 112 114 103 115 103 114 105 116 115 117 116 114 115 118 119 117 117 115 118 118 91 89 119 118 89 91 84 90 93 95 84 84 85 94 83 84 98 97 84 96 87 96 86 88 86 99 88 82 81 81 78 79 79 80 76 74 75 77 74 70 69 69 68 66 66 67 71 71 72 111 113 120 112 72 113 111 121 120 122 120 121 112 122 124 123 123 121 122 106 125 124 123 124 125 126 127 106 106 127 125 128 129 106 106 129 126 130 131 106 106 131 128 109 130 106 132 134 133 135 137 136 138 133 139 140 141 135 142 144 143 145 146 142 139 148 147 149 145 150 151 153 152 154 156 155 157 159 158 155 161 160 159 163 162 164 155 165 166 167 162 168 170 169 171 167 166 172 155 169 173 175 174 155 172 176 177 179 178 180 181 177 164 168 155 182 183 177 177 183 184 177 186 185 187 171 166 177 188 187 171 187 188 189 177 185 190 191 177 177 191 188 177 189 190 181 186 177 177 178 180 179 184 173 177 184 179 192 175 173 174 179 173 193 192 194 193 175 192 195 196 194 194 192 195 195 169 170 196 195 170 169 155 168 160 165 155 155 197 161 154 155 150 155 156 197 149 146 145 155 149 150 146 144 142 144 141 143 135 136 140 141 140 143 134 136 137 138 132 133 132 136 134 147 138 139 147 148 153 151 152 158 147 153 151 157 163 159 152 157 158 162 167 159 198 200 199 201 203 202 204 206 205 207 209 208 210 206 211 203 201 210 212 206 213 212 211 206 214 206 215 214 213 206 216 215 206 217 218 199 206 220 219 201 222 221 223 225 224 223 224 226 224 225 227 224 229 228 226 224 228 200 230 199 231 199 230 232 234 233 201 235 199 199 235 236 237 236 238 238 236 239 240 233 241 240 239 233 234 241 233 242 243 233 233 243 232 244 236 245 233 247 246 207 248 209 249 250 207 251 248 207 252 207 253 252 251 207 254 235 255 256 257 235 235 259 258 256 235 258 260 220 206 201 262 261 206 210 263 263 260 206 210 201 263 264 265 201 201 265 263 266 267 201 201 267 264 201 221 266 201 269 268 222 201 268 269 201 261 270 201 271 270 262 201 272 274 273 275 271 201 276 231 224 274 277 273 278 280 279 277 281 278 282 284 283 285 287 286 288 289 224 290 288 291 292 224 293 294 224 289 206 204 224 295 296 206 206 296 205 297 298 206 206 298 295 299 300 206 206 300 297 301 302 206 206 302 299 303 304 206 206 304 301 219 305 206 206 305 303 306 308 307 309 310 207 207 310 311 312 313 207 207 313 309 314 315 207 207 315 312 316 317 207 207 317 314 207 250 318 207 318 316 207 320 319 249 207 319 321 320 322 323 324 307 306 307 324 325 323 326 323 325 324 327 329 328 329 325 326 322 233 330 331 333 332 334 335 235 236 235 335 336 337 235 235 337 334 338 339 235 235 339 336 340 341 235 235 341 338 342 343 235 235 343 340 255 235 344 235 254 342 345 257 207 256 253 257 344 235 257 207 257 253 311 346 207 207 346 345 236 333 347 233 349 348 308 351 350 351 308 306 352 321 350 350 351 352 320 207 322 352 320 321 233 322 207 353 354 233 233 354 330 355 233 356 233 348 353 357 358 233 233 358 349 359 360 233 233 360 357 361 362 233 233 362 359 355 247 233 233 246 361 233 239 363 363 356 233 239 236 363 364 365 236 236 365 363 366 367 236 236 367 364 368 369 236 236 369 366 370 371 236 236 371 368 244 372 236 236 372 370 245 236 347 333 236 335 332 327 331 335 332 333 329 326 328 327 328 331 281 277 274 373 275 201 272 275 373 272 273 275 374 373 199 201 199 373 375 376 199 199 376 374 377 378 199 199 378 375 379 380 199 199 380 377 217 199 381 199 218 379 199 383 382 381 199 382 230 229 231 383 199 231 224 231 229 384 385 224 224 385 276 386 387 224 224 387 384 388 389 224 224 389 386 390 391 224 224 391 388 224 292 390 204 288 224 392 393 224 224 393 293 224 294 392 290 291 282 288 204 291 283 284 285 290 282 283 287 279 286 284 287 285 278 281 280 279 280 286 394 396 395 394 398 397 399 395 400 401 402 398 399 404 403 405 402 401 406 403 407 408 405 409 410 407 411 412 408 413 408 415 414 416 408 414 417 411 418 416 419 408 417 421 420 408 419 422 423 424 420 425 408 426 427 429 428 408 425 430 431 427 426 432 434 433 435 437 436 438 439 437 440 441 437 437 441 442 443 437 444 445 446 424 447 446 448 408 412 415 413 408 409 409 405 401 398 402 397 394 397 396 395 396 400 399 400 404 399 403 406 406 407 410 410 411 417 418 421 417 421 423 420 423 445 424 445 448 446 449 447 450 447 449 446 451 449 450 451 450 452 437 453 452 451 452 453 438 437 454 437 435 453 437 439 436 455 437 456 455 454 437 442 444 437 443 456 437 433 457 444 444 442 433 434 432 458 457 433 434 428 459 432 458 432 459 428 426 427 428 429 459 426 408 431 422 431 408 460 462 461 463 465 464 466 468 467 469 471 470 464 469 463 472 473 470 472 470 471 474 475 470 474 470 473 476 470 475 470 478 477 460 480 479 481 460 482 483 485 484 482 460 486 460 487 486 481 462 460 488 483 489 483 490 489 483 488 491 492 467 493 494 460 490 495 496 483 497 498 495 498 499 495 500 501 467 500 467 499 493 467 501 502 467 503 467 492 503 504 467 505 496 507 506 508 510 509 511 509 510 512 510 508 513 514 510 513 510 512 515 496 516 516 496 517 496 515 518 483 496 463 495 520 519 521 463 522 523 470 524 525 463 526 525 522 463 527 483 528 463 528 483 529 483 530 483 527 530 531 483 532 483 529 532 533 483 534 483 531 534 484 535 483 483 533 485 483 537 536 535 537 483 489 490 461 536 490 483 460 461 490 538 460 539 460 494 539 540 460 541 460 538 541 542 460 543 460 540 543 544 460 545 460 542 545 460 544 480 546 547 460 460 548 546 460 479 548 460 550 549 547 550 460 551 524 549 552 554 553 555 557 556 463 558 528 559 528 558 521 560 463 560 558 463 561 563 562 467 565 564 566 466 567 567 568 566 495 570 569 510 567 466 510 572 571 467 510 466 573 467 574 467 468 574 575 576 467 467 573 565 577 467 578 467 564 578 579 467 580 467 577 580 581 467 582 467 579 582 575 467 504 467 581 505 467 583 499 583 467 576 499 583 495 584 495 585 495 583 585 586 495 587 495 584 587 588 495 589 495 586 589 590 495 591 495 588 591 520 495 592 495 590 592 519 593 495 594 596 595 593 570 495 568 595 597 597 595 596 566 568 597 594 598 596 599 510 600 510 601 600 602 510 603 510 599 603 510 604 567 605 510 606 510 602 606 604 510 607 510 605 572 608 510 609 510 571 609 510 608 607 598 611 610 611 598 594 612 610 613 611 613 610 562 563 612 612 613 562 614 563 561 561 615 614 615 569 570 615 570 614 616 496 569 495 569 496 617 496 618 496 616 618 619 496 620 496 617 620 621 496 622 496 619 622 623 496 624 496 621 624 506 625 496 496 623 507 626 510 517 516 517 514 625 517 496 510 514 517 601 510 627 510 626 627 628 470 477 558 552 559 470 629 469 629 470 628 469 629 463 630 463 631 463 629 631 632 463 633 463 630 633 634 463 635 463 632 635 463 636 526 463 634 636 637 553 554 553 559 552 637 639 638 639 637 554 557 638 640 639 640 638 555 556 641 557 640 556 641 643 642 642 555 641 644 643 551 643 644 642 549 524 460 644 551 549 470 460 524 645 470 646 470 523 646 647 470 648 470 645 648 649 470 650 470 647 650 651 470 652 470 649 652 653 470 654 470 651 654 478 470 655 470 653 655 656 658 657 659 661 660 662 664 663 660 665 659 666 668 667 669 671 670 672 673 666 674 675 666 676 666 673 677 679 678 680 681 659 682 678 683 684 685 659 686 688 687 689 691 690 692 687 693 694 686 691 695 690 696 685 692 693 656 696 697 681 698 659 659 700 699 701 702 682 703 657 702 659 705 704 680 659 704 665 664 706 707 708 666 709 710 677 659 698 700 699 684 659 684 692 685 687 688 693 686 694 688 691 689 694 690 695 689 690 697 696 697 658 656 658 702 657 703 702 701 701 682 683 683 678 679 679 677 710 711 712 709 709 677 711 712 714 713 714 712 711 666 713 715 714 715 713 667 716 666 666 715 674 666 675 668 717 718 666 717 666 716 672 666 708 707 666 718 671 708 719 708 671 672 670 720 669 719 670 671 663 669 721 720 721 669 663 664 665 663 721 662 665 706 659 705 659 706 722 724 723 725 727 726 728 725 729 725 730 729 731 733 732 734 736 735 737 738 732 739 732 738 740 741 725 722 742 724 743 745 744 746 748 747 749 751 750 752 753 749 754 756 755 743 758 757 759 760 754 761 763 762 764 765 750 725 767 766 768 769 744 770 723 724 746 770 771 772 727 728 725 726 773 774 775 732 732 777 776 732 742 778 722 778 742 779 777 732 780 732 781 732 778 781 732 780 779 731 732 776 732 733 774 775 736 737 732 775 737 782 736 734 735 736 775 783 784 782 783 782 734 785 784 786 784 785 782 785 772 728 786 772 785 728 727 725 740 725 773 767 725 787 725 741 787 766 769 725 768 744 745 725 769 768 745 743 757 757 758 759 754 760 756 759 758 760 752 755 756 751 749 753 753 752 756 764 750 751 764 761 765 763 747 762 764 763 761 748 746 771 762 747 748 770 746 723 788 790 789 791 793 792 794 791 795 796 789 797 798 800 799 801 798 799 802 791 803 804 806 805 807 791 792 808 810 809 810 808 811 812 813 810 810 811 812 800 815 814 801 813 812 816 818 817 819 821 820 815 822 814 822 823 814 813 801 799 800 798 815 804 824 797 825 793 826 827 828 791 818 830 829 830 818 831 832 827 791 809 790 788 809 788 808 790 797 789 796 797 824 824 804 805 833 834 806 805 806 834 833 836 835 835 834 833 837 836 803 836 837 835 838 791 839 837 803 791 791 802 839 838 832 791 791 828 795 840 829 841 826 793 794 791 794 793 842 825 843 825 826 843 842 845 844 844 825 842 844 847 846 847 844 845 846 848 841 847 848 846 846 841 829 849 818 840 829 840 818 850 818 851 818 849 851 852 818 853 818 850 853 816 820 818 818 852 817 821 819 823 818 820 821 814 823 819 854 856 855 857 859 858 860 862 861 863 860 864 865 867 866 868 867 865 867 870 869 868 870 867 871 872 856 873 854 874 875 877 876 872 875 876 878 880 879 878 881 877 882 884 883 885 882 886 884 888 887 882 890 889 891 882 883 880 892 864 861 882 893 894 868 895 896 898 897 888 882 899 894 895 900 899 882 901 900 902 894 895 868 865 873 857 858 902 904 903 903 894 902 903 906 905 906 903 904 905 907 887 906 907 905 905 887 888 888 884 882 890 882 891 882 889 886 885 893 882 861 862 882 860 863 862 864 892 863 864 879 880 879 881 878 881 876 877 872 871 875 872 855 856 855 874 854 874 857 873 857 897 859 898 896 908 859 897 898 909 910 908 908 896 909 910 912 911 912 910 909 867 911 913 912 913 911 914 867 915 867 913 915 916 867 917 867 914 917 918 867 919 867 916 919 866 867 918 920 922 921 922 920 923 924 926 925 927 929 928 927 928 930 931 928 932 931 932 933 934 936 935 937 939 938 940 942 941 943 945 944 946 948 947 949 951 950 952 954 953 955 957 956 958 959 952 960 957 961 959 963 962 964 965 961 966 962 967 964 969 968 966 967 970 971 969 972 954 946 973 974 975 972 976 977 955 978 948 979 980 977 981 940 949 982 942 944 941 940 941 949 943 983 945 942 943 944 935 936 983 945 983 936 938 939 934 935 938 934 937 926 984 939 937 984 925 929 924 926 924 984 925 928 929 928 931 930 985 987 986 932 988 933 989 991 990 992 987 993 994 996 995 997 999 998 1000 1002 1001 1003 1005 1004 1006 1008 1007 1009 1010 1007 1006 1012 1011 1011 1008 1006 1013 1012 1014 1012 1013 1011 1015 1016 1014 1013 1014 1016 1015 1017 970 970 1016 1015 1002 1010 1009 1008 1009 1007 1000 1001 1003 1010 1002 1000 1004 1005 995 1003 1001 1005 1018 996 994 996 1004 995 998 989 997 999 1020 1019 992 990 991 1019 996 1018 1020 996 1019 997 1020 999 989 998 991 993 987 985 990 992 993 985 986 988 988 986 933 974 970 1017 963 967 962 958 963 959 953 958 952 973 953 954 947 973 946 978 947 948 950 980 982 951 978 979 979 950 951 982 949 950 981 982 980 976 981 977 956 976 955 960 956 957 965 960 961 968 965 964 971 968 969 975 971 972 970 974 966 1017 975 974 1021 1023 1022 1023 1021 1024 1025 1027 1026 1027 1025 1028 1029 1031 1030 1029 1032 1031 1033 1035 1034 1033 1036 1035 1037 1039 1038 1040 1039 1041 1039 1040 1038 1042 1043 1041 1040 1041 1043 1042 1045 1044 1044 1043 1042 1046 1045 1047 1045 1046 1044 1048 1049 1047 1046 1047 1049 1048 1051 1050 1050 1049 1048 1052 1051 1053 1051 1052 1050 1054 1055 1053 1052 1053 1055 1056 1055 1054 1057 1037 1038 1057 1059 1058 1058 1037 1057 1060 1059 1061 1059 1060 1058 1062 1063 1061 1060 1061 1063 1062 1065 1064 1064 1063 1062 1066 1065 1067 1065 1066 1064 1068 1069 1067 1066 1067 1069 1068 1071 1070 1070 1069 1068 1072 1071 1073 1071 1072 1070 1072 1073 1074 1075 1077 1076 1077 1075 1078 1079 1081 1080 1081 1082 1080 1083 1085 1084 1086 1080 1082 1087 1089 1088 1089 1084 1085 1090 1092 1091 1088 1090 1087 1092 1094 1093 1092 1093 1091 1088 1089 1085 1095 1094 1096 1097 1083 1098 1097 1098 1099 1094 1095 1093 1091 1087 1090 1100 1102 1101 1101 1096 1100 1102 1104 1103 1104 1102 1100 1105 1103 1106 1104 1106 1103 1095 1096 1101 1098 1083 1084 1098 1108 1107 1099 1098 1107 1109 1108 1110 1108 1109 1107 1111 1112 1110 1109 1110 1112 1111 1114 1113 1113 1112 1111 1115 1114 1116 1114 1115 1113 1117 1118 1116 1115 1116 1118 1117 1120 1119 1119 1118 1117 1121 1120 1086 1120 1121 1119 1121 1086 1082 1122 1124 1123 1125 1123 1126 1127 1129 1128 1130 1132 1131 1133 1135 1134 1136 1138 1137 1139 1141 1140 1142 1144 1143 1145 1147 1146 1148 1149 1146 1148 1151 1150 1152 1151 1153 1154 1106 1155 1106 1154 1105 1156 1147 1157 1158 1139 1156 1140 1141 1144 1135 1143 1134 1143 1144 1134 1137 1138 1133 1138 1135 1133 1127 1128 1136 1127 1136 1137 1129 1130 1131 1129 1131 1128 1132 1124 1122 1130 1124 1132 1126 1080 1125 1122 1123 1125 1079 1080 1126 1142 1159 1140 1160 1159 1161 1142 1140 1144 1161 1159 1142 1162 1160 1163 1158 1141 1139 1164 1162 1165 1157 1158 1156 1166 1164 1167 1145 1157 1147 1168 1166 1169 1149 1145 1146 1170 1168 1171 1150 1149 1148 1172 1170 1173 1152 1150 1151 1174 1172 1175 1155 1152 1153 1153 1154 1155 1105 1154 1174 1175 1105 1174 1173 1175 1172 1171 1173 1170 1169 1171 1168 1167 1169 1166 1165 1167 1164 1163 1165 1162 1161 1163 1160 1176 1178 1177 1178 1176 1179 1180 1182 1181 1180 1181 1183 1184 1186 1185 1184 1187 1186 1188 1190 1189 1190 1188 1191 1191 1192 1190 1193 1188 1189 1188 1193 1194 1195 1197 1196 1193 1198 1194 1199 1201 1200 1202 1197 1203 1204 1206 1205 1207 1209 1208 1210 1212 1211 1213 1205 1214 1215 1217 1216 1218 1220 1219 1221 1223 1222 1224 1221 1225 1226 1228 1227 1229 1231 1230 1232 1234 1233 1235 1237 1236 1238 1240 1239 1240 1238 1241 1242 1239 1243 1240 1243 1239 1244 1245 1242 1242 1243 1244 1245 1247 1246 1247 1245 1244 1248 1246 1249 1247 1249 1246 1250 1251 1248 1248 1249 1250 1251 1253 1252 1253 1251 1250 1254 1252 1255 1253 1255 1252 1256 1190 1254 1254 1255 1256 1189 1190 1256 1257 1238 1258 1259 1235 1260 1261 1263 1262 1259 1264 1231 1265 1229 1266 1267 1262 1234 1226 1227 1265 1226 1265 1266 1228 1269 1268 1228 1268 1227 1223 1270 1222 1270 1269 1222 1224 1225 1216 1224 1223 1221 1219 1217 1215 1215 1216 1225 1218 1210 1220 1219 1220 1217 1212 1213 1211 1218 1212 1210 1214 1205 1271 1211 1213 1214 1272 1206 1204 1206 1271 1205 1208 1199 1207 1209 1274 1273 1202 1200 1201 1273 1206 1272 1274 1206 1273 1207 1274 1209 1199 1208 1201 1203 1197 1195 1200 1202 1203 1195 1196 1198 1198 1196 1194 1270 1275 1269 1276 1277 1275 1278 1279 1277 1280 1233 1279 1230 1266 1229 1264 1230 1231 1263 1282 1281 1260 1264 1259 1281 1284 1283 1236 1260 1235 1257 1283 1241 1258 1236 1237 1237 1257 1258 1241 1238 1257 1284 1241 1283 1282 1284 1281 1261 1282 1263 1267 1261 1262 1232 1267 1234 1280 1232 1233 1278 1280 1279 1276 1278 1277 1269 1275 1268 1270 1276 1275 1285 1287 1286 1285 1288 1287 1289 1291 1290 1292 1291 1293 1291 1292 1290 1294 1295 1293 1292 1293 1295 1294 1297 1296 1296 1295 1294 1298 1297 1299 1297 1298 1296 1300 1301 1299 1298 1299 1301 1300 1303 1302 1302 1301 1300 1304 1303 1305 1303 1304 1302 1306 1307 1305 1304 1305 1307 1308 1307 1306 1309 1289 1290 1309 1311 1310 1310 1289 1309 1312 1311 1313 1311 1312 1310 1314 1315 1313 1312 1313 1315 1314 1317 1316 1316 1315 1314 1318 1317 1319 1317 1318 1316 1320 1321 1319 1318 1319 1321 1320 1323 1322 1322 1321 1320 1324 1323 1325 1323 1324 1322 1324 1325 1326 1327 1329 1328 1329 1327 1330 1331 1333 1332 1333 1331 1334 1335 1337 1336 1336 1338 1335 1339 1341 1340 1339 1342 1341 1343 1345 1344 1346 1348 1347 1346 1347 1349 1350 1347 1351 1350 1351 1352 1353 1355 1354 1356 1358 1357 1359 1361 1360 1362 1364 1363 1365 1367 1366 1368 1370 1369 1371 1373 1372 1374 1376 1375 1377 1379 1378 1380 1382 1381 1382 1380 1383 1384 1381 1385 1382 1385 1381 1386 1387 1384 1384 1385 1386 1387 1389 1388 1389 1387 1386 1390 1388 1391 1389 1391 1388 1392 1393 1390 1390 1391 1392 1393 1395 1394 1395 1393 1392 1396 1394 1397 1395 1397 1394 1375 1383 1380 1376 1383 1375 1376 1379 1377 1378 1371 1398 1399 1401 1400 1373 1399 1402 1367 1401 1366 1368 1369 1365 1368 1365 1366 1403 1359 1360 1369 1370 1403 1404 1361 1362 1404 1360 1361 1404 1362 1363 1354 1355 1364 1364 1355 1363 1405 1357 1353 1354 1405 1353 1345 1358 1356 1356 1357 1405 1344 1348 1343 1345 1343 1358 1348 1406 1347 1344 1406 1348 1347 1350 1349 1407 1409 1408 1410 1408 1352 1411 1413 1412 1414 1416 1415 1417 1419 1418 1417 1420 1419 1397 1422 1421 1421 1396 1397 1420 1411 1412 1414 1415 1413 1418 1396 1421 1419 1396 1418 1420 1417 1411 1412 1413 1415 1414 1409 1416 1407 1408 1410 1416 1409 1407 1410 1352 1351 1374 1423 1379 1424 1423 1425 1374 1379 1376 1425 1423 1374 1426 1424 1427 1398 1377 1378 1428 1426 1429 1372 1398 1371 1430 1428 1431 1402 1372 1373 1432 1430 1433 1400 1402 1399 1434 1432 1435 1367 1400 1401 1436 1437 1434 1438 1439 1437 1359 1403 1439 1403 1370 1439 1438 1359 1439 1436 1438 1437 1435 1436 1434 1433 1435 1432 1431 1433 1430 1429 1431 1428 1427 1429 1426 1425 1427 1424 1440 1442 1441 1440 1443 1442 1444 1446 1445 1447 1446 1448 1446 1447 1445 1449 1450 1448 1447 1448 1450 1449 1452 1451 1451 1450 1449 1453 1452 1454 1452 1453 1451 1455 1456 1454 1453 1454 1456 1455 1458 1457 1457 1456 1455 1459 1458 1460 1458 1459 1457 1461 1462 1460 1459 1460 1462 1463 1462 1461 1464 1444 1445 1464 1466 1465 1465 1444 1464 1467 1466 1468 1466 1467 1465 1469 1470 1468 1467 1468 1470 1469 1472 1471 1471 1470 1469 1473 1472 1474 1472 1473 1471 1475 1476 1474 1473 1474 1476 1475 1478 1477 1477 1476 1475 1479 1478 1480 1478 1479 1477 1479 1480 1481 1482 1484 1483 1484 1482 1485 1486 1488 1487 1488 1486 1489 1490 1492 1491 1490 1493 1492 1494 1496 1495 1494 1497 1496 1498 1500 1499 1498 1501 1500 1502 1504 1503 1505 1507 1506 1508 1509 1504 1503 1504 1509 1510 1508 1511 1508 1510 1509 1511 1513 1512 1512 1510 1511 1514 1515 1513 1512 1513 1515 1516 1514 1517 1514 1516 1515 1517 1519 1518 1518 1516 1517 1520 1521 1519 1518 1519 1521 1522 1520 1523 1520 1522 1521 1524 1522 1523 1524 1523 1525 1503 1526 1502 1527 1526 1528 1526 1527 1502 1528 1530 1529 1529 1527 1528 1531 1532 1530 1529 1530 1532 1533 1531 1534 1531 1533 1532 1534 1536 1535 1535 1533 1534 1537 1538 1536 1535 1536 1538 1539 1537 1540 1537 1539 1538 1540 1542 1541 1541 1539 1540 1541 1542 1506 1543 1545 1544 1542 1505 1506 1546 1548 1547 1549 1551 1550 1552 1554 1553 1555 1557 1556 1558 1560 1559 1561 1563 1562 1564 1566 1565 1567 1569 1568 1570 1572 1571 1564 1571 1572 1570 1574 1573 1574 1570 1571 1575 1576 1573 1573 1574 1575 1525 1576 1577 1575 1577 1576 1524 1525 1577 1565 1566 1569 1564 1572 1566 1567 1568 1559 1565 1569 1567 1558 1561 1560 1568 1558 1559 1563 1554 1562 1561 1562 1560 1556 1552 1553 1553 1554 1563 1546 1557 1555 1557 1552 1556 1547 1548 1551 1546 1555 1548 1549 1550 1543 1547 1551 1549 1545 1507 1544 1550 1545 1543 1505 1544 1507 1578 1580 1579 1581 1583 1582 1584 1585 1580 1579 1580 1585 1586 1584 1587 1584 1586 1585 1587 1589 1588 1588 1586 1587 1590 1591 1589 1588 1589 1591 1592 1590 1593 1590 1592 1591 1593 1595 1594 1594 1592 1593 1596 1597 1595 1594 1595 1597 1598 1596 1599 1596 1598 1597 1600 1598 1599 1600 1599 1601 1579 1602 1578 1603 1602 1604 1602 1603 1578 1604 1606 1605 1605 1603 1604 1607 1608 1606 1605 1606 1608 1609 1607 1610 1607 1609 1608 1610 1612 1611 1611 1609 1610 1613 1614 1612 1611 1612 1614 1615 1613 1616 1613 1615 1614 1616 1618 1617 1617 1615 1616 1617 1618 1582 1619 1621 1620 1618 1581 1582 1622 1624 1623 1625 1627 1626 1628 1630 1629 1631 1633 1632 1634 1636 1635 1637 1639 1638 1640 1642 1641 1643 1645 1644 1646 1648 1647 1640 1647 1648 1646 1650 1649 1650 1646 1647 1651 1652 1649 1649 1650 1651 1601 1652 1653 1651 1653 1652 1600 1601 1653 1641 1642 1645 1640 1648 1642 1643 1644 1635 1641 1645 1643 1634 1637 1636 1644 1634 1635 1639 1630 1638 1637 1638 1636 1632 1628 1629 1629 1630 1639 1622 1633 1631 1633 1628 1632 1623 1624 1627 1622 1631 1624 1625 1626 1619 1623 1627 1625 1621 1583 1620 1626 1621 1619 1581 1620 1583 1654 1656 1655 1657 1659 1658 1660 1661 1656 1655 1656 1661 1662 1660 1663 1660 1662 1661 1663 1665 1664 1664 1662 1663 1666 1667 1665 1664 1665 1667 1668 1666 1669 1666 1668 1667 1669 1671 1670 1670 1668 1669 1672 1673 1671 1670 1671 1673 1674 1672 1675 1672 1674 1673 1676 1674 1675 1676 1675 1677 1655 1678 1654 1679 1678 1680 1678 1679 1654 1680 1682 1681 1681 1679 1680 1683 1684 1682 1681 1682 1684 1685 1683 1686 1683 1685 1684 1686 1688 1687 1687 1685 1686 1689 1690 1688 1687 1688 1690 1691 1689 1692 1689 1691 1690 1692 1694 1693 1693 1691 1692 1693 1694 1658 1695 1697 1696 1694 1657 1658 1698 1700 1699 1701 1703 1702 1704 1706 1705 1707 1709 1708 1710 1712 1711 1713 1715 1714 1716 1718 1717 1719 1721 1720 1722 1724 1723 1716 1723 1724 1722 1726 1725 1726 1722 1723 1727 1728 1725 1725 1726 1727 1677 1728 1729 1727 1729 1728 1676 1677 1729 1717 1718 1721 1716 1724 1718 1719 1720 1711 1717 1721 1719 1710 1713 1712 1720 1710 1711 1715 1706 1714 1713 1714 1712 1708 1704 1705 1705 1706 1715 1698 1709 1707 1709 1704 1708 1699 1700 1703 1698 1707 1700 1701 1702 1695 1699 1703 1701 1697 1659 1696 1702 1697 1695 1657 1696 1659 1730 1732 1731 1733 1735 1734 1736 1737 1732 1731 1732 1737 1738 1736 1739 1736 1738 1737 1739 1741 1740 1740 1738 1739 1742 1743 1741 1740 1741 1743 1744 1742 1745 1742 1744 1743 1745 1747 1746 1746 1744 1745 1748 1749 1747 1746 1747 1749 1750 1748 1751 1748 1750 1749 1752 1750 1751 1752 1751 1753 1731 1754 1730 1755 1754 1756 1754 1755 1730 1756 1758 1757 1757 1755 1756 1759 1760 1758 1757 1758 1760 1761 1759 1762 1759 1761 1760 1762 1764 1763 1763 1761 1762 1765 1766 1764 1763 1764 1766 1767 1765 1768 1765 1767 1766 1768 1770 1769 1769 1767 1768 1769 1770 1734 1771 1773 1772 1770 1733 1734 1774 1776 1775 1777 1779 1778 1780 1782 1781 1783 1785 1784 1786 1788 1787 1789 1791 1790 1792 1794 1793 1795 1797 1796 1798 1800 1799 1792 1799 1800 1798 1802 1801 1802 1798 1799 1803 1804 1801 1801 1802 1803 1753 1804 1805 1803 1805 1804 1752 1753 1805 1793 1794 1797 1792 1800 1794 1795 1796 1787 1793 1797 1795 1786 1789 1788 1796 1786 1787 1791 1782 1790 1789 1790 1788 1784 1780 1781 1781 1782 1791 1774 1785 1783 1785 1780 1784 1775 1776 1779 1774 1783 1776 1777 1778 1771 1775 1779 1777 1773 1735 1772 1778 1773 1771 1733 1772 1735 1806 1808 1807 1809 1811 1810 1812 1813 1808 1807 1808 1813 1814 1812 1815 1812 1814 1813 1815 1817 1816 1816 1814 1815 1818 1819 1817 1816 1817 1819 1820 1818 1821 1818 1820 1819 1821 1823 1822 1822 1820 1821 1824 1825 1823 1822 1823 1825 1826 1824 1827 1824 1826 1825 1828 1826 1827 1828 1827 1829 1807 1830 1806 1831 1830 1832 1830 1831 1806 1832 1834 1833 1833 1831 1832 1835 1836 1834 1833 1834 1836 1837 1835 1838 1835 1837 1836 1838 1840 1839 1839 1837 1838 1841 1842 1840 1839 1840 1842 1843 1841 1844 1841 1843 1842 1844 1846 1845 1845 1843 1844 1845 1846 1810 1847 1849 1848 1846 1809 1810 1850 1852 1851 1853 1855 1854 1856 1858 1857 1859 1861 1860 1862 1864 1863 1865 1867 1866 1868 1870 1869 1871 1873 1872 1874 1876 1875 1868 1875 1876 1874 1878 1877 1878 1874 1875 1879 1880 1877 1877 1878 1879 1829 1880 1881 1879 1881 1880 1828 1829 1881 1869 1870 1873 1868 1876 1870 1871 1872 1863 1869 1873 1871 1862 1865 1864 1872 1862 1863 1867 1858 1866 1865 1866 1864 1860 1856 1857 1857 1858 1867 1850 1861 1859 1861 1856 1860 1851 1852 1855 1850 1859 1852 1853 1854 1847 1851 1855 1853 1849 1811 1848 1854 1849 1847 1809 1848 1811 1882 1884 1883 1885 1887 1886 1888 1889 1884 1883 1884 1889 1890 1888 1891 1888 1890 1889 1891 1893 1892 1892 1890 1891 1894 1895 1893 1892 1893 1895 1896 1894 1897 1894 1896 1895 1897 1899 1898 1898 1896 1897 1900 1901 1899 1898 1899 1901 1902 1900 1903 1900 1902 1901 1904 1902 1903 1904 1903 1905 1883 1906 1882 1907 1906 1908 1906 1907 1882 1908 1910 1909 1909 1907 1908 1911 1912 1910 1909 1910 1912 1913 1911 1914 1911 1913 1912 1914 1916 1915 1915 1913 1914 1917 1918 1916 1915 1916 1918 1919 1917 1920 1917 1919 1918 1920 1922 1921 1921 1919 1920 1921 1922 1886 1923 1925 1924 1922 1885 1886 1926 1928 1927 1929 1931 1930 1932 1934 1933 1935 1937 1936 1938 1940 1939 1941 1943 1942 1944 1946 1945 1947 1949 1948 1950 1952 1951 1944 1951 1952 1950 1954 1953 1954 1950 1951 1955 1956 1953 1953 1954 1955 1905 1956 1957 1955 1957 1956 1904 1905 1957 1945 1946 1949 1944 1952 1946 1947 1948 1939 1945 1949 1947 1938 1941 1940 1948 1938 1939 1943 1934 1942 1941 1942 1940 1936 1932 1933 1933 1934 1943 1926 1937 1935 1937 1932 1936 1927 1928 1931 1926 1935 1928 1929 1930 1923 1927 1931 1929 1925 1887 1924 1930 1925 1923 1885 1924 1887 1958 1960 1959 1961 1960 1962 1960 1961 1959 1963 1964 1962 1961 1962 1964 1963 1966 1965 1965 1964 1963 1967 1966 1968 1966 1967 1965 1969 1970 1968 1967 1968 1970 1969 1972 1971 1971 1970 1969 1973 1972 1974 1972 1973 1971 1975 1976 1974 1973 1974 1976 1977 1976 1975 1978 1958 1959 1978 1980 1979 1979 1958 1978 1981 1980 1982 1980 1981 1979 1983 1984 1982 1981 1982 1984 1983 1986 1985 1985 1984 1983 1987 1986 1988 1986 1987 1985 1989 1990 1988 1987 1988 1990 1989 1992 1991 1991 1990 1989 1993 1992 1994 1992 1993 1991 1993 1994 1995 1996 1998 1997 1999 2001 2000 2002 2003 1998 1997 1998 2003 2004 2002 2005 2002 2004 2003 2005 2007 2006 2006 2004 2005 2008 2009 2007 2006 2007 2009 2010 2008 2011 2008 2010 2009 2011 2013 2012 2012 2010 2011 2014 2015 2013 2012 2013 2015 2016 2014 2017 2014 2016 2015 2018 2016 2017 2018 2017 2019 1997 2020 1996 2021 2020 2022 2020 2021 1996 2022 2024 2023 2023 2021 2022 2025 2026 2024 2023 2024 2026 2027 2025 2028 2025 2027 2026 2028 2030 2029 2029 2027 2028 2031 2032 2030 2029 2030 2032 2033 2031 2034 2031 2033 2032 2034 2036 2035 2035 2033 2034 2035 2036 2000 2037 2039 2038 2036 1999 2000 2040 2042 2041 2043 2045 2044 2046 2048 2047 2049 2051 2050 2052 2054 2053 2055 2057 2056 2058 2060 2059 2061 2063 2062 2064 2066 2065 2058 2065 2066 2064 2068 2067 2068 2064 2065 2069 2070 2067 2067 2068 2069 2019 2070 2071 2069 2071 2070 2018 2019 2071 2059 2060 2063 2058 2066 2060 2061 2062 2053 2059 2063 2061 2052 2055 2054 2062 2052 2053 2057 2048 2056 2055 2056 2054 2050 2046 2047 2047 2048 2057 2040 2051 2049 2051 2046 2050 2041 2042 2045 2040 2049 2042 2043 2044 2037 2041 2045 2043 2039 2001 2038 2044 2039 2037 1999 2038 2001 2072 2074 2073 2075 2077 2076 2078 2079 2074 2073 2074 2079 2080 2078 2081 2078 2080 2079 2081 2083 2082 2082 2080 2081 2084 2085 2083 2082 2083 2085 2086 2084 2087 2084 2086 2085 2087 2089 2088 2088 2086 2087 2090 2091 2089 2088 2089 2091 2092 2090 2093 2090 2092 2091 2094 2092 2093 2094 2093 2095 2073 2096 2072 2097 2096 2098 2096 2097 2072 2098 2100 2099 2099 2097 2098 2101 2102 2100 2099 2100 2102 2103 2101 2104 2101 2103 2102 2104 2106 2105 2105 2103 2104 2107 2108 2106 2105 2106 2108 2109 2107 2110 2107 2109 2108 2110 2112 2111 2111 2109 2110 2111 2112 2076 2113 2115 2114 2112 2075 2076 2116 2118 2117 2119 2121 2120 2122 2124 2123 2125 2127 2126 2128 2130 2129 2131 2133 2132 2134 2136 2135 2137 2139 2138 2140 2142 2141 2134 2141 2142 2140 2144 2143 2144 2140 2141 2145 2146 2143 2143 2144 2145 2095 2146 2147 2145 2147 2146 2094 2095 2147 2135 2136 2139 2134 2142 2136 2137 2138 2129 2135 2139 2137 2128 2131 2130 2138 2128 2129 2133 2124 2132 2131 2132 2130 2126 2122 2123 2123 2124 2133 2116 2127 2125 2127 2122 2126 2117 2118 2121 2116 2125 2118 2119 2120 2113 2117 2121 2119 2115 2077 2114 2120 2115 2113 2075 2114 2077 2148 2150 2149 2151 2153 2152 2154 2155 2150 2149 2150 2155 2156 2154 2157 2154 2156 2155 2157 2159 2158 2158 2156 2157 2160 2161 2159 2158 2159 2161 2162 2160 2163 2160 2162 2161 2163 2165 2164 2164 2162 2163 2166 2167 2165 2164 2165 2167 2168 2166 2169 2166 2168 2167 2170 2168 2169 2170 2169 2171 2149 2172 2148 2173 2172 2174 2172 2173 2148 2174 2176 2175 2175 2173 2174 2177 2178 2176 2175 2176 2178 2179 2177 2180 2177 2179 2178 2180 2182 2181 2181 2179 2180 2183 2184 2182 2181 2182 2184 2185 2183 2186 2183 2185 2184 2186 2188 2187 2187 2185 2186 2187 2188 2152 2189 2191 2190 2188 2151 2152 2192 2194 2193 2195 2197 2196 2198 2200 2199 2201 2203 2202 2204 2206 2205 2207 2209 2208 2210 2212 2211 2213 2215 2214 2216 2218 2217 2210 2217 2218 2216 2220 2219 2220 2216 2217 2221 2222 2219 2219 2220 2221 2171 2222 2223 2221 2223 2222 2170 2171 2223 2211 2212 2215 2210 2218 2212 2213 2214 2205 2211 2215 2213 2204 2207 2206 2214 2204 2205 2209 2200 2208 2207 2208 2206 2202 2198 2199 2199 2200 2209 2192 2203 2201 2203 2198 2202 2193 2194 2197 2192 2201 2194 2195 2196 2189 2193 2197 2195 2191 2153 2190 2196 2191 2189 2151 2190 2153 2224 2226 2225 2227 2229 2228 2230 2231 2229 2232 2233 2228 2234 2235 2231 2232 2237 2236 2238 2239 2235 2240 2242 2241 2243 2244 2239 2245 2247 2246 2248 2224 2244 2249 2251 2250 2252 2254 2253 2255 2257 2256 2258 2260 2259 2261 2263 2262 2264 2266 2265 2267 2269 2268 2270 2272 2271 2273 2274 2272 2275 2264 2276 2275 2277 2271 2278 2279 2274 2280 2266 2281 2279 2282 2267 2283 2284 2268 2258 2280 2285 2286 2287 2259 2288 2284 2262 2289 2232 2236 2287 2290 2255 2256 2292 2291 2249 2293 2251 2250 2294 2249 2291 2295 2253 2296 2298 2297 2296 2294 2250 2254 2299 2225 2293 2263 2261 2293 2261 2251 2263 2288 2262 2284 2283 2262 2268 2269 2283 2267 2282 2269 2279 2278 2282 2274 2273 2278 2272 2270 2273 2271 2277 2270 2275 2276 2277 2264 2265 2276 2264 2281 2266 2281 2285 2280 2285 2260 2258 2260 2286 2259 2286 2290 2287 2290 2257 2255 2257 2292 2256 2292 2295 2291 2295 2252 2253 2252 2299 2254 2225 2226 2254 2224 2248 2226 2244 2243 2248 2239 2238 2243 2235 2234 2238 2231 2230 2234 2229 2227 2230 2228 2233 2227 2232 2289 2233 2237 2242 2236 2241 2245 2240 2237 2241 2242 2246 2247 2298 2240 2245 2246 2296 2297 2294 2298 2247 2297 2300 2302 2301 2303 2305 2304 2304 2306 2303 2305 2308 2307 2308 2305 2303 2309 2307 2310 2308 2310 2307 2311 2312 2309 2309 2310 2311 2312 2302 2300 2302 2312 2311 2313 2315 2314 2301 2317 2316 2318 2320 2319 2321 2323 2322 2324 2326 2325 2327 2329 2328 2330 2332 2331 2333 2335 2334 2334 2337 2336 2329 2336 2337 2336 2333 2334 2328 2329 2337 2330 2327 2332 2332 2327 2328 2321 2322 2331 2331 2322 2330 2325 2326 2323 2321 2325 2323 2324 2319 2320 2326 2324 2320 2318 2313 2314 2318 2319 2313 2317 2315 2316 2317 2314 2315 2316 2300 2301 2338 2340 2339 2341 2343 2342 2344 2345 2340 2339 2340 2345 2346 2344 2347 2344 2346 2345 2347 2349 2348 2348 2346 2347 2350 2351 2349 2348 2349 2351 2352 2350 2353 2350 2352 2351 2353 2355 2354 2354 2352 2353 2356 2357 2355 2354 2355 2357 2358 2356 2359 2356 2358 2357 2360 2358 2359 2360 2359 2361 2339 2362 2338 2363 2362 2364 2362 2363 2338 2364 2366 2365 2365 2363 2364 2367 2368 2366 2365 2366 2368 2369 2367 2370 2367 2369 2368 2370 2372 2371 2371 2369 2370 2373 2374 2372 2371 2372 2374 2375 2373 2376 2373 2375 2374 2376 2378 2377 2377 2375 2376 2377 2378 2342 2379 2381 2380 2378 2341 2342 2382 2384 2383 2385 2387 2386 2388 2390 2389 2391 2393 2392 2394 2396 2395 2397 2399 2398 2400 2402 2401 2403 2405 2404 2406 2408 2407 2400 2407 2408 2406 2410 2409 2410 2406 2407 2411 2412 2409 2409 2410 2411 2361 2412 2413 2411 2413 2412 2360 2361 2413 2401 2402 2405 2400 2408 2402 2403 2404 2395 2401 2405 2403 2394 2397 2396 2404 2394 2395 2399 2390 2398 2397 2398 2396 2392 2388 2389 2389 2390 2399 2382 2393 2391 2393 2388 2392 2383 2384 2387 2382 2391 2384 2385 2386 2379 2383 2387 2385 2381 2343 2380 2386 2381 2379 2341 2380 2343 2414 2416 2415 2417 2419 2418 2420 2421 2419 2422 2423 2418 2424 2425 2421 2422 2427 2426 2428 2429 2425 2430 2432 2431 2433 2434 2429 2435 2437 2436 2438 2414 2434 2439 2441 2440 2442 2444 2443 2445 2447 2446 2448 2450 2449 2451 2453 2452 2454 2456 2455 2457 2459 2458 2460 2462 2461 2463 2464 2462 2465 2454 2466 2465 2467 2461 2468 2469 2464 2470 2456 2471 2469 2472 2457 2473 2474 2458 2448 2470 2475 2476 2477 2449 2478 2474 2452 2479 2422 2426 2477 2480 2445 2446 2482 2481 2439 2483 2441 2440 2484 2439 2481 2485 2443 2486 2488 2487 2486 2484 2440 2444 2489 2415 2483 2453 2451 2483 2451 2441 2453 2478 2452 2474 2473 2452 2458 2459 2473 2457 2472 2459 2469 2468 2472 2464 2463 2468 2462 2460 2463 2461 2467 2460 2465 2466 2467 2454 2455 2466 2454 2471 2456 2471 2475 2470 2475 2450 2448 2450 2476 2449 2476 2480 2477 2480 2447 2445 2447 2482 2446 2482 2485 2481 2485 2442 2443 2442 2489 2444 2415 2416 2444 2414 2438 2416 2434 2433 2438 2429 2428 2433 2425 2424 2428 2421 2420 2424 2419 2417 2420 2418 2423 2417 2422 2479 2423 2427 2432 2426 2431 2435 2430 2427 2431 2432 2436 2437 2488 2430 2435 2436 2486 2487 2484 2488 2437 2487 2490 2492 2491 2493 2495 2494 2494 2496 2493 2495 2498 2497 2498 2495 2493 2499 2497 2500 2498 2500 2497 2501 2502 2499 2499 2500 2501 2502 2492 2490 2492 2502 2501 2503 2505 2504 2491 2507 2506 2508 2510 2509 2511 2513 2512 2514 2516 2515 2517 2519 2518 2520 2522 2521 2523 2525 2524 2524 2527 2526 2519 2526 2527 2526 2523 2524 2518 2519 2527 2520 2517 2522 2522 2517 2518 2511 2512 2521 2521 2512 2520 2515 2516 2513 2511 2515 2513 2514 2509 2510 2516 2514 2510 2508 2503 2504 2508 2509 2503 2507 2505 2506 2507 2504 2505 2506 2490 2491 2528 2530 2529 2531 2533 2532 2534 2535 2530 2529 2530 2535 2536 2534 2537 2534 2536 2535 2537 2539 2538 2538 2536 2537 2540 2541 2539 2538 2539 2541 2542 2540 2543 2540 2542 2541 2543 2545 2544 2544 2542 2543 2546 2547 2545 2544 2545 2547 2548 2546 2549 2546 2548 2547 2550 2548 2549 2550 2549 2551 2529 2552 2528 2553 2552 2554 2552 2553 2528 2554 2556 2555 2555 2553 2554 2557 2558 2556 2555 2556 2558 2559 2557 2560 2557 2559 2558 2560 2562 2561 2561 2559 2560 2563 2564 2562 2561 2562 2564 2565 2563 2566 2563 2565 2564 2566 2568 2567 2567 2565 2566 2567 2568 2532 2569 2571 2570 2568 2531 2532 2572 2574 2573 2575 2577 2576 2578 2580 2579 2581 2583 2582 2584 2586 2585 2587 2589 2588 2590 2592 2591 2593 2595 2594 2596 2598 2597 2590 2597 2598 2596 2600 2599 2600 2596 2597 2601 2602 2599 2599 2600 2601 2551 2602 2603 2601 2603 2602 2550 2551 2603 2591 2592 2595 2590 2598 2592 2593 2594 2585 2591 2595 2593 2584 2587 2586 2594 2584 2585 2589 2580 2588 2587 2588 2586 2582 2578 2579 2579 2580 2589 2572 2583 2581 2583 2578 2582 2573 2574 2577 2572 2581 2574 2575 2576 2569 2573 2577 2575 2571 2533 2570 2576 2571 2569 2531 2570 2533 2604 2606 2605 2607 2609 2608 2610 2611 2609 2612 2613 2608 2614 2615 2611 2612 2617 2616 2618 2619 2615 2620 2622 2621 2623 2624 2619 2625 2627 2626 2628 2604 2624 2629 2631 2630 2632 2634 2633 2635 2637 2636 2638 2640 2639 2641 2643 2642 2644 2646 2645 2647 2649 2648 2650 2652 2651 2653 2654 2652 2655 2644 2656 2655 2657 2651 2658 2659 2654 2660 2646 2661 2659 2662 2647 2663 2664 2648 2638 2660 2665 2666 2667 2639 2668 2664 2642 2669 2612 2616 2667 2670 2635 2636 2672 2671 2629 2673 2631 2630 2674 2629 2671 2675 2633 2676 2678 2677 2676 2674 2630 2634 2679 2605 2673 2643 2641 2673 2641 2631 2643 2668 2642 2664 2663 2642 2648 2649 2663 2647 2662 2649 2659 2658 2662 2654 2653 2658 2652 2650 2653 2651 2657 2650 2655 2656 2657 2644 2645 2656 2644 2661 2646 2661 2665 2660 2665 2640 2638 2640 2666 2639 2666 2670 2667 2670 2637 2635 2637 2672 2636 2672 2675 2671 2675 2632 2633 2632 2679 2634 2605 2606 2634 2604 2628 2606 2624 2623 2628 2619 2618 2623 2615 2614 2618 2611 2610 2614 2609 2607 2610 2608 2613 2607 2612 2669 2613 2617 2622 2616 2621 2625 2620 2617 2621 2622 2626 2627 2678 2620 2625 2626 2676 2677 2674 2678 2627 2677 2680 2682 2681 2683 2685 2684 2686 2687 2682 2681 2682 2687 2688 2686 2689 2686 2688 2687 2689 2691 2690 2690 2688 2689 2692 2693 2691 2690 2691 2693 2694 2692 2695 2692 2694 2693 2695 2697 2696 2696 2694 2695 2698 2699 2697 2696 2697 2699 2700 2698 2701 2698 2700 2699 2702 2700 2701 2702 2701 2703 2681 2704 2680 2705 2704 2706 2704 2705 2680 2706 2708 2707 2707 2705 2706 2709 2710 2708 2707 2708 2710 2711 2709 2712 2709 2711 2710 2712 2714 2713 2713 2711 2712 2715 2716 2714 2713 2714 2716 2717 2715 2718 2715 2717 2716 2718 2720 2719 2719 2717 2718 2719 2720 2684 2721 2723 2722 2720 2683 2684 2724 2726 2725 2727 2729 2728 2730 2732 2731 2733 2735 2734 2736 2738 2737 2739 2741 2740 2742 2744 2743 2745 2747 2746 2748 2750 2749 2742 2749 2750 2748 2752 2751 2752 2748 2749 2753 2754 2751 2751 2752 2753 2703 2754 2755 2753 2755 2754 2702 2703 2755 2743 2744 2747 2742 2750 2744 2745 2746 2737 2743 2747 2745 2736 2739 2738 2746 2736 2737 2741 2732 2740 2739 2740 2738 2734 2730 2731 2731 2732 2741 2724 2735 2733 2735 2730 2734 2725 2726 2729 2724 2733 2726 2727 2728 2721 2725 2729 2727 2723 2685 2722 2728 2723 2721 2683 2722 2685 2756 2758 2757 2759 2761 2760 2762 2763 2761 2764 2765 2760 2766 2767 2763 2764 2769 2768 2770 2771 2767 2772 2774 2773 2775 2776 2771 2777 2779 2778 2780 2756 2776 2781 2783 2782 2784 2786 2785 2787 2789 2788 2790 2792 2791 2793 2795 2794 2796 2798 2797 2799 2801 2800 2802 2804 2803 2805 2806 2804 2807 2796 2808 2807 2809 2803 2810 2811 2806 2812 2798 2813 2811 2814 2799 2815 2816 2800 2790 2812 2817 2818 2819 2791 2820 2816 2794 2821 2764 2768 2819 2822 2787 2788 2824 2823 2781 2825 2783 2782 2826 2781 2823 2827 2785 2828 2830 2829 2828 2826 2782 2786 2831 2757 2825 2795 2793 2825 2793 2783 2795 2820 2794 2816 2815 2794 2800 2801 2815 2799 2814 2801 2811 2810 2814 2806 2805 2810 2804 2802 2805 2803 2809 2802 2807 2808 2809 2796 2797 2808 2796 2813 2798 2813 2817 2812 2817 2792 2790 2792 2818 2791 2818 2822 2819 2822 2789 2787 2789 2824 2788 2824 2827 2823 2827 2784 2785 2784 2831 2786 2757 2758 2786 2756 2780 2758 2776 2775 2780 2771 2770 2775 2767 2766 2770 2763 2762 2766 2761 2759 2762 2760 2765 2759 2764 2821 2765 2769 2774 2768 2773 2777 2772 2769 2773 2774 2778 2779 2830 2772 2777 2778 2828 2829 2826 2830 2779 2829 2832 2834 2833 2835 2837 2836 2836 2838 2835 2837 2840 2839 2840 2837 2835 2841 2839 2842 2840 2842 2839 2843 2844 2841 2841 2842 2843 2844 2834 2832 2834 2844 2843 2845 2847 2846 2833 2849 2848 2850 2852 2851 2853 2855 2854 2856 2858 2857 2859 2861 2860 2862 2864 2863 2865 2867 2866 2866 2869 2868 2861 2868 2869 2868 2865 2866 2860 2861 2869 2862 2859 2864 2864 2859 2860 2853 2854 2863 2863 2854 2862 2857 2858 2855 2853 2857 2855 2856 2851 2852 2858 2856 2852 2850 2845 2846 2850 2851 2845 2849 2847 2848 2849 2846 2847 2848 2832 2833 2870 2872 2871 2873 2875 2874 2874 2876 2873 2875 2878 2877 2878 2875 2873 2879 2877 2880 2878 2880 2877 2881 2882 2879 2879 2880 2881 2882 2872 2870 2872 2882 2881 2883 2885 2884 2871 2887 2886 2888 2890 2889 2891 2893 2892 2894 2896 2895 2897 2899 2898 2900 2902 2901 2903 2905 2904 2904 2907 2906 2899 2906 2907 2906 2903 2904 2898 2899 2907 2900 2897 2902 2902 2897 2898 2891 2892 2901 2901 2892 2900 2895 2896 2893 2891 2895 2893 2894 2889 2890 2896 2894 2890 2888 2883 2884 2888 2889 2883 2887 2885 2886 2887 2884 2885 2886 2870 2871 2908 2910 2909 2911 2913 2912 2914 2915 2910 2909 2910 2915 2916 2914 2917 2914 2916 2915 2917 2919 2918 2918 2916 2917 2920 2921 2919 2918 2919 2921 2922 2920 2923 2920 2922 2921 2923 2925 2924 2924 2922 2923 2926 2927 2925 2924 2925 2927 2928 2926 2929 2926 2928 2927 2930 2928 2929 2930 2929 2931 2909 2932 2908 2933 2932 2934 2932 2933 2908 2934 2936 2935 2935 2933 2934 2937 2938 2936 2935 2936 2938 2939 2937 2940 2937 2939 2938 2940 2942 2941 2941 2939 2940 2943 2944 2942 2941 2942 2944 2945 2943 2946 2943 2945 2944 2946 2948 2947 2947 2945 2946 2947 2948 2912 2949 2951 2950 2948 2911 2912 2952 2954 2953 2955 2957 2956 2958 2960 2959 2961 2963 2962 2964 2966 2965 2967 2969 2968 2970 2972 2971 2973 2975 2974 2976 2978 2977 2970 2977 2978 2976 2980 2979 2980 2976 2977 2981 2982 2979 2979 2980 2981 2931 2982 2983 2981 2983 2982 2930 2931 2983 2971 2972 2975 2970 2978 2972 2973 2974 2965 2971 2975 2973 2964 2967 2966 2974 2964 2965 2969 2960 2968 2967 2968 2966 2962 2958 2959 2959 2960 2969 2952 2963 2961 2963 2958 2962 2953 2954 2957 2952 2961 2954 2955 2956 2949 2953 2957 2955 2951 2913 2950 2956 2951 2949 2911 2950 2913 2984 2986 2985 2984 2988 2987 2987 2986 2984 2989 2988 2990 2988 2989 2987 2991 2992 2990 2989 2990 2992 2993 2992 2991 2994 2985 2986 2995 2996 2994 2985 2994 2996 2995 2998 2997 2997 2996 2995 2999 2998 3000 2998 2999 2997 2999 3000 3001 3002 3004 3003 3005 3007 3006 3008 3009 3005 3010 3011 3007 3012 3009 3013 3014 3010 3015 3012 3017 3016 3018 3015 3019 3020 3021 3016 3022 3019 3023 3024 3026 3025 3027 3021 3028 3029 3031 3030 3032 3034 3033 3035 3037 3036 3038 3040 3039 3041 3043 3042 3044 3046 3045 3047 3048 3035 3049 3036 3050 3051 3053 3052 3032 3049 3054 3055 3031 3056 3057 3058 3056 3059 3061 3060 3062 3063 3060 3002 3064 3029 3064 3031 3029 3025 3066 3065 3067 3069 3068 3070 3027 3071 3072 3004 3070 3023 3074 3073 3075 3074 3026 3062 3033 3076 3031 3055 3030 3047 3043 3041 3002 3003 3064 3004 3072 3003 3070 3071 3072 3027 3028 3071 3021 3020 3028 3016 3017 3020 3012 3013 3017 3009 3008 3013 3005 3006 3008 3007 3011 3006 3010 3014 3011 3015 3018 3014 3019 3022 3018 3023 3073 3022 3074 3075 3073 3026 3024 3075 3025 3065 3024 3066 3069 3065 3068 3069 3066 3061 3059 3067 3061 3067 3068 3060 3063 3059 3062 3076 3063 3033 3034 3076 3032 3054 3034 3049 3050 3054 3036 3037 3050 3035 3048 3037 3047 3041 3048 3046 3042 3043 3045 3052 3044 3046 3044 3042 3051 3038 3053 3045 3051 3052 3039 3040 3057 3053 3038 3039 3056 3058 3055 3057 3040 3058 3077 3079 3078 3080 3082 3081 3083 3084 3079 3078 3079 3084 3085 3083 3086 3083 3085 3084 3086 3088 3087 3087 3085 3086 3089 3090 3088 3087 3088 3090 3091 3089 3092 3089 3091 3090 3092 3094 3093 3093 3091 3092 3095 3096 3094 3093 3094 3096 3097 3095 3098 3095 3097 3096 3099 3097 3098 3099 3098 3100 3078 3101 3077 3102 3101 3103 3101 3102 3077 3103 3105 3104 3104 3102 3103 3106 3107 3105 3104 3105 3107 3108 3106 3109 3106 3108 3107 3109 3111 3110 3110 3108 3109 3112 3113 3111 3110 3111 3113 3114 3112 3115 3112 3114 3113 3115 3117 3116 3116 3114 3115 3116 3117 3081 3118 3120 3119 3117 3080 3081 3121 3123 3122 3124 3126 3125 3127 3129 3128 3130 3132 3131 3133 3135 3134 3136 3138 3137 3139 3141 3140 3142 3144 3143 3145 3147 3146 3139 3146 3147 3145 3149 3148 3149 3145 3146 3150 3151 3148 3148 3149 3150 3100 3151 3152 3150 3152 3151 3099 3100 3152 3140 3141 3144 3139 3147 3141 3142 3143 3134 3140 3144 3142 3133 3136 3135 3143 3133 3134 3138 3129 3137 3136 3137 3135 3131 3127 3128 3128 3129 3138 3121 3132 3130 3132 3127 3131 3122 3123 3126 3121 3130 3123 3124 3125 3118 3122 3126 3124 3120 3082 3119 3125 3120 3118 3080 3119 3082 3153 3155 3154 3153 3157 3156 3156 3155 3153 3158 3157 3159 3157 3158 3156 3160 3161 3159 3158 3159 3161 3162 3161 3160 3163 3154 3155 3164 3165 3163 3154 3163 3165 3164 3167 3166 3166 3165 3164 3168 3167 3169 3167 3168 3166 3168 3169 3170 3171 3173 3172 3174 3176 3175 3177 3178 3175 3176 3180 3179 3181 3183 3182 3184 3186 3185 3187 3189 3188 3179 3191 3190 3192 3194 3193 3190 3196 3195 3197 3199 3198 3195 3201 3200 3172 3173 3177 3202 3204 3203 3205 3207 3206 3208 3210 3209 3211 3213 3212 3214 3216 3215 3217 3219 3218 3220 3221 3219 3217 3222 3211 3223 3225 3224 3214 3226 3220 3216 3228 3227 3206 3225 3229 3207 3231 3230 3228 3210 3232 3209 3234 3233 3235 3236 3230 3237 3198 3238 3202 3239 3234 3240 3241 3204 3199 3238 3198 3200 3243 3242 3242 3244 3240 3197 3245 3199 3245 3197 3193 3236 3235 3237 3236 3237 3238 3230 3231 3235 3207 3205 3231 3206 3229 3205 3225 3223 3229 3224 3212 3213 3224 3213 3223 3211 3222 3213 3217 3218 3222 3219 3221 3218 3220 3226 3221 3214 3215 3226 3216 3227 3215 3228 3232 3227 3210 3208 3232 3209 3233 3208 3234 3239 3233 3202 3203 3239 3204 3241 3203 3240 3244 3241 3242 3243 3244 3200 3201 3243 3195 3196 3201 3190 3191 3196 3179 3180 3191 3176 3174 3180 3175 3178 3174 3177 3173 3178 3181 3171 3172 3183 3186 3182 3181 3182 3171 3185 3188 3184 3183 3185 3186 3189 3187 3192 3184 3188 3189 3193 3194 3245 3192 3187 3194 3246 3248 3247 3246 3250 3249 3249 3248 3246 3251 3250 3252 3250 3251 3249 3253 3254 3252 3251 3252 3254 3255 3254 3253 3256 3247 3248 3257 3258 3256 3247 3256 3258 3257 3260 3259 3259 3258 3257 3261 3260 3262 3260 3261 3259 3261 3262 3263 3264 3266 3265 3267 3269 3268 3270 3266 3271 3264 3271 3266 3270 3273 3272 3273 3270 3271 3274 3275 3272 3272 3273 3274 3276 3275 3277 3274 3277 3275 3276 3279 3278 3279 3276 3277 3280 3281 3278 3278 3279 3280 3282 3281 3283 3280 3283 3281 3282 3285 3284 3285 3282 3283 3284 3285 3286 3284 3286 3287 3265 3288 3264 3288 3290 3289 3290 3288 3265 3291 3292 3289 3289 3290 3291 3293 3292 3294 3291 3294 3292 3293 3296 3295 3296 3293 3294 3297 3298 3295 3295 3296 3297 3299 3298 3300 3297 3300 3298 3299 3302 3301 3302 3299 3300 3303 3269 3301 3301 3302 3303 3303 3268 3269 3304 3306 3305 3307 3309 3308 3310 3312 3311 3313 3315 3314 3316 3318 3317 3319 3321 3320 3322 3324 3323 3325 3327 3326 3328 3330 3329 3331 3329 3332 3333 3328 3334 3328 3333 3330 3334 3336 3335 3335 3333 3334 3337 3338 3336 3335 3336 3338 3286 3337 3287 3337 3286 3338 3331 3332 3322 3329 3330 3332 3323 3324 3325 3331 3322 3323 3327 3317 3326 3324 3327 3325 3316 3320 3318 3317 3318 3326 3312 3321 3319 3319 3320 3316 3315 3310 3311 3310 3321 3312 3313 3314 3304 3315 3311 3314 3305 3306 3308 3313 3304 3305 3307 3267 3309 3306 3307 3308 3268 3309 3267 3339 3341 3340 3342 3344 3343 3345 3347 3346 3348 3350 3349 3351 3353 3352 3354 3356 3355 3357 3359 3358 3360 3355 3361 3362 3363 3361 3364 3366 3365 3356 3368 3367 3369 3371 3370 3372 3350 3373 3367 3374 3373 3339 3340 3375 3376 3378 3377 3376 3348 3379 3377 3380 3344 3357 3362 3359 3381 3383 3382 3383 3385 3384 3386 3387 3382 3342 3389 3388 3390 3391 3386 3388 3393 3392 3394 3395 3390 3396 3397 3392 3398 3397 3399 3400 3402 3401 3403 3405 3404 3406 3407 3403 3406 3402 3408 3398 3410 3409 3401 3409 3411 3394 3404 3412 3346 3375 3340 3375 3346 3413 3384 3385 3341 3384 3341 3339 3383 3381 3385 3382 3387 3381 3386 3391 3387 3390 3395 3391 3394 3412 3395 3404 3405 3412 3403 3407 3405 3406 3408 3407 3402 3400 3408 3401 3411 3400 3409 3410 3411 3398 3399 3410 3397 3396 3399 3392 3393 3396 3388 3389 3393 3342 3343 3389 3344 3380 3343 3377 3378 3380 3376 3379 3378 3348 3349 3379 3350 3372 3349 3373 3374 3372 3367 3368 3374 3356 3354 3368 3355 3360 3354 3361 3363 3360 3362 3357 3363 3353 3358 3359 3352 3364 3351 3353 3351 3358 3366 3369 3365 3352 3366 3364 3370 3371 3345 3365 3369 3370 3346 3347 3413 3345 3371 3347 3414 3416 3415 3417 3419 3418 3417 3418 3420 3421 3422 3419 3418 3419 3422 3423 3421 3424 3421 3423 3422 3424 3426 3425 3425 3423 3424 3427 3429 3428 3425 3426 3430 3431 3433 3432 3434 3436 3435 3437 3439 3438 3440 3442 3441 3443 3445 3444 3446 3448 3447 3449 3446 3450 3450 3441 3449 3446 3449 3448 3443 3442 3440 3440 3441 3450 3444 3442 3443 3437 3438 3445 3438 3444 3445 3433 3439 3432 3439 3437 3432 3434 3431 3436 3433 3431 3434 3435 3414 3415 3436 3414 3435 3416 3427 3428 3416 3428 3415 3426 3429 3430 3430 3429 3427 3451 3453 3452 3451 3455 3454 3454 3453 3451 3456 3455 3457 3455 3456 3454 3458 3459 3457 3456 3457 3459 3460 3459 3458 3461 3452 3453 3462 3463 3461 3452 3461 3463 3462 3465 3464 3464 3463 3462 3466 3465 3467 3465 3466 3464 3466 3467 3468 3469 3471 3470 3472 3474 3473 3475 3471 3476 3469 3476 3471 3475 3478 3477 3478 3475 3476 3479 3480 3477 3477 3478 3479 3481 3480 3482 3479 3482 3480 3481 3484 3483 3484 3481 3482 3485 3486 3483 3483 3484 3485 3487 3486 3488 3485 3488 3486 3487 3490 3489 3490 3487 3488 3489 3490 3491 3489 3491 3492 3470 3493 3469 3493 3495 3494 3495 3493 3470 3496 3497 3494 3494 3495 3496 3498 3497 3499 3496 3499 3497 3498 3501 3500 3501 3498 3499 3502 3503 3500 3500 3501 3502 3504 3503 3505 3502 3505 3503 3504 3507 3506 3507 3504 3505 3508 3474 3506 3506 3507 3508 3508 3473 3474 3509 3511 3510 3512 3514 3513 3515 3517 3516 3518 3520 3519 3521 3523 3522 3524 3526 3525 3527 3529 3528 3530 3532 3531 3533 3535 3534 3536 3534 3537 3538 3533 3539 3533 3538 3535 3539 3541 3540 3540 3538 3539 3542 3543 3541 3540 3541 3543 3491 3542 3492 3542 3491 3543 3536 3537 3527 3534 3535 3537 3528 3529 3530 3536 3527 3528 3532 3522 3531 3529 3532 3530 3521 3525 3523 3522 3523 3531 3517 3526 3524 3524 3525 3521 3520 3515 3516 3515 3526 3517 3518 3519 3509 3520 3516 3519 3510 3511 3513 3518 3509 3510 3512 3472 3514 3511 3512 3513 3473 3514 3472 3544 3546 3545 3547 3549 3548 3550 3552 3551 3553 3555 3554 3556 3558 3557 3559 3561 3560 3562 3564 3563 3563 3549 3565 3548 3559 3566 3567 3558 3564 3556 3569 3568 3570 3571 3561 3568 3572 3551 3573 3574 3552 3554 3575 3570 3553 3577 3576 3546 3574 3578 3579 3544 3545 3577 3581 3580 3544 3579 3582 3583 3585 3584 3586 3588 3587 3579 3590 3589 3591 3592 3588 3590 3593 3589 3594 3596 3595 3597 3599 3598 3591 3601 3600 3602 3604 3603 3605 3607 3606 3608 3610 3609 3611 3612 3602 3613 3615 3614 3603 3616 3613 3617 3585 3586 3579 3589 3582 3610 3608 3611 3546 3578 3545 3574 3573 3578 3552 3550 3573 3551 3572 3550 3568 3569 3572 3556 3557 3569 3558 3567 3557 3564 3562 3567 3563 3565 3562 3549 3547 3565 3548 3566 3547 3559 3560 3566 3561 3571 3560 3570 3575 3571 3554 3555 3575 3553 3576 3555 3577 3580 3576 3581 3618 3580 3583 3584 3618 3583 3618 3581 3585 3617 3584 3586 3587 3617 3588 3592 3587 3591 3600 3592 3601 3614 3615 3601 3615 3600 3613 3616 3615 3603 3604 3616 3602 3612 3604 3611 3608 3612 3605 3609 3610 3607 3598 3606 3605 3606 3609 3597 3596 3599 3607 3597 3598 3594 3595 3593 3599 3596 3594 3589 3593 3595 3619 3621 3620 3622 3624 3623 3622 3623 3625 3626 3627 3624 3623 3624 3627 3628 3626 3629 3626 3628 3627 3629 3631 3630 3630 3628 3629 3632 3634 3633 3630 3631 3635 3636 3638 3637 3639 3641 3640 3642 3644 3643 3645 3647 3646 3648 3650 3649 3651 3653 3652 3654 3651 3655 3655 3646 3654 3651 3654 3653 3648 3647 3645 3645 3646 3655 3649 3647 3648 3642 3643 3650 3643 3649 3650 3638 3644 3637 3644 3642 3637 3639 3636 3641 3638 3636 3639 3640 3619 3620 3641 3619 3640 3621 3632 3633 3621 3633 3620 3631 3634 3635 3635 3634 3632 3656 3658 3657 3659 3661 3660 3662 3658 3663 3656 3663 3658 3662 3665 3664 3665 3662 3663 3665 3666 3664 3667 3666 3668 3666 3667 3664 3668 3670 3669 3669 3667 3668 3671 3673 3672 3669 3670 3671 3674 3676 3675 3677 3679 3678 3659 3680 3661 3681 3660 3682 3683 3685 3684 3686 3688 3687 3689 3691 3690 3692 3693 3689 3693 3692 3684 3689 3690 3692 3685 3683 3687 3693 3684 3685 3686 3680 3688 3683 3686 3687 3661 3682 3660 3680 3659 3688 3675 3681 3674 3681 3682 3674 3675 3676 3677 3678 3679 3672 3677 3676 3679 3671 3670 3673 3678 3672 3673 3694 3696 3695 3697 3699 3698 3700 3696 3701 3694 3701 3696 3700 3703 3702 3703 3700 3701 3703 3704 3702 3705 3704 3706 3704 3705 3702 3706 3708 3707 3707 3705 3706 3709 3711 3710 3707 3708 3709 3712 3714 3713 3715 3717 3716 3697 3718 3699 3719 3698 3720 3721 3723 3722 3724 3726 3725 3727 3729 3728 3730 3731 3727 3731 3730 3722 3727 3728 3730 3723 3721 3725 3731 3722 3723 3724 3718 3726 3721 3724 3725 3699 3720 3698 3718 3697 3726 3713 3719 3712 3719 3720 3712 3713 3714 3715 3716 3717 3710 3715 3714 3717 3709 3708 3711 3716 3710 3711</p>
        </triangles>
      </mesh>
    </geometry>
    <geometry id="ID34">
      <mesh>
        <source id="ID35">
          <float_array count="2637" id="ID36">-0.000212206 -0.00499549 0.025 0.000412897 -0.00498292 0.1 -0.000412897 -0.00498292 0.1 0.00498199 0.00042403 0.025 0.005 9.18485e-19 0.1 0.00498199 -0.00042403 0.025 -0.00122743 -0.004847 0.1 -0.0010534 -0.00488778 0.025 -0.00200848 -0.00457887 0.1 -0.00186428 -0.00463945 0.025 -0.00262154 -0.00425765 0.025 -0.00273474 -0.00418583 0.1 -0.00338641 -0.00367862 0.1 -0.00330337 -0.00375336 0.025 -0.0039457 -0.00307106 0.1 -0.00389018 -0.0031411 0.025 -0.00436507 -0.00243847 0.025 -0.00439737 -0.00237974 0.1 -0.00472909 -0.0016235 0.1 -0.00471439 -0.0016657 0.025 -0.00493181 -0.000822973 0.1 -0.00492808 -0.000845004 0.025 -0.005 -9.18485e-19 0.025 -0.005 -9.18485e-19 0.1 0.000635089 -0.0049595 0.025 0.00146411 -0.00478083 0.025 0.00122743 -0.004847 0.1 0.00200848 -0.00457887 0.1 0.00225102 -0.00446463 0.025 0.00297317 -0.00401999 0.025 0.00273474 -0.00418583 0.1 0.00360978 -0.00345969 0.025 0.00338641 -0.00367862 0.1 0.0039457 -0.00307106 0.1 0.00414255 -0.00279987 0.025 0.00455614 -0.00205951 0.025 0.00439737 -0.00237974 0.1 0.00483866 -0.00125989 0.025 0.00472909 -0.0016235 0.1 0.00493181 -0.000822973 0.1 0.00414255 0.00279987 0.025 0.00439737 0.00237974 0.1 0.00455614 0.00205951 0.025 0.00483866 0.00125989 0.025 0.00472909 0.0016235 0.1 0.00493181 0.000822973 0.1 0.00273474 0.00418583 0.1 0.00297317 0.00401999 0.025 0.00225102 0.00446463 0.025 0.0039457 0.00307106 0.1 0.00360978 0.00345969 0.025 0.00338641 0.00367862 0.1 0.000635089 0.0049595 0.025 -0.000212206 0.00499549 0.025 0.000412897 0.00498292 0.1 0.00146411 0.00478083 0.025 0.00122743 0.004847 0.1 0.00200848 0.00457887 0.1 -0.00262154 0.00425765 0.025 -0.00200848 0.00457887 0.1 -0.00186428 0.00463945 0.025 -0.00122743 0.004847 0.1 -0.000412897 0.00498292 0.1 -0.0010534 0.00488778 0.025 -0.0039457 0.00307106 0.1 -0.00338641 0.00367862 0.1 -0.00389018 0.0031411 0.025 -0.00273474 0.00418583 0.1 -0.00330337 0.00375336 0.025 -0.00436507 0.00243847 0.025 -0.00439737 0.00237974 0.1 -0.00471439 0.0016657 0.025 -0.00472909 0.0016235 0.1 -0.00493181 0.000822973 0.1 -0.00492808 0.000845004 0.025 -0.00439737 0.00237974 0.1 -0.00124276 0.000839962 0.1 -0.0039457 0.00307106 0.1 0.00122743 0.004847 0.1 0.000316019 0.00146633 0.1 0.000559285 0.00139183 0.1 -0.000412897 0.00498292 0.1 6.36618e-05 0.00149865 0.1 0.000412897 0.00498292 0.1 0.00273474 0.00418583 0.1 0.00200848 0.00457887 0.1 0.000786461 0.00127729 0.1 -0.00122743 0.004847 0.1 -0.000439234 0.00143425 0.1 -0.000190527 0.00148785 0.1 0.000991012 0.00112601 0.1 0.00116705 0.00094233 0.1 0.00338641 0.00367862 0.1 -0.000675306 0.00133939 0.1 -0.00200848 0.00457887 0.1 -0.00273474 0.00418583 0.1 0.00439737 0.00237974 0.1 0.0039457 0.00307106 0.1 0.00130952 0.000731542 0.1 -0.00089195 0.001206 0.1 -0.00338641 0.00367862 0.1 0.00141432 0.00049971 0.1 0.00472909 0.0016235 0.1 -0.00108293 0.00103791 0.1 -0.00493181 0.000822973 0.1 -0.005 -9.18485e-19 0.1 -0.0014946 0.000127209 0.1 -0.00472909 0.0016235 0.1 -0.00136684 0.000617852 0.1 -0.0014516 -0.000377967 0.1 -0.00493181 -0.000822973 0.1 -0.00472909 -0.0016235 0.1 -0.00108293 -0.00103791 0.1 -0.0039457 -0.00307106 0.1 -0.00338641 -0.00367862 0.1 0.00141432 -0.00049971 0.1 0.00130952 -0.000731542 0.1 0.00439737 -0.00237974 0.1 -0.00200848 -0.00457887 0.1 -0.00122743 -0.004847 0.1 -0.000439234 -0.00143425 0.1 0.00122743 -0.004847 0.1 0.000316019 -0.00146633 0.1 0.000412897 -0.00498292 0.1 0.00200848 -0.00457887 0.1 0.000559285 -0.00139183 0.1 -0.000190527 -0.00148785 0.1 -0.000412897 -0.00498292 0.1 6.36618e-05 -0.00149865 0.1 0.00273474 -0.00418583 0.1 0.000786461 -0.00127729 0.1 -0.000675306 -0.00133939 0.1 -0.00273474 -0.00418583 0.1 0.00338641 -0.00367862 0.1 0.000991012 -0.00112601 0.1 0.00116705 -0.00094233 0.1 0.0039457 -0.00307106 0.1 -0.00089195 -0.001206 0.1 -0.00439737 -0.00237974 0.1 -0.00124276 -0.000839962 0.1 0.00472909 -0.0016235 0.1 -0.00136684 -0.000617852 0.1 -0.0014946 -0.000127209 0.1 0.00147842 -0.000253501 0.1 0.005 9.18485e-19 0.1 0.0015 9.18485e-20 0.1 0.00493181 -0.000822973 0.1 -0.0014516 0.000377967 0.1 0.00493181 0.000822973 0.1 0.00147842 0.000253501 0.1 0.00141432 -0.00049971 0.1 0.00147842 -0.000253501 0.075 0.00141432 -0.00049971 0.075 0.0015 -2.75546e-19 0.075 0.00147842 -0.000253501 0.1 0.0015 9.18485e-20 0.1 0.00116705 -0.00094233 0.075 0.000991012 -0.00112601 0.075 0.000991012 -0.00112601 0.1 0.00116705 -0.00094233 0.1 0.00130952 -0.000731542 0.1 0.00130952 -0.000731542 0.075 0.000316019 -0.00146633 0.1 0.000559285 -0.00139183 0.075 0.000316019 -0.00146633 0.075 0.000559285 -0.00139183 0.1 0.000786461 -0.00127729 0.1 0.000786461 -0.00127729 0.075 -0.000439234 -0.00143425 0.075 -0.000439234 -0.00143425 0.1 -0.000190527 -0.00148785 0.075 6.36618e-05 -0.00149865 0.075 -0.000190527 -0.00148785 0.1 6.36618e-05 -0.00149865 0.1 -0.00089195 -0.001206 0.075 -0.00108293 -0.00103791 0.075 -0.00108293 -0.00103791 0.1 -0.000675306 -0.00133939 0.1 -0.000675306 -0.00133939 0.075 -0.00089195 -0.001206 0.1 -0.0014516 -0.000377967 0.1 -0.00136684 -0.000617852 0.075 -0.0014516 -0.000377967 0.075 -0.00136684 -0.000617852 0.1 -0.00124276 -0.000839962 0.1 -0.00124276 -0.000839962 0.075 -0.0014516 0.000377967 0.075 -0.0014516 0.000377967 0.1 -0.0014946 0.000127209 0.075 -0.0014946 -0.000127209 0.075 -0.0014946 0.000127209 0.1 -0.0014946 -0.000127209 0.1 -0.00124276 0.000839962 0.075 -0.00108293 0.00103791 0.075 -0.00108293 0.00103791 0.1 -0.00136684 0.000617852 0.1 -0.00136684 0.000617852 0.075 -0.00124276 0.000839962 0.1 -0.000439234 0.00143425 0.1 -0.000675306 0.00133939 0.075 -0.000439234 0.00143425 0.075 -0.000675306 0.00133939 0.1 -0.00089195 0.001206 0.1 -0.00089195 0.001206 0.075 0.000316019 0.00146633 0.1 6.36618e-05 0.00149865 0.1 6.36618e-05 0.00149865 0.075 -0.000190527 0.00148785 0.075 -0.000190527 0.00148785 0.1 0.000316019 0.00146633 0.075 0.000559285 0.00139183 0.1 0.000559285 0.00139183 0.075 0.000786461 0.00127729 0.1 0.000991012 0.00112601 0.1 0.000786461 0.00127729 0.075 0.000991012 0.00112601 0.075 0.00116705 0.00094233 0.1 0.00116705 0.00094233 0.075 0.00130952 0.000731542 0.1 0.00141432 0.00049971 0.1 0.00130952 0.000731542 0.075 0.00141432 0.00049971 0.075 0.00147842 0.000253501 0.1 0.00147842 0.000253501 0.075 -0.00089195 0.001206 0.075 0.00130952 -0.000731542 0.075 -0.000675306 0.00133939 0.075 0.00116705 0.00094233 0.075 0.000786461 0.00127729 0.075 0.00130952 0.000731542 0.075 0.000991012 0.00112601 0.075 0.00141432 0.00049971 0.075 0.000559285 0.00139183 0.075 0.000316019 0.00146633 0.075 0.00147842 0.000253501 0.075 6.36618e-05 0.00149865 0.075 0.0015 -2.75546e-19 0.075 -0.000439234 0.00143425 0.075 0.00141432 -0.00049971 0.075 0.00147842 -0.000253501 0.075 -0.000190527 0.00148785 0.075 -0.00124276 0.000839962 0.075 -0.00136684 0.000617852 0.075 0.000786461 -0.00127729 0.075 0.000991012 -0.00112601 0.075 0.00116705 -0.00094233 0.075 -0.00108293 0.00103791 0.075 -0.0014516 0.000377967 0.075 0.000316019 -0.00146633 0.075 0.000559285 -0.00139183 0.075 -0.0014516 -0.000377967 0.075 -0.000439234 -0.00143425 0.075 -0.000190527 -0.00148785 0.075 -0.0014946 -0.000127209 0.075 6.36618e-05 -0.00149865 0.075 -0.0014946 0.000127209 0.075 -0.00124276 -0.000839962 0.075 -0.00108293 -0.00103791 0.075 -0.00089195 -0.001206 0.075 -0.000675306 -0.00133939 0.075 -0.00136684 -0.000617852 0.075 -0.000736581 0.00667515 0.025 0.000243281 0.0067113 0.025 -0.000504135 0.00669671 0.001 0.00669788 -0.000489539 0.025 0.00671583 4.11226e-19 0.001 0.00669788 0.000490603 0.025 -0.00149639 0.0065468 0.001 -0.00170036 0.00649683 0.025 -0.00245476 0.00625096 0.001 -0.00262751 0.00618037 0.025 -0.00349865 0.00573252 0.025 -0.00335791 0.00581608 0.001 -0.00418789 0.00525012 0.001 -0.00429659 0.00516153 0.025 -0.00492407 0.00456674 0.001 -0.00500272 0.00448044 0.025 -0.00560197 0.0037039 0.025 -0.00554995 0.00378138 0.001 -0.00605159 0.00291176 0.001 -0.00608158 0.00284861 0.025 -0.00641789 0.00197749 0.001 -0.00643146 0.00193297 0.025 -0.00664414 0.000978571 0.025 -0.00664068 0.00100176 0.001 -0.00671583 -4.11226e-19 0.001 -0.00671583 -4.11226e-19 0.025 0.000499796 0.00669709 0.001 0.00149288 0.00654774 0.001 0.00121826 0.00660434 0.025 0.00216747 0.00635642 0.025 0.00245279 0.00625188 0.001 0.00307053 0.00597278 0.025 0.00335791 0.00581608 0.001 0.00418611 0.00525136 0.001 0.00390689 0.00546234 0.025 0.00465993 0.00483582 0.025 0.0049215 0.00456931 0.001 0.00531415 0.00410608 0.025 0.00554745 0.00378495 0.001 0.00604975 0.00291571 0.001 0.00585543 0.00328856 0.025 0.00627202 0.00240064 0.025 0.00641695 0.001981 0.001 0.00655489 0.00146129 0.025 0.00664068 0.00100176 0.001 0.00627326 -0.00239713 0.025 0.00605138 -0.00291223 0.001 0.00641774 -0.00197814 0.001 0.00655535 -0.00145861 0.025 0.00664074 -0.00100141 0.001 0.00418857 -0.00524947 0.001 0.00492426 -0.00456643 0.001 0.00466212 -0.00483389 0.025 0.00554984 -0.00378149 0.001 0.00585743 -0.00328498 0.025 0.00531656 -0.0041031 0.025 0.00245461 -0.00625114 0.001 0.00216977 -0.0063555 0.025 0.0014951 -0.00654728 0.001 0.00390807 -0.00546162 0.025 0.00307115 -0.0059724 0.025 0.00335918 -0.00581528 0.001 -0.000732696 -0.00667565 0.025 -0.00149327 -0.00654758 0.001 -0.000501428 -0.00669703 0.001 0.000247354 -0.00671113 0.025 0.000502114 -0.00669703 0.001 0.00122178 -0.00660358 0.025 -0.00418565 -0.00525175 0.001 -0.00335622 -0.00581688 0.001 -0.00349832 -0.00573269 0.025 -0.00245202 -0.00625203 0.001 -0.00169738 -0.00649774 0.025 -0.00262601 -0.00618112 0.025 -0.00554789 -0.00378447 0.001 -0.00492171 -0.00456921 0.001 -0.00500033 -0.00448294 0.025 -0.00429479 -0.00516286 0.025 -0.0055997 -0.00370724 0.025 -0.00605013 -0.00291506 0.001 -0.00607994 -0.00285224 0.025 -0.00641717 -0.0019804 0.001 -0.00664074 -0.00100141 0.001 -0.00643063 -0.00193616 0.025 -0.00664414 -0.000978571 0.025 -0.00262751 0.00618037 0.025 -0.00262154 0.00425765 0.025 -0.00186428 0.00463945 0.025 0.00655535 -0.00145861 0.025 0.00669788 -0.000489539 0.025 0.00498199 -0.00042403 0.025 -0.0010534 0.00488778 0.025 -0.000212206 0.00499549 0.025 -0.000736581 0.00667515 0.025 -0.00170036 0.00649683 0.025 -0.00330337 0.00375336 0.025 -0.00500272 0.00448044 0.025 -0.00389018 0.0031411 0.025 -0.00429659 0.00516153 0.025 0.000635089 0.0049595 0.025 0.000243281 0.0067113 0.025 0.00121826 0.00660434 0.025 0.00146411 0.00478083 0.025 -0.00560197 0.0037039 0.025 -0.00608158 0.00284861 0.025 -0.00436507 0.00243847 0.025 0.00225102 0.00446463 0.025 0.00216747 0.00635642 0.025 -0.00492808 0.000845004 0.025 -0.00471439 0.0016657 0.025 -0.00643146 0.00193297 0.025 -0.00664414 -0.000978571 0.025 -0.00643063 -0.00193616 0.025 -0.00492808 -0.000845004 0.025 0.00307053 0.00597278 0.025 0.00390689 0.00546234 0.025 -0.00436507 -0.00243847 0.025 -0.00471439 -0.0016657 0.025 -0.00607994 -0.00285224 0.025 0.00414255 0.00279987 0.025 0.00455614 0.00205951 0.025 0.00585543 0.00328856 0.025 -0.00330337 -0.00375336 0.025 -0.00429479 -0.00516286 0.025 -0.00262154 -0.00425765 0.025 0.00669788 0.000490603 0.025 0.00498199 0.00042403 0.025 -0.00169738 -0.00649774 0.025 -0.0010534 -0.00488778 0.025 -0.00186428 -0.00463945 0.025 0.00627326 -0.00239713 0.025 0.00483866 -0.00125989 0.025 0.00455614 -0.00205951 0.025 0.00307115 -0.0059724 0.025 0.00225102 -0.00446463 0.025 0.00216977 -0.0063555 0.025 0.00466212 -0.00483389 0.025 0.00360978 -0.00345969 0.025 0.00297317 -0.00401999 0.025 0.00146411 -0.00478083 0.025 0.000635089 -0.0049595 0.025 -0.000212206 -0.00499549 0.025 0.000247354 -0.00671113 0.025 0.00122178 -0.00660358 0.025 -0.000732696 -0.00667565 0.025 0.00390807 -0.00546162 0.025 0.00585743 -0.00328498 0.025 0.00414255 -0.00279987 0.025 0.00531656 -0.0041031 0.025 -0.00349832 -0.00573269 0.025 -0.00262601 -0.00618112 0.025 -0.00389018 -0.0031411 0.025 -0.00500033 -0.00448294 0.025 0.00483866 0.00125989 0.025 0.00655489 0.00146129 0.025 -0.0055997 -0.00370724 0.025 0.00627202 0.00240064 0.025 0.00360978 0.00345969 0.025 0.00465993 0.00483582 0.025 0.00297317 0.00401999 0.025 0.00531415 0.00410608 0.025 -0.00664414 0.000978571 0.025 -0.00671583 -4.11226e-19 0.025 -0.005 -9.18485e-19 0.025 -0.00349865 0.00573252 0.025 -0.00361399 0.00442824 0 -0.00285669 0.00495069 0 0.00456891 -0.00343446 0 0.00457018 0.00343257 0 0.00506152 0.00265524 0 0.00324825 0.00470296 0 0.0039605 0.0041211 0 0.00542184 0.00180922 0 0.00245186 0.00516309 0 0.00159192 0.00548953 0 0.00564177 0.000917118 0 0.00571583 -4.11226e-19 0 0.000690716 0.00567382 0 -0.000228423 0.00571116 0 0.00564177 -0.000917118 0 -0.00114169 0.00560055 0 -0.00427766 0.00379104 0 0.00395866 -0.00412302 0 0.00324586 -0.00470473 0 0.00506078 -0.00265689 0 -0.00202541 0.00534486 0 0.00542152 -0.00181047 0 -0.00525821 0.00224095 0 -0.00483051 0.00305559 0 0.00244899 -0.00516453 0 -0.00569728 0.000460052 0 -0.000231904 -0.00571101 0 -0.00569728 -0.000459704 0 -0.00554965 0.00136823 0 0.0015887 -0.00549052 0 0.000687278 -0.00567426 0 -0.00483151 -0.0030538 0 -0.00525872 -0.00223948 0 -0.00285933 -0.00494907 0 -0.00202847 -0.00534363 0 -0.00554982 -0.00136726 0 -0.00114504 -0.00559983 0 -0.00361611 -0.00442637 0 -0.00427922 -0.00378911 0 0.00387966 -0.00440814 1.23117e-05 0.00307887 -0.0050004 1.23117e-05 0.00324586 -0.00470473 0 0.00342102 -0.0055561 0.000412215 0.00239483 -0.00595977 0.000292893 0.00336759 -0.00546932 0.000292893 -0.000800671 0.00625256 0.000190983 -0.000783677 0.00611985 0.000108993 -0.00184584 0.00602731 0.000190983 -0.000815827 0.00637091 0.000292893 -0.00188078 0.0061414 0.000292893 0.000267533 0.00629793 0.000190983 0.000261855 0.00616426 0.000108993 0.000272597 0.00641715 0.000292893 0.00129985 0.00603134 0.000108993 0.00132804 0.00616213 0.000190983 0.00135318 0.00627877 0.000292893 0.00235034 0.00584905 0.000190983 0.00230046 0.00572491 0.000108993 0.00239483 0.00595977 0.000292893 0.00323488 0.00525378 0.000108993 0.00330503 0.00536771 0.000190983 0.00336759 0.00546932 0.000292893 0.00416464 0.00473195 0.000190983 0.00407624 0.00463151 0.000108993 0.00424347 0.00482152 0.000292893 0.00480034 0.003876 0.000108993 0.00490444 0.00396006 0.000190983 0.00550314 0.00307424 0.000190983 0.00538634 0.00300899 0.000108993 0.00499727 0.00403502 0.000292893 0.00594353 0.00209998 0.000190983 0.00581738 0.00205541 0.000108993 0.00560731 0.00313243 0.000292893 0.00608107 0.0010427 0.000108993 0.00621294 0.00106532 0.000190983 0.00605604 0.00213974 0.000292893 0.00633055 0.00108548 0.000292893 0.00616982 -1.9224e-18 0.000108993 0.00630361 -1.95517e-18 0.000190983 0.00571583 -4.11226e-19 0 0.00564177 0.000917118 0 0.0057878 0.000992417 1.23117e-05 0.00542184 0.00180922 0 -0.00569728 0.000460052 0 -0.00569728 -0.000459704 0 -0.00585111 -0.000498003 1.23117e-05 0.00587226 -1.84952e-18 1.23117e-05 0.00593818 0.0010182 4.89435e-05 0.00602484 -1.88689e-18 4.89435e-05 0.00553682 0.00195628 1.23117e-05 -0.00568278 0.00147968 1.23117e-05 -0.00535097 0.00241879 1.23117e-05 -0.00525821 0.00224095 0 0.00642294 -1.98439e-18 0.000292893 0.00652485 -2.00935e-18 0.000412215 0.00643099 0.0011027 0.000412215 0.0065118 0.00111656 0.000546009 0.00660683 -2.02943e-18 0.000546009 0.00666688 -2.04414e-18 0.000690983 0.00657099 0.00112671 0.000690983 0.00660709 0.0011329 0.000843566 0.00622944 0.002201 0.000546009 0.00664068 0.00100176 0.001 0.00671583 4.11226e-19 0.001 0.00670352 -2.05311e-18 0.000843566 -0.00366878 0.00496052 0.000108993 -0.00445434 0.00426914 0.000108993 -0.00455093 0.00436171 0.000190983 -0.00289163 0.0057352 0.000292893 -0.00374834 0.00506809 0.000190983 -0.00283791 0.00562866 0.000190983 -0.00277768 0.00550919 0.000108993 -0.00180666 0.00589938 0.000108993 -0.00463708 0.00444428 0.000292893 -0.00381929 0.00516402 0.000292893 -0.00511175 0.00345494 0.000108993 -0.0052226 0.00352986 0.000190983 -0.00532146 0.00359668 0.000292893 -0.00574403 0.00259647 0.000190983 -0.00585276 0.00264561 0.000292893 -0.00562211 0.00254136 0.000108993 -0.00610021 0.00158837 0.000190983 -0.00621569 0.00161844 0.000292893 -0.00597074 0.00155466 0.000108993 -0.0062809 0.000534584 0.000190983 -0.0063998 0.000544703 0.000292893 -0.0062809 -0.000534584 0.000190983 -0.00614759 0.000523237 0.000108993 -0.0063998 -0.000544703 0.000292893 -0.0052226 -0.00352986 0.000190983 -0.00562211 -0.00254136 0.000108993 -0.00511175 -0.00345494 0.000108993 -0.00574403 -0.00259647 0.000190983 -0.00597074 -0.00155466 0.000108993 -0.00610021 -0.00158837 0.000190983 -0.00614759 -0.000523237 0.000108993 -0.00621569 -0.00161844 0.000292893 -0.00585276 -0.00264561 0.000292893 -0.00455093 -0.00436171 0.000190983 -0.00532146 -0.00359668 0.000292893 -0.00445434 -0.00426914 0.000108993 -0.00374834 -0.00506809 0.000190983 -0.00463708 -0.00444428 0.000292893 -0.00366878 -0.00496052 0.000108993 -0.00283791 -0.00562866 0.000190983 -0.00381929 -0.00516402 0.000292893 -0.00188078 -0.0061414 0.000292893 -0.00289163 -0.0057352 0.000292893 -0.00184584 -0.00602731 0.000190983 -0.000815827 -0.00637091 0.000292893 -0.00277768 -0.00550919 0.000108993 -0.000800671 -0.00625256 0.000190983 -0.00180666 -0.00589938 0.000108993 0.00132804 -0.00616213 0.000190983 0.000261855 -0.00616426 0.000108993 0.00129985 -0.00603134 0.000108993 0.000267533 -0.00629793 0.000190983 -0.000783677 -0.00611985 0.000108993 0.00243283 -0.00605433 0.000412215 0.00346401 -0.00562591 0.000546009 0.00330503 -0.00536771 0.000190983 0.00230046 -0.00572491 0.000108993 0.00323488 -0.00525378 0.000108993 0.00407624 -0.00463151 0.000108993 0.00480034 -0.003876 0.000108993 0.00490444 -0.00396006 0.000190983 0.00456883 -0.00368907 1.23117e-05 0.00395866 -0.00412302 0 0.0057878 -0.000992417 1.23117e-05 0.00593818 -0.0010182 4.89435e-05 0.00553682 -0.00195628 1.23117e-05 0.00512657 -0.00286387 1.23117e-05 0.00568069 -0.00200712 4.89435e-05 0.00235034 -0.00584905 0.000190983 0.00564177 -0.000917118 0 0.00135318 -0.00627877 0.000292893 0.000272597 -0.00641715 0.000292893 0.00632059 -0.00223321 0.000843566 0.00660709 -0.0011329 0.000843566 0.00641774 -0.00197814 0.001 0.00436497 -0.00495957 0.000546009 0.00514035 -0.00415055 0.000546009 0.00518707 -0.00418827 0.000690983 0.00440464 -0.00500465 0.000690983 0.00582028 -0.00325141 0.000690983 0.00576786 -0.00322212 0.000546009 0.00628606 -0.002221 0.000690983 0.00622944 -0.002201 0.000546009 0.00664074 -0.00100141 0.001 0.00506152 0.00265524 0 0.00512657 0.00286387 1.23117e-05 0.00568069 0.00200712 4.89435e-05 0.00615213 0.00217369 0.000412215 0.00576786 0.00322212 0.000546009 0.00632059 0.00223321 0.000843566 0.00628606 0.002221 0.000690983 0.00641695 0.001981 0.001 0.00457018 0.00343257 0 0.00456883 0.00368907 1.23117e-05 0.00525977 0.00293829 4.89435e-05 0.00582028 0.00325141 0.000690983 0.00514035 0.00415055 0.000546009 0.00569628 0.00318213 0.000412215 0.00604975 0.00291571 0.001 0.00585226 0.00326927 0.000843566 0.0039605 0.0041211 0 0.00387966 0.00440814 1.23117e-05 0.00468754 0.00378493 4.89435e-05 0.00507656 0.00409904 0.000412215 0.00518707 0.00418827 0.000690983 0.00436497 0.00495957 0.000546009 0.00554745 0.00378495 0.001 0.00521557 0.00421128 0.000843566 0.00324825 0.00470296 0 0.00307887 0.0050004 1.23117e-05 0.00398046 0.00452268 4.89435e-05 0.0043108 0.00489802 0.000412215 0.00440464 0.00500465 0.000690983 0.00346401 0.00562591 0.000546009 0.0049215 0.00456931 0.001 0.00442884 0.00503214 0.000843566 0.00245186 0.00516309 0 0.00218951 0.00544881 1.23117e-05 0.00315887 0.00513033 4.89435e-05 0.00342102 0.0055561 0.000412215 0.0034955 0.00567705 0.000690983 0.0024634 0.00613041 0.000546009 0.00418611 0.00525136 0.001 0.0035147 0.00570824 0.000843566 0.00159192 0.00548953 0 0.00123716 0.00574046 1.23117e-05 0.0022464 0.00559039 4.89435e-05 0.00243283 0.00605433 0.000412215 0.00248579 0.00618613 0.000690983 0.00249945 0.00622012 0.000843566 0.00335791 0.00581608 0.001 0.000690716 0.00567382 0 0.000249226 0.00586697 1.23117e-05 0.00126931 0.00588962 4.89435e-05 0.00137465 0.0063784 0.000412215 0.00139192 0.00645855 0.000546009 0.000280402 0.00660088 0.000546009 0.00141229 0.00655306 0.000843566 0.00149288 0.00654774 0.001 0.00245279 0.00625188 0.001 0.00140457 0.00651725 0.000690983 -0.000228423 0.00571116 0 -0.000745882 0.0058247 1.23117e-05 0.000255702 0.00601942 4.89435e-05 0.000276922 0.00651897 0.000412215 -0.000839186 0.00655332 0.000546009 0.000284505 0.00669748 0.000843566 0.000282951 0.00666088 0.000690983 0.000499796 0.00669709 0.001 -0.00114169 0.00560055 0 -0.00171953 0.00561486 1.23117e-05 -0.000765263 0.00597605 4.89435e-05 -0.000846813 0.00661289 0.000690983 -0.00193463 0.00631724 0.000546009 -0.000828772 0.006472 0.000412215 -0.000851466 0.00664922 0.000843566 -0.000504135 0.00669671 0.001 -0.00202541 0.00534486 0 -0.00264371 0.0052435 1.23117e-05 -0.00176421 0.00576076 4.89435e-05 -0.00195222 0.00637465 0.000690983 -0.00191062 0.00623884 0.000412215 -0.00297442 0.00589941 0.000546009 -0.00149639 0.0065468 0.001 -0.00196294 0.00640968 0.000843566 -0.00285669 0.00495069 0 -0.00349184 0.00472128 1.23117e-05 -0.00271241 0.00537974 4.89435e-05 -0.00293751 0.0058262 0.000412215 -0.00300146 0.00595303 0.000690983 -0.00392864 0.00531188 0.000546009 -0.00245476 0.00625096 0.001 -0.00301795 0.00598574 0.000843566 -0.00361399 0.00442824 0 -0.00423952 0.00406325 1.23117e-05 -0.00358257 0.00484396 4.89435e-05 -0.00387989 0.00524596 0.000412215 -0.00396435 0.00536016 0.000690983 -0.00476984 0.00457153 0.000546009 -0.00335791 0.00581608 0.001 -0.00398613 0.00538961 0.000843566 -0.00427766 0.00379104 0 -0.00486523 0.00328832 1.23117e-05 -0.00434967 0.00416882 4.89435e-05 -0.00471065 0.00451479 0.000412215 -0.0048132 0.00461308 0.000690983 -0.00483964 0.00463842 0.000843566 -0.00418789 0.00525012 0.001 -0.00483051 0.00305559 0 -0.00499164 0.00337376 4.89435e-05 -0.0054059 0.00365375 0.000412215 -0.00547383 0.00369966 0.000546009 -0.00552358 0.00373329 0.000690983 -0.00555393 0.0037538 0.000843566 -0.00554995 0.00378138 0.001 -0.00492407 0.00456674 0.001 0.00608107 -0.0010427 0.000108993 0.00581738 -0.00205541 0.000108993 -0.00549001 0.00248164 4.89435e-05 -0.00594562 0.00268759 0.000412215 -0.00602034 0.00272136 0.000546009 -0.00639365 0.00166478 0.000546009 -0.00610844 0.00276119 0.000843566 -0.00607506 0.0027461 0.000690983 -0.00605159 0.00291176 0.001 -0.00554965 0.00136823 0 -0.00585111 0.000498003 1.23117e-05 -0.00583044 0.00151813 4.89435e-05 -0.00645176 0.00167991 0.000690983 -0.00658303 0.000560299 0.000546009 -0.00631431 0.00164412 0.000412215 -0.00648721 0.00168914 0.000843566 -0.00641789 0.00197749 0.001 -0.00600314 0.000510943 4.89435e-05 -0.00664287 0.000565391 0.000690983 -0.00650134 0.000553345 0.000412215 -0.00658303 -0.000560299 0.000546009 -0.00664068 0.00100176 0.001 -0.00667937 0.000568498 0.000843566 -0.00568278 -0.00147968 1.23117e-05 -0.00554982 -0.00136726 0 -0.00600314 -0.000510943 4.89435e-05 -0.00650134 -0.000553345 0.000412215 -0.00664287 -0.000565391 0.000690983 -0.00639365 -0.00166478 0.000546009 -0.00671583 -4.11226e-19 0.001 -0.00667937 -0.000568498 0.000843566 -0.00525872 -0.00223948 0 -0.00535097 -0.00241879 1.23117e-05 -0.00583044 -0.00151813 4.89435e-05 -0.00631431 -0.00164412 0.000412215 -0.00645176 -0.00167991 0.000690983 -0.00602034 -0.00272136 0.000546009 -0.00664074 -0.00100141 0.001 -0.00648721 -0.00168914 0.000843566 -0.00483151 -0.0030538 0 -0.00486523 -0.00328832 1.23117e-05 -0.00549001 -0.00248164 4.89435e-05 -0.00594562 -0.00268759 0.000412215 -0.00607506 -0.0027461 0.000690983 -0.00610844 -0.00276119 0.000843566 -0.00641717 -0.0019804 0.001 -0.00427922 -0.00378911 0 -0.00423952 -0.00406325 1.23117e-05 -0.00499164 -0.00337376 4.89435e-05 -0.0054059 -0.00365375 0.000412215 -0.00547383 -0.00369966 0.000546009 -0.00552358 -0.00373329 0.000690983 -0.00555393 -0.0037538 0.000843566 -0.00605013 -0.00291506 0.001 -0.00361611 -0.00442637 0 -0.00349184 -0.00472128 1.23117e-05 -0.00434967 -0.00416882 4.89435e-05 -0.00471065 -0.00451479 0.000412215 -0.00476984 -0.00457153 0.000546009 -0.00392864 -0.00531188 0.000546009 -0.00483964 -0.00463842 0.000843566 -0.00492171 -0.00456921 0.001 -0.00554789 -0.00378447 0.001 -0.0048132 -0.00461308 0.000690983 -0.00285933 -0.00494907 0 -0.00264371 -0.0052435 1.23117e-05 -0.00358257 -0.00484396 4.89435e-05 -0.00387989 -0.00524596 0.000412215 -0.00297442 -0.00589941 0.000546009 -0.00398613 -0.00538961 0.000843566 -0.00396435 -0.00536016 0.000690983 -0.00418565 -0.00525175 0.001 -0.00202847 -0.00534363 0 -0.00171953 -0.00561486 1.23117e-05 -0.00271241 -0.00537974 4.89435e-05 -0.00300146 -0.00595303 0.000690983 -0.00193463 -0.00631724 0.000546009 -0.00293751 -0.0058262 0.000412215 -0.00335622 -0.00581688 0.001 -0.00301795 -0.00598574 0.000843566 -0.00114504 -0.00559983 0 -0.000745882 -0.0058247 1.23117e-05 -0.00176421 -0.00576076 4.89435e-05 -0.00195222 -0.00637465 0.000690983 -0.00191062 -0.00623884 0.000412215 -0.000839186 -0.00655332 0.000546009 -0.00245202 -0.00625203 0.001 -0.00196294 -0.00640968 0.000843566 -0.000231904 -0.00571101 0 0.000249226 -0.00586697 1.23117e-05 -0.000765263 -0.00597605 4.89435e-05 -0.000828772 -0.006472 0.000412215 -0.000846813 -0.00661289 0.000690983 0.000280402 -0.00660088 0.000546009 -0.00149327 -0.00654758 0.001 -0.000851466 -0.00664922 0.000843566 0.000687278 -0.00567426 0 0.00123716 -0.00574046 1.23117e-05 0.000255702 -0.00601942 4.89435e-05 0.000276922 -0.00651897 0.000412215 0.000282951 -0.00666088 0.000690983 0.00139192 -0.00645855 0.000546009 -0.000501428 -0.00669703 0.001 0.000284505 -0.00669748 0.000843566 0.0015887 -0.00549052 0 0.00218951 -0.00544881 1.23117e-05 0.00126931 -0.00588962 4.89435e-05 0.00137465 -0.0063784 0.000412215 0.00140457 -0.00651725 0.000690983 0.00141229 -0.00655306 0.000843566 0.000502114 -0.00669703 0.001 0.00244899 -0.00516453 0 0.0022464 -0.00559039 4.89435e-05 0.0024634 -0.00613041 0.000546009 0.00248579 -0.00618613 0.000690983 0.00249945 -0.00622012 0.000843566 0.00245461 -0.00625114 0.001 0.0014951 -0.00654728 0.001 0.00456891 -0.00343446 0 0.00315887 -0.00513033 4.89435e-05 0.0043108 -0.00489802 0.000412215 0.0035147 -0.00570824 0.000843566 0.0034955 -0.00567705 0.000690983 0.00335918 -0.00581528 0.001 0.00416464 -0.00473195 0.000190983 0.00398046 -0.00452268 4.89435e-05 0.00424347 -0.00482152 0.000292893 0.00442884 -0.00503214 0.000843566 0.00418857 -0.00524947 0.001 0.00499727 -0.00403502 0.000292893 0.00468754 -0.00378493 4.89435e-05 0.00507656 -0.00409904 0.000412215 0.00605138 -0.00291223 0.001 0.00585226 -0.00326927 0.000843566 0.00492426 -0.00456643 0.001 0.00521557 -0.00421128 0.000843566 0.00506078 -0.00265689 0 0.00538634 -0.00300899 0.000108993 0.00550314 -0.00307424 0.000190983 0.00525977 -0.00293829 4.89435e-05 0.00560731 -0.00313243 0.000292893 0.00569628 -0.00318213 0.000412215 0.00554984 -0.00378149 0.001 0.00542152 -0.00181047 0 0.00594353 -0.00209998 0.000190983 0.00605604 -0.00213974 0.000292893 0.00615213 -0.00217369 0.000412215 0.00621294 -0.00106532 0.000190983 0.00633055 -0.00108548 0.000292893 0.00643099 -0.0011027 0.000412215 0.0065118 -0.00111656 0.000546009 0.00657099 -0.00112671 0.000690983</float_array>
          <technique_common>
            <accessor count="879" source="#ID36" stride="3">
              <param name="X" type="float"/>
              <param name="Y" type="float"/>
              <param name="Z" type="float"/>
            </accessor>
          </technique_common>
        </source>
        <source id="ID37">
          <float_array count="2637" id="ID38">-0.042441 -0.999099 0 0.0825794 -0.996584 0 -0.0825794 -0.996584 0 0.996397 0.0848059 0 1 -8.74228e-08 0 0.996397 -0.0848059 0 -0.245486 -0.9694 0 -0.210679 -0.977555 0 -0.401695 -0.915773 0 -0.372857 -0.927889 0 -0.524307 -0.851529 0 -0.546948 -0.837166 0 -0.677282 -0.735724 0 -0.660675 -0.750672 0 -0.78914 -0.614213 0 -0.778036 -0.62822 0 -0.873014 -0.487695 0 -0.879474 -0.475948 0 -0.945817 -0.3247 0 -0.942877 -0.33314 0 -0.986361 -0.164595 0 -0.985616 -0.169001 0 -1 -3.01992e-07 0 -1 1.74846e-07 0 0.127018 -0.9919 0 0.292823 -0.956167 0 0.245486 -0.9694 0 0.401695 -0.915773 0 0.450204 -0.892926 0 0.594633 -0.803997 0 0.546948 -0.837167 0 0.721956 -0.691939 0 0.677282 -0.735724 0 0.78914 -0.614213 0 0.82851 -0.559975 0 0.911228 -0.411901 0 0.879474 -0.475947 0 0.967733 -0.251978 0 0.945817 -0.324699 0 0.986361 -0.164595 0 0.82851 0.559975 0 0.879474 0.475947 0 0.911228 0.411901 0 0.967733 0.251978 0 0.945817 0.3247 0 0.986361 0.164595 0 0.546948 0.837166 0 0.594633 0.803997 0 0.450204 0.892926 0 0.789141 0.614213 0 0.721956 0.691939 0 0.677282 0.735724 0 0.127018 0.9919 0 -0.0424412 0.999099 0 0.0825794 0.996584 0 0.292823 0.956167 0 0.245485 0.9694 0 0.401695 0.915773 0 -0.524307 0.851529 0 -0.401695 0.915773 0 -0.372857 0.927889 0 -0.245485 0.9694 0 -0.0825794 0.996584 0 -0.210679 0.977555 0 -0.789141 0.614213 0 -0.677282 0.735724 0 -0.778036 0.62822 0 -0.546948 0.837166 0 -0.660675 0.750672 0 -0.873014 0.487695 0 -0.879474 0.475947 0 -0.942877 0.33314 0 -0.945817 0.324699 0 -0.986361 0.164595 0 -0.985616 0.169001 0 0 0 1 0 0 1 0 0 1 0 0 1 0 0 1 0 0 1 0 0 1 0 0 1 0 0 1 0 0 1 0 0 1 0 0 1 0 0 1 0 0 1 0 0 1 0 0 1 0 0 1 0 0 1 0 0 1 0 0 1 0 0 1 0 0 1 0 0 1 0 0 1 0 0 1 0 0 1 0 0 1 0 0 1 0 0 1 0 0 1 0 0 1 0 0 1 0 0 1 0 0 1 0 0 1 0 0 1 0 0 1 0 0 1 0 0 1 0 0 1 0 0 1 0 0 1 0 0 1 0 0 1 0 0 1 0 0 1 0 0 1 0 0 1 0 0 1 0 0 1 0 0 1 0 0 1 0 0 1 0 0 1 0 0 1 0 0 1 0 0 1 0 0 1 0 0 1 0 0 1 0 0 1 0 0 1 0 0 1 0 0 1 0 0 1 0 0 1 0 0 1 0 0 1 0 0 1 0 0 1 0 0 1 0 0 1 0 0 1 0 0 1 0 0 1 -0.942877 0.33314 0 -0.985616 0.169001 0 -0.942877 0.33314 0 -1 -1.74846e-07 -0 -0.985616 0.169001 0 -1 3.01992e-07 0 -0.778036 0.62822 0 -0.660675 0.750672 0 -0.660675 0.750672 0 -0.778036 0.62822 0 -0.873014 0.487695 0 -0.873014 0.487695 0 -0.210679 0.977555 0 -0.372856 0.927889 0 -0.210679 0.977555 0 -0.372857 0.927889 0 -0.524307 0.851529 0 -0.524307 0.851529 0 0.292823 0.956167 0 0.292823 0.956167 0 0.127018 0.9919 0 -0.0424415 0.999099 0 0.127018 0.9919 0 -0.042441 0.999099 0 0.594633 0.803997 0 0.721956 0.691939 0 0.721956 0.691939 0 0.450204 0.892926 0 0.450204 0.892926 0 0.594633 0.803997 0 0.967733 0.251978 0 0.911228 0.411901 0 0.967733 0.251978 0 0.911228 0.411901 0 0.82851 0.559975 0 0.82851 0.559975 0 0.967733 -0.251978 0 0.967733 -0.251978 0 0.996397 -0.0848059 0 0.996397 0.0848059 0 0.996397 -0.0848059 0 0.996397 0.0848059 0 0.82851 -0.559975 0 0.721956 -0.691939 0 0.721956 -0.691939 0 0.911228 -0.411901 0 0.911229 -0.411901 0 0.82851 -0.559975 0 0.292823 -0.956167 0 0.450204 -0.892926 0 0.292823 -0.956167 0 0.450204 -0.892926 0 0.594633 -0.803997 0 0.594633 -0.803997 0 -0.210679 -0.977555 -0 -0.0424412 -0.999099 -0 -0.0424412 -0.999099 -0 0.127018 -0.9919 0 0.127018 -0.9919 0 -0.210679 -0.977555 -0 -0.372857 -0.927889 -0 -0.372856 -0.927889 -0 -0.524307 -0.851529 -0 -0.660675 -0.750672 -0 -0.524307 -0.851529 -0 -0.660675 -0.750672 -0 -0.778036 -0.62822 -0 -0.778036 -0.62822 -0 -0.873014 -0.487695 -0 -0.942877 -0.33314 -0 -0.873014 -0.487695 -0 -0.942877 -0.33314 -0 -0.985616 -0.169001 -0 -0.985616 -0.169001 -0 0 0 1 0 0 1 0 0 1 0 0 1 0 0 1 0 0 1 0 0 1 0 0 1 0 0 1 0 0 1 0 0 1 0 0 1 0 0 1 0 0 1 0 0 1 0 0 1 0 0 1 0 0 1 0 0 1 0 0 1 0 0 1 0 0 1 0 0 1 0 0 1 0 0 1 0 0 1 0 0 1 0 0 1 0 0 1 0 0 1 0 0 1 0 0 1 0 0 1 0 0 1 0 0 1 0 0 1 0 0 1 -0.109371 0.994001 0 0.0365221 0.999333 0 -0.0747301 0.997204 0 0.997332 -0.0729954 0 1 -8.74228e-08 0 0.997332 0.0729954 0 -0.222521 0.974928 0 -0.252933 0.967484 0 -0.365341 0.930874 0 -0.391105 0.920346 0 -0.52094 0.853593 0 -0.5 0.866025 0 -0.62349 0.781832 0 -0.639673 0.768647 0 -0.733052 0.680173 0 -0.744772 0.667319 0 -0.833998 0.551768 0 -0.826239 0.56332 0 -0.900969 0.433884 0 -0.905448 0.424457 0 -0.955573 0.294755 0 -0.957601 0.288099 0 -0.989343 0.145601 0 -0.988831 0.149042 0 -1 -1.37149e-11 0 -1 -3.04531e-27 0 0.0747301 0.997204 0 0.222521 0.974928 0 0.181637 0.983366 0 0.32288 0.94644 0 0.365341 0.930874 0 0.457242 0.889342 0 0.5 0.866026 0 0.62349 0.781832 0 0.581859 0.81329 0 0.694074 0.719903 0 0.733052 0.680173 0 0.791497 0.611174 0 0.826239 0.56332 0 0.900969 0.433884 0 0.872049 0.489418 0 0.934016 0.357231 0 0.955573 0.294755 0 0.976076 0.21743 0 0.988831 0.149042 0 0.934016 -0.357231 0 0.900969 -0.433884 0 0.955573 -0.294755 0 0.976076 -0.21743 0 0.988831 -0.149042 0 0.62349 -0.781832 0 0.733052 -0.680173 0 0.694074 -0.719904 0 0.826239 -0.56332 0 0.872049 -0.489418 0 0.791497 -0.611174 0 0.365341 -0.930874 0 0.322881 -0.94644 0 0.222521 -0.974928 0 0.581859 -0.81329 0 0.457242 -0.889342 0 0.5 -0.866025 0 -0.109371 -0.994001 0 -0.222521 -0.974928 0 -0.0747303 -0.997204 0 0.0365219 -0.999333 0 0.0747303 -0.997204 0 0.181637 -0.983366 0 -0.62349 -0.781831 0 -0.5 -0.866025 0 -0.52094 -0.853593 0 -0.365341 -0.930874 0 -0.252933 -0.967484 0 -0.391105 -0.920346 0 -0.826239 -0.56332 0 -0.733052 -0.680173 0 -0.744772 -0.667319 0 -0.639673 -0.768647 0 -0.833998 -0.551768 0 -0.900969 -0.433884 0 -0.905448 -0.424456 0 -0.955573 -0.294755 0 -0.988831 -0.149042 0 -0.957601 -0.288099 0 -0.989343 -0.145601 0 0 0 1 0 0 1 0 0 1 0 0 1 0 0 1 0 0 1 0 0 1 0 0 1 0 0 1 0 0 1 0 0 1 0 0 1 0 0 1 0 0 1 0 0 1 0 0 1 0 0 1 0 0 1 0 0 1 0 0 1 0 0 1 0 0 1 0 0 1 0 0 1 0 0 1 0 0 1 0 0 1 0 0 1 0 0 1 0 0 1 0 0 1 0 0 1 0 0 1 0 0 1 0 0 1 0 0 1 0 0 1 0 0 1 0 0 1 0 0 1 0 0 1 0 0 1 0 0 1 0 0 1 0 0 1 0 0 1 0 0 1 0 0 1 0 0 1 0 0 1 0 0 1 0 0 1 0 0 1 0 0 1 0 0 1 0 0 1 0 0 1 0 0 1 0 0 1 0 0 1 0 0 1 0 0 1 0 0 1 0 0 1 0 0 1 0 0 1 0 0 1 0 0 1 0 0 1 0 0 1 0 0 1 0 0 1 0 0 1 0 0 1 0 0 1 0 0 1 0 0 1 0 0 1 0 0 1 0 0 1 -0 -0 -1 -0 -0 -1 -0 -0 -1 -0 -0 -1 -0 -0 -1 -0 -0 -1 -0 -0 -1 -0 -0 -1 -0 -0 -1 -0 -0 -1 -0 -0 -1 -0 -0 -1 -0 -0 -1 -0 -0 -1 -0 -0 -1 -0 -0 -1 -0 -0 -1 -0 -0 -1 -0 -0 -1 -0 -0 -1 -0 -0 -1 -0 -0 -1 -0 -0 -1 -0 -0 -1 -0 -0 -1 -0 -0 -1 -0 -0 -1 -0 -0 -1 -0 -0 -1 -0 -0 -1 -0 -0 -1 -0 -0 -1 -0 -0 -1 -0 -0 -1 -0 -0 -1 -0 -0 -1 -0 -0 -1 -0 -0 -1 -0 -0 -1 0.103352 -0.117431 -0.987688 0.0820198 -0.133209 -0.987688 7.90013e-08 -1.14453e-07 -1 0.424173 -0.688902 -0.587785 0.263649 -0.656117 -0.707107 0.370741 -0.602122 -0.707107 -0.0746592 0.583024 -0.809017 -0.0576648 0.450313 -0.891007 -0.172117 0.562021 -0.809017 -0.0898152 0.701379 -0.707107 -0.207057 0.676112 -0.707107 0.0249463 0.587256 -0.809017 0.0192679 0.453581 -0.891007 0.0300105 0.70647 -0.707107 0.0956463 0.443801 -0.891007 0.123834 0.574592 -0.809017 0.148973 0.691236 -0.707107 0.219159 0.545399 -0.809017 0.169273 0.421253 -0.891007 0.263649 0.656117 -0.707107 0.23803 0.386586 -0.891007 0.30818 0.500516 -0.809017 0.370741 0.602122 -0.707107 0.388335 0.441234 -0.809017 0.29994 0.340798 -0.891007 0.467168 0.530805 -0.707107 0.353221 0.285206 -0.891007 0.457318 0.369258 -0.809017 0.513145 0.28666 -0.809017 0.39634 0.221409 -0.891007 0.550154 0.444219 -0.707107 0.554209 0.195815 -0.809017 0.428057 0.151242 -0.891007 0.617314 0.344852 -0.707107 0.44746 0.0767247 -0.891007 0.57933 0.0993362 -0.809017 0.666715 0.235565 -0.707107 0.696936 0.119502 -0.707107 0.45399 2.68614e-10 -0.891007 0.587785 1.60367e-09 -0.809017 1.39071e-07 3.70559e-22 -1 1.3727e-07 2.23085e-08 -1 0.154184 0.0264376 -0.987688 1.31914e-07 4.40393e-08 -1 -1.3862e-07 1.11906e-08 -1 -1.3862e-07 -1.11906e-08 -1 -0.155871 -0.0132666 -0.987688 0.156435 1.06702e-10 -0.987688 0.304572 0.0522241 -0.951057 0.309017 4.21551e-10 -0.951057 0.147499 0.0521146 -0.987688 -0.151387 0.0394181 -0.987688 -0.142548 0.0644356 -0.987688 -1.27942e-07 5.45112e-08 -1 0.707107 1.39478e-09 -0.707107 0.809017 9.57347e-10 -0.587785 0.79738 0.136725 -0.587785 0.87819 0.150581 -0.45399 0.891007 3.51207e-10 -0.45399 0.951057 5.1896e-09 -0.309017 0.937376 0.160729 -0.309017 0.973481 0.16692 -0.156435 0.84011 0.29683 -0.45399 0.988831 0.149042 -1.74846e-07 1 3.94504e-09 -1.74846e-07 0.987688 -1.10369e-09 -0.156435 -0.269958 0.365007 -0.891007 -0.327761 0.314134 -0.891007 -0.424355 0.406711 -0.809017 -0.318342 0.631394 -0.707107 -0.349517 0.472578 -0.809017 -0.264623 0.524849 -0.809017 -0.204388 0.40538 -0.891007 -0.132939 0.43409 -0.891007 -0.5105 0.489275 -0.707107 -0.420469 0.568512 -0.707107 -0.376135 0.254223 -0.891007 -0.486986 0.329145 -0.809017 -0.585845 0.395962 -0.707107 -0.535607 0.242109 -0.809017 -0.644336 0.291258 -0.707107 -0.413689 0.186999 -0.891007 -0.568819 0.148109 -0.809017 -0.68429 0.178176 -0.707107 -0.439341 0.114396 -0.891007 -0.585668 0.0498477 -0.809017 -0.704559 0.0599669 -0.707107 -0.585668 -0.0498478 -0.809017 -0.452355 0.0385011 -0.891007 -0.704559 -0.0599668 -0.707107 -0.486986 -0.329145 -0.809017 -0.413689 -0.186999 -0.891007 -0.376135 -0.254223 -0.891007 -0.535607 -0.242109 -0.809017 -0.439341 -0.114396 -0.891007 -0.568819 -0.148109 -0.809017 -0.452355 -0.0385011 -0.891007 -0.68429 -0.178175 -0.707107 -0.644336 -0.291258 -0.707107 -0.424355 -0.406711 -0.809017 -0.585845 -0.395962 -0.707107 -0.327761 -0.314134 -0.891007 -0.349517 -0.472578 -0.809017 -0.5105 -0.489275 -0.707107 -0.269958 -0.365007 -0.891007 -0.264623 -0.524849 -0.809017 -0.420469 -0.568512 -0.707107 -0.207057 -0.676112 -0.707107 -0.318342 -0.631394 -0.707107 -0.172117 -0.562021 -0.809017 -0.0898154 -0.701379 -0.707107 -0.204388 -0.40538 -0.891007 -0.0746591 -0.583024 -0.809017 -0.132939 -0.43409 -0.891007 0.123834 -0.574592 -0.809017 0.0192678 -0.453581 -0.891007 0.0956464 -0.443801 -0.891007 0.0249462 -0.587256 -0.809017 -0.0576648 -0.450313 -0.891007 0.301647 -0.750678 -0.587785 0.467161 -0.758718 -0.45399 0.30818 -0.500516 -0.809017 0.169273 -0.421253 -0.891007 0.23803 -0.386586 -0.891007 0.29994 -0.340798 -0.891007 0.353221 -0.285206 -0.891007 0.457318 -0.369258 -0.809017 0.121712 -0.0982753 -0.987688 9.63378e-08 -1.00298e-07 -1 0.154184 -0.0264376 -0.987688 0.304572 -0.0522241 -0.951057 0.147499 -0.0521146 -0.987688 0.13657 -0.0762924 -0.987688 0.291365 -0.102946 -0.951057 0.21916 -0.545399 -0.809017 1.3727e-07 -2.23086e-08 -1 0.148973 -0.691236 -0.707107 0.0300107 -0.70647 -0.707107 0.931269 -0.329038 -0.156435 0.973481 -0.16692 -0.156435 0.955573 -0.294755 -1.74846e-07 0.588666 -0.668854 -0.45399 0.693235 -0.559748 -0.45399 0.739956 -0.597473 -0.309017 0.628339 -0.713932 -0.309017 0.830286 -0.463825 -0.309017 0.777861 -0.434539 -0.45399 0.89673 -0.316835 -0.309017 0.84011 -0.29683 -0.45399 0.988831 -0.149042 -1.74846e-07 1.23141e-07 6.46295e-08 -1 0.13657 0.0762924 -0.987688 0.291365 0.102946 -0.951057 0.762804 0.269516 -0.587785 0.777861 0.434539 -0.45399 0.931269 0.329038 -0.156435 0.89673 0.316835 -0.309017 0.955573 0.294755 -1.74846e-07 1.11179e-07 8.35458e-08 -1 0.121712 0.0982754 -0.987688 0.269776 0.150706 -0.951057 0.830286 0.463825 -0.309017 0.693235 0.559748 -0.45399 0.706283 0.394554 -0.587785 0.900969 0.433884 -1.74846e-07 0.862266 0.481691 -0.156435 9.63378e-08 1.00298e-07 -1 0.103352 0.117431 -0.987688 0.240426 0.194131 -0.951057 0.629444 0.508241 -0.587785 0.739956 0.597473 -0.309017 0.588666 0.668854 -0.45399 0.826239 0.56332 -1.74846e-07 0.768457 0.620486 -0.156435 7.90013e-08 1.14453e-07 -1 0.0820198 0.133209 -0.987688 0.20416 0.23197 -0.951057 0.534497 0.607307 -0.587785 0.628339 0.713932 -0.309017 0.467161 0.758718 -0.45399 0.733052 0.680173 -1.74846e-07 0.652541 0.74143 -0.156435 5.96187e-08 1.25644e-07 -1 0.0583277 0.145154 -0.987688 0.16202 0.263137 -0.951057 0.424174 0.688902 -0.587785 0.498646 0.809852 -0.309017 0.332218 0.826755 -0.45399 0.62349 0.781832 -1.74846e-07 0.517852 0.841045 -0.156435 3.8692e-08 1.3358e-07 -1 0.0329575 0.152924 -0.987688 0.115219 0.286733 -0.951057 0.301647 0.750678 -0.587785 0.354608 0.882475 -0.309017 0.368266 0.916465 -0.156435 0.5 0.866025 -1.74846e-07 1.67631e-08 1.38057e-07 -1 0.00663928 0.156294 -0.987688 0.0651034 0.302081 -0.951057 0.170443 0.790859 -0.587785 0.187717 0.871008 -0.45399 0.0378154 0.890204 -0.45399 0.208086 0.96552 -0.156435 0.222521 0.974928 -1.74846e-07 0.365341 0.930874 -1.74846e-07 0.200368 0.92971 -0.309017 -5.59984e-09 1.38958e-07 -1 -0.01987 0.155168 -0.987688 0.013115 0.308738 -0.951057 0.0343357 0.808288 -0.587785 -0.113174 0.88379 -0.45399 0.0419187 0.986798 -0.156435 0.040364 0.9502 -0.309017 0.0747301 0.997204 -1.74846e-07 -2.78178e-08 1.3626e-07 -1 -0.0458076 0.149578 -0.987688 -0.0392507 0.306514 -0.951057 -0.120801 0.943353 -0.309017 -0.260907 0.851951 -0.45399 -0.10276 0.802464 -0.587785 -0.125454 0.979688 -0.156435 -0.0747301 0.997204 -1.74846e-07 -4.93152e-08 1.30034e-07 -1 -0.0704275 0.139685 -0.987688 -0.0904871 0.295472 -0.951057 -0.278491 0.909369 -0.309017 -0.236899 0.773555 -0.587785 -0.401134 0.795603 -0.45399 -0.222521 0.974928 -1.74846e-07 -0.289218 0.944395 -0.156435 -6.95355e-08 1.20439e-07 -1 -0.0930212 0.125773 -0.987688 -0.139121 0.275929 -0.951057 -0.364222 0.722392 -0.587785 -0.428169 0.849223 -0.309017 -0.529822 0.716367 -0.45399 -0.365341 0.930874 -1.74846e-07 -0.444661 0.881932 -0.156435 -8.79548e-08 1.07725e-07 -1 -0.112939 0.108243 -0.987688 -0.183752 0.248449 -0.951057 -0.481068 0.650447 -0.587785 -0.56553 0.764647 -0.309017 -0.643268 0.616522 -0.45399 -0.5 0.866025 -1.74846e-07 -0.587312 0.794099 -0.156435 -1.04096e-07 9.22211e-08 -1 -0.129608 0.0875995 -0.987688 -0.223097 0.213821 -0.951057 -0.584075 0.55979 -0.587785 -0.686621 0.658073 -0.309017 -0.713068 0.68342 -0.156435 -0.62349 0.781832 -1.74846e-07 -1.17541e-07 7.43287e-08 -1 -0.256023 0.173042 -0.951057 -0.670278 0.453029 -0.587785 -0.738208 0.498941 -0.45399 -0.787959 0.532568 -0.309017 -0.818309 0.553081 -0.156435 -0.826239 0.56332 -1.74846e-07 -0.733052 0.680173 -1.74846e-07 0.44746 -0.0767248 -0.891007 0.428057 -0.151242 -0.891007 -0.281585 0.127284 -0.951057 -0.737199 0.333235 -0.587785 -0.811911 0.367007 -0.45399 -0.862256 0.224514 -0.45399 -0.90001 0.40683 -0.156435 -0.86663 0.391741 -0.309017 -0.900969 0.433884 -1.74846e-07 -1.3503e-07 3.32819e-08 -1 -0.155871 0.0132666 -0.987688 -0.299046 0.0778654 -0.951057 -0.920369 0.239645 -0.309017 -0.887797 0.0755626 -0.45399 -0.782912 0.203855 -0.587785 -0.955819 0.248876 -0.156435 -0.955573 0.294755 -1.74846e-07 -0.307904 0.0262065 -0.951057 -0.94763 0.0806552 -0.309017 -0.806103 0.0686094 -0.587785 -0.887797 -0.0755628 -0.45399 -0.988831 0.149042 -1.74846e-07 -0.98413 0.0837618 -0.156435 -0.151387 -0.0394181 -0.987688 -1.3503e-07 -3.32819e-08 -1 -0.307904 -0.0262064 -0.951057 -0.806103 -0.0686094 -0.587785 -0.94763 -0.0806552 -0.309017 -0.862256 -0.224514 -0.45399 -1 -8.74228e-08 -1.74846e-07 -0.98413 -0.083762 -0.156435 -1.27942e-07 -5.45112e-08 -1 -0.142548 -0.0644356 -0.987688 -0.299046 -0.0778655 -0.951057 -0.782912 -0.203854 -0.587785 -0.920369 -0.239645 -0.309017 -0.811911 -0.367007 -0.45399 -0.988831 -0.149042 -1.74846e-07 -0.955819 -0.248876 -0.156435 -1.17541e-07 -7.43287e-08 -1 -0.129608 -0.0875995 -0.987688 -0.281585 -0.127284 -0.951057 -0.737199 -0.333235 -0.587785 -0.86663 -0.391741 -0.309017 -0.90001 -0.40683 -0.156435 -0.955573 -0.294755 -1.74846e-07 -1.04096e-07 -9.22211e-08 -1 -0.112939 -0.108243 -0.987688 -0.256023 -0.173042 -0.951057 -0.670278 -0.453029 -0.587785 -0.738208 -0.498941 -0.45399 -0.78796 -0.532568 -0.309017 -0.818309 -0.553081 -0.156435 -0.900969 -0.433884 -1.74846e-07 -8.79547e-08 -1.07725e-07 -1 -0.0930212 -0.125773 -0.987688 -0.223097 -0.213821 -0.951057 -0.584075 -0.55979 -0.587785 -0.643268 -0.616522 -0.45399 -0.529822 -0.716367 -0.45399 -0.713068 -0.68342 -0.156435 -0.733052 -0.680173 -1.74846e-07 -0.826239 -0.56332 -1.74846e-07 -0.686621 -0.658073 -0.309017 -6.95354e-08 -1.20439e-07 -1 -0.0704275 -0.139685 -0.987688 -0.183752 -0.248449 -0.951057 -0.481068 -0.650447 -0.587785 -0.401135 -0.795603 -0.45399 -0.587312 -0.794099 -0.156435 -0.56553 -0.764647 -0.309017 -0.62349 -0.781831 -1.74846e-07 -4.93152e-08 -1.30034e-07 -1 -0.0458076 -0.149578 -0.987688 -0.13912 -0.275929 -0.951057 -0.428169 -0.849223 -0.309017 -0.260907 -0.851951 -0.45399 -0.364222 -0.722392 -0.587785 -0.5 -0.866025 -1.74846e-07 -0.444661 -0.881932 -0.156435 -2.78177e-08 -1.3626e-07 -1 -0.01987 -0.155168 -0.987688 -0.0904872 -0.295472 -0.951057 -0.278491 -0.909369 -0.309017 -0.236899 -0.773555 -0.587785 -0.113174 -0.88379 -0.45399 -0.365341 -0.930874 -1.74846e-07 -0.289218 -0.944395 -0.156435 -5.59978e-09 -1.38958e-07 -1 0.00663925 -0.156294 -0.987688 -0.0392506 -0.306514 -0.951057 -0.102759 -0.802464 -0.587785 -0.120801 -0.943353 -0.309017 0.0378152 -0.890204 -0.45399 -0.222521 -0.974928 -1.74846e-07 -0.125454 -0.979688 -0.156435 1.67632e-08 -1.38057e-07 -1 0.0329575 -0.152924 -0.987688 0.0131151 -0.308738 -0.951057 0.0343355 -0.808288 -0.587785 0.0403643 -0.9502 -0.309017 0.187717 -0.871008 -0.45399 -0.0747298 -0.997204 -1.74846e-07 0.0419185 -0.986798 -0.156435 3.8692e-08 -1.3358e-07 -1 0.0583277 -0.145154 -0.987688 0.0651034 -0.302081 -0.951057 0.170443 -0.790859 -0.587785 0.200368 -0.92971 -0.309017 0.208085 -0.96552 -0.156435 0.0747303 -0.997204 -1.74846e-07 5.96187e-08 -1.25644e-07 -1 0.115219 -0.286733 -0.951057 0.332218 -0.826755 -0.45399 0.354607 -0.882475 -0.309017 0.368266 -0.916465 -0.156435 0.365341 -0.930874 -1.74846e-07 0.222521 -0.974928 -1.74846e-07 1.11179e-07 -8.35457e-08 -1 0.16202 -0.263137 -0.951057 0.534497 -0.607307 -0.587785 0.517852 -0.841045 -0.156435 0.498646 -0.809852 -0.309017 0.5 -0.866025 -1.74846e-07 0.388335 -0.441234 -0.809017 0.20416 -0.23197 -0.951057 0.467168 -0.530805 -0.707107 0.65254 -0.74143 -0.156435 0.62349 -0.781832 -1.74846e-07 0.550154 -0.444219 -0.707107 0.240426 -0.194131 -0.951057 0.629444 -0.50824 -0.587785 0.900969 -0.433884 -1.74846e-07 0.862266 -0.481691 -0.156435 0.733052 -0.680173 -1.74846e-07 0.768457 -0.620485 -0.156435 1.23141e-07 -6.46295e-08 -1 0.39634 -0.221409 -0.891007 0.513145 -0.28666 -0.809017 0.269776 -0.150706 -0.951057 0.617314 -0.344852 -0.707107 0.706283 -0.394553 -0.587785 0.826239 -0.56332 -1.74846e-07 1.31914e-07 -4.40393e-08 -1 0.554209 -0.195815 -0.809017 0.666715 -0.235565 -0.707107 0.762804 -0.269516 -0.587785 0.57933 -0.0993362 -0.809017 0.696936 -0.119502 -0.707107 0.79738 -0.136725 -0.587785 0.87819 -0.150581 -0.45399 0.937376 -0.160729 -0.309017</float_array>
          <technique_common>
            <accessor count="879" source="#ID38" stride="3">
              <param name="X" type="float"/>
              <param name="Y" type="float"/>
              <param name="Z" type="float"/>
            </accessor>
          </technique_common>
        </source>
        <vertices id="ID39">
          <input semantic="POSITION" source="#ID35"/>
          <input semantic="NORMAL" source="#ID37"/>
        </vertices>
        <triangles count="1208" material="ID10">
          <input offset="0" semantic="VERTEX" source="#ID39"/>
          <p>0 1 2 3 4 5 6 7 2 0 2 7 6 8 9 9 7 6 10 8 11 8 10 9 12 13 11 10 11 13 12 14 15 15 13 12 16 14 17 14 16 15 18 19 17 16 17 19 18 20 21 21 19 18 20 22 21 20 23 22 1 0 24 24 25 26 26 1 24 27 25 28 25 27 26 29 30 28 27 28 30 29 31 32 32 30 29 33 31 34 31 33 32 35 36 34 33 34 36 35 37 38 38 36 35 39 37 5 37 39 38 39 5 4 40 41 42 43 44 45 46 47 48 49 50 51 52 53 54 55 56 57 58 59 60 61 62 63 64 65 66 67 68 65 69 70 64 64 66 69 70 71 72 71 70 69 73 72 74 71 74 72 22 23 73 73 74 22 67 58 68 65 68 66 59 61 60 67 59 58 63 62 53 60 61 63 52 54 56 53 62 54 48 55 57 55 52 56 51 47 46 46 48 57 49 40 50 51 50 47 41 44 42 49 41 40 43 45 3 42 44 43 4 3 45 75 76 77 78 79 80 81 82 83 84 85 86 87 88 89 90 91 92 93 94 95 96 97 98 99 95 100 101 102 96 103 100 77 104 105 106 75 107 108 109 110 111 112 113 114 115 116 117 118 119 120 94 88 87 121 122 123 124 125 121 126 119 127 127 123 128 129 130 124 118 131 132 129 133 134 135 136 116 132 137 114 138 113 139 117 116 136 117 140 115 138 141 111 142 105 110 143 115 140 144 145 146 104 147 107 144 148 149 146 143 140 143 146 145 133 135 134 136 135 133 129 134 130 124 130 125 121 125 122 123 122 128 127 128 126 119 126 120 118 120 131 132 131 137 114 137 112 113 112 139 138 139 141 111 141 109 110 109 142 105 142 106 104 106 147 107 147 108 75 108 76 77 76 103 100 103 99 95 99 93 94 93 88 87 89 81 83 82 79 81 89 82 85 78 80 78 83 79 90 84 86 86 85 80 91 97 92 90 92 84 98 101 96 91 98 97 102 101 148 144 149 145 148 101 149 150 151 152 153 154 155 156 157 158 159 160 161 162 163 164 165 166 167 168 169 170 171 172 173 174 175 176 177 178 179 180 181 182 183 184 185 186 187 188 189 190 191 192 193 194 195 196 197 198 199 200 201 202 203 204 205 206 207 205 208 204 209 210 209 204 206 211 212 210 210 209 211 213 212 214 211 214 212 213 215 216 215 213 214 217 218 216 216 215 217 219 218 220 217 220 218 219 221 222 221 219 220 223 155 222 222 221 223 207 208 200 223 153 155 205 207 206 201 199 198 198 200 208 193 203 202 203 199 201 192 194 197 193 202 194 196 195 186 192 197 196 187 190 188 195 187 186 191 182 189 190 189 188 183 181 180 180 182 191 175 185 184 185 181 183 174 176 179 175 184 176 178 177 168 174 179 178 169 172 170 177 169 168 173 164 171 172 171 170 165 163 162 162 164 173 157 167 166 167 163 165 156 158 159 157 166 158 161 160 152 156 159 161 150 154 151 160 150 152 153 151 154 224 225 226 227 228 229 227 230 228 231 229 232 228 232 229 233 234 231 231 232 233 234 235 236 235 234 233 237 238 239 235 240 236 241 242 243 244 245 246 247 248 249 250 251 252 253 254 255 256 257 258 259 260 256 260 259 251 256 258 259 253 250 252 250 260 251 254 253 252 247 255 248 248 255 254 243 242 249 249 242 247 244 246 241 243 244 241 245 225 224 246 245 224 226 238 237 226 225 238 236 240 239 240 237 239 261 262 263 264 265 266 267 268 261 261 263 267 268 269 270 269 268 267 271 270 272 269 272 270 273 274 271 271 272 273 274 275 276 275 274 273 277 276 278 275 278 276 279 280 277 277 278 279 280 281 282 281 280 279 283 282 284 281 284 282 285 286 283 283 284 285 263 262 287 288 287 289 262 289 287 290 291 288 288 289 290 291 292 293 292 291 290 294 293 295 292 295 293 296 297 294 294 295 296 297 298 299 298 297 296 300 299 301 298 301 299 302 303 300 300 301 302 303 304 305 304 303 302 265 305 266 304 266 305 306 307 308 264 309 310 311 312 313 314 315 316 317 318 319 320 321 322 323 324 325 326 327 328 329 330 331 332 333 334 335 336 337 338 337 336 339 340 335 335 337 339 340 341 342 341 340 339 343 342 344 341 344 342 345 285 343 343 344 345 286 285 345 338 329 331 329 338 336 330 332 334 330 334 331 333 324 323 332 324 333 326 325 327 323 325 326 318 328 319 328 327 319 322 321 317 321 318 317 311 313 320 311 320 322 312 314 316 312 316 313 315 307 306 314 307 315 309 308 310 306 308 309 264 310 265 346 347 348 349 350 351 352 353 354 355 348 352 356 357 358 356 347 359 353 360 361 362 360 363 364 365 366 363 367 368 369 370 371 372 373 374 375 367 376 377 378 379 380 381 382 383 384 385 386 387 351 388 389 390 391 392 393 394 395 396 397 398 399 396 395 400 401 402 403 404 400 401 405 402 389 395 406 399 407 393 408 408 398 409 410 385 384 411 390 385 412 413 383 351 392 349 414 387 415 377 416 412 373 379 378 417 381 414 374 373 378 418 419 420 380 421 418 422 423 424 423 372 424 420 419 376 372 374 424 346 425 347 377 379 416 412 416 413 383 413 384 385 410 411 390 411 388 389 388 405 402 405 403 401 403 404 400 404 396 395 394 406 399 406 397 398 397 409 408 409 407 393 407 391 392 391 349 351 350 386 387 386 415 414 415 417 381 417 382 380 382 421 418 421 419 367 420 376 367 375 368 363 368 362 360 362 361 353 361 354 352 354 355 348 355 346 356 359 357 347 425 359 358 357 364 366 365 370 358 364 366 371 422 369 365 371 370 424 369 422 426 427 428 429 430 431 429 431 432 433 434 430 431 430 434 435 433 436 433 435 434 436 437 438 438 435 436 439 440 441 438 437 439 442 443 444 445 446 447 448 449 450 451 452 453 454 455 456 457 458 459 460 461 462 459 463 457 464 457 463 460 458 461 459 458 460 462 453 452 461 453 462 456 452 451 454 448 455 451 454 456 449 444 450 448 450 455 426 443 442 442 444 449 445 428 427 428 443 426 447 446 441 445 427 446 439 437 440 447 441 440 465 466 467 468 469 470 471 472 473 474 471 475 471 476 477 474 478 476 479 476 480 480 478 481 480 482 483 484 482 481 485 482 486 484 487 486 488 489 486 490 488 487 482 485 483 491 488 492 493 494 492 495 492 490 493 496 497 495 498 493 499 496 500 501 496 498 501 502 500 503 500 504 505 506 507 503 499 500 507 506 508 509 510 511 505 507 512 513 514 512 508 515 507 516 517 518 514 513 499 500 502 504 504 502 519 520 519 521 499 497 496 522 523 520 520 521 522 524 525 526 527 522 521 528 529 530 526 530 524 531 532 533 473 534 475 535 536 537 473 538 536 539 540 535 541 542 532 543 539 533 533 535 531 532 542 533 541 544 542 542 545 543 546 547 544 545 544 548 547 549 550 551 548 547 552 550 553 554 551 550 555 556 557 558 559 556 559 558 560 552 561 560 558 556 555 562 560 563 564 555 557 563 558 565 566 567 564 568 565 555 567 569 570 564 571 568 570 572 573 571 567 573 574 575 572 576 574 570 577 574 578 579 580 581 582 577 583 584 468 585 586 587 588 582 580 579 589 590 591 592 465 593 594 595 596 597 596 598 581 599 579 594 512 514 587 599 581 512 594 600 600 505 512 586 599 587 582 601 602 603 604 605 606 607 608 606 609 585 610 611 612 613 612 611 604 529 614 507 513 512 615 515 508 615 616 515 499 503 514 617 513 507 497 494 493 617 497 513 618 527 521 619 527 618 502 521 519 500 496 501 522 525 523 618 521 502 525 620 526 526 528 530 523 525 524 525 621 620 622 528 526 515 617 507 623 616 615 623 624 616 497 499 513 625 617 515 494 491 492 625 494 617 626 527 619 627 619 628 501 618 502 496 493 498 527 621 522 628 618 501 629 620 630 620 622 526 522 621 525 621 626 630 629 622 620 616 625 515 631 624 623 631 632 624 494 497 617 625 616 633 627 628 634 633 491 625 635 619 627 628 619 618 498 628 501 493 492 495 627 634 636 634 628 498 637 630 638 621 630 620 527 626 621 626 635 638 629 630 637 624 633 616 639 632 631 639 640 632 491 494 625 633 624 641 634 642 636 641 489 633 488 491 489 636 643 627 495 634 498 492 488 490 642 644 636 634 495 642 645 638 646 626 638 630 619 635 626 635 643 646 637 638 645 632 641 624 647 640 639 647 648 640 489 491 633 641 632 649 642 650 644 649 485 641 486 489 485 651 636 644 490 642 495 488 486 487 650 652 644 642 490 650 653 646 654 635 646 638 627 643 635 643 651 654 645 646 653 640 649 632 655 648 647 655 656 648 485 489 641 657 649 640 483 479 480 657 483 649 658 652 650 659 644 652 487 650 490 486 482 484 660 654 651 650 487 658 661 654 660 643 654 646 636 651 643 651 659 660 653 654 661 648 657 640 662 656 655 662 663 656 483 485 649 664 657 648 479 477 476 664 479 657 665 666 658 667 666 665 484 658 487 482 480 481 660 659 668 658 484 665 652 658 666 660 669 670 644 659 651 671 668 659 661 660 670 656 664 648 672 663 662 672 673 663 479 483 657 664 656 674 477 472 471 674 477 664 675 667 665 676 667 675 481 665 484 480 476 478 666 671 652 675 665 481 671 677 668 668 669 660 652 671 659 671 678 677 679 669 668 663 674 656 680 673 672 680 681 673 477 479 664 674 663 682 472 538 473 682 472 674 683 667 676 684 676 685 478 675 481 476 471 474 667 678 666 685 675 478 678 686 677 677 679 668 666 678 671 678 683 686 687 679 677 673 682 663 688 681 680 688 689 681 472 477 674 682 673 690 537 536 538 690 538 682 691 676 684 685 676 675 474 685 478 475 471 473 684 692 693 692 685 474 694 686 695 686 687 677 667 683 678 683 691 695 694 687 686 681 690 673 696 689 688 696 697 689 538 472 682 681 698 690 693 692 699 698 537 690 700 684 693 692 684 685 475 692 474 473 536 534 693 699 701 699 692 475 702 695 703 683 695 686 676 691 683 691 700 703 694 695 702 689 698 681 704 697 696 704 705 697 537 538 690 689 706 698 699 707 701 706 531 698 537 531 535 701 708 693 534 699 475 536 535 540 707 709 701 699 534 707 710 703 711 691 703 695 684 700 691 700 708 711 702 703 710 697 706 689 712 705 704 712 713 705 531 537 698 697 714 706 540 534 536 706 714 532 715 709 707 716 701 709 540 707 534 535 533 539 708 717 711 707 540 715 718 711 717 700 711 703 693 708 700 708 716 717 710 711 718 705 714 697 719 713 712 719 517 713 532 531 706 714 705 720 541 546 544 720 541 714 721 722 715 723 709 722 539 715 540 533 542 543 717 716 724 715 539 721 709 715 722 717 725 726 701 716 708 723 724 716 718 717 726 713 720 705 518 517 719 598 727 728 541 532 714 720 713 729 546 549 547 729 546 720 730 731 721 732 731 730 543 721 539 542 544 545 724 723 733 721 543 730 722 721 731 724 725 717 709 723 716 723 734 733 735 725 724 517 729 713 736 516 518 737 516 736 546 541 720 729 517 738 549 553 550 738 549 729 739 731 732 740 732 741 545 730 543 544 547 548 731 734 722 741 730 545 734 742 733 733 735 724 722 734 723 734 739 742 743 735 733 516 738 517 509 737 736 511 737 509 549 546 729 744 738 516 553 561 552 744 553 738 745 732 740 741 732 730 548 741 545 551 547 550 740 746 747 746 741 548 748 742 749 742 743 733 731 739 734 739 745 749 748 743 742 744 516 737 750 510 751 750 511 510 553 549 738 744 737 752 747 746 753 752 561 744 754 740 747 746 740 741 551 746 548 550 552 554 747 753 755 753 746 551 756 749 757 739 749 742 732 745 739 745 754 757 748 749 756 511 752 737 758 750 751 758 759 750 561 553 744 752 511 760 753 761 755 760 559 752 560 561 559 755 762 747 554 753 551 552 560 562 761 763 755 753 554 761 764 757 765 745 757 749 740 754 745 754 762 765 756 757 764 750 760 511 766 759 758 766 767 759 559 561 752 760 750 768 562 554 552 760 768 556 769 763 761 770 755 763 562 761 554 560 558 563 762 771 765 761 562 769 772 765 771 754 765 757 747 762 754 762 770 771 764 765 772 759 768 750 773 767 766 773 774 767 556 559 760 775 768 759 557 566 564 775 557 768 776 777 769 778 763 777 563 769 562 558 555 565 779 771 770 769 563 776 763 769 777 779 780 771 755 770 762 778 779 770 772 771 780 767 775 759 781 774 773 781 782 774 557 556 768 783 775 767 566 569 567 783 566 775 784 785 776 786 785 784 565 776 563 555 564 568 779 778 787 776 565 784 777 776 785 788 789 779 763 778 770 790 787 778 780 779 789 774 783 767 791 782 781 791 792 782 566 557 775 793 783 774 569 576 570 793 569 783 794 786 784 795 786 794 568 784 565 564 567 571 785 790 777 794 784 568 790 796 787 787 788 779 777 790 778 790 797 796 798 788 787 782 793 774 799 792 791 799 800 792 569 566 783 801 793 782 576 578 574 801 576 793 802 786 795 803 795 804 571 794 568 567 570 573 786 797 785 804 794 571 805 796 806 796 798 787 785 797 790 797 802 806 805 798 796 792 801 782 807 800 799 807 808 800 576 569 793 809 801 792 578 583 577 809 578 801 810 795 803 804 795 794 573 804 571 572 570 574 803 811 812 811 804 573 813 806 814 797 806 796 786 802 797 802 810 814 805 806 813 800 809 792 815 808 807 815 816 808 578 576 801 800 817 809 812 811 818 817 583 809 819 803 812 811 803 804 572 811 573 574 577 575 812 818 820 818 811 572 821 814 822 802 814 806 795 810 802 810 819 822 813 814 821 808 817 800 823 816 815 823 824 816 583 578 809 808 825 817 818 826 820 825 580 817 582 583 580 820 827 812 575 818 572 577 582 602 826 828 820 818 575 826 829 822 830 810 822 814 803 819 810 819 827 830 821 822 829 816 825 808 831 824 823 831 832 824 580 583 817 833 825 816 602 575 577 581 825 833 834 828 826 835 820 828 602 826 575 582 579 601 827 836 830 826 602 834 837 830 836 819 830 822 812 827 819 827 835 836 829 830 837 824 833 816 838 832 831 838 466 832 581 580 825 839 833 824 469 601 579 839 587 833 584 840 834 841 828 840 601 834 602 599 469 579 836 835 842 834 601 584 828 834 840 836 843 844 820 835 827 841 842 835 837 836 844 832 839 824 467 466 838 845 597 592 587 581 833 839 832 846 599 586 470 588 587 839 468 847 606 606 585 468 469 584 601 599 470 469 842 841 848 584 469 468 840 584 585 842 843 836 828 841 835 841 849 848 850 843 842 466 846 832 593 465 467 589 851 588 846 588 839 466 852 846 851 853 586 589 588 846 853 847 470 586 588 851 607 606 847 586 853 470 585 849 840 468 470 847 849 854 848 848 850 842 840 849 841 849 609 854 855 850 848 465 852 466 845 592 593 856 851 591 852 589 846 857 852 465 858 853 856 590 589 852 607 847 858 591 851 589 859 860 603 856 853 851 858 611 607 847 853 858 861 854 862 854 855 848 585 609 849 609 608 862 861 855 854 592 857 465 863 597 845 590 864 865 857 590 852 592 866 857 591 865 867 857 864 590 856 867 868 590 865 591 858 868 611 591 867 856 607 611 610 858 856 868 869 862 860 609 862 854 606 608 609 608 610 860 861 862 869 597 866 592 870 596 863 728 864 866 866 864 857 866 598 728 871 865 864 864 728 871 872 867 865 865 871 872 873 868 867 867 872 873 613 611 868 868 873 613 612 604 603 608 860 862 607 610 608 610 612 603 869 860 859 863 596 597 870 600 594 871 728 874 597 598 866 598 595 727 872 871 875 728 727 874 873 872 876 871 874 875 613 873 877 872 875 876 612 613 878 873 876 877 530 529 604 877 878 613 610 603 860 878 604 612 859 603 605 870 594 596 596 595 598 514 503 595 594 514 595 503 504 727 595 503 727 504 519 874 727 504 874 519 520 875 874 519 875 520 523 876 875 520 876 523 524 877 876 523 877 524 530 878 877 524 878 530 604 878 605 604 614</p>
        </triangles>
      </mesh>
    </geometry>
    <geometry id="ID41">
      <mesh>
        <source id="ID42">
          <float_array count="4536" id="ID43">-0.0522191 -0.0738706 0.01 -0.0519239 -0.0742261 0.01 -0.0495372 -0.0714195 0.01 0.053208 0.0713194 0.01 0.0531441 0.0717766 0.01 0.0496184 0.0709325 0.01 0.049598 0.0711794 0.01 0.0530384 0.072226 0.01 0.0528913 0.0726643 0.01 0.0524799 0.0734901 0.01 0.0522191 0.0738706 0.01 0.0527052 0.0730859 0.01 0.0519239 0.0742261 0.01 0.051597 0.0745528 0.01 0.0495372 0.0714195 0.01 0.0508605 0.0751087 0.01 0.0493021 0.0718538 0.01 0.0494376 0.0716464 0.01 0.0512423 0.0748473 0.01 0.0500347 0.0755197 0.01 0.0489389 0.0721882 0.01 0.0491344 0.072036 0.01 0.0504578 0.0753329 0.01 0.0486919 0.0758355 0.01 0.0484867 0.0723866 0.01 0.0491477 0.075772 0.01 0.048721 0.0723061 0.01 0.0495968 0.0756663 0.01 0.0482295 0.075857 0.01 0.0475159 0.0723061 0.01 0.0477502 0.0723866 0.01 0.0482423 0.0724273 0.01 0.0162611 -0.0161143 0.01 0.0161407 0.0162323 0.01 0.0161407 -0.0162451 0.01 0.0467992 0.0716464 0.01 0.0469347 0.0718538 0.01 -0.0495985 0.0756659 0.01 -0.0500368 0.0755189 0.01 -0.0490499 0.0721128 0.01 -0.0167454 -0.0158627 0.01 -0.0169208 0.0158206 0.01 -0.0169208 -0.0158335 0.01 -0.0494132 0.0699357 0.01 -0.0532295 0.070857 0.01 -0.0492454 0.0697534 0.01 -0.0490499 0.0696013 0.01 -0.0497295 0.070857 0.01 -0.049709 0.0706101 0.01 -0.0496482 0.07037 0.01 -0.0495487 0.0701431 0.01 -0.0531444 0.0717752 0.01 -0.0530388 0.0722243 0.01 -0.053208 0.0713194 0.01 -0.0527054 0.0730854 0.01 -0.0528921 0.0726623 0.01 -0.049709 0.0711039 0.01 -0.0524811 0.0734881 0.01 -0.0522198 0.0738699 0.01 -0.0496482 0.0713441 0.01 -0.0519252 0.0742246 0.01 -0.0494132 0.0717783 0.01 -0.0512431 0.0748467 0.01 -0.0495487 0.0715709 0.01 -0.0515986 0.0745515 0.01 -0.0492454 0.0719606 0.01 -0.0504583 0.0753327 0.01 -0.0508626 0.0751074 0.01 -0.051597 -0.0745528 0.01 -0.047298 -0.0721882 0.01 -0.0482295 -0.075857 0.01 -0.0471025 -0.072036 0.01 -0.0493021 -0.0718538 0.01 -0.0494376 -0.0716464 0.01 -0.0508605 -0.0751087 0.01 -0.0512423 -0.0748473 0.01 -0.0491344 -0.072036 0.01 -0.0504578 -0.0753329 0.01 -0.0500347 -0.0755197 0.01 -0.0495968 -0.0756663 0.01 -0.0491477 -0.075772 0.01 -0.048721 -0.0723061 0.01 -0.0489389 -0.0721882 0.01 -0.0484867 -0.0723866 0.01 -0.0482423 -0.0724273 0.01 -0.0486919 -0.0758355 0.01 -0.0475159 -0.0723061 0.01 -0.0477502 -0.0723866 0.01 -0.0479946 -0.0724273 0.01 -0.0467992 -0.0716464 0.01 -0.0466997 -0.0714195 0.01 -0.0469347 -0.0718538 0.01 0.047409 -0.0721128 0.01 0.0482295 -0.075857 0.01 0.0476269 -0.0722307 0.01 -0.0532295 -0.070857 0.01 -0.0180863 -0.0169064 0.01 -0.0180717 -0.0167292 0.01 0.0508626 -0.0751074 0.01 0.0492454 -0.0719606 0.01 0.0504583 -0.0753327 0.01 0.0467295 -0.070857 0.01 0.0165578 -0.0178924 0.01 0.0467499 -0.0711039 0.01 0.0494132 -0.0717783 0.01 0.0512431 -0.0748467 0.01 0.0495487 -0.0715709 0.01 0.0500368 -0.0755189 0.01 0.0490499 -0.0721128 0.01 0.0495985 -0.0756659 0.01 0.0515986 -0.0745515 0.01 0.0519252 -0.0742246 0.01 0.0522198 -0.0738699 0.01 0.0496482 -0.0713441 0.01 0.0524811 -0.0734881 0.01 0.049709 -0.0711039 0.01 0.0527054 -0.0730854 0.01 0.0528921 -0.0726623 0.01 0.0530388 -0.0722243 0.01 0.0497295 -0.070857 0.01 0.0531444 -0.0717752 0.01 0.053208 -0.0713194 0.01 0.0532295 -0.070857 0.01 0.0532295 0.070857 0.01 0.0180523 0.0167163 0.01 -0.049598 -0.0706856 0.01 -0.0495372 -0.0704454 0.01 -0.017274 0.0179373 0.01 -0.0170986 0.0179665 0.01 -0.0467499 0.0706101 0.01 0.048832 -0.0722307 0.01 -0.0165772 -0.0178924 0.01 -0.0167454 -0.0179502 0.01 -0.0466184 -0.0709325 0.01 -0.0466389 -0.0711794 0.01 -0.0170986 -0.0179794 0.01 -0.0466389 -0.0706856 0.01 -0.0169208 -0.0179794 0.01 -0.0467992 -0.0702185 0.01 -0.0174422 -0.0178924 0.01 -0.0175986 -0.0178078 0.01 -0.017274 -0.0179502 0.01 -0.0466997 -0.0704454 0.01 -0.0469347 -0.0700111 0.01 -0.0178593 -0.0175677 0.01 -0.0471025 -0.0698289 0.01 -0.0177389 -0.0176986 0.01 -0.049598 -0.0711794 0.01 -0.0524799 -0.0734901 0.01 -0.0179566 -0.0174189 0.01 -0.0475159 -0.0695588 0.01 -0.047298 -0.0696767 0.01 -0.0489389 -0.0696767 0.01 -0.0491344 -0.0698289 0.01 -0.0484867 -0.0694784 0.01 -0.0482423 -0.0694376 0.01 -0.0165772 0.0159076 0.01 -0.0165772 -0.0159205 0.01 -0.0164208 -0.0160051 0.01 -0.0170986 -0.0158335 0.01 -0.0170986 0.0158206 0.01 -0.0162805 0.0161014 0.01 -0.0164208 0.0159922 0.01 -0.0162805 -0.0161143 0.01 -0.01616 -0.0162451 0.01 -0.0478612 0.0694029 0.01 -0.0481056 0.0693621 0.01 -0.0180717 0.0170708 0.01 -0.0164208 0.0177949 0.01 -0.0162805 0.0176857 0.01 0.0162611 0.0176857 0.01 -0.0160628 -0.016394 0.01 0.015972 -0.0165569 0.01 0.0160434 -0.016394 0.01 -0.047409 0.0696013 0.01 -0.0179566 0.017406 0.01 -0.0472135 0.0697534 0.01 -0.0159477 0.0167163 0.01 -0.0159913 0.016544 0.01 0.015972 0.016544 0.01 -0.01616 -0.0175677 0.01 0.0162611 -0.0176986 0.01 0.0161407 -0.0175677 0.01 0.0160434 0.0163811 0.01 -0.0159913 -0.0165569 0.01 -0.0162805 -0.0176986 0.01 0.0164014 -0.0178078 0.01 0.0174228 -0.0178924 0.01 0.0468107 -0.07037 0.01 0.0469103 -0.0701431 0.01 -0.0160628 0.0163811 0.01 -0.0164208 -0.0178078 0.01 0.018067 0.0168936 0.01 0.0180523 0.0170708 0.01 0.0482423 0.0694376 0.01 0.0172546 -0.0158627 0.01 0.0174228 -0.0159205 0.01 0.0172546 0.0158498 0.01 0.0180523 -0.0167292 0.01 0.0180087 0.016544 0.01 0.0180087 -0.0165569 0.01 0.0164014 0.0159922 0.01 0.0165578 -0.0159205 0.01 0.0165578 0.0159076 0.01 0.047409 -0.0696013 0.01 0.0179372 -0.0174189 0.01 0.0472135 -0.0697534 0.01 0.0160434 -0.0174189 0.01 -0.0159913 -0.017256 0.01 -0.0160628 -0.0174189 0.01 0.0159283 0.0167163 0.01 -0.015933 0.0168936 0.01 0.0159137 0.0168936 0.01 0.0159283 0.0170708 0.01 -0.0159477 0.0170708 0.01 -0.01616 0.0162323 0.01 -0.0165772 0.0178795 0.01 0.0164014 0.0177949 0.01 0.0165578 0.0178795 0.01 -0.0159913 0.0172431 0.01 0.015972 0.0172431 0.01 -0.0160628 0.017406 0.01 -0.0469103 0.0701431 0.01 -0.0177389 0.0176857 0.01 -0.0175986 0.0177949 0.01 -0.0467499 0.0711039 0.01 0.0466997 0.0704454 0.01 0.0172546 0.0179373 0.01 0.0174228 0.0178795 0.01 -0.0467295 0.070857 0.01 0.0467992 0.0702185 0.01 0.0175792 0.0177949 0.01 0.0177195 0.0176857 0.01 -0.0469103 0.0715709 0.01 -0.0482295 0.075857 0.01 -0.0470457 0.0717783 0.01 0.047298 0.0696767 0.01 0.0179372 0.017406 0.01 0.0475159 0.0695588 0.01 0.01784 0.0175549 0.01 0.0471025 0.0698289 0.01 0.0469347 0.0700111 0.01 0.0479946 0.0694376 0.01 0.0477502 0.0694784 0.01 0.0484867 0.0694784 0.01 0.048721 0.0695588 0.01 0.0491344 0.0698289 0.01 0.0489389 0.0696767 0.01 0.049598 0.0706856 0.01 0.0495372 0.0704454 0.01 0.0466997 0.0714195 0.01 -0.018028 0.0172431 0.01 -0.0476269 0.0694834 0.01 -0.0483533 0.0693621 0.01 -0.0180863 0.0168936 0.01 -0.0485977 0.0694029 0.01 -0.048832 0.0694834 0.01 -0.0167454 0.0158498 0.01 -0.0180717 0.0167163 0.01 -0.018028 -0.0165569 0.01 -0.048832 0.0722307 0.01 -0.049149 0.0757716 0.01 -0.0485977 0.0723111 0.01 -0.0486919 0.0758355 0.01 -0.0483533 0.0723519 0.01 -0.0478612 0.0723111 0.01 -0.0481056 0.0723519 0.01 -0.047409 0.0721128 0.01 -0.0476269 0.0722307 0.01 -0.0472135 0.0719606 0.01 0.0466389 0.0711794 0.01 -0.0468107 0.0713441 0.01 -0.0468107 0.07037 0.01 0.0169014 0.0179665 0.01 0.0466389 0.0706856 0.01 0.0466184 0.0709325 0.01 -0.0180717 -0.0170837 0.01 -0.0477502 -0.0694784 0.01 -0.018028 -0.017256 0.01 0.0472135 -0.0719606 0.01 0.0470457 -0.0717783 0.01 0.0478612 -0.0723111 0.01 -0.0527052 -0.0730859 0.01 -0.0528913 -0.0726643 0.01 -0.0496184 -0.0709325 0.01 -0.0530384 -0.072226 0.01 -0.0531441 -0.0717766 0.01 -0.053208 -0.0713194 0.01 -0.048721 -0.0695588 0.01 -0.0493021 -0.0700111 0.01 -0.0494376 -0.0702185 0.01 -0.0479946 -0.0694376 0.01 0.01784 -0.0175677 0.01 0.0180087 -0.017256 0.01 0.0476269 -0.0694834 0.01 0.0485977 -0.0723111 0.01 0.049149 -0.0757716 0.01 0.0486919 -0.0758355 0.01 0.0483533 -0.0723519 0.01 0.0468107 -0.0713441 0.01 0.0481056 -0.0723519 0.01 0.0469103 -0.0715709 0.01 0.0470457 -0.0699357 0.01 0.0162611 0.0161014 0.01 0.016726 -0.0158627 0.01 0.0169014 -0.0158335 0.01 0.016726 0.0158498 0.01 0.0170792 -0.0158335 0.01 0.0170792 0.0158206 0.01 0.0169014 0.0158206 0.01 0.0478612 -0.0694029 0.01 0.0180523 -0.0170837 0.01 0.0481056 -0.0693621 0.01 0.0483533 -0.0693621 0.01 0.0174228 0.0159076 0.01 0.0175792 -0.0160051 0.01 0.0175792 0.0159922 0.01 0.0177195 -0.0161143 0.01 0.01784 -0.0162451 0.01 0.0177195 0.0161014 0.01 0.018067 -0.0169064 0.01 0.0179372 0.0163811 0.01 0.01784 0.0162323 0.01 0.0179372 -0.016394 0.01 0.0485977 -0.0694029 0.01 0.048832 -0.0694834 0.01 0.0492454 -0.0697534 0.01 0.0490499 -0.0696013 0.01 0.0495487 -0.0701431 0.01 0.0494132 -0.0699357 0.01 0.049709 -0.0706101 0.01 0.0496482 -0.07037 0.01 0.0180087 0.0172431 0.01 0.0493021 0.0700111 0.01 0.0494376 0.0702185 0.01 0.0170792 0.0179665 0.01 0.016726 0.0179373 0.01 0.0471025 0.072036 0.01 0.047298 0.0721882 0.01 0.0479946 0.0724273 0.01 0.0164014 -0.0160051 0.01 0.0177195 -0.0176986 0.01 0.0175792 -0.0178078 0.01 0.0172546 -0.0179502 0.01 0.0170792 -0.0179794 0.01 0.0467499 -0.0706101 0.01 0.0169014 -0.0179794 0.01 0.016726 -0.0179502 0.01 0.015972 -0.017256 0.01 -0.0159477 -0.0170837 0.01 -0.015933 -0.0169064 0.01 0.0159283 -0.0170837 0.01 0.0159137 -0.0169064 0.01 -0.0159477 -0.0167292 0.01 0.0159283 -0.0167292 0.01 0.0161407 0.0175549 0.01 -0.01616 0.0175549 0.01 0.0160434 0.017406 0.01 -0.017274 0.0158498 0.01 -0.017274 -0.0158627 0.01 -0.0174422 0.0159076 0.01 -0.0175986 0.0159922 0.01 -0.0174422 -0.0159205 0.01 -0.0177389 0.0161014 0.01 -0.0175986 -0.0160051 0.01 -0.0177389 -0.0161143 0.01 -0.0178593 0.0162323 0.01 -0.0179566 0.0163811 0.01 -0.0178593 -0.0162451 0.01 -0.018028 0.016544 0.01 -0.0179566 -0.016394 0.01 -0.0178593 0.0175549 0.01 -0.0470457 0.0699357 0.01 -0.0174422 0.0178795 0.01 -0.0169208 0.0179665 0.01 -0.0167454 0.0179373 0.01 -0.0532295 0.070857 0 -0.0180709 0.0167116 0 -0.0180709 -0.0167245 0 0.053208 -0.0713194 0 0.0497295 -0.070857 0 0.0532295 -0.070857 0 -0.0494132 0.0699357 0 -0.0492454 0.0697534 0 -0.0490499 0.0696013 0 -0.0497295 0.070857 0 -0.049709 0.0706101 0 -0.0496482 0.07037 0 -0.0495487 0.0701431 0 -0.0531441 0.0717766 0 -0.0530384 0.072226 0 -0.053208 0.0713194 0 -0.0527052 0.0730859 0 -0.049709 0.0711039 0 -0.0528913 0.0726643 0 -0.0524799 0.0734901 0 -0.0522191 0.0738706 0 -0.0519239 0.0742261 0 -0.0496482 0.0713441 0 -0.0494132 0.0717783 0 -0.0495487 0.0715709 0 -0.0512423 0.0748473 0 -0.0492454 0.0719606 0 -0.0508605 0.0751087 0 -0.0504578 0.0753329 0 -0.0469347 -0.0700111 0 -0.017721 -0.0177147 0 -0.0467992 -0.0702185 0 -0.0515986 -0.0745515 0 -0.0519252 -0.0742246 0 -0.0495372 -0.0714195 0 -0.0522198 -0.0738699 0 -0.0493021 -0.0718538 0 -0.0508626 -0.0751074 0 -0.0494376 -0.0716464 0 -0.0512431 -0.0748467 0 -0.0491344 -0.072036 0 -0.0500368 -0.0755189 0 -0.0504583 -0.0753327 0 -0.0495985 -0.0756659 0 -0.048721 -0.0723061 0 -0.049149 -0.0757716 0 -0.0489389 -0.0721882 0 -0.0484867 -0.0723866 0 -0.0482295 -0.075857 0 -0.0486919 -0.0758355 0 -0.0482423 -0.0724273 0 -0.0475159 -0.0723061 0 -0.0477502 -0.0723866 0 -0.0479946 -0.0724273 0 -0.0469347 -0.0718538 0 -0.0471025 -0.072036 0 -0.047298 -0.0721882 0 -0.0467992 -0.0716464 0 -0.0466997 -0.0714195 0 -0.0532295 -0.070857 0 -0.0180863 -0.0169064 0 0.0531441 -0.0717766 0 -0.0168729 0.0179615 0 -0.0467295 0.070857 0 -0.0166944 0.017923 0 0.0530384 -0.072226 0 0.049709 -0.0711039 0 0.0528913 -0.0726643 0 0.0527052 -0.0730859 0 0.0524799 -0.0734901 0 0.0496482 -0.0713441 0 0.0522191 -0.0738706 0 0.0519239 -0.0742261 0 0.051597 -0.0745528 0 0.0495487 -0.0715709 0 0.0494132 -0.0717783 0 0.0512423 -0.0748473 0 0.0492454 -0.0719606 0 0.0508605 -0.0751087 0 0.0504578 -0.0753329 0 -0.0162324 0.0161486 0 -0.0162324 -0.0161615 0 -0.0163694 0.0160279 0 0.0482423 0.0724273 0 0.0482295 0.075857 0 0.0486919 0.0758355 0 0.0531444 0.0717752 0 0.0496184 0.0709325 0 0.0530388 0.0722243 0 0.053208 0.0713194 0 0.0527054 0.0730854 0 0.0528921 0.0726623 0 0.049598 0.0711794 0 0.0495372 0.0714195 0 0.0522198 0.0738699 0 0.0524811 0.0734881 0 0.0494376 0.0716464 0 0.0512431 0.0748467 0 0.0515986 0.0745515 0 0.0519252 0.0742246 0 0.0493021 0.0718538 0 0.0491344 0.072036 0 0.0504583 0.0753327 0 0.0508626 0.0751074 0 0.0489389 0.0721882 0 0.048721 0.0723061 0 0.0495985 0.0756659 0 0.0500368 0.0755189 0 0.0475159 0.0723061 0 0.0477502 0.0723866 0 0.049149 0.0757716 0 0.0484867 0.0723866 0 -0.0179496 0.0174186 0 -0.0476269 0.0694834 0 -0.047409 0.0696013 0 0.0469347 0.0718538 0 0.0467992 0.0716464 0 0.0486919 -0.0758355 0 0.0483533 -0.0723519 0 0.0485977 -0.0723111 0 0.0532295 0.070857 0 0.048721 0.0695588 0 0.0489389 0.0696767 0 -0.0180248 0.0172522 0 -0.0180709 0.0170755 0 -0.0478612 0.0694029 0 -0.0180248 0.0165349 0 -0.0180248 -0.0165478 0 -0.0163694 -0.0160408 0 -0.016525 -0.0159451 0 -0.016525 0.0159322 0 -0.0166944 0.0158641 0 -0.0166944 -0.015877 0 -0.0168729 0.0158256 0 -0.0161176 0.0162906 0 -0.0161176 -0.0163035 0 -0.0159677 0.0171649 0 0.0159291 0.0170755 0 -0.0159369 0.0169849 0 -0.0472135 0.0697534 0 -0.0469103 0.0715709 0 -0.0470457 0.0717783 0 -0.0482295 0.075857 0 0.0159291 -0.0167245 0 -0.0159677 -0.0166351 0 0.0159752 -0.0165478 0 -0.016525 0.0178549 0 0.048832 -0.0694834 0 0.0180631 -0.0168151 0 0.0484867 0.0694784 0 0.0180631 0.0168022 0 0.047409 -0.0696013 0 0.0178824 -0.0175094 0 0.0179714 -0.0173499 0 0.0164258 -0.0178233 0 0.0165889 -0.0179055 0 0.0467499 -0.0711039 0 0.0159752 -0.0172651 0 -0.0159677 -0.0171777 0 0.0159291 -0.0170884 0 0.0467295 -0.070857 0 0.0490499 -0.0721128 0 0.0495968 -0.0756663 0 0.048832 -0.0722307 0 0.0468107 -0.07037 0 0.0467499 -0.0706101 0 0.0171271 -0.0179744 0 0.0482295 -0.075857 0 0.047409 -0.0721128 0 0.0476269 -0.0722307 0 0.0481056 -0.0723519 0 -0.0466184 -0.0709325 0 -0.0166944 -0.0179359 0 -0.016525 -0.0178678 0 -0.0466389 -0.0711794 0 -0.0168729 -0.0179744 0 -0.0466389 -0.0706856 0 -0.0170554 -0.0179821 0 -0.0174111 -0.0179055 0 -0.0466997 -0.0704454 0 -0.0172365 -0.017959 0 -0.0178474 -0.0175828 0 -0.0471025 -0.0698289 0 -0.049598 -0.0711794 0 -0.0524811 -0.0734881 0 -0.0179496 -0.0174315 0 -0.047298 -0.0696767 0 -0.0475159 -0.0695588 0 -0.0489389 -0.0696767 0 -0.0491344 -0.0698289 0 -0.0482423 -0.0694376 0 -0.0484867 -0.0694784 0 -0.0495372 -0.0704454 0 -0.049598 -0.0706856 0 -0.0500347 0.0755197 0 -0.0495968 0.0756663 0 -0.0490499 0.0721128 0 -0.0174111 0.0158945 0 -0.0172365 0.0158411 0 -0.0172365 -0.0158539 0 -0.0170554 -0.0158307 0 -0.0170554 0.0158179 0 -0.0168729 -0.0158385 0 -0.0175742 -0.0159896 0 -0.0175742 0.0159767 0 -0.0174111 -0.0159074 0 -0.0481056 0.0693621 0 -0.0180863 0.0168936 0 -0.0483533 0.0693621 0 -0.0485977 0.0694029 0 -0.0178474 0.0162172 0 -0.017721 0.0160853 0 -0.017721 -0.0160982 0 -0.048832 0.0694834 0 -0.0178474 -0.0162301 0 -0.0179496 -0.0163814 0 -0.0179496 0.0163685 0 -0.051597 0.0745528 0 -0.048832 0.0722307 0 -0.0491477 0.075772 0 -0.0486919 0.0758355 0 -0.0485977 0.0723111 0 -0.0483533 0.0723519 0 -0.0478612 0.0723111 0 -0.0481056 0.0723519 0 -0.047409 0.0721128 0 -0.0476269 0.0722307 0 -0.0472135 0.0719606 0 -0.0467499 0.0706101 0 -0.0172365 0.0179461 0 -0.0468107 0.07037 0 -0.0468107 0.0713441 0 -0.0160286 -0.016463 0 0.0161526 0.0162172 0 0.016279 0.0160853 0 0.016279 -0.0160982 0 -0.0180709 -0.0170884 0 -0.0180248 -0.0172651 0 -0.0477502 -0.0694784 0 0.0472135 -0.0719606 0 0.0470457 -0.0717783 0 0.0478612 -0.0723111 0 -0.0527054 -0.0730854 0 -0.0528921 -0.0726623 0 -0.0496184 -0.0709325 0 -0.0530388 -0.0722243 0 -0.0531444 -0.0717752 0 -0.053208 -0.0713194 0 -0.048721 -0.0695588 0 -0.0493021 -0.0700111 0 -0.0494376 -0.0702185 0 -0.0479946 -0.0694376 0 -0.0175742 -0.0178233 0 0.0169446 -0.0179821 0 0.0500347 -0.0755197 0 0.0469103 -0.0701431 0 0.0176306 -0.0177721 0 0.0470457 -0.0699357 0 0.0491477 -0.075772 0 0.0468107 -0.0713441 0 0.0469103 -0.0715709 0 -0.0161176 -0.0175094 0 -0.0160286 -0.0173499 0 0.0160504 -0.0174315 0 -0.0163694 -0.0177721 0 0.0180323 -0.0171777 0 0.0476269 -0.0694834 0 0.0478612 -0.0694029 0 0.0161526 -0.0175828 0 0.016279 -0.0177147 0 -0.0162324 -0.0176514 0 0.0178824 0.0162906 0 0.0178824 -0.0163035 0 0.0177676 0.0161486 0 0.0481056 -0.0693621 0 0.0483533 -0.0693621 0 0.0180631 -0.0169978 0 0.0485977 -0.0694029 0 0.0493021 0.0700111 0 0.0491344 0.0698289 0 0.0159137 -0.0169064 0 -0.0159369 -0.0169978 0 -0.0159369 -0.0168151 0 0.0495372 0.0704454 0 0.049598 0.0706856 0 0.0494376 0.0702185 0 0.0492454 -0.0697534 0 0.0490499 -0.0696013 0 0.0495487 -0.0701431 0 0.0494132 -0.0699357 0 0.049709 -0.0706101 0 0.0496482 -0.07037 0 -0.0160286 0.0164501 0 0.0180631 0.0169849 0 0.0466997 0.0714195 0 0.0466389 0.0711794 0 0.0466184 0.0709325 0 0.0165889 0.0178926 0 0.0167635 0.0179461 0 0.0164258 0.0178104 0 -0.0163694 0.0177592 0 0.0176306 0.0177592 0 0.017475 0.0178549 0 0.0467992 0.0702185 0 0.0177676 -0.0161615 0 -0.0170554 0.0179693 0 0.0176306 0.0160279 0 0.017475 0.0159322 0 0.0176306 -0.0160408 0 0.017475 -0.0159451 0 -0.0159677 0.0166223 0 0.0159291 0.0167116 0 0.0159752 0.0165349 0 0.0160504 -0.0163814 0 -0.0178474 0.0175699 0 -0.0470457 0.0699357 0 -0.017721 0.0177018 0 -0.0467499 0.0711039 0 0.0471025 0.072036 0 0.047298 0.0721882 0 0.0479946 0.0724273 0 -0.0159369 0.0168022 0 0.0159137 0.0168936 0 0.0171271 0.0158256 0 0.0173056 0.0158641 0 0.0173056 -0.015877 0 0.0179714 -0.016463 0 0.0179714 0.0164501 0 0.0180323 -0.0166351 0 0.0466389 0.0706856 0 0.0171271 0.0179615 0 0.0169446 0.0179693 0 0.0466997 0.0704454 0 0.0180323 0.0166223 0 0.0173056 0.017923 0 0.0469347 0.0700111 0 0.0177676 0.0176385 0 0.0472135 -0.0697534 0 0.0177676 -0.0176514 0 0.017475 -0.0178678 0 0.0173056 -0.0179359 0 0.0167635 -0.017959 0 -0.0469103 0.0701431 0 -0.0175742 0.0178104 0 -0.0174111 0.0178926 0 -0.0162324 0.0176385 0 0.016279 0.0177018 0 0.0161526 0.0175699 0 0.0160504 0.0174186 0 -0.0160286 0.017337 0 -0.0161176 0.0174965 0 0.0159752 0.0172522 0 0.0167635 -0.0158539 0 0.0165889 0.0158945 0 0.0167635 0.0158411 0 0.0169446 -0.0158307 0 0.0169446 0.0158179 0 0.0171271 -0.0158385 0 0.0164258 0.0159767 0 0.0165889 -0.0159074 0 0.0164258 -0.0159896 0 0.0160504 0.0163685 0 0.0161526 -0.0162301 0 0.0471025 0.0698289 0 0.0178824 0.0174965 0 0.047298 0.0696767 0 0.0179714 0.017337 0 0.0180323 0.0171649 0 0.0475159 0.0695588 0 0.0477502 0.0694784 0 0.0479946 0.0694376 0 0.0482423 0.0694376 0 0.0482295 -0.075857 0.01 -0.0482295 -0.075857 0 0.0482295 -0.075857 0 -0.0482295 -0.075857 0.01 0.0532295 0.070857 0 0.0532295 0.070857 0.01 0.0532295 -0.070857 0.01 0.0532295 -0.070857 0 0.0482295 0.075857 0.01 0.0482295 0.075857 0 -0.0482295 0.075857 0 -0.0482295 0.075857 0.01 -0.0481056 0.0693621 0 -0.0483533 0.0693621 0 -0.0483533 0.0693621 0.01 -0.0467295 0.070857 0.01 -0.0467499 0.0711039 0 -0.0467295 0.070857 0 -0.0485977 0.0694029 0 -0.0485977 0.0694029 0.01 -0.048832 0.0694834 0.01 -0.048832 0.0694834 0 -0.0490499 0.0696013 0 -0.0490499 0.0696013 0.01 -0.0492454 0.0697534 0 -0.0492454 0.0697534 0.01 -0.0494132 0.0699357 0.01 -0.0494132 0.0699357 0 -0.0495487 0.0701431 0 -0.0495487 0.0701431 0.01 -0.0496482 0.07037 0 -0.0496482 0.07037 0.01 -0.049709 0.0706101 0.01 -0.049709 0.0706101 0 -0.0497295 0.070857 0.01 -0.0497295 0.070857 0 -0.0481056 0.0693621 0.01 -0.0478612 0.0694029 0 -0.0478612 0.0694029 0.01 -0.0476269 0.0694834 0.01 -0.0476269 0.0694834 0 -0.047409 0.0696013 0.01 -0.047409 0.0696013 0 -0.0472135 0.0697534 0 -0.0472135 0.0697534 0.01 -0.0470457 0.0699357 0.01 -0.0470457 0.0699357 0 -0.0469103 0.0701431 0.01 -0.0469103 0.0701431 0 -0.0468107 0.07037 0 -0.0468107 0.07037 0.01 -0.0467499 0.0706101 0.01 -0.0467499 0.0706101 0 -0.0468107 0.0713441 0.01 -0.0468107 0.0713441 0 -0.0467499 0.0711039 0.01 -0.0472135 0.0719606 0.01 -0.0472135 0.0719606 0 -0.0470457 0.0717783 0.01 -0.0469103 0.0715709 0.01 -0.0470457 0.0717783 0 -0.0469103 0.0715709 0 -0.0476269 0.0722307 0.01 -0.0478612 0.0723111 0.01 -0.0478612 0.0723111 0 -0.047409 0.0721128 0 -0.047409 0.0721128 0.01 -0.0476269 0.0722307 0 -0.0485977 0.0723111 0 -0.0483533 0.0723519 0.01 -0.0485977 0.0723111 0.01 -0.0483533 0.0723519 0 -0.0481056 0.0723519 0 -0.0481056 0.0723519 0.01 -0.0492454 0.0719606 0.01 -0.0492454 0.0719606 0 -0.0490499 0.0721128 0.01 -0.048832 0.0722307 0.01 -0.0490499 0.0721128 0 -0.048832 0.0722307 0 -0.0495487 0.0715709 0 -0.0494132 0.0717783 0 -0.0494132 0.0717783 0.01 -0.0495487 0.0715709 0.01 -0.0496482 0.0713441 0 -0.0496482 0.0713441 0.01 -0.049709 0.0711039 0 -0.049709 0.0711039 0.01 -0.0479946 -0.0724273 0 -0.0482423 -0.0724273 0 -0.0482423 -0.0724273 0.01 -0.0466184 -0.0709325 0.01 -0.0466389 -0.0706856 0 -0.0466184 -0.0709325 0 -0.0484867 -0.0723866 0 -0.0484867 -0.0723866 0.01 -0.048721 -0.0723061 0.01 -0.048721 -0.0723061 0 -0.0489389 -0.0721882 0 -0.0489389 -0.0721882 0.01 -0.0491344 -0.072036 0 -0.0491344 -0.072036 0.01 -0.0493021 -0.0718538 0.01 -0.0493021 -0.0718538 0 -0.0494376 -0.0716464 0 -0.0494376 -0.0716464 0.01 -0.0495372 -0.0714195 0 -0.0495372 -0.0714195 0.01 -0.049598 -0.0711794 0.01 -0.049598 -0.0711794 0 -0.0496184 -0.0709325 0.01 -0.0496184 -0.0709325 0 -0.0479946 -0.0724273 0.01 -0.0477502 -0.0723866 0 -0.0477502 -0.0723866 0.01 -0.0475159 -0.0723061 0.01 -0.0475159 -0.0723061 0 -0.047298 -0.0721882 0.01 -0.047298 -0.0721882 0 -0.0471025 -0.072036 0 -0.0471025 -0.072036 0.01 -0.0469347 -0.0718538 0.01 -0.0469347 -0.0718538 0 -0.0467992 -0.0716464 0.01 -0.0467992 -0.0716464 0 -0.0466997 -0.0714195 0 -0.0466997 -0.0714195 0.01 -0.0466389 -0.0711794 0.01 -0.0466389 -0.0711794 0 -0.0466997 -0.0704454 0.01 -0.0466997 -0.0704454 0 -0.0466389 -0.0706856 0.01 -0.0471025 -0.0698289 0.01 -0.0471025 -0.0698289 0 -0.0469347 -0.0700111 0.01 -0.0467992 -0.0702185 0.01 -0.0469347 -0.0700111 0 -0.0467992 -0.0702185 0 -0.0475159 -0.0695588 0.01 -0.0477502 -0.0694784 0.01 -0.0477502 -0.0694784 0 -0.047298 -0.0696767 0 -0.047298 -0.0696767 0.01 -0.0475159 -0.0695588 0 -0.0484867 -0.0694784 0 -0.0482423 -0.0694376 0.01 -0.0484867 -0.0694784 0.01 -0.0482423 -0.0694376 0 -0.0479946 -0.0694376 0 -0.0479946 -0.0694376 0.01 -0.0491344 -0.0698289 0.01 -0.0491344 -0.0698289 0 -0.0489389 -0.0696767 0.01 -0.048721 -0.0695588 0.01 -0.0489389 -0.0696767 0 -0.048721 -0.0695588 0 -0.0494376 -0.0702185 0 -0.0493021 -0.0700111 0 -0.0493021 -0.0700111 0.01 -0.0494376 -0.0702185 0.01 -0.0495372 -0.0704454 0 -0.0495372 -0.0704454 0.01 -0.049598 -0.0706856 0 -0.049598 -0.0706856 0.01 0.0483533 -0.0723519 0 0.0481056 -0.0723519 0 0.0481056 -0.0723519 0.01 0.0497295 -0.070857 0.01 0.049709 -0.0706101 0 0.0497295 -0.070857 0 0.0478612 -0.0723111 0 0.0478612 -0.0723111 0.01 0.0476269 -0.0722307 0.01 0.0476269 -0.0722307 0 0.047409 -0.0721128 0 0.047409 -0.0721128 0.01 0.0472135 -0.0719606 0 0.0472135 -0.0719606 0.01 0.0470457 -0.0717783 0.01 0.0470457 -0.0717783 0 0.0469103 -0.0715709 0 0.0469103 -0.0715709 0.01 0.0468107 -0.0713441 0 0.0468107 -0.0713441 0.01 0.0467499 -0.0711039 0.01 0.0467499 -0.0711039 0 0.0467295 -0.070857 0.01 0.0467295 -0.070857 0 0.0483533 -0.0723519 0.01 0.0485977 -0.0723111 0 0.0485977 -0.0723111 0.01 0.048832 -0.0722307 0.01 0.048832 -0.0722307 0 0.0490499 -0.0721128 0.01 0.0490499 -0.0721128 0 0.0492454 -0.0719606 0 0.0492454 -0.0719606 0.01 0.0494132 -0.0717783 0.01 0.0494132 -0.0717783 0 0.0495487 -0.0715709 0.01 0.0495487 -0.0715709 0 0.0496482 -0.0713441 0 0.0496482 -0.0713441 0.01 0.049709 -0.0711039 0.01 0.049709 -0.0711039 0 0.0496482 -0.07037 0.01 0.0496482 -0.07037 0 0.049709 -0.0706101 0.01 0.0492454 -0.0697534 0.01 0.0492454 -0.0697534 0 0.0494132 -0.0699357 0.01 0.0495487 -0.0701431 0.01 0.0494132 -0.0699357 0 0.0495487 -0.0701431 0 0.048832 -0.0694834 0.01 0.0485977 -0.0694029 0.01 0.0485977 -0.0694029 0 0.0490499 -0.0696013 0 0.0490499 -0.0696013 0.01 0.048832 -0.0694834 0 0.0478612 -0.0694029 0 0.0481056 -0.0693621 0.01 0.0478612 -0.0694029 0.01 0.0481056 -0.0693621 0 0.0483533 -0.0693621 0 0.0483533 -0.0693621 0.01 0.0472135 -0.0697534 0.01 0.0472135 -0.0697534 0 0.047409 -0.0696013 0.01 0.0476269 -0.0694834 0.01 0.047409 -0.0696013 0 0.0476269 -0.0694834 0 0.0469103 -0.0701431 0 0.0470457 -0.0699357 0 0.0470457 -0.0699357 0.01 0.0469103 -0.0701431 0.01 0.0468107 -0.07037 0 0.0468107 -0.07037 0.01 0.0467499 -0.0706101 0 0.0467499 -0.0706101 0.01 0.0482423 0.0694376 0 0.0479946 0.0694376 0 0.0479946 0.0694376 0.01 0.0496184 0.0709325 0.01 0.049598 0.0711794 0 0.0496184 0.0709325 0 0.0477502 0.0694784 0 0.0477502 0.0694784 0.01 0.0475159 0.0695588 0.01 0.0475159 0.0695588 0 0.047298 0.0696767 0 0.047298 0.0696767 0.01 0.0471025 0.0698289 0 0.0471025 0.0698289 0.01 0.0469347 0.0700111 0.01 0.0469347 0.0700111 0 0.0467992 0.0702185 0 0.0467992 0.0702185 0.01 0.0466997 0.0704454 0 0.0466997 0.0704454 0.01 0.0466389 0.0706856 0.01 0.0466389 0.0706856 0 0.0466184 0.0709325 0.01 0.0466184 0.0709325 0 0.0482423 0.0694376 0.01 0.0484867 0.0694784 0 0.0484867 0.0694784 0.01 0.048721 0.0695588 0.01 0.048721 0.0695588 0 0.0489389 0.0696767 0.01 0.0489389 0.0696767 0 0.0491344 0.0698289 0 0.0491344 0.0698289 0.01 0.0493021 0.0700111 0.01 0.0493021 0.0700111 0 0.0494376 0.0702185 0.01 0.0494376 0.0702185 0 0.0495372 0.0704454 0 0.0495372 0.0704454 0.01 0.049598 0.0706856 0.01 0.049598 0.0706856 0 0.0495372 0.0714195 0.01 0.0495372 0.0714195 0 0.049598 0.0711794 0.01 0.0491344 0.072036 0.01 0.0491344 0.072036 0 0.0493021 0.0718538 0.01 0.0494376 0.0716464 0.01 0.0493021 0.0718538 0 0.0494376 0.0716464 0 0.048721 0.0723061 0.01 0.0484867 0.0723866 0.01 0.0484867 0.0723866 0 0.0489389 0.0721882 0 0.0489389 0.0721882 0.01 0.048721 0.0723061 0 0.0477502 0.0723866 0 0.0479946 0.0724273 0.01 0.0477502 0.0723866 0.01 0.0479946 0.0724273 0 0.0482423 0.0724273 0 0.0482423 0.0724273 0.01 0.0471025 0.072036 0.01 0.0471025 0.072036 0 0.047298 0.0721882 0.01 0.0475159 0.0723061 0.01 0.047298 0.0721882 0 0.0475159 0.0723061 0 0.0467992 0.0716464 0 0.0469347 0.0718538 0 0.0469347 0.0718538 0.01 0.0467992 0.0716464 0.01 0.0466997 0.0714195 0 0.0466997 0.0714195 0.01 0.0466389 0.0711794 0 0.0466389 0.0711794 0.01 -0.0532295 -0.070857 0.01 -0.0532295 0.070857 0.01 -0.0532295 0.070857 0 -0.0532295 -0.070857 0 0.0169446 -0.0179821 0 0.0169014 -0.0179794 0.01 0.0170792 -0.0179794 0.01 0.0180631 -0.0168151 0 0.0180631 -0.0169978 0 0.018067 -0.0169064 0.01 0.016726 -0.0179502 0.01 0.0167635 -0.017959 0 0.0165889 -0.0179055 0 0.0165578 -0.0178924 0.01 0.0164258 -0.0178233 0 0.0164014 -0.0178078 0.01 0.0162611 -0.0176986 0.01 0.016279 -0.0177147 0 0.0161526 -0.0175828 0 0.0161407 -0.0175677 0.01 0.0160504 -0.0174315 0 0.0160434 -0.0174189 0.01 0.015972 -0.017256 0.01 0.0159752 -0.0172651 0 0.0159291 -0.0170884 0 0.0159283 -0.0170837 0.01 0.0159137 -0.0169064 0 0.0159137 -0.0169064 0.01 0.0171271 -0.0179744 0 0.0172546 -0.0179502 0.01 0.0173056 -0.0179359 0 0.0174228 -0.0178924 0.01 0.017475 -0.0178678 0 0.0176306 -0.0177721 0 0.0175792 -0.0178078 0.01 0.0177195 -0.0176986 0.01 0.0177676 -0.0176514 0 0.01784 -0.0175677 0.01 0.0178824 -0.0175094 0 0.0179714 -0.0173499 0 0.0179372 -0.0174189 0.01 0.0180087 -0.017256 0.01 0.0180323 -0.0171777 0 0.0180523 -0.0170837 0.01 0.0178824 -0.0163035 0 0.0179714 -0.016463 0 0.0179372 -0.016394 0.01 0.0180323 -0.0166351 0 0.0180523 -0.0167292 0.01 0.0180087 -0.0165569 0.01 0.0175792 -0.0160051 0.01 0.017475 -0.0159451 0 0.0176306 -0.0160408 0 0.01784 -0.0162451 0.01 0.0177195 -0.0161143 0.01 0.0177676 -0.0161615 0 0.0171271 -0.0158385 0 0.0170792 -0.0158335 0.01 0.0169446 -0.0158307 0 0.0173056 -0.015877 0 0.0174228 -0.0159205 0.01 0.0172546 -0.0158627 0.01 0.0164258 -0.0159896 0 0.0165889 -0.0159074 0 0.0165578 -0.0159205 0.01 0.016726 -0.0158627 0.01 0.0167635 -0.0158539 0 0.0169014 -0.0158335 0.01 0.0161407 -0.0162451 0.01 0.0161526 -0.0162301 0 0.0162611 -0.0161143 0.01 0.0164014 -0.0160051 0.01 0.016279 -0.0160982 0 0.0160504 -0.0163814 0 0.0160434 -0.016394 0.01 0.015972 -0.0165569 0.01 0.0159752 -0.0165478 0 0.0159283 -0.0167292 0.01 0.0159291 -0.0167245 0 -0.0170554 0.0158179 0 -0.0170986 0.0158206 0.01 -0.0169208 0.0158206 0.01 -0.0159369 0.0169849 0 -0.0159369 0.0168022 0 -0.015933 0.0168936 0.01 -0.017274 0.0158498 0.01 -0.0172365 0.0158411 0 -0.0174111 0.0158945 0 -0.0174422 0.0159076 0.01 -0.0175742 0.0159767 0 -0.0175986 0.0159922 0.01 -0.0177389 0.0161014 0.01 -0.017721 0.0160853 0 -0.0178474 0.0162172 0 -0.0178593 0.0162323 0.01 -0.0179496 0.0163685 0 -0.0179566 0.0163811 0.01 -0.018028 0.016544 0.01 -0.0180248 0.0165349 0 -0.0180709 0.0167116 0 -0.0180717 0.0167163 0.01 -0.0180863 0.0168936 0 -0.0180863 0.0168936 0.01 -0.0168729 0.0158256 0 -0.0167454 0.0158498 0.01 -0.0166944 0.0158641 0 -0.0165772 0.0159076 0.01 -0.016525 0.0159322 0 -0.0163694 0.0160279 0 -0.0164208 0.0159922 0.01 -0.0162805 0.0161014 0.01 -0.0162324 0.0161486 0 -0.01616 0.0162323 0.01 -0.0161176 0.0162906 0 -0.0160286 0.0164501 0 -0.0160628 0.0163811 0.01 -0.0159913 0.016544 0.01 -0.0159677 0.0166223 0 -0.0159477 0.0167163 0.01 -0.0161176 0.0174965 0 -0.0160286 0.017337 0 -0.0160628 0.017406 0.01 -0.0159677 0.0171649 0 -0.0159477 0.0170708 0.01 -0.0159913 0.0172431 0.01 -0.0164208 0.0177949 0.01 -0.016525 0.0178549 0 -0.0163694 0.0177592 0 -0.01616 0.0175549 0.01 -0.0162805 0.0176857 0.01 -0.0162324 0.0176385 0 -0.0168729 0.0179615 0 -0.0169208 0.0179665 0.01 -0.0170554 0.0179693 0 -0.0166944 0.017923 0 -0.0165772 0.0178795 0.01 -0.0167454 0.0179373 0.01 -0.0175742 0.0178104 0 -0.0174111 0.0178926 0 -0.0174422 0.0178795 0.01 -0.017274 0.0179373 0.01 -0.0172365 0.0179461 0 -0.0170986 0.0179665 0.01 -0.0178593 0.0175549 0.01 -0.0178474 0.0175699 0 -0.0177389 0.0176857 0.01 -0.0175986 0.0177949 0.01 -0.017721 0.0177018 0 -0.0179496 0.0174186 0 -0.0179566 0.017406 0.01 -0.018028 0.0172431 0.01 -0.0180248 0.0172522 0 -0.0180717 0.0170708 0.01 -0.0180709 0.0170755 0 0.0169446 0.0158179 0 0.0169014 0.0158206 0.01 0.0170792 0.0158206 0.01 0.0180631 0.0169849 0 0.0180631 0.0168022 0 0.018067 0.0168936 0.01 0.016726 0.0158498 0.01 0.0167635 0.0158411 0 0.0165889 0.0158945 0 0.0165578 0.0159076 0.01 0.0164258 0.0159767 0 0.0164014 0.0159922 0.01 0.0162611 0.0161014 0.01 0.016279 0.0160853 0 0.0161526 0.0162172 0 0.0161407 0.0162323 0.01 0.0160504 0.0163685 0 0.0160434 0.0163811 0.01 0.015972 0.016544 0.01 0.0159752 0.0165349 0 0.0159291 0.0167116 0 0.0159283 0.0167163 0.01 0.0159137 0.0168936 0 0.0159137 0.0168936 0.01 0.0171271 0.0158256 0 0.0172546 0.0158498 0.01 0.0173056 0.0158641 0 0.0174228 0.0159076 0.01 0.017475 0.0159322 0 0.0176306 0.0160279 0 0.0175792 0.0159922 0.01 0.0177195 0.0161014 0.01 0.0177676 0.0161486 0 0.01784 0.0162323 0.01 0.0178824 0.0162906 0 0.0179714 0.0164501 0 0.0179372 0.0163811 0.01 0.0180087 0.016544 0.01 0.0180323 0.0166223 0 0.0180523 0.0167163 0.01 0.0178824 0.0174965 0 0.0179714 0.017337 0 0.0179372 0.017406 0.01 0.0180323 0.0171649 0 0.0180523 0.0170708 0.01 0.0180087 0.0172431 0.01 0.0175792 0.0177949 0.01 0.017475 0.0178549 0 0.0176306 0.0177592 0 0.01784 0.0175549 0.01 0.0177195 0.0176857 0.01 0.0177676 0.0176385 0 0.0171271 0.0179615 0 0.0170792 0.0179665 0.01 0.0169446 0.0179693 0 0.0173056 0.017923 0 0.0174228 0.0178795 0.01 0.0172546 0.0179373 0.01 0.0164258 0.0178104 0 0.0165889 0.0178926 0 0.0165578 0.0178795 0.01 0.016726 0.0179373 0.01 0.0167635 0.0179461 0 0.0169014 0.0179665 0.01 0.0161407 0.0175549 0.01 0.0161526 0.0175699 0 0.0162611 0.0176857 0.01 0.0164014 0.0177949 0.01 0.016279 0.0177018 0 0.0160504 0.0174186 0 0.0160434 0.017406 0.01 0.015972 0.0172431 0.01 0.0159752 0.0172522 0 0.0159283 0.0170708 0.01 0.0159291 0.0170755 0 -0.0170554 -0.0179821 0 -0.0170986 -0.0179794 0.01 -0.0169208 -0.0179794 0.01 -0.0159369 -0.0168151 0 -0.0159369 -0.0169978 0 -0.015933 -0.0169064 0.01 -0.017274 -0.0179502 0.01 -0.0172365 -0.017959 0 -0.0174111 -0.0179055 0 -0.0174422 -0.0178924 0.01 -0.0175742 -0.0178233 0 -0.0175986 -0.0178078 0.01 -0.0177389 -0.0176986 0.01 -0.017721 -0.0177147 0 -0.0178474 -0.0175828 0 -0.0178593 -0.0175677 0.01 -0.0179496 -0.0174315 0 -0.0179566 -0.0174189 0.01 -0.018028 -0.017256 0.01 -0.0180248 -0.0172651 0 -0.0180709 -0.0170884 0 -0.0180717 -0.0170837 0.01 -0.0180863 -0.0169064 0 -0.0180863 -0.0169064 0.01 -0.0168729 -0.0179744 0 -0.0167454 -0.0179502 0.01 -0.0166944 -0.0179359 0 -0.0165772 -0.0178924 0.01 -0.016525 -0.0178678 0 -0.0163694 -0.0177721 0 -0.0164208 -0.0178078 0.01 -0.0162805 -0.0176986 0.01 -0.0162324 -0.0176514 0 -0.01616 -0.0175677 0.01 -0.0161176 -0.0175094 0 -0.0160286 -0.0173499 0 -0.0160628 -0.0174189 0.01 -0.0159913 -0.017256 0.01 -0.0159677 -0.0171777 0 -0.0159477 -0.0170837 0.01 -0.0161176 -0.0163035 0 -0.0160286 -0.016463 0 -0.0160628 -0.016394 0.01 -0.0159677 -0.0166351 0 -0.0159477 -0.0167292 0.01 -0.0159913 -0.0165569 0.01 -0.0164208 -0.0160051 0.01 -0.016525 -0.0159451 0 -0.0163694 -0.0160408 0 -0.01616 -0.0162451 0.01 -0.0162805 -0.0161143 0.01 -0.0162324 -0.0161615 0 -0.0168729 -0.0158385 0 -0.0169208 -0.0158335 0.01 -0.0170554 -0.0158307 0 -0.0166944 -0.015877 0 -0.0165772 -0.0159205 0.01 -0.0167454 -0.0158627 0.01 -0.0175742 -0.0159896 0 -0.0174111 -0.0159074 0 -0.0174422 -0.0159205 0.01 -0.017274 -0.0158627 0.01 -0.0172365 -0.0158539 0 -0.0170986 -0.0158335 0.01 -0.0178593 -0.0162451 0.01 -0.0178474 -0.0162301 0 -0.0177389 -0.0161143 0.01 -0.0175986 -0.0160051 0.01 -0.017721 -0.0160982 0 -0.0179496 -0.0163814 0 -0.0179566 -0.016394 0.01 -0.018028 -0.0165569 0.01 -0.0180248 -0.0165478 0 -0.0180717 -0.0167292 0.01 -0.0180709 -0.0167245 0 0.0519252 0.0742246 0 0.0515986 0.0745515 0 0.0519239 0.0742261 0.01 0.0522191 0.0738706 0.01 0.0522198 0.0738699 0 0.0524799 0.0734901 0.01 0.0524811 0.0734881 0 0.0527054 0.0730854 0 0.0527052 0.0730859 0.01 0.0528913 0.0726643 0.01 0.0528921 0.0726623 0 0.0530384 0.072226 0.01 0.0530388 0.0722243 0 0.0531444 0.0717752 0 0.0531441 0.0717766 0.01 0.053208 0.0713194 0.01 0.053208 0.0713194 0 0.0532295 0.070857 0.01 0.0532295 0.070857 0 0.051597 0.0745528 0.01 0.0512431 0.0748467 0 0.0512423 0.0748473 0.01 0.0508605 0.0751087 0.01 0.0508626 0.0751074 0 0.0504583 0.0753327 0 0.0504578 0.0753329 0.01 0.0500368 0.0755189 0 0.0500347 0.0755197 0.01 0.0495968 0.0756663 0.01 0.0495985 0.0756659 0 0.049149 0.0757716 0 0.0491477 0.075772 0.01 0.0486919 0.0758355 0 0.0486919 0.0758355 0.01 0.0482295 0.075857 0 0.0482295 0.075857 0.01 -0.0519239 0.0742261 0 -0.0515986 0.0745515 0.01 -0.051597 0.0745528 0 -0.0512423 0.0748473 0 -0.0512431 0.0748467 0.01 -0.0508626 0.0751074 0.01 -0.0508605 0.0751087 0 -0.0504583 0.0753327 0.01 -0.0504578 0.0753329 0 -0.0500347 0.0755197 0 -0.0500368 0.0755189 0.01 -0.0495985 0.0756659 0.01 -0.0495968 0.0756663 0 -0.049149 0.0757716 0.01 -0.0491477 0.075772 0 -0.0486919 0.0758355 0 -0.0486919 0.0758355 0.01 -0.0482295 0.075857 0.01 -0.0482295 0.075857 0 -0.0519252 0.0742246 0.01 -0.0522191 0.0738706 0 -0.0522198 0.0738699 0.01 -0.0524811 0.0734881 0.01 -0.0524799 0.0734901 0 -0.0527052 0.0730859 0 -0.0527054 0.0730854 0.01 -0.0528913 0.0726643 0 -0.0528921 0.0726623 0.01 -0.0530388 0.0722243 0.01 -0.0530384 0.072226 0 -0.0531441 0.0717766 0 -0.0531444 0.0717752 0.01 -0.053208 0.0713194 0 -0.053208 0.0713194 0.01 -0.0532295 0.070857 0 -0.0532295 0.070857 0.01 -0.0519252 -0.0742246 0 -0.0515986 -0.0745515 0 -0.0519239 -0.0742261 0.01 -0.0522191 -0.0738706 0.01 -0.0522198 -0.0738699 0 -0.0524799 -0.0734901 0.01 -0.0524811 -0.0734881 0 -0.0527054 -0.0730854 0 -0.0527052 -0.0730859 0.01 -0.0528913 -0.0726643 0.01 -0.0528921 -0.0726623 0 -0.0530384 -0.072226 0.01 -0.0530388 -0.0722243 0 -0.0531444 -0.0717752 0 -0.0531441 -0.0717766 0.01 -0.053208 -0.0713194 0.01 -0.053208 -0.0713194 0 -0.0532295 -0.070857 0.01 -0.0532295 -0.070857 0 -0.051597 -0.0745528 0.01 -0.0512431 -0.0748467 0 -0.0512423 -0.0748473 0.01 -0.0508605 -0.0751087 0.01 -0.0508626 -0.0751074 0 -0.0504583 -0.0753327 0 -0.0504578 -0.0753329 0.01 -0.0500368 -0.0755189 0 -0.0500347 -0.0755197 0.01 -0.0495968 -0.0756663 0.01 -0.0495985 -0.0756659 0 -0.049149 -0.0757716 0 -0.0491477 -0.075772 0.01 -0.0486919 -0.0758355 0 -0.0486919 -0.0758355 0.01 -0.0482295 -0.075857 0 -0.0482295 -0.075857 0.01 0.0519239 -0.0742261 0 0.0515986 -0.0745515 0.01 0.051597 -0.0745528 0 0.0512423 -0.0748473 0 0.0512431 -0.0748467 0.01 0.0508626 -0.0751074 0.01 0.0508605 -0.0751087 0 0.0504583 -0.0753327 0.01 0.0504578 -0.0753329 0 0.0500347 -0.0755197 0 0.0500368 -0.0755189 0.01 0.0495985 -0.0756659 0.01 0.0495968 -0.0756663 0 0.049149 -0.0757716 0.01 0.0491477 -0.075772 0 0.0486919 -0.0758355 0 0.0486919 -0.0758355 0.01 0.0482295 -0.075857 0.01 0.0482295 -0.075857 0 0.0519252 -0.0742246 0.01 0.0522191 -0.0738706 0 0.0522198 -0.0738699 0.01 0.0524811 -0.0734881 0.01 0.0524799 -0.0734901 0 0.0527052 -0.0730859 0 0.0527054 -0.0730854 0.01 0.0528913 -0.0726643 0 0.0528921 -0.0726623 0.01 0.0530388 -0.0722243 0.01 0.0530384 -0.072226 0 0.0531441 -0.0717766 0 0.0531444 -0.0717752 0.01 0.053208 -0.0713194 0 0.053208 -0.0713194 0.01 0.0532295 -0.070857 0 0.0532295 -0.070857 0.01</float_array>
          <technique_common>
            <accessor count="1512" source="#ID43" stride="3">
              <param name="X" type="float"/>
              <param name="Y" type="float"/>
              <param name="Z" type="float"/>
            </accessor>
          </technique_common>
        </source>
        <source id="ID44">
          <float_array count="4536" id="ID45">0 0 1 0 0 1 0 0 1 0 0 1 0 0 1 0 0 1 0 0 1 0 0 1 0 0 1 0 0 1 0 0 1 0 0 1 0 0 1 0 0 1 0 0 1 0 0 1 0 0 1 0 0 1 0 0 1 0 0 1 0 0 1 0 0 1 0 0 1 0 0 1 0 0 1 0 0 1 0 0 1 0 0 1 0 0 1 0 0 1 0 0 1 0 0 1 0 0 1 0 0 1 0 0 1 0 0 1 0 0 1 0 0 1 0 0 1 0 0 1 0 0 1 0 0 1 0 0 1 0 0 1 0 0 1 0 0 1 0 0 1 0 0 1 0 0 1 0 0 1 0 0 1 0 0 1 0 0 1 0 0 1 0 0 1 0 0 1 0 0 1 0 0 1 0 0 1 0 0 1 0 0 1 0 0 1 0 0 1 0 0 1 0 0 1 0 0 1 0 0 1 0 0 1 0 0 1 0 0 1 0 0 1 0 0 1 0 0 1 0 0 1 0 0 1 0 0 1 0 0 1 0 0 1 0 0 1 0 0 1 0 0 1 0 0 1 0 0 1 0 0 1 0 0 1 0 0 1 0 0 1 0 0 1 0 0 1 0 0 1 0 0 1 0 0 1 0 0 1 0 0 1 0 0 1 0 0 1 0 0 1 0 0 1 0 0 1 0 0 1 0 0 1 0 0 1 0 0 1 0 0 1 0 0 1 0 0 1 0 0 1 0 0 1 0 0 1 0 0 1 0 0 1 0 0 1 0 0 1 0 0 1 0 0 1 0 0 1 0 0 1 0 0 1 0 0 1 0 0 1 0 0 1 0 0 1 0 0 1 0 0 1 0 0 1 0 0 1 0 0 1 0 0 1 0 0 1 0 0 1 0 0 1 0 0 1 0 0 1 0 0 1 0 0 1 0 0 1 0 0 1 0 0 1 0 0 1 0 0 1 0 0 1 0 0 1 0 0 1 0 0 1 0 0 1 0 0 1 0 0 1 0 0 1 0 0 1 0 0 1 0 0 1 0 0 1 0 0 1 0 0 1 0 0 1 0 0 1 0 0 1 0 0 1 0 0 1 0 0 1 0 0 1 0 0 1 0 0 1 0 0 1 0 0 1 0 0 1 0 0 1 0 0 1 0 0 1 0 0 1 0 0 1 0 0 1 0 0 1 0 0 1 0 0 1 0 0 1 0 0 1 0 0 1 0 0 1 0 0 1 0 0 1 0 0 1 0 0 1 0 0 1 0 0 1 0 0 1 0 0 1 0 0 1 0 0 1 0 0 1 0 0 1 0 0 1 0 0 1 0 0 1 0 0 1 0 0 1 0 0 1 0 0 1 0 0 1 0 0 1 0 0 1 0 0 1 0 0 1 0 0 1 0 0 1 0 0 1 0 0 1 0 0 1 0 0 1 0 0 1 0 0 1 0 0 1 0 0 1 0 0 1 0 0 1 0 0 1 0 0 1 0 0 1 0 0 1 0 0 1 0 0 1 0 0 1 0 0 1 0 0 1 0 0 1 0 0 1 0 0 1 0 0 1 0 0 1 0 0 1 0 0 1 0 0 1 0 0 1 0 0 1 0 0 1 0 0 1 0 0 1 0 0 1 0 0 1 0 0 1 0 0 1 0 0 1 0 0 1 0 0 1 0 0 1 0 0 1 0 0 1 0 0 1 0 0 1 0 0 1 0 0 1 0 0 1 0 0 1 0 0 1 0 0 1 0 0 1 0 0 1 0 0 1 0 0 1 0 0 1 0 0 1 0 0 1 0 0 1 0 0 1 0 0 1 0 0 1 0 0 1 0 0 1 0 0 1 0 0 1 0 0 1 0 0 1 0 0 1 0 0 1 0 0 1 0 0 1 0 0 1 0 0 1 0 0 1 0 0 1 0 0 1 0 0 1 0 0 1 0 0 1 0 0 1 0 0 1 0 0 1 0 0 1 0 0 1 0 0 1 0 0 1 0 0 1 0 0 1 0 0 1 0 0 1 0 0 1 0 0 1 0 0 1 0 0 1 0 0 1 0 0 1 0 0 1 0 0 1 0 0 1 0 0 1 0 0 1 0 0 1 0 0 1 0 0 1 0 0 1 0 0 1 0 0 1 0 0 1 0 0 1 0 0 1 0 0 1 0 0 1 0 0 1 0 0 1 0 0 1 0 0 1 0 0 1 0 0 1 0 0 1 0 0 1 0 0 1 0 0 1 0 0 1 0 0 1 0 0 1 0 0 1 0 0 1 0 0 1 0 0 1 0 0 1 0 0 1 0 0 1 0 0 1 0 0 1 0 0 1 0 0 1 0 0 1 0 0 1 0 0 1 0 0 1 0 0 1 0 0 1 0 0 1 0 0 1 0 0 1 0 0 1 0 0 1 0 0 1 0 0 1 0 0 1 0 0 1 0 0 1 0 0 1 0 0 1 0 0 1 0 0 1 0 0 1 0 0 1 0 0 1 0 0 1 0 0 1 0 0 1 0 0 1 0 0 1 0 0 1 0 0 1 0 0 1 0 0 1 0 0 1 0 0 1 0 0 1 -0 -0 -1 -0 -0 -1 -0 -0 -1 -0 -0 -1 -0 -0 -1 -0 -0 -1 -0 -0 -1 -0 -0 -1 -0 -0 -1 -0 -0 -1 -0 -0 -1 -0 -0 -1 -0 -0 -1 -0 -0 -1 -0 -0 -1 -0 -0 -1 -0 -0 -1 -0 -0 -1 -0 -0 -1 -0 -0 -1 -0 -0 -1 -0 -0 -1 -0 -0 -1 -0 -0 -1 -0 -0 -1 -0 -0 -1 -0 -0 -1 -0 -0 -1 -0 -0 -1 -0 -0 -1 -0 -0 -1 -0 -0 -1 -0 -0 -1 -0 -0 -1 -0 -0 -1 -0 -0 -1 -0 -0 -1 -0 -0 -1 -0 -0 -1 -0 -0 -1 -0 -0 -1 -0 -0 -1 -0 -0 -1 -0 -0 -1 -0 -0 -1 -0 -0 -1 -0 -0 -1 -0 -0 -1 -0 -0 -1 -0 -0 -1 -0 -0 -1 -0 -0 -1 -0 -0 -1 -0 -0 -1 -0 -0 -1 -0 -0 -1 -0 -0 -1 -0 -0 -1 -0 -0 -1 -0 -0 -1 -0 -0 -1 -0 -0 -1 -0 -0 -1 -0 -0 -1 -0 -0 -1 -0 -0 -1 -0 -0 -1 -0 -0 -1 -0 -0 -1 -0 -0 -1 -0 -0 -1 -0 -0 -1 -0 -0 -1 -0 -0 -1 -0 -0 -1 -0 -0 -1 -0 -0 -1 -0 -0 -1 -0 -0 -1 -0 -0 -1 -0 -0 -1 -0 -0 -1 -0 -0 -1 -0 -0 -1 -0 -0 -1 -0 -0 -1 -0 -0 -1 -0 -0 -1 -0 -0 -1 -0 -0 -1 -0 -0 -1 -0 -0 -1 -0 -0 -1 -0 -0 -1 -0 -0 -1 -0 -0 -1 -0 -0 -1 -0 -0 -1 -0 -0 -1 -0 -0 -1 -0 -0 -1 -0 -0 -1 -0 -0 -1 -0 -0 -1 -0 -0 -1 -0 -0 -1 -0 -0 -1 -0 -0 -1 -0 -0 -1 -0 -0 -1 -0 -0 -1 -0 -0 -1 -0 -0 -1 -0 -0 -1 -0 -0 -1 -0 -0 -1 -0 -0 -1 -0 -0 -1 -0 -0 -1 -0 -0 -1 -0 -0 -1 -0 -0 -1 -0 -0 -1 -0 -0 -1 -0 -0 -1 -0 -0 -1 -0 -0 -1 -0 -0 -1 -0 -0 -1 -0 -0 -1 -0 -0 -1 -0 -0 -1 -0 -0 -1 -0 -0 -1 -0 -0 -1 -0 -0 -1 -0 -0 -1 -0 -0 -1 -0 -0 -1 -0 -0 -1 -0 -0 -1 -0 -0 -1 -0 -0 -1 -0 -0 -1 -0 -0 -1 -0 -0 -1 -0 -0 -1 -0 -0 -1 -0 -0 -1 -0 -0 -1 -0 -0 -1 -0 -0 -1 -0 -0 -1 -0 -0 -1 -0 -0 -1 -0 -0 -1 -0 -0 -1 -0 -0 -1 -0 -0 -1 -0 -0 -1 -0 -0 -1 -0 -0 -1 -0 -0 -1 -0 -0 -1 -0 -0 -1 -0 -0 -1 -0 -0 -1 -0 -0 -1 -0 -0 -1 -0 -0 -1 -0 -0 -1 -0 -0 -1 -0 -0 -1 -0 -0 -1 -0 -0 -1 -0 -0 -1 -0 -0 -1 -0 -0 -1 -0 -0 -1 -0 -0 -1 -0 -0 -1 -0 -0 -1 -0 -0 -1 -0 -0 -1 -0 -0 -1 -0 -0 -1 -0 -0 -1 -0 -0 -1 -0 -0 -1 -0 -0 -1 -0 -0 -1 -0 -0 -1 -0 -0 -1 -0 -0 -1 -0 -0 -1 -0 -0 -1 -0 -0 -1 -0 -0 -1 -0 -0 -1 -0 -0 -1 -0 -0 -1 -0 -0 -1 -0 -0 -1 -0 -0 -1 -0 -0 -1 -0 -0 -1 -0 -0 -1 -0 -0 -1 -0 -0 -1 -0 -0 -1 -0 -0 -1 -0 -0 -1 -0 -0 -1 -0 -0 -1 -0 -0 -1 -0 -0 -1 -0 -0 -1 -0 -0 -1 -0 -0 -1 -0 -0 -1 -0 -0 -1 -0 -0 -1 -0 -0 -1 -0 -0 -1 -0 -0 -1 -0 -0 -1 -0 -0 -1 -0 -0 -1 -0 -0 -1 -0 -0 -1 -0 -0 -1 -0 -0 -1 -0 -0 -1 -0 -0 -1 -0 -0 -1 -0 -0 -1 -0 -0 -1 -0 -0 -1 -0 -0 -1 -0 -0 -1 -0 -0 -1 -0 -0 -1 -0 -0 -1 -0 -0 -1 -0 -0 -1 -0 -0 -1 -0 -0 -1 -0 -0 -1 -0 -0 -1 -0 -0 -1 -0 -0 -1 -0 -0 -1 -0 -0 -1 -0 -0 -1 -0 -0 -1 -0 -0 -1 -0 -0 -1 -0 -0 -1 -0 -0 -1 -0 -0 -1 -0 -0 -1 -0 -0 -1 -0 -0 -1 -0 -0 -1 -0 -0 -1 -0 -0 -1 -0 -0 -1 -0 -0 -1 -0 -0 -1 -0 -0 -1 -0 -0 -1 -0 -0 -1 -0 -0 -1 -0 -0 -1 -0 -0 -1 -0 -0 -1 -0 -0 -1 -0 -0 -1 -0 -0 -1 -0 -0 -1 -0 -0 -1 -0 -0 -1 -0 -0 -1 -0 -0 -1 -0 -0 -1 -0 -0 -1 -0 -0 -1 -0 -0 -1 -0 -0 -1 -0 -0 -1 -0 -0 -1 -0 -0 -1 -0 -0 -1 -0 -0 -1 -0 -0 -1 -0 -0 -1 -0 -0 -1 -0 -0 -1 -0 -0 -1 -0 -0 -1 -0 -0 -1 -0 -0 -1 -0 -0 -1 -0 -0 -1 -0 -0 -1 -0 -0 -1 -0 -0 -1 -0 -0 -1 -0 -0 -1 -0 -0 -1 -0 -0 -1 -0 -0 -1 -0 -0 -1 -0 -0 -1 -0 -0 -1 -0 -0 -1 -0 -0 -1 -0 -0 -1 -0 -0 -1 -0 -0 -1 -0 -0 -1 -0 -0 -1 -0 -0 -1 -0 -0 -1 -0 -0 -1 -0 -0 -1 -0 -0 -1 -0 -0 -1 -0 -0 -1 -0 -0 -1 -0 -0 -1 -0 -0 -1 -0 -0 -1 -0 -0 -1 -0 -0 -1 -0 -0 -1 -0 -0 -1 -0 -0 -1 -0 -0 -1 -0 -0 -1 -0 -0 -1 -0 -0 -1 -0 -0 -1 -0 -0 -1 -0 -0 -1 -0 -0 -1 -0 -0 -1 -0 -0 -1 -0 -0 -1 -0 -0 -1 -0 -0 -1 -0 -0 -1 -0 -0 -1 -0 -0 -1 -0 -0 -1 -0 -0 -1 -0 -0 -1 -0 -0 -1 -0 -0 -1 -0 -0 -1 -0 -0 -1 -0 -0 -1 -0 -0 -1 -0 -0 -1 -0 -0 -1 -0 -0 -1 -0 -0 -1 -0 -0 -1 -0 -0 -1 -0 -0 -1 -0 -0 -1 -0 -0 -1 0 -1 0 0 -1 0 0 -1 0 0 -1 0 1 0 0 1 0 0 1 0 0 1 0 0 0 1 0 0 1 0 0 1 0 0 1 0 -0.0825794 0.996584 0 0.0825794 0.996584 0 0.0825794 0.996584 0 -1 8.74228e-08 0 -0.986361 -0.164595 -0 -1 8.74228e-08 0 0.245485 0.9694 0 0.245486 0.9694 0 0.401695 0.915773 0 0.401695 0.915773 0 0.546948 0.837166 0 0.546948 0.837166 0 0.677282 0.735724 0 0.677282 0.735724 0 0.78914 0.614213 0 0.789141 0.614213 0 0.879474 0.475947 0 0.879474 0.475948 0 0.945817 0.324699 0 0.945817 0.3247 0 0.986361 0.164595 0 0.986361 0.164595 0 1 -1.74846e-07 0 1 3.01992e-07 0 -0.0825794 0.996584 0 -0.245486 0.9694 0 -0.245486 0.9694 0 -0.401695 0.915773 0 -0.401695 0.915773 0 -0.546948 0.837167 0 -0.546948 0.837167 0 -0.677282 0.735724 0 -0.677282 0.735724 0 -0.78914 0.614213 0 -0.78914 0.614213 0 -0.879474 0.475947 0 -0.879474 0.475947 0 -0.945817 0.324699 0 -0.945817 0.324699 0 -0.986361 0.164595 0 -0.986361 0.164595 0 -0.945817 -0.3247 -0 -0.945817 -0.324699 -0 -0.986361 -0.164595 -0 -0.677282 -0.735724 -0 -0.677282 -0.735724 -0 -0.789141 -0.614213 -0 -0.879474 -0.475947 -0 -0.78914 -0.614213 -0 -0.879474 -0.475947 -0 -0.401695 -0.915773 -0 -0.245485 -0.9694 -0 -0.245485 -0.9694 -0 -0.546948 -0.837166 -0 -0.546948 -0.837166 -0 -0.401695 -0.915773 -0 0.245485 -0.9694 0 0.0825794 -0.996584 0 0.245485 -0.9694 0 0.0825794 -0.996584 0 -0.0825792 -0.996584 -0 -0.0825794 -0.996584 -0 0.677282 -0.735724 0 0.677282 -0.735724 0 0.546948 -0.837166 0 0.401695 -0.915773 0 0.546948 -0.837166 0 0.401695 -0.915773 0 0.879474 -0.475947 0 0.789141 -0.614213 0 0.789141 -0.614213 0 0.879474 -0.475947 0 0.945817 -0.324699 0 0.945817 -0.324699 0 0.986361 -0.164595 0 0.986361 -0.164595 0 -0.0825794 0.996584 0 0.0825794 0.996584 0 0.0825794 0.996584 0 -1 8.74228e-08 0 -0.986361 -0.164595 -0 -1 8.74228e-08 0 0.245485 0.9694 0 0.245486 0.9694 0 0.401695 0.915773 0 0.401695 0.915773 0 0.546948 0.837166 0 0.546948 0.837166 0 0.677282 0.735724 0 0.677282 0.735724 0 0.78914 0.614213 0 0.789141 0.614213 0 0.879474 0.475947 0 0.879474 0.475948 0 0.945817 0.324699 0 0.945817 0.3247 0 0.986361 0.164595 0 0.986361 0.164595 0 1 -1.74846e-07 0 1 3.01992e-07 0 -0.0825794 0.996584 0 -0.245486 0.9694 0 -0.245486 0.9694 0 -0.401695 0.915773 0 -0.401695 0.915773 0 -0.546948 0.837167 0 -0.546948 0.837167 0 -0.677282 0.735724 0 -0.677282 0.735724 0 -0.78914 0.614213 0 -0.78914 0.614213 0 -0.879474 0.475947 0 -0.879474 0.475947 0 -0.945817 0.324699 0 -0.945817 0.324699 0 -0.986361 0.164595 0 -0.986361 0.164595 0 -0.945817 -0.3247 -0 -0.945817 -0.324699 -0 -0.986361 -0.164595 -0 -0.677282 -0.735724 -0 -0.677282 -0.735724 -0 -0.789141 -0.614213 -0 -0.879474 -0.475947 -0 -0.78914 -0.614213 -0 -0.879474 -0.475947 -0 -0.401695 -0.915773 -0 -0.245485 -0.9694 -0 -0.245485 -0.9694 -0 -0.546948 -0.837166 -0 -0.546948 -0.837166 -0 -0.401695 -0.915773 -0 0.245485 -0.9694 0 0.0825794 -0.996584 0 0.245485 -0.9694 0 0.0825794 -0.996584 0 -0.0825792 -0.996584 -0 -0.0825794 -0.996584 -0 0.677282 -0.735724 0 0.677282 -0.735724 0 0.546948 -0.837166 0 0.401695 -0.915773 0 0.546948 -0.837166 0 0.401695 -0.915773 0 0.879474 -0.475947 0 0.789141 -0.614213 0 0.789141 -0.614213 0 0.879474 -0.475947 0 0.945817 -0.324699 0 0.945817 -0.324699 0 0.986361 -0.164595 0 0.986361 -0.164595 0 -0.0825794 0.996584 0 0.0825794 0.996584 0 0.0825794 0.996584 0 -1 8.74228e-08 0 -0.986361 -0.164595 -0 -1 8.74228e-08 0 0.245485 0.9694 0 0.245486 0.9694 0 0.401695 0.915773 0 0.401695 0.915773 0 0.546948 0.837166 0 0.546948 0.837166 0 0.677282 0.735724 0 0.677282 0.735724 0 0.78914 0.614213 0 0.789141 0.614213 0 0.879474 0.475947 0 0.879474 0.475948 0 0.945817 0.324699 0 0.945817 0.3247 0 0.986361 0.164595 0 0.986361 0.164595 0 1 -1.74846e-07 0 1 3.01992e-07 0 -0.0825794 0.996584 0 -0.245486 0.9694 0 -0.245486 0.9694 0 -0.401695 0.915773 0 -0.401695 0.915773 0 -0.546948 0.837167 0 -0.546948 0.837167 0 -0.677282 0.735724 0 -0.677282 0.735724 0 -0.78914 0.614213 0 -0.78914 0.614213 0 -0.879474 0.475947 0 -0.879474 0.475947 0 -0.945817 0.324699 0 -0.945817 0.324699 0 -0.986361 0.164595 0 -0.986361 0.164595 0 -0.945817 -0.3247 -0 -0.945817 -0.324699 -0 -0.986361 -0.164595 -0 -0.677282 -0.735724 -0 -0.677282 -0.735724 -0 -0.789141 -0.614213 -0 -0.879474 -0.475947 -0 -0.78914 -0.614213 -0 -0.879474 -0.475947 -0 -0.401695 -0.915773 -0 -0.245485 -0.9694 -0 -0.245485 -0.9694 -0 -0.546948 -0.837166 -0 -0.546948 -0.837166 -0 -0.401695 -0.915773 -0 0.245485 -0.9694 0 0.0825794 -0.996584 0 0.245485 -0.9694 0 0.0825794 -0.996584 0 -0.0825792 -0.996584 -0 -0.0825794 -0.996584 -0 0.677282 -0.735724 0 0.677282 -0.735724 0 0.546948 -0.837166 0 0.401695 -0.915773 0 0.546948 -0.837166 0 0.401695 -0.915773 0 0.879474 -0.475947 0 0.789141 -0.614213 0 0.789141 -0.614213 0 0.879474 -0.475947 0 0.945817 -0.324699 0 0.945817 -0.324699 0 0.986361 -0.164595 0 0.986361 -0.164595 0 -0.0825794 0.996584 0 0.0825794 0.996584 0 0.0825794 0.996584 0 -1 8.74228e-08 0 -0.986361 -0.164595 -0 -1 8.74228e-08 0 0.245485 0.9694 0 0.245486 0.9694 0 0.401695 0.915773 0 0.401695 0.915773 0 0.546948 0.837166 0 0.546948 0.837166 0 0.677282 0.735724 0 0.677282 0.735724 0 0.78914 0.614213 0 0.789141 0.614213 0 0.879474 0.475947 0 0.879474 0.475948 0 0.945817 0.324699 0 0.945817 0.3247 0 0.986361 0.164595 0 0.986361 0.164595 0 1 -1.74846e-07 0 1 3.01992e-07 0 -0.0825794 0.996584 0 -0.245486 0.9694 0 -0.245486 0.9694 0 -0.401695 0.915773 0 -0.401695 0.915773 0 -0.546948 0.837167 0 -0.546948 0.837167 0 -0.677282 0.735724 0 -0.677282 0.735724 0 -0.78914 0.614213 0 -0.78914 0.614213 0 -0.879474 0.475947 0 -0.879474 0.475947 0 -0.945817 0.324699 0 -0.945817 0.324699 0 -0.986361 0.164595 0 -0.986361 0.164595 0 -0.945817 -0.3247 -0 -0.945817 -0.324699 -0 -0.986361 -0.164595 -0 -0.677282 -0.735724 -0 -0.677282 -0.735724 -0 -0.789141 -0.614213 -0 -0.879474 -0.475947 -0 -0.78914 -0.614213 -0 -0.879474 -0.475947 -0 -0.401695 -0.915773 -0 -0.245485 -0.9694 -0 -0.245485 -0.9694 -0 -0.546948 -0.837166 -0 -0.546948 -0.837166 -0 -0.401695 -0.915773 -0 0.245485 -0.9694 0 0.0825794 -0.996584 0 0.245485 -0.9694 0 0.0825794 -0.996584 0 -0.0825792 -0.996584 -0 -0.0825794 -0.996584 -0 0.677282 -0.735724 0 0.677282 -0.735724 0 0.546948 -0.837166 0 0.401695 -0.915773 0 0.546948 -0.837166 0 0.401695 -0.915773 0 0.879474 -0.475947 0 0.789141 -0.614213 0 0.789141 -0.614213 0 0.879474 -0.475947 0 0.945817 -0.324699 0 0.945817 -0.324699 0 0.986361 -0.164595 0 0.986361 -0.164595 0 -1 0 0 -1 0 0 -1 0 0 -1 0 0 0.042441 0.999099 0 0.0825794 0.996584 0 -0.0825794 0.996584 0 -0.996397 -0.0848059 -0 -0.996397 0.0848059 0 -1 8.74228e-08 0 0.245486 0.9694 0 0.210679 0.977555 0 0.372857 0.927889 0 0.401695 0.915773 0 0.524307 0.851529 0 0.546948 0.837166 0 0.677282 0.735724 0 0.660675 0.750672 0 0.778036 0.62822 0 0.78914 0.614213 0 0.873014 0.487695 0 0.879474 0.475948 0 0.945817 0.3247 0 0.942877 0.33314 0 0.985616 0.169001 0 0.986361 0.164595 0 1 3.01992e-07 0 1 -1.74846e-07 0 -0.127018 0.9919 0 -0.245486 0.9694 0 -0.292823 0.956167 0 -0.401695 0.915773 0 -0.450204 0.892926 0 -0.594633 0.803997 0 -0.546948 0.837167 0 -0.677282 0.735724 0 -0.721956 0.691939 0 -0.78914 0.614213 0 -0.82851 0.559975 0 -0.911228 0.411901 0 -0.879474 0.475947 0 -0.945817 0.324699 0 -0.967733 0.251978 0 -0.986361 0.164595 0 -0.82851 -0.559975 -0 -0.911228 -0.411901 -0 -0.879474 -0.475947 -0 -0.967733 -0.251978 -0 -0.986361 -0.164595 -0 -0.945817 -0.3247 -0 -0.546948 -0.837166 -0 -0.450204 -0.892926 -0 -0.594633 -0.803997 -0 -0.789141 -0.614213 -0 -0.677282 -0.735724 -0 -0.721956 -0.691939 -0 -0.127018 -0.9919 -0 -0.0825794 -0.996584 -0 0.0424412 -0.999099 0 -0.292823 -0.956167 -0 -0.401695 -0.915773 -0 -0.245485 -0.9694 -0 0.524307 -0.851529 0 0.372857 -0.927889 0 0.401695 -0.915773 0 0.245485 -0.9694 0 0.210679 -0.977555 0 0.0825794 -0.996584 0 0.789141 -0.614213 0 0.778036 -0.62822 0 0.677282 -0.735724 0 0.546948 -0.837166 0 0.660675 -0.750672 0 0.873014 -0.487695 0 0.879474 -0.475947 0 0.945817 -0.324699 0 0.942877 -0.33314 0 0.986361 -0.164595 0 0.985616 -0.169001 0 0.042441 0.999099 0 0.0825794 0.996584 0 -0.0825794 0.996584 0 -0.996397 -0.0848059 -0 -0.996397 0.0848059 0 -1 8.74228e-08 0 0.245486 0.9694 0 0.210679 0.977555 0 0.372857 0.927889 0 0.401695 0.915773 0 0.524307 0.851529 0 0.546948 0.837166 0 0.677282 0.735724 0 0.660675 0.750672 0 0.778036 0.62822 0 0.78914 0.614213 0 0.873014 0.487695 0 0.879474 0.475948 0 0.945817 0.3247 0 0.942877 0.33314 0 0.985616 0.169001 0 0.986361 0.164595 0 1 3.01992e-07 0 1 -1.74846e-07 0 -0.127018 0.9919 0 -0.245486 0.9694 0 -0.292823 0.956167 0 -0.401695 0.915773 0 -0.450204 0.892926 0 -0.594633 0.803997 0 -0.546948 0.837167 0 -0.677282 0.735724 0 -0.721956 0.691939 0 -0.78914 0.614213 0 -0.82851 0.559975 0 -0.911228 0.411901 0 -0.879474 0.475947 0 -0.945817 0.324699 0 -0.967733 0.251978 0 -0.986361 0.164595 0 -0.82851 -0.559975 -0 -0.911228 -0.411901 -0 -0.879474 -0.475947 -0 -0.967733 -0.251978 -0 -0.986361 -0.164595 -0 -0.945817 -0.3247 -0 -0.546948 -0.837166 -0 -0.450204 -0.892926 -0 -0.594633 -0.803997 -0 -0.789141 -0.614213 -0 -0.677282 -0.735724 -0 -0.721956 -0.691939 -0 -0.127018 -0.9919 -0 -0.0825794 -0.996584 -0 0.0424412 -0.999099 0 -0.292823 -0.956167 -0 -0.401695 -0.915773 -0 -0.245485 -0.9694 -0 0.524307 -0.851529 0 0.372857 -0.927889 0 0.401695 -0.915773 0 0.245485 -0.9694 0 0.210679 -0.977555 0 0.0825794 -0.996584 0 0.789141 -0.614213 0 0.778036 -0.62822 0 0.677282 -0.735724 0 0.546948 -0.837166 0 0.660675 -0.750672 0 0.873014 -0.487695 0 0.879474 -0.475947 0 0.945817 -0.324699 0 0.942877 -0.33314 0 0.986361 -0.164595 0 0.985616 -0.169001 0 0.042441 0.999099 0 0.0825794 0.996584 0 -0.0825794 0.996584 0 -0.996397 -0.0848059 -0 -0.996397 0.0848059 0 -1 8.74228e-08 0 0.245486 0.9694 0 0.210679 0.977555 0 0.372857 0.927889 0 0.401695 0.915773 0 0.524307 0.851529 0 0.546948 0.837166 0 0.677282 0.735724 0 0.660675 0.750672 0 0.778036 0.62822 0 0.78914 0.614213 0 0.873014 0.487695 0 0.879474 0.475948 0 0.945817 0.3247 0 0.942877 0.33314 0 0.985616 0.169001 0 0.986361 0.164595 0 1 3.01992e-07 0 1 -1.74846e-07 0 -0.127018 0.9919 0 -0.245486 0.9694 0 -0.292823 0.956167 0 -0.401695 0.915773 0 -0.450204 0.892926 0 -0.594633 0.803997 0 -0.546948 0.837167 0 -0.677282 0.735724 0 -0.721956 0.691939 0 -0.78914 0.614213 0 -0.82851 0.559975 0 -0.911228 0.411901 0 -0.879474 0.475947 0 -0.945817 0.324699 0 -0.967733 0.251978 0 -0.986361 0.164595 0 -0.82851 -0.559975 -0 -0.911228 -0.411901 -0 -0.879474 -0.475947 -0 -0.967733 -0.251978 -0 -0.986361 -0.164595 -0 -0.945817 -0.3247 -0 -0.546948 -0.837166 -0 -0.450204 -0.892926 -0 -0.594633 -0.803997 -0 -0.789141 -0.614213 -0 -0.677282 -0.735724 -0 -0.721956 -0.691939 -0 -0.127018 -0.9919 -0 -0.0825794 -0.996584 -0 0.0424412 -0.999099 0 -0.292823 -0.956167 -0 -0.401695 -0.915773 -0 -0.245485 -0.9694 -0 0.524307 -0.851529 0 0.372857 -0.927889 0 0.401695 -0.915773 0 0.245485 -0.9694 0 0.210679 -0.977555 0 0.0825794 -0.996584 0 0.789141 -0.614213 0 0.778036 -0.62822 0 0.677282 -0.735724 0 0.546948 -0.837166 0 0.660675 -0.750672 0 0.873014 -0.487695 0 0.879474 -0.475947 0 0.945817 -0.324699 0 0.942877 -0.33314 0 0.986361 -0.164595 0 0.985616 -0.169001 0 0.042441 0.999099 0 0.0825794 0.996584 0 -0.0825794 0.996584 0 -0.996397 -0.0848059 -0 -0.996397 0.0848059 0 -1 8.74228e-08 0 0.245486 0.9694 0 0.210679 0.977555 0 0.372857 0.927889 0 0.401695 0.915773 0 0.524307 0.851529 0 0.546948 0.837166 0 0.677282 0.735724 0 0.660675 0.750672 0 0.778036 0.62822 0 0.78914 0.614213 0 0.873014 0.487695 0 0.879474 0.475948 0 0.945817 0.3247 0 0.942877 0.33314 0 0.985616 0.169001 0 0.986361 0.164595 0 1 3.01992e-07 0 1 -1.74846e-07 0 -0.127018 0.9919 0 -0.245486 0.9694 0 -0.292823 0.956167 0 -0.401695 0.915773 0 -0.450204 0.892926 0 -0.594633 0.803997 0 -0.546948 0.837167 0 -0.677282 0.735724 0 -0.721956 0.691939 0 -0.78914 0.614213 0 -0.82851 0.559975 0 -0.911228 0.411901 0 -0.879474 0.475947 0 -0.945817 0.324699 0 -0.967733 0.251978 0 -0.986361 0.164595 0 -0.82851 -0.559975 -0 -0.911228 -0.411901 -0 -0.879474 -0.475947 -0 -0.967733 -0.251978 -0 -0.986361 -0.164595 -0 -0.945817 -0.3247 -0 -0.546948 -0.837166 -0 -0.450204 -0.892926 -0 -0.594633 -0.803997 -0 -0.789141 -0.614213 -0 -0.677282 -0.735724 -0 -0.721956 -0.691939 -0 -0.127018 -0.9919 -0 -0.0825794 -0.996584 -0 0.0424412 -0.999099 0 -0.292823 -0.956167 -0 -0.401695 -0.915773 -0 -0.245485 -0.9694 -0 0.524307 -0.851529 0 0.372857 -0.927889 0 0.401695 -0.915773 0 0.245485 -0.9694 0 0.210679 -0.977555 0 0.0825794 -0.996584 0 0.789141 -0.614213 0 0.778036 -0.62822 0 0.677282 -0.735724 0 0.546948 -0.837166 0 0.660675 -0.750672 0 0.873014 -0.487695 0 0.879474 -0.475947 0 0.945817 -0.324699 0 0.942877 -0.33314 0 0.986361 -0.164595 0 0.985616 -0.169001 0 0.739009 0.673696 0 0.673696 0.739009 0 0.739009 0.673696 0 0.798017 0.602635 0 0.798017 0.602635 0 0.850217 0.526432 0 0.850217 0.526432 0 0.895163 0.445738 0 0.895163 0.445738 0 0.932472 0.361242 0 0.932472 0.361242 0 0.961826 0.273663 0 0.961826 0.273663 0 0.982973 0.183749 0 0.982973 0.183749 0 0.995734 0.0922682 0 0.995734 0.0922685 0 1 6.95355e-08 0 1 -1.68883e-07 0 0.673696 0.739009 0 0.602635 0.798017 0 0.602635 0.798017 0 0.526432 0.850217 0 0.526432 0.850217 0 0.445738 0.895163 0 0.445738 0.895163 0 0.361242 0.932472 0 0.361242 0.932472 0 0.273663 0.961826 0 0.273663 0.961826 0 0.18375 0.982973 0 0.18375 0.982973 0 0.0922684 0.995734 0 0.0922684 0.995734 0 5.96244e-09 1 0 5.96244e-09 1 0 -0.739009 0.673696 0 -0.673696 0.739009 0 -0.673696 0.739009 0 -0.602635 0.798017 0 -0.602635 0.798017 0 -0.526432 0.850217 0 -0.526432 0.850217 0 -0.445738 0.895163 0 -0.445738 0.895163 0 -0.361242 0.932472 0 -0.361242 0.932472 0 -0.273663 0.961826 0 -0.273663 0.961826 0 -0.18375 0.982973 0 -0.18375 0.982973 0 -0.0922684 0.995734 0 -0.0922684 0.995734 0 -5.96244e-09 1 0 -5.96244e-09 1 0 -0.739009 0.673696 0 -0.798017 0.602635 0 -0.798017 0.602635 0 -0.850217 0.526432 0 -0.850217 0.526432 0 -0.895163 0.445738 0 -0.895163 0.445738 0 -0.932472 0.361242 0 -0.932472 0.361242 0 -0.961826 0.273663 0 -0.961826 0.273663 0 -0.982973 0.183749 0 -0.982973 0.183749 0 -0.995734 0.0922682 0 -0.995734 0.0922685 0 -1 6.95355e-08 0 -1 -1.68883e-07 0 -0.739009 -0.673696 -0 -0.673696 -0.739009 0 -0.739009 -0.673696 -0 -0.798017 -0.602635 -0 -0.798017 -0.602635 -0 -0.850217 -0.526432 -0 -0.850217 -0.526432 -0 -0.895163 -0.445738 -0 -0.895163 -0.445738 -0 -0.932472 -0.361242 -0 -0.932472 -0.361242 -0 -0.961826 -0.273663 -0 -0.961826 -0.273663 -0 -0.982973 -0.183749 -0 -0.982973 -0.183749 -0 -0.995734 -0.0922682 -0 -0.995734 -0.0922685 -0 -1 -6.95355e-08 -0 -1 1.68883e-07 0 -0.673696 -0.739009 0 -0.602635 -0.798017 0 -0.602635 -0.798017 0 -0.526432 -0.850217 0 -0.526432 -0.850217 0 -0.445738 -0.895163 0 -0.445738 -0.895163 0 -0.361242 -0.932472 0 -0.361242 -0.932472 0 -0.273663 -0.961826 0 -0.273663 -0.961826 0 -0.18375 -0.982973 0 -0.18375 -0.982973 0 -0.0922684 -0.995734 0 -0.0922684 -0.995734 0 -5.96244e-09 -1 0 -5.96244e-09 -1 0 0.739009 -0.673696 0 0.673696 -0.739009 0 0.673696 -0.739009 0 0.602635 -0.798017 0 0.602635 -0.798017 0 0.526432 -0.850217 0 0.526432 -0.850217 0 0.445738 -0.895163 0 0.445738 -0.895163 0 0.361242 -0.932472 0 0.361242 -0.932472 0 0.273663 -0.961826 0 0.273663 -0.961826 0 0.18375 -0.982973 0 0.18375 -0.982973 0 0.0922684 -0.995734 0 0.0922684 -0.995734 0 5.96244e-09 -1 0 5.96244e-09 -1 0 0.739009 -0.673696 0 0.798017 -0.602635 0 0.798017 -0.602635 0 0.850217 -0.526432 0 0.850217 -0.526432 0 0.895163 -0.445738 0 0.895163 -0.445738 0 0.932472 -0.361242 0 0.932472 -0.361242 0 0.961826 -0.273663 0 0.961826 -0.273663 0 0.982973 -0.183749 0 0.982973 -0.183749 0 0.995734 -0.0922682 0 0.995734 -0.0922685 0 1 -6.95355e-08 0 1 1.68883e-07 0</float_array>
          <technique_common>
            <accessor count="1512" source="#ID45" stride="3">
              <param name="X" type="float"/>
              <param name="Y" type="float"/>
              <param name="Z" type="float"/>
            </accessor>
          </technique_common>
        </source>
        <vertices id="ID46">
          <input semantic="POSITION" source="#ID42"/>
          <input semantic="NORMAL" source="#ID44"/>
        </vertices>
        <triangles count="1524" material="ID10">
          <input offset="0" semantic="VERTEX" source="#ID46"/>
          <p>0 1 2 3 4 5 6 7 8 5 4 7 9 10 6 8 11 6 12 13 14 10 14 6 15 16 17 18 17 13 19 20 21 21 16 22 23 24 25 26 20 27 28 29 30 31 23 28 32 33 34 28 35 36 37 38 39 40 41 42 43 44 45 44 46 45 47 44 48 49 44 50 51 47 52 44 47 53 54 55 56 52 47 56 54 56 57 58 59 60 59 58 57 61 62 63 60 63 64 65 66 67 67 62 61 2 1 68 69 70 71 72 73 74 73 68 75 76 77 78 76 72 77 79 80 81 79 82 78 80 83 81 70 84 85 84 83 85 86 87 70 88 70 87 89 70 90 91 71 70 92 93 94 95 96 97 98 99 100 101 102 103 104 105 106 107 108 109 106 110 111 105 110 106 112 113 111 106 111 113 114 115 113 113 112 114 116 117 115 116 115 114 115 118 119 118 115 117 119 120 121 118 120 119 119 121 122 123 124 122 125 126 95 127 128 129 107 100 99 130 109 108 131 132 133 134 131 133 135 136 137 137 133 132 138 139 140 136 141 142 143 144 145 146 143 138 147 148 0 149 150 151 152 95 153 96 154 155 95 97 44 156 157 158 159 42 160 161 162 163 158 163 162 164 161 163 165 166 167 168 169 170 171 172 173 174 175 176 177 178 179 180 181 182 34 183 173 184 172 171 183 34 33 181 180 185 185 186 181 187 188 189 190 171 173 131 102 191 123 192 124 193 192 194 195 196 197 198 199 200 191 186 185 201 202 203 186 191 102 204 205 206 207 208 209 180 182 209 210 177 179 209 182 207 177 210 211 178 183 179 190 173 183 178 190 183 212 211 210 212 213 214 215 171 190 164 215 161 164 171 215 216 217 218 219 220 221 222 223 224 218 225 216 226 227 228 225 229 216 230 231 232 233 234 235 236 237 238 239 240 241 242 193 194 242 243 193 192 244 194 192 123 245 244 192 245 246 247 123 123 247 245 123 248 249 28 250 35 251 252 165 66 65 38 162 156 158 253 167 166 254 253 255 254 167 253 255 256 254 257 157 156 157 257 40 256 44 254 40 257 41 254 44 258 97 259 258 44 97 258 44 256 46 50 44 43 44 49 48 53 47 51 52 56 55 57 56 59 60 59 63 62 64 63 67 61 65 38 65 39 260 261 37 37 39 260 261 262 263 262 261 260 234 263 264 262 264 263 265 234 266 234 264 266 267 234 268 234 265 268 235 234 269 234 267 269 270 225 218 234 233 271 272 127 129 273 274 275 276 277 278 74 73 75 279 280 93 93 281 94 70 93 90 70 89 91 86 70 69 88 84 70 83 80 85 82 79 81 76 78 82 74 77 72 68 73 2 147 0 2 282 147 283 282 148 147 284 285 147 283 147 285 286 284 287 286 285 284 95 287 284 152 288 95 289 153 95 95 284 125 95 290 289 95 126 290 288 154 96 96 95 288 276 96 155 291 277 276 291 276 155 150 278 277 145 149 151 150 149 278 143 146 144 145 144 149 138 140 146 138 142 139 141 136 135 139 142 141 137 136 133 205 292 206 98 104 99 105 104 98 107 99 108 293 205 294 130 295 296 296 109 130 134 103 131 297 295 298 295 297 296 299 103 134 300 93 298 297 298 93 299 134 90 93 299 90 93 300 281 301 93 280 92 279 93 299 93 301 302 206 292 303 33 32 131 103 102 304 305 306 307 308 309 310 293 294 124 198 122 311 310 312 293 310 311 311 312 313 314 315 316 317 318 319 313 320 311 321 322 323 320 313 324 325 122 320 324 325 320 326 122 327 122 325 327 328 122 329 122 326 329 330 122 331 122 328 331 119 122 330 3 5 123 332 193 243 333 246 123 123 5 248 123 334 333 123 249 334 237 332 238 243 238 332 236 240 237 239 241 232 237 240 239 228 231 230 232 241 230 274 227 226 226 228 230 273 335 274 274 335 227 273 275 336 275 270 218 218 336 275 270 271 225 234 271 250 270 250 271 28 234 250 36 337 28 28 338 29 337 338 28 339 28 30 24 23 31 31 28 339 26 25 24 20 19 27 26 27 25 21 22 19 16 15 22 17 18 15 17 14 13 12 14 10 6 11 9 6 5 7 294 205 204 32 340 303 189 302 341 292 341 302 187 189 342 189 341 342 188 187 343 343 344 345 345 188 343 345 346 101 346 345 344 347 102 101 346 347 101 208 348 349 348 208 207 350 349 351 348 351 349 352 353 350 350 351 352 353 354 184 354 353 352 354 172 184 340 201 303 202 304 203 340 202 201 306 305 309 203 304 306 308 307 195 309 305 307 314 197 196 197 308 195 317 316 315 315 314 196 318 322 319 317 319 316 323 200 321 318 323 322 199 198 124 321 200 199 122 198 320 355 356 357 251 165 167 252 251 175 358 159 160 160 42 41 359 358 360 358 359 159 361 362 360 359 360 362 361 363 364 364 362 361 365 363 366 363 365 364 367 368 366 365 366 368 367 369 370 370 368 367 369 258 259 369 259 370 175 371 176 175 174 252 223 372 371 176 371 372 222 224 373 222 372 223 373 127 272 272 222 373 217 216 168 129 374 229 374 129 128 375 216 229 374 375 229 169 355 170 168 170 217 356 221 357 169 356 355 220 219 213 357 221 220 212 214 211 213 219 214 376 377 378 379 380 381 382 383 376 376 383 384 385 386 376 387 388 376 389 390 385 376 391 385 392 393 394 390 393 385 392 395 393 396 397 398 398 395 396 399 400 401 402 403 404 403 399 401 405 406 407 408 409 410 409 411 410 412 413 414 414 415 408 416 417 418 416 418 412 419 420 421 419 417 422 421 420 423 424 425 426 426 425 423 427 424 428 429 428 424 430 424 431 432 431 424 433 434 424 435 378 436 437 380 379 438 439 440 441 442 380 380 437 441 442 443 444 441 443 442 445 446 442 442 444 445 446 447 448 445 447 446 448 449 450 450 446 448 451 450 452 449 452 450 453 454 455 451 452 454 456 457 458 459 460 461 462 463 464 465 463 462 466 467 468 468 467 464 469 470 468 471 468 470 472 473 474 475 469 474 476 477 478 479 472 476 480 481 482 483 477 480 484 460 485 461 486 487 488 489 490 460 491 492 493 494 495 378 435 376 496 497 498 499 500 501 377 502 503 504 505 506 507 508 509 488 499 489 510 511 456 511 457 456 512 513 514 488 490 515 516 517 518 519 520 521 440 439 522 523 524 381 525 497 526 496 463 465 527 528 529 530 531 532 533 534 535 531 536 532 537 538 539 540 541 542 543 544 545 546 494 543 547 548 549 547 549 550 551 552 553 548 547 551 554 555 407 555 556 552 557 405 558 559 411 560 561 562 563 564 565 435 436 566 567 435 568 569 404 570 402 489 499 501 570 571 572 573 574 575 576 577 578 579 580 581 500 582 501 500 583 584 582 500 584 585 584 583 586 587 588 583 589 585 590 591 592 589 583 376 376 384 589 388 382 376 376 386 387 391 389 385 390 394 393 395 398 393 397 400 398 401 400 593 397 593 400 403 402 399 570 572 402 594 571 595 571 594 572 595 596 597 597 594 595 518 598 596 597 596 598 599 600 518 518 600 598 601 602 518 518 602 599 517 603 518 518 603 601 604 605 606 518 607 516 520 608 521 609 610 611 612 613 614 413 415 414 615 543 616 543 545 617 424 434 543 424 430 433 427 432 424 429 424 426 423 425 421 422 420 419 416 422 417 413 412 418 408 410 414 559 410 411 618 619 559 618 559 560 620 559 621 619 621 559 622 623 620 622 620 621 564 435 624 623 435 620 625 435 565 435 569 620 435 625 626 435 626 568 624 436 567 436 624 435 612 566 436 627 612 614 627 566 612 563 614 613 558 562 561 563 613 561 405 557 406 558 561 557 407 406 628 554 556 555 628 554 407 556 553 552 551 547 552 542 541 629 453 455 630 538 537 630 454 453 451 630 537 453 631 632 633 549 532 550 539 634 495 634 539 538 532 635 550 495 634 493 550 635 434 493 543 494 543 434 635 543 617 546 636 616 543 544 543 615 635 636 543 637 638 639 549 640 530 529 641 642 643 642 641 644 645 646 647 648 649 650 643 641 651 652 653 650 641 652 654 496 655 656 657 658 496 659 660 661 496 654 659 496 661 660 463 496 498 655 496 662 663 381 381 663 523 664 665 381 381 665 662 666 667 381 381 667 664 380 666 381 608 510 668 526 669 525 460 492 670 671 672 673 674 673 672 675 676 522 677 678 679 652 524 653 523 653 524 648 680 649 604 438 681 680 682 649 658 520 519 683 684 685 686 687 688 689 521 608 690 515 691 642 527 529 691 692 690 504 458 457 607 670 671 671 693 607 460 670 518 607 518 670 491 460 694 460 484 695 694 460 695 696 485 460 487 459 461 459 696 460 481 487 486 480 482 483 481 486 482 477 483 478 476 478 479 472 479 473 472 474 469 475 470 469 468 471 466 468 464 463 604 439 438 656 658 519 697 514 698 699 700 701 668 689 608 702 647 703 702 648 647 703 704 702 674 672 705 705 706 707 674 705 707 708 706 705 709 704 703 710 706 708 704 709 524 677 711 712 708 678 710 679 678 708 650 652 651 528 527 713 633 714 713 528 713 714 631 715 632 633 632 714 715 540 716 540 715 631 549 530 532 542 716 540 541 536 717 717 629 541 717 536 531 645 530 640 644 646 637 645 640 646 639 638 533 644 637 639 534 657 535 638 534 533 656 535 657 488 515 690 511 510 608 718 719 692 692 691 718 606 720 718 719 718 720 605 604 681 606 605 720 721 722 723 693 522 439 724 725 726 682 680 684 675 693 671 724 727 725 693 675 522 512 725 727 727 513 512 728 729 730 731 732 733 734 735 736 737 689 668 738 737 609 506 505 507 458 504 506 508 578 509 505 508 507 576 574 577 578 577 509 581 573 575 575 574 576 587 580 579 580 573 581 586 588 590 587 579 588 592 591 502 586 590 592 503 378 377 591 503 502 376 583 377 673 675 671 514 513 698 723 726 721 726 723 724 676 722 721 675 722 676 711 677 679 712 739 740 739 712 711 741 742 740 740 739 741 743 742 744 741 744 742 745 746 743 745 743 744 747 669 746 743 746 669 524 526 381 525 669 747 526 497 496 496 381 526 524 709 526 683 685 700 682 684 683 701 733 699 685 701 700 731 730 732 733 732 699 735 729 728 728 730 731 610 734 736 734 729 735 609 611 738 610 736 611 737 738 689 737 668 688 686 697 687 668 686 688 698 687 697 748 749 750 749 748 751 752 753 754 754 755 752 756 757 758 758 759 756 760 761 762 763 764 765 766 767 761 762 761 767 768 766 769 766 768 767 769 770 771 771 768 769 772 773 770 771 770 773 774 772 775 772 774 773 775 776 777 777 774 775 778 779 776 777 776 779 780 778 781 778 780 779 782 780 781 782 781 783 762 784 760 785 784 786 784 785 760 786 787 788 788 785 786 789 790 787 788 787 790 791 789 792 789 791 790 792 793 794 794 791 792 795 796 793 794 793 796 797 795 798 795 797 796 798 799 800 800 797 798 800 799 765 801 802 803 799 763 765 804 805 806 807 808 809 810 811 812 813 814 815 816 817 818 819 820 821 822 823 824 825 826 827 828 829 830 822 830 829 828 831 832 831 828 830 833 834 832 832 831 833 783 834 835 833 835 834 782 783 835 824 823 826 822 829 823 825 827 818 824 826 825 816 819 817 827 816 818 820 811 821 819 821 817 815 810 812 812 811 820 804 814 813 814 810 815 806 805 808 804 813 805 807 809 801 806 808 807 802 764 803 809 802 801 763 803 764 836 837 838 839 840 841 842 843 837 838 837 843 844 842 845 842 844 843 845 846 847 847 844 845 848 849 846 847 846 849 850 848 851 848 850 849 851 852 853 853 850 851 854 855 852 853 852 855 856 854 857 854 856 855 858 856 857 858 857 859 838 860 836 861 860 862 860 861 836 862 863 864 864 861 862 865 866 863 864 863 866 867 865 868 865 867 866 868 869 870 870 867 868 871 872 869 870 869 872 873 871 874 871 873 872 874 875 876 876 873 874 876 875 841 877 878 879 875 839 841 880 881 882 883 884 885 886 887 888 889 890 891 892 893 894 895 896 897 898 899 900 901 902 903 904 905 906 898 906 905 904 907 908 907 904 906 909 910 908 908 907 909 859 910 911 909 911 910 858 859 911 900 899 902 898 905 899 901 903 894 900 902 901 892 895 893 903 892 894 896 887 897 895 897 893 891 886 888 888 887 896 880 890 889 890 886 891 882 881 884 880 889 881 883 885 877 882 884 883 878 840 879 885 878 877 839 879 840 912 913 914 915 916 917 918 919 913 914 913 919 920 918 921 918 920 919 921 922 923 923 920 921 924 925 922 923 922 925 926 924 927 924 926 925 927 928 929 929 926 927 930 931 928 929 928 931 932 930 933 930 932 931 934 932 933 934 933 935 914 936 912 937 936 938 936 937 912 938 939 940 940 937 938 941 942 939 940 939 942 943 941 944 941 943 942 944 945 946 946 943 944 947 948 945 946 945 948 949 947 950 947 949 948 950 951 952 952 949 950 952 951 917 953 954 955 951 915 917 956 957 958 959 960 961 962 963 964 965 966 967 968 969 970 971 972 973 974 975 976 977 978 979 980 981 982 974 982 981 980 983 984 983 980 982 985 986 984 984 983 985 935 986 987 985 987 986 934 935 987 976 975 978 974 981 975 977 979 970 976 978 977 968 971 969 979 968 970 972 963 973 971 973 969 967 962 964 964 963 972 956 966 965 966 962 967 958 957 960 956 965 957 959 961 953 958 960 959 954 916 955 961 954 953 915 955 916 988 989 990 991 992 993 994 995 989 990 989 995 996 994 997 994 996 995 997 998 999 999 996 997 1000 1001 998 999 998 1001 1002 1000 1003 1000 1002 1001 1003 1004 1005 1005 1002 1003 1006 1007 1004 1005 1004 1007 1008 1006 1009 1006 1008 1007 1010 1008 1009 1010 1009 1011 990 1012 988 1013 1012 1014 1012 1013 988 1014 1015 1016 1016 1013 1014 1017 1018 1015 1016 1015 1018 1019 1017 1020 1017 1019 1018 1020 1021 1022 1022 1019 1020 1023 1024 1021 1022 1021 1024 1025 1023 1026 1023 1025 1024 1026 1027 1028 1028 1025 1026 1028 1027 993 1029 1030 1031 1027 991 993 1032 1033 1034 1035 1036 1037 1038 1039 1040 1041 1042 1043 1044 1045 1046 1047 1048 1049 1050 1051 1052 1053 1054 1055 1056 1057 1058 1050 1058 1057 1056 1059 1060 1059 1056 1058 1061 1062 1060 1060 1059 1061 1011 1062 1063 1061 1063 1062 1010 1011 1063 1052 1051 1054 1050 1057 1051 1053 1055 1046 1052 1054 1053 1044 1047 1045 1055 1044 1046 1048 1039 1049 1047 1049 1045 1043 1038 1040 1040 1039 1048 1032 1042 1041 1042 1038 1043 1034 1033 1036 1032 1041 1033 1035 1037 1029 1034 1036 1035 1030 992 1031 1037 1030 1029 991 1031 992 1064 1065 1066 1064 1066 1067 1068 1069 1070 1071 1072 1073 1074 1069 1075 1068 1075 1069 1074 1076 1077 1076 1074 1075 1078 1079 1077 1077 1076 1078 1080 1079 1081 1078 1081 1079 1080 1082 1083 1082 1080 1081 1084 1085 1083 1083 1082 1084 1086 1085 1087 1084 1087 1085 1086 1088 1089 1088 1086 1087 1089 1088 1090 1089 1090 1091 1070 1092 1068 1092 1093 1094 1093 1092 1070 1095 1096 1094 1094 1093 1095 1097 1096 1098 1095 1098 1096 1097 1099 1100 1099 1097 1098 1101 1102 1100 1100 1099 1101 1103 1102 1104 1101 1104 1102 1103 1105 1106 1105 1103 1104 1107 1072 1106 1106 1105 1107 1107 1073 1072 1108 1109 1110 1111 1112 1113 1114 1115 1116 1117 1118 1119 1120 1121 1122 1123 1124 1125 1126 1127 1128 1129 1130 1131 1132 1133 1134 1135 1134 1136 1137 1132 1138 1132 1137 1133 1138 1139 1140 1140 1137 1138 1141 1142 1139 1140 1139 1142 1090 1141 1091 1141 1090 1142 1135 1136 1126 1134 1133 1136 1128 1127 1129 1135 1126 1128 1130 1122 1131 1127 1130 1129 1120 1125 1121 1122 1121 1131 1115 1124 1123 1123 1125 1120 1118 1114 1116 1114 1124 1115 1117 1119 1108 1118 1116 1119 1110 1109 1113 1117 1108 1110 1111 1071 1112 1109 1111 1113 1073 1112 1071 1143 1144 1145 1146 1147 1148 1149 1144 1150 1143 1150 1144 1149 1151 1152 1151 1149 1150 1153 1154 1152 1152 1151 1153 1155 1154 1156 1153 1156 1154 1155 1157 1158 1157 1155 1156 1159 1160 1158 1158 1157 1159 1161 1160 1162 1159 1162 1160 1161 1163 1164 1163 1161 1162 1164 1163 1165 1164 1165 1166 1145 1167 1143 1167 1168 1169 1168 1167 1145 1170 1171 1169 1169 1168 1170 1172 1171 1173 1170 1173 1171 1172 1174 1175 1174 1172 1173 1176 1177 1175 1175 1174 1176 1178 1177 1179 1176 1179 1177 1178 1180 1181 1180 1178 1179 1182 1147 1181 1181 1180 1182 1182 1148 1147 1183 1184 1185 1186 1187 1188 1189 1190 1191 1192 1193 1194 1195 1196 1197 1198 1199 1200 1201 1202 1203 1204 1205 1206 1207 1208 1209 1210 1209 1211 1212 1207 1213 1207 1212 1208 1213 1214 1215 1215 1212 1213 1216 1217 1214 1215 1214 1217 1165 1216 1166 1216 1165 1217 1210 1211 1201 1209 1208 1211 1203 1202 1204 1210 1201 1203 1205 1197 1206 1202 1205 1204 1195 1200 1196 1197 1196 1206 1190 1199 1198 1198 1200 1195 1193 1189 1191 1189 1199 1190 1192 1194 1183 1193 1191 1194 1185 1184 1188 1192 1183 1185 1186 1146 1187 1184 1186 1188 1148 1187 1146 1218 1219 1220 1221 1222 1223 1224 1219 1225 1218 1225 1219 1224 1226 1227 1226 1224 1225 1228 1229 1227 1227 1226 1228 1230 1229 1231 1228 1231 1229 1230 1232 1233 1232 1230 1231 1234 1235 1233 1233 1232 1234 1236 1235 1237 1234 1237 1235 1236 1238 1239 1238 1236 1237 1239 1238 1240 1239 1240 1241 1220 1242 1218 1242 1243 1244 1243 1242 1220 1245 1246 1244 1244 1243 1245 1247 1246 1248 1245 1248 1246 1247 1249 1250 1249 1247 1248 1251 1252 1250 1250 1249 1251 1253 1252 1254 1251 1254 1252 1253 1255 1256 1255 1253 1254 1257 1222 1256 1256 1255 1257 1257 1223 1222 1258 1259 1260 1261 1262 1263 1264 1265 1266 1267 1268 1269 1270 1271 1272 1273 1274 1275 1276 1277 1278 1279 1280 1281 1282 1283 1284 1285 1284 1286 1287 1282 1288 1282 1287 1283 1288 1289 1290 1290 1287 1288 1291 1292 1289 1290 1289 1292 1240 1291 1241 1291 1240 1292 1285 1286 1276 1284 1283 1286 1278 1277 1279 1285 1276 1278 1280 1272 1281 1277 1280 1279 1270 1275 1271 1272 1271 1281 1265 1274 1273 1273 1275 1270 1268 1264 1266 1264 1274 1265 1267 1269 1258 1268 1266 1269 1260 1259 1263 1267 1258 1260 1261 1221 1262 1259 1261 1263 1223 1262 1221 1293 1294 1295 1296 1297 1298 1299 1294 1300 1293 1300 1294 1299 1301 1302 1301 1299 1300 1303 1304 1302 1302 1301 1303 1305 1304 1306 1303 1306 1304 1305 1307 1308 1307 1305 1306 1309 1310 1308 1308 1307 1309 1311 1310 1312 1309 1312 1310 1311 1313 1314 1313 1311 1312 1314 1313 1315 1314 1315 1316 1295 1317 1293 1317 1318 1319 1318 1317 1295 1320 1321 1319 1319 1318 1320 1322 1321 1323 1320 1323 1321 1322 1324 1325 1324 1322 1323 1326 1327 1325 1325 1324 1326 1328 1327 1329 1326 1329 1327 1328 1330 1331 1330 1328 1329 1332 1297 1331 1331 1330 1332 1332 1298 1297 1333 1334 1335 1336 1337 1338 1339 1340 1341 1342 1343 1344 1345 1346 1347 1348 1349 1350 1351 1352 1353 1354 1355 1356 1357 1358 1359 1360 1359 1361 1362 1357 1363 1357 1362 1358 1363 1364 1365 1365 1362 1363 1366 1367 1364 1365 1364 1367 1315 1366 1316 1366 1315 1367 1360 1361 1351 1359 1358 1361 1353 1352 1354 1360 1351 1353 1355 1347 1356 1352 1355 1354 1345 1350 1346 1347 1346 1356 1340 1349 1348 1348 1350 1345 1343 1339 1341 1339 1349 1340 1342 1344 1333 1343 1341 1344 1335 1334 1338 1342 1333 1335 1336 1296 1337 1334 1336 1338 1298 1337 1296 1368 1369 1370 1371 1372 1368 1368 1370 1371 1372 1373 1374 1373 1372 1371 1375 1374 1376 1373 1376 1374 1377 1378 1375 1375 1376 1377 1378 1379 1380 1379 1378 1377 1381 1380 1382 1379 1382 1380 1383 1384 1381 1381 1382 1383 1385 1384 1383 1385 1386 1384 1370 1369 1387 1387 1388 1389 1388 1387 1369 1390 1389 1391 1388 1391 1389 1392 1393 1390 1390 1391 1392 1393 1394 1395 1394 1393 1392 1396 1395 1397 1394 1397 1395 1398 1399 1396 1396 1397 1398 1399 1400 1401 1400 1399 1398 1400 1402 1401 1401 1402 1403 1404 1405 1406 1407 1406 1408 1405 1408 1406 1409 1410 1407 1407 1408 1409 1410 1411 1412 1411 1410 1409 1413 1412 1414 1411 1414 1412 1415 1416 1413 1413 1414 1415 1416 1417 1418 1417 1416 1415 1419 1418 1420 1417 1420 1418 1421 1422 1419 1419 1420 1421 1405 1404 1423 1423 1424 1425 1424 1423 1404 1426 1425 1427 1424 1427 1425 1428 1429 1426 1426 1427 1428 1429 1430 1431 1430 1429 1428 1432 1431 1433 1430 1433 1431 1434 1435 1432 1432 1433 1434 1435 1436 1437 1436 1435 1434 1436 1438 1437 1437 1438 1439 1440 1441 1442 1443 1444 1440 1440 1442 1443 1444 1445 1446 1445 1444 1443 1447 1446 1448 1445 1448 1446 1449 1450 1447 1447 1448 1449 1450 1451 1452 1451 1450 1449 1453 1452 1454 1451 1454 1452 1455 1456 1453 1453 1454 1455 1457 1456 1455 1457 1458 1456 1442 1441 1459 1459 1460 1461 1460 1459 1441 1462 1461 1463 1460 1463 1461 1464 1465 1462 1462 1463 1464 1465 1466 1467 1466 1465 1464 1468 1467 1469 1466 1469 1467 1470 1471 1468 1468 1469 1470 1471 1472 1473 1472 1471 1470 1472 1474 1473 1473 1474 1475 1476 1477 1478 1479 1478 1480 1477 1480 1478 1481 1482 1479 1479 1480 1481 1482 1483 1484 1483 1482 1481 1485 1484 1486 1483 1486 1484 1487 1488 1485 1485 1486 1487 1488 1489 1490 1489 1488 1487 1491 1490 1492 1489 1492 1490 1493 1494 1491 1491 1492 1493 1477 1476 1495 1495 1496 1497 1496 1495 1476 1498 1497 1499 1496 1499 1497 1500 1501 1498 1498 1499 1500 1501 1502 1503 1502 1501 1500 1504 1503 1505 1502 1505 1503 1506 1507 1504 1504 1505 1506 1507 1508 1509 1508 1507 1506 1508 1510 1509 1509 1510 1511</p>
        </triangles>
      </mesh>
    </geometry>
  </library_geometries>

  <library_visual_scenes>
    <visual_scene id="ID1">
      <node id="ID2" name="Drone Assembly (Base Only)">
        <node>
          <matrix>1 0 0 0.152821 0 1 0 0.152107 0 0 1 0.0777661 0 0 0 1</matrix>
          <instance_node url="#ID3"/>
        </node>
        <node>
          <matrix>1 0 0 -0.0481898 0 1 0 -0.0715311 0 0 1 0.0177661 0 0 0 1</matrix>
          <instance_node url="#ID3"/>
        </node>
        <node>
          <matrix>1 0 0 0.0160396 0 1 0 0.130495 0 0 1 0.0177661 0 0 0 1</matrix>
          <instance_node url="#ID11"/>
        </node>
        <node>
          <matrix>1 0 0 0.152821 0 1 0 0.152107 0 0 1 0.0177661 0 0 0 1</matrix>
          <instance_node url="#ID3"/>
        </node>
        <node>
          <matrix>1 0 0 0.0160396 0 1 0 -0.131844 0 0 1 0.0177661 0 0 0 1</matrix>
          <instance_node url="#ID11"/>
        </node>
        <node>
          <matrix>1 0 0 -0.152742 0 1 0 -0.153455 0 0 1 0.0177661 0 0 0 1</matrix>
          <instance_node url="#ID3"/>
        </node>
        <node>
          <matrix>1 0 0 0.152821 0 1 0 -0.153455 0 0 1 0.0177661 0 0 0 1</matrix>
          <instance_node url="#ID3"/>
        </node>
        <node>
          <matrix>1 0 0 0.132997 0 1 0 0.0153259 0 0 1 0.0177661 0 0 0 1</matrix>
          <instance_node url="#ID11"/>
        </node>
        <node>
          <matrix>1 0 0 0.000590224 0 1 0 -0.000670893 0 0 1 0.00776611 0 0 0 1</matrix>
          <instance_node url="#ID18"/>
        </node>
        <node>
          <matrix>1 0 0 3.96284e-05 0 1 0 -0.000674112 0 0 1 0.0677661 0 0 0 1</matrix>
          <instance_node url="#ID25"/>
        </node>
        <node>
          <matrix>1 0 0 -0.152742 0 1 0 0.152107 0 0 1 0.0177661 0 0 0 1</matrix>
          <instance_node url="#ID3"/>
        </node>
        <node>
          <matrix>1 0 0 0.0482691 0 1 0 -0.0715311 0 0 1 0.0177661 0 0 0 1</matrix>
          <instance_node url="#ID3"/>
        </node>
        <node>
          <matrix>1 0 0 0.152821 0 1 0 0.152107 0 0 1 -0.0922339 0 0 0 1</matrix>
          <instance_node url="#ID33"/>
        </node>
        <node>
          <matrix>1 0 0 -0.152742 0 1 0 0.152107 0 0 1 0.0777661 0 0 0 1</matrix>
          <instance_node url="#ID3"/>
        </node>
        <node>
          <matrix>1 0 0 -0.0159604 0 1 0 0.130495 0 0 1 0.0177661 0 0 0 1</matrix>
          <instance_node url="#ID11"/>
        </node>
        <node>
          <matrix>1 0 0 0.000590224 0 1 0 -0.000670893 0 0 1 0.127766 0 0 0 1</matrix>
          <instance_node url="#ID18"/>
        </node>
        <node>
          <matrix>1 0 0 -0.152742 0 1 0 -0.153455 0 0 1 -0.0922339 0 0 0 1</matrix>
          <instance_node url="#ID33"/>
        </node>
        <node>
          <matrix>1 0 0 -0.152742 0 1 0 0.152107 0 0 1 -0.0922339 0 0 0 1</matrix>
          <instance_node url="#ID33"/>
        </node>
        <node>
          <matrix>1 0 0 -7.14017e-05 0 1 0 -0.000598665 0 0 1 0.00776611 0 0 0 1</matrix>
          <instance_node url="#ID40"/>
        </node>
        <node>
          <matrix>1 0 0 0.132997 0 1 0 -0.0166741 0 0 1 0.0177661 0 0 0 1</matrix>
          <instance_node url="#ID11"/>
        </node>
        <node>
          <matrix>1 0 0 -0.0159604 0 1 0 -0.131844 0 0 1 0.0177661 0 0 0 1</matrix>
          <instance_node url="#ID11"/>
        </node>
        <node>
          <matrix>1 0 0 -0.132917 0 1 0 -0.0166741 0 0 1 0.0177661 0 0 0 1</matrix>
          <instance_node url="#ID11"/>
        </node>
        <node>
          <matrix>1 0 0 -0.0481898 0 1 0 0.0701829 0 0 1 0.0177661 0 0 0 1</matrix>
          <instance_node url="#ID3"/>
        </node>
        <node>
          <matrix>1 0 0 -0.132917 0 1 0 0.0153259 0 0 1 0.0177661 0 0 0 1</matrix>
          <instance_node url="#ID11"/>
        </node>
        <node>
          <matrix>1 0 0 0.0482691 0 1 0 0.0701829 0 0 1 0.0177661 0 0 0 1</matrix>
          <instance_node url="#ID3"/>
        </node>
        <node>
          <matrix>1 0 0 -0.152742 0 1 0 -0.153455 0 0 1 0.0777661 0 0 0 1</matrix>
          <instance_node url="#ID3"/>
        </node>
        <node>
          <matrix>1 0 0 0.152821 0 1 0 -0.153455 0 0 1 -0.0922339 0 0 0 1</matrix>
          <instance_node url="#ID33"/>
        </node>
        <node>
          <matrix>1 0 0 0.152821 0 1 0 -0.153455 0 0 1 0.0777661 0 0 0 1</matrix>
          <instance_node url="#ID3"/>
        </node>
      </node>
    </visual_scene>
  </library_visual_scenes>

  <scene>
    <instance_visual_scene url="#ID1"/>
  </scene>

  <library_nodes>
    <node id="ID3" name="Part 1">
      <instance_geometry url="#ID4">
        <bind_material>
          <technique_common>
            <instance_material symbol="ID10" target="#ID10"/>
          </technique_common>
        </bind_material>
      </instance_geometry>
    </node>
    <node id="ID11" name="Part 1">
      <instance_geometry url="#ID12">
        <bind_material>
          <technique_common>
            <instance_material symbol="ID10" target="#ID10"/>
          </technique_common>
        </bind_material>
      </instance_geometry>
    </node>
    <node id="ID18" name="Part 1">
      <instance_geometry url="#ID19">
        <bind_material>
          <technique_common>
            <instance_material symbol="ID10" target="#ID10"/>
          </technique_common>
        </bind_material>
      </instance_geometry>
    </node>
    <node id="ID25" name="Part 1">
      <instance_geometry url="#ID26">
        <bind_material>
          <technique_common>
            <instance_material symbol="ID32" target="#ID32"/>
          </technique_common>
        </bind_material>
      </instance_geometry>
    </node>
    <node id="ID33" name="Part 1">
      <instance_geometry url="#ID34">
        <bind_material>
          <technique_common>
            <instance_material symbol="ID10" target="#ID10"/>
          </technique_common>
        </bind_material>
      </instance_geometry>
    </node>
    <node id="ID40" name="Part 1">
      <instance_geometry url="#ID41">
        <bind_material>
          <technique_common>
            <instance_material symbol="ID10" target="#ID10"/>
          </technique_common>
        </bind_material>
      </instance_geometry>
    </node>
  </library_nodes>

</COLLADA>
