<?xml version="1.0" encoding="UTF-8" standalone="no" ?>
<COLLADA version="1.4.1" xmlns="http://www.collada.org/2005/11/COLLADASchema">

  <asset>
    <contributor>
      <authoring_tool>ONSHAPE BY PTC INC, 1.201</authoring_tool>
    </contributor>
    <created>2025-07-26T16:52:00</created>
    <modified>2025-07-26T16:52:00</modified>
    <unit meter="1" name="meters"/>
    <up_axis>Z_UP</up_axis>
  </asset>

  <library_materials>
    <material id="ID10" name="ID10">
      <instance_effect url="#ID10-fx"/>
    </material>
    <material id="ID25" name="ID25">
      <instance_effect url="#ID25-fx"/>
    </material>
    <material id="ID40" name="ID40">
      <instance_effect url="#ID40-fx"/>
    </material>
    <material id="ID48" name="ID48">
      <instance_effect url="#ID48-fx"/>
    </material>
    <material id="ID63" name="ID63">
      <instance_effect url="#ID63-fx"/>
    </material>
    <material id="ID71" name="ID71">
      <instance_effect url="#ID71-fx"/>
    </material>
  </library_materials>

  <library_effects>
    <effect id="ID10-fx" name="ID10">
      <profile_COMMON>
        <technique sid="COMMON">
          <lambert>
            <diffuse>
              <color sid="diffuse">0.0980392 0.0980392 0.0980392 1</color>
            </diffuse>
            <transparent opaque="A_ONE">
              <color sid="transparent">1 1 1 1</color>
            </transparent>
            <transparency>
              <float sid="transparency">1</float>
            </transparency>
          </lambert>
        </technique>
        <extra>
          <technique profile="OTHER">
            <double_sided>1</double_sided>
          </technique>
        </extra>
      </profile_COMMON>
    </effect>
    <effect id="ID25-fx" name="ID25">
      <profile_COMMON>
        <technique sid="COMMON">
          <lambert>
            <diffuse>
              <color sid="diffuse">1 1 1 1</color>
            </diffuse>
            <transparent opaque="A_ONE">
              <color sid="transparent">1 1 1 1</color>
            </transparent>
            <transparency>
              <float sid="transparency">1</float>
            </transparency>
          </lambert>
        </technique>
        <extra>
          <technique profile="OTHER">
            <double_sided>1</double_sided>
          </technique>
        </extra>
      </profile_COMMON>
    </effect>
    <effect id="ID40-fx" name="ID40">
      <profile_COMMON>
        <technique sid="COMMON">
          <lambert>
            <diffuse>
              <color sid="diffuse">0.298039 0.298039 0.298039 1</color>
            </diffuse>
            <transparent opaque="A_ONE">
              <color sid="transparent">1 1 1 1</color>
            </transparent>
            <transparency>
              <float sid="transparency">1</float>
            </transparency>
          </lambert>
        </technique>
        <extra>
          <technique profile="OTHER">
            <double_sided>1</double_sided>
          </technique>
        </extra>
      </profile_COMMON>
    </effect>
    <effect id="ID48-fx" name="ID48">
      <profile_COMMON>
        <technique sid="COMMON">
          <lambert>
            <diffuse>
              <color sid="diffuse">0.976471 0.796078 0.258824 1</color>
            </diffuse>
            <transparent opaque="A_ONE">
              <color sid="transparent">1 1 1 1</color>
            </transparent>
            <transparency>
              <float sid="transparency">1</float>
            </transparency>
          </lambert>
        </technique>
        <extra>
          <technique profile="OTHER">
            <double_sided>1</double_sided>
          </technique>
        </extra>
      </profile_COMMON>
    </effect>
    <effect id="ID63-fx" name="ID63">
      <profile_COMMON>
        <technique sid="COMMON">
          <lambert>
            <diffuse>
              <color sid="diffuse">0.180392 0.0784314 0 1</color>
            </diffuse>
            <transparent opaque="A_ONE">
              <color sid="transparent">1 1 1 1</color>
            </transparent>
            <transparency>
              <float sid="transparency">1</float>
            </transparency>
          </lambert>
        </technique>
        <extra>
          <technique profile="OTHER">
            <double_sided>1</double_sided>
          </technique>
        </extra>
      </profile_COMMON>
    </effect>
    <effect id="ID71-fx" name="ID71">
      <profile_COMMON>
        <technique sid="COMMON">
          <lambert>
            <diffuse>
              <color sid="diffuse">0.666667 0.666667 0.666667 1</color>
            </diffuse>
            <transparent opaque="A_ONE">
              <color sid="transparent">1 1 1 1</color>
            </transparent>
            <transparency>
              <float sid="transparency">1</float>
            </transparency>
          </lambert>
        </technique>
        <extra>
          <technique profile="OTHER">
            <double_sided>1</double_sided>
          </technique>
        </extra>
      </profile_COMMON>
    </effect>
  </library_effects>

  <library_geometries>
    <geometry id="ID4">
      <mesh>
        <source id="ID5">
          <float_array count="456" id="ID6">0 0.0085 0.0059 0.00571946 0.0085 -0.00144836 0.00540306 0.0085 -0.00237 0.00540306 0.0085 0.00237 0.00362386 0.0085 0.00465593 0.00434077 0.0085 0.00399596 0.00493928 0.0085 0.00322699 0.00571946 0.0085 0.00144836 0.00280809 0.0085 0.0051889 0.00191573 0.0085 0.00558032 0.00587985 0.0085 0.000487218 0.00587985 0.0085 -0.000487218 0.000971108 0.0085 0.00581953 -0.00280809 0.0085 0.0051889 -0.00191573 0.0085 0.00558032 0.00434077 0.0085 -0.00399596 0.00493928 0.0085 -0.00322699 -0.000971108 0.0085 0.00581953 0.00362386 0.0085 -0.00465593 0.00280809 0.0085 -0.0051889 -0.00362386 0.0085 0.00465593 -0.00540306 0.0085 0.00237 0.000971108 0.0085 -0.00581953 -7.22542e-19 0.0085 -0.0059 -0.00434077 0.0085 0.00399596 0.00191573 0.0085 -0.00558032 -0.00493928 0.0085 0.00322699 -0.00191573 0.0085 -0.00558032 -0.00280809 0.0085 -0.0051889 -0.00587985 0.0085 -0.000487218 -0.000971108 0.0085 -0.00581953 -0.00587985 0.0085 0.000487218 -0.00571946 0.0085 0.00144836 -0.00434077 0.0085 -0.00399596 -0.00493928 0.0085 -0.00322699 -0.00540306 0.0085 -0.00237 -0.00571946 0.0085 -0.00144836 -0.00362386 0.0085 -0.00465593 0 0.0113 0.0059 0.00540306 0.0113 -0.00237 0.00571946 0.0113 -0.00144836 0.00540306 0.0113 0.00237 0.00434077 0.0113 0.00399596 0.00362386 0.0113 0.00465593 0.00493928 0.0113 0.00322699 0.00280809 0.0113 0.0051889 0.00571946 0.0113 0.00144836 0.00191573 0.0113 0.00558032 0.00587985 0.0113 0.000487218 0.00587985 0.0113 -0.000487218 0.000971108 0.0113 0.00581953 -0.00280809 0.0113 0.0051889 0.00434077 0.0113 -0.00399596 -0.00191573 0.0113 0.00558032 -0.000971108 0.0113 0.00581953 0.00493928 0.0113 -0.00322699 0.00362386 0.0113 -0.00465593 -0.00362386 0.0113 0.00465593 0.00280809 0.0113 -0.0051889 -0.00540306 0.0113 0.00237 -1.89758e-18 0.0113 -0.0059 0.000971108 0.0113 -0.00581953 -0.00434077 0.0113 0.00399596 -0.00493928 0.0113 0.00322699 0.00191573 0.0113 -0.00558032 -0.00191573 0.0113 -0.00558032 -0.00587985 0.0113 -0.000487218 -0.00280809 0.0113 -0.0051889 -0.000971108 0.0113 -0.00581953 -0.00571946 0.0113 0.00144836 -0.00587985 0.0113 0.000487218 -0.00434077 0.0113 -0.00399596 -0.00540306 0.0113 -0.00237 -0.00493928 0.0113 -0.00322699 -0.00362386 0.0113 -0.00465593 -0.00571946 0.0113 -0.00144836 0.00587985 0.0085 -0.000487218 0.00587985 0.0113 0.000487218 0.00587985 0.0113 -0.000487218 -0.000971108 0.0113 0.00581953 0 0.0113 0.0059 0 0.0085 0.0059 0.00571946 0.0113 -0.00144836 0.00571946 0.0085 -0.00144836 0.00540306 0.0113 -0.00237 0.00540306 0.0085 -0.00237 0.00493928 0.0085 -0.00322699 0.00493928 0.0113 -0.00322699 0.00434077 0.0113 -0.00399596 0.00434077 0.0085 -0.00399596 0.00362386 0.0113 -0.00465593 0.00362386 0.0085 -0.00465593 0.00280809 0.0085 -0.0051889 0.00280809 0.0113 -0.0051889 0.00191573 0.0113 -0.00558032 0.00191573 0.0085 -0.00558032 0.000971108 0.0113 -0.00581953 0.000971108 0.0085 -0.00581953 -7.22542e-19 0.0085 -0.0059 -1.89758e-18 0.0113 -0.0059 0.00587985 0.0085 0.000487218 0.00571946 0.0113 0.00144836 0.00571946 0.0085 0.00144836 0.00540306 0.0085 0.00237 0.00540306 0.0113 0.00237 0.00493928 0.0085 0.00322699 0.00493928 0.0113 0.00322699 0.00434077 0.0113 0.00399596 0.00434077 0.0085 0.00399596 0.00362386 0.0085 0.00465593 0.00362386 0.0113 0.00465593 0.00280809 0.0085 0.0051889 0.00280809 0.0113 0.0051889 0.00191573 0.0113 0.00558032 0.00191573 0.0085 0.00558032 0.000971108 0.0085 0.00581953 0.000971108 0.0113 0.00581953 -0.00362386 0.0113 0.00465593 -0.00280809 0.0113 0.0051889 -0.00280809 0.0085 0.0051889 -0.00191573 0.0113 0.00558032 -0.000971108 0.0085 0.00581953 -0.00191573 0.0085 0.00558032 -0.00493928 0.0085 0.00322699 -0.00540306 0.0113 0.00237 -0.00493928 0.0113 0.00322699 -0.00362386 0.0085 0.00465593 -0.00434077 0.0085 0.00399596 -0.00434077 0.0113 0.00399596 -0.00587985 0.0113 0.000487218 -0.00587985 0.0085 0.000487218 -0.00587985 0.0113 -0.000487218 -0.00571946 0.0113 0.00144836 -0.00540306 0.0085 0.00237 -0.00571946 0.0085 0.00144836 -0.00493928 0.0113 -0.00322699 -0.00540306 0.0113 -0.00237 -0.00540306 0.0085 -0.00237 -0.00571946 0.0085 -0.00144836 -0.00571946 0.0113 -0.00144836 -0.00587985 0.0085 -0.000487218 -0.00362386 0.0085 -0.00465593 -0.00362386 0.0113 -0.00465593 -0.00434077 0.0085 -0.00399596 -0.00493928 0.0085 -0.00322699 -0.00434077 0.0113 -0.00399596 -0.00280809 0.0113 -0.0051889 -0.00280809 0.0085 -0.0051889 -0.00191573 0.0085 -0.00558032 -0.00191573 0.0113 -0.00558032 -0.000971108 0.0085 -0.00581953 -0.000971108 0.0113 -0.00581953</float_array>
          <technique_common>
            <accessor count="152" source="#ID6" stride="3">
              <param name="X" type="float"/>
              <param name="Y" type="float"/>
              <param name="Z" type="float"/>
            </accessor>
          </technique_common>
        </source>
        <source id="ID7">
          <float_array count="456" id="ID8">-0 -1 -0 -0 -1 -0 -0 -1 -0 -0 -1 -0 -0 -1 -0 -0 -1 -0 -0 -1 -0 -0 -1 -0 -0 -1 -0 -0 -1 -0 -0 -1 -0 -0 -1 -0 -0 -1 -0 -0 -1 -0 -0 -1 -0 -0 -1 -0 -0 -1 -0 -0 -1 -0 -0 -1 -0 -0 -1 -0 -0 -1 -0 -0 -1 -0 -0 -1 -0 -0 -1 -0 -0 -1 -0 -0 -1 -0 -0 -1 -0 -0 -1 -0 -0 -1 -0 -0 -1 -0 -0 -1 -0 -0 -1 -0 -0 -1 -0 -0 -1 -0 -0 -1 -0 -0 -1 -0 -0 -1 -0 -0 -1 -0 0 1 0 0 1 0 0 1 0 0 1 0 0 1 0 0 1 0 0 1 0 0 1 0 0 1 0 0 1 0 0 1 0 0 1 0 0 1 0 0 1 0 0 1 0 0 1 0 0 1 0 0 1 0 0 1 0 0 1 0 0 1 0 0 1 0 0 1 0 0 1 0 0 1 0 0 1 0 0 1 0 0 1 0 0 1 0 0 1 0 0 1 0 0 1 0 0 1 0 0 1 0 0 1 0 0 1 0 0 1 0 0 1 0 0.996584 0 -0.0825794 0.996584 0 0.0825794 0.996584 0 -0.0825794 -0.164595 0 0.986361 -8.74228e-08 0 1 -8.74228e-08 0 1 0.9694 0 -0.245485 0.9694 0 -0.245485 0.915773 0 -0.401695 0.915773 0 -0.401695 0.837166 0 -0.546948 0.837166 0 -0.546948 0.735724 0 -0.677282 0.735724 0 -0.677282 0.614213 0 -0.789141 0.614213 0 -0.789141 0.475947 0 -0.879474 0.475947 0 -0.879474 0.324699 0 -0.945817 0.324699 0 -0.945817 0.164595 0 -0.986361 0.164595 0 -0.986361 -1.37149e-11 0 -1 0 0 -1 0.996584 0 0.0825792 0.9694 0 0.245485 0.9694 0 0.245485 0.915773 0 0.401695 0.915773 0 0.401695 0.837166 0 0.546948 0.837166 0 0.546948 0.735724 0 0.677282 0.735724 0 0.677282 0.614213 0 0.78914 0.614213 0 0.789141 0.475947 0 0.879474 0.475947 0 0.879474 0.3247 0 0.945817 0.324699 0 0.945817 0.164595 0 0.986361 0.164595 0 0.986361 -0.614213 0 0.78914 -0.475947 0 0.879474 -0.475947 0 0.879474 -0.324699 0 0.945817 -0.164595 0 0.986361 -0.324699 0 0.945817 -0.837167 0 0.546948 -0.915773 0 0.401695 -0.837167 0 0.546948 -0.614213 0 0.78914 -0.735724 0 0.677282 -0.735724 0 0.677282 -0.996584 0 0.0825794 -0.996584 0 0.0825794 -0.996584 0 -0.0825794 -0.9694 0 0.245486 -0.915773 0 0.401695 -0.9694 0 0.245486 -0.837166 0 -0.546948 -0.915773 0 -0.401695 -0.915773 0 -0.401695 -0.9694 0 -0.245485 -0.9694 0 -0.245486 -0.996584 0 -0.0825794 -0.614213 0 -0.789141 -0.614213 0 -0.78914 -0.735724 0 -0.677282 -0.837166 0 -0.546948 -0.735724 0 -0.677282 -0.475948 0 -0.879474 -0.475947 0 -0.879474 -0.324699 0 -0.945817 -0.3247 0 -0.945817 -0.164595 0 -0.986361 -0.164595 0 -0.986361</float_array>
          <technique_common>
            <accessor count="152" source="#ID8" stride="3">
              <param name="X" type="float"/>
              <param name="Y" type="float"/>
              <param name="Z" type="float"/>
            </accessor>
          </technique_common>
        </source>
        <vertices id="ID9">
          <input semantic="POSITION" source="#ID5"/>
          <input semantic="NORMAL" source="#ID7"/>
        </vertices>
        <triangles count="148" material="ID10">
          <input offset="0" semantic="VERTEX" source="#ID9"/>
          <p>0 2 1 3 5 4 5 3 6 4 8 7 7 3 4 9 10 8 7 8 10 11 9 12 9 11 10 12 0 1 1 11 12 13 15 14 2 17 16 18 20 19 21 23 22 24 26 25 27 29 28 30 32 31 33 35 34 35 37 36 28 36 37 37 35 33 29 36 28 30 31 27 31 29 27 21 32 23 32 30 23 26 22 25 21 22 26 24 19 20 25 19 24 18 15 13 18 13 20 16 17 14 16 14 15 17 2 0 38 40 39 41 43 42 42 44 41 43 46 45 46 43 41 47 45 48 46 48 45 49 50 47 47 48 49 50 40 38 40 50 49 51 53 52 39 55 54 56 58 57 59 61 60 62 64 63 65 67 66 68 70 69 71 73 72 72 75 74 67 74 75 74 71 72 66 67 75 68 65 70 70 65 66 59 60 69 69 60 68 63 64 61 59 63 61 62 57 58 64 62 58 56 51 52 56 57 51 55 53 54 55 52 53 54 38 39 76 78 77 79 81 80 78 83 82 83 78 76 84 82 85 83 85 82 86 87 84 84 85 86 87 89 88 89 87 86 90 88 91 89 91 88 92 93 90 90 91 92 93 95 94 95 93 92 96 94 97 95 97 94 98 99 96 96 97 98 76 77 100 101 102 100 100 77 101 102 104 103 104 102 101 105 103 106 104 106 103 107 108 105 105 106 107 108 110 109 110 108 107 111 109 112 110 112 109 113 114 111 111 112 113 114 116 115 116 114 113 116 80 115 115 80 81 117 119 118 120 122 121 123 125 124 126 128 127 129 131 130 132 134 133 135 137 136 138 140 139 141 143 142 144 145 143 146 147 141 141 142 146 147 149 148 149 147 146 150 148 151 149 151 148 99 98 150 150 151 99 135 145 144 143 145 142 137 138 136 144 137 135 139 140 131 136 138 139 129 130 134 131 140 130 124 132 133 132 129 134 127 125 123 123 124 133 126 117 128 127 128 125 119 122 118 126 119 117 120 121 79 118 122 120 81 79 121</p>
        </triangles>
      </mesh>
    </geometry>
    <geometry id="ID12">
      <mesh>
        <source id="ID13">
          <float_array count="924" id="ID14">0.00111995 0.01515 -0.00165702 0.00139568 0.01515 -0.00192163 0.00107778 0.01515 -0.00211635 0.00234581 0.01515 0.000370823 0.00195511 0.01515 0.000421359 0.00225893 0.01515 0.000733193 0.00211643 0.01515 0.00107755 0.00185578 0.01515 0.000745713 0.00237494 0.01515 -6.32039e-07 0.0019982 0.01515 8.48824e-05 0.00192179 0.01515 0.00139541 0.00170306 0.01515 0.00104861 0.00234563 0.01515 -0.000372024 0.0019838 0.01515 -0.000254036 0.00125644 0.01515 0.00155607 0.0016798 0.01515 0.00167892 0.00150134 0.01515 0.00132135 0.00225862 0.01515 -0.000734216 0.00191233 0.01515 -0.000585646 0.00139641 0.01515 0.00192109 0.00097539 0.01515 0.00174603 0.00107859 0.01515 0.00211594 0.00211609 0.01515 -0.0010783 0.00178585 0.01515 -0.000900407 0.000338002 0.01515 0.00197123 0.000734184 0.01515 0.00225867 0.00066628 0.01515 0.00188575 0 0.01515 0.002 -0.000338002 0.01515 0.00197123 -0.000371674 0.01515 0.00234574 -7.2429e-07 0.01515 -0.00237495 0.000169612 0.01515 -0.00199279 0.000370861 0.01515 -0.00234583 -0.000823802 0.01515 -0.00182246 -0.000734585 0.01515 -0.00225848 -0.00107879 0.01515 -0.00211578 -0.00167882 0.01515 0.00167986 -0.00150134 0.01515 0.00132135 -0.00192094 0.01515 0.00139656 -0.00167963 0.01515 -0.00167907 -0.0019215 0.01515 -0.00139583 -0.00160799 0.01515 -0.00118927 -0.00195511 0.01515 0.000421359 -0.00234565 0.01515 0.000372083 -0.00225853 0.01515 0.000734523 -0.00211616 0.01515 -0.00107818 -0.00225882 0.01515 -0.000733732 -0.00178585 0.01515 -0.000900407 -0.0023458 0.01515 -0.000371206 -0.00191233 0.01515 -0.000585646 -0.0019838 0.01515 -0.000254036 -0.00237499 0.01515 4.53416e-07 -0.00138388 0.01515 -0.00144391 -0.00139641 0.01515 -0.00192104 -0.0019982 0.01515 8.48824e-05 -0.00111995 0.01515 -0.00165702 -0.00211578 0.01515 0.00107884 -0.00170306 0.01515 0.00104861 -0.00185578 0.01515 0.000745713 -0.000169612 0.01515 -0.00199279 -0.000372257 0.01515 -0.00234559 -0.000503956 0.01515 -0.00193547 -0.00097539 0.01515 0.00174603 -0.0013954 0.01515 0.00192177 -0.00107767 0.01515 0.00211636 -0.00125644 0.01515 0.00155607 0.000733342 0.01515 -0.00225892 0.000823802 0.01515 -0.00182246 0.000503956 0.01515 -0.00193547 -0.000733469 0.01515 0.00225885 -0.00066628 0.01515 0.00188575 0.00167921 0.01515 -0.00167954 0.00160799 0.01515 -0.00118927 0.00192136 0.01515 -0.00139607 0.00138388 0.01515 -0.00144391 0 0.01515 0.002375 0.000371674 0.01515 0.00234574 0.00111995 0.0113 -0.00165702 0.00107879 0.0113 -0.00211578 0.00139641 0.0113 -0.00192104 0.00234565 0.0113 0.000372083 0.00225853 0.0113 0.000734523 0.00195511 0.0113 0.000421359 0.00211578 0.0113 0.00107884 0.00185578 0.0113 0.000745713 0.00237499 0.0113 4.53416e-07 0.0019982 0.0113 8.48824e-05 0.00192094 0.0113 0.00139656 0.00170306 0.0113 0.00104861 0.0023458 0.0113 -0.000371206 0.0019838 0.0113 -0.000254036 0.00125644 0.0113 0.00155607 0.00150134 0.0113 0.00132135 0.00167882 0.0113 0.00167986 0.00191233 0.0113 -0.000585646 0.00225882 0.0113 -0.000733732 0.0013954 0.0113 0.00192177 0.00107767 0.0113 0.00211636 0.00097539 0.0113 0.00174603 0.00178585 0.0113 -0.000900407 0.00211616 0.0113 -0.00107818 0.000338002 0.0113 0.00197123 0.00066628 0.0113 0.00188575 0.000733469 0.0113 0.00225885 0 0.0113 0.002 -0.000371674 0.0113 0.00234574 -0.000338002 0.0113 0.00197123 7.2429e-07 0.0113 -0.00237495 0.000372257 0.0113 -0.00234559 0.000169612 0.0113 -0.00199279 -0.000823802 0.0113 -0.00182246 -0.00107778 0.0113 -0.00211635 -0.000733342 0.0113 -0.00225892 -0.0016798 0.0113 0.00167892 -0.00192179 0.0113 0.00139541 -0.00150134 0.0113 0.00132135 -0.00167921 0.0113 -0.00167954 -0.00160799 0.0113 -0.00118927 -0.00192136 0.0113 -0.00139607 -0.00195511 0.0113 0.000421359 -0.00225893 0.0113 0.000733193 -0.00234581 0.0113 0.000370823 -0.00211609 0.0113 -0.0010783 -0.00178585 0.0113 -0.000900407 -0.00225862 0.0113 -0.000734216 -0.00191233 0.0113 -0.000585646 -0.00234563 0.0113 -0.000372024 -0.0019838 0.0113 -0.000254036 -0.00237494 0.0113 -6.32039e-07 -0.00138388 0.0113 -0.00144391 -0.00139568 0.0113 -0.00192163 -0.0019982 0.0113 8.48824e-05 -0.00111995 0.0113 -0.00165702 -0.00211643 0.0113 0.00107755 -0.00170306 0.0113 0.00104861 -0.00185578 0.0113 0.000745713 -0.000169612 0.0113 -0.00199279 -0.000370861 0.0113 -0.00234583 -0.000503956 0.0113 -0.00193547 -0.00097539 0.0113 0.00174603 -0.00107859 0.0113 0.00211594 -0.00139641 0.0113 0.00192109 -0.00125644 0.0113 0.00155607 0.000823802 0.0113 -0.00182246 0.000734585 0.0113 -0.00225848 0.000503956 0.0113 -0.00193547 -0.000734184 0.0113 0.00225867 -0.00066628 0.0113 0.00188575 0.00167963 0.0113 -0.00167907 0.0019215 0.0113 -0.00139583 0.00160799 0.0113 -0.00118927 0.00138388 0.0113 -0.00144391 0 0.0113 0.002375 0.000371674 0.0113 0.00234574 0.000338002 0.0113 0.00197123 0 0.0113 0.002 0 0.01515 0.002 0.00125644 0.0113 0.00155607 0.00097539 0.0113 0.00174603 0.00097539 0.01515 0.00174603 0.00066628 0.0113 0.00188575 0.000338002 0.01515 0.00197123 0.00066628 0.01515 0.00188575 0.00170306 0.01515 0.00104861 0.00185578 0.0113 0.000745713 0.00170306 0.0113 0.00104861 0.00125644 0.01515 0.00155607 0.00150134 0.01515 0.00132135 0.00150134 0.0113 0.00132135 0.0019982 0.0113 8.48824e-05 0.0019982 0.01515 8.48824e-05 0.0019838 0.0113 -0.000254036 0.00195511 0.0113 0.000421359 0.00185578 0.01515 0.000745713 0.00195511 0.01515 0.000421359 0.00160799 0.0113 -0.00118927 0.00178585 0.0113 -0.000900407 0.00178585 0.01515 -0.000900407 0.00191233 0.01515 -0.000585646 0.00191233 0.0113 -0.000585646 0.0019838 0.01515 -0.000254036 0.00111995 0.01515 -0.00165702 0.000823802 0.0113 -0.00182246 0.00111995 0.0113 -0.00165702 0.00160799 0.01515 -0.00118927 0.00138388 0.01515 -0.00144391 0.00138388 0.0113 -0.00144391 0.000169612 0.0113 -0.00199279 0.000169612 0.01515 -0.00199279 -0.000169612 0.0113 -0.00199279 0.000503956 0.0113 -0.00193547 0.000823802 0.01515 -0.00182246 0.000503956 0.01515 -0.00193547 -0.00111995 0.0113 -0.00165702 -0.000823802 0.0113 -0.00182246 -0.000823802 0.01515 -0.00182246 -0.000503956 0.01515 -0.00193547 -0.000503956 0.0113 -0.00193547 -0.000169612 0.01515 -0.00199279 -0.00160799 0.01515 -0.00118927 -0.00178585 0.0113 -0.000900407 -0.00160799 0.0113 -0.00118927 -0.00111995 0.01515 -0.00165702 -0.00138388 0.01515 -0.00144391 -0.00138388 0.0113 -0.00144391 -0.0019838 0.0113 -0.000254036 -0.0019838 0.01515 -0.000254036 -0.0019982 0.0113 8.48824e-05 -0.00191233 0.0113 -0.000585646 -0.00178585 0.01515 -0.000900407 -0.00191233 0.01515 -0.000585646 -0.0019982 0.01515 8.48824e-05 -0.00195511 0.01515 0.000421359 -0.00195511 0.0113 0.000421359 -0.00185578 0.01515 0.000745713 -0.00185578 0.0113 0.000745713 -0.00170306 0.0113 0.00104861 -0.00170306 0.01515 0.00104861 -0.00150134 0.01515 0.00132135 -0.00150134 0.0113 0.00132135 -0.00125644 0.01515 0.00155607 -0.00125644 0.0113 0.00155607 -0.00097539 0.0113 0.00174603 -0.00097539 0.01515 0.00174603 -0.00066628 0.01515 0.00188575 -0.00066628 0.0113 0.00188575 -0.000338002 0.01515 0.00197123 -0.000338002 0.0113 0.00197123 7.2429e-07 0.0113 -0.00237495 -7.2429e-07 0.01515 -0.00237495 0.000370861 0.01515 -0.00234583 0.000733342 0.01515 -0.00225892 0.000372257 0.0113 -0.00234559 0.00107778 0.01515 -0.00211635 0.000734585 0.0113 -0.00225848 0.00107879 0.0113 -0.00211578 0.00139568 0.01515 -0.00192163 0.00167921 0.01515 -0.00167954 0.00139641 0.0113 -0.00192104 0.00192136 0.01515 -0.00139607 0.00167963 0.0113 -0.00167907 0.0019215 0.0113 -0.00139583 0.00211609 0.01515 -0.0010783 0.00225862 0.01515 -0.000734216 0.00211616 0.0113 -0.00107818 0.00234563 0.01515 -0.000372024 0.00225882 0.0113 -0.000733732 0.0023458 0.0113 -0.000371206 0.00237494 0.01515 -6.32039e-07 0.00234581 0.01515 0.000370823 0.00237499 0.0113 4.53416e-07 0.00225893 0.01515 0.000733193 0.00234565 0.0113 0.000372083 0.00225853 0.0113 0.000734523 0.00211643 0.01515 0.00107755 0.00192179 0.01515 0.00139541 0.00211578 0.0113 0.00107884 0.0016798 0.01515 0.00167892 0.00192094 0.0113 0.00139656 0.00167882 0.0113 0.00167986 0.00139641 0.01515 0.00192109 0.00107859 0.01515 0.00211594 0.0013954 0.0113 0.00192177 0.000734184 0.01515 0.00225867 0.00107767 0.0113 0.00211636 0.000733469 0.0113 0.00225885 0.000371674 0.01515 0.00234574 0 0.01515 0.002375 0.000371674 0.0113 0.00234574 0 0.0113 0.002375 -0.000370861 0.0113 -0.00234583 -0.000372257 0.01515 -0.00234559 -0.000733342 0.0113 -0.00225892 -0.00107778 0.0113 -0.00211635 -0.000734585 0.01515 -0.00225848 -0.00139568 0.0113 -0.00192163 -0.00107879 0.01515 -0.00211578 -0.00139641 0.01515 -0.00192104 -0.00167921 0.0113 -0.00167954 -0.00192136 0.0113 -0.00139607 -0.00167963 0.01515 -0.00167907 -0.00211609 0.0113 -0.0010783 -0.0019215 0.01515 -0.00139583 -0.00211616 0.01515 -0.00107818 -0.00225862 0.0113 -0.000734216 -0.00234563 0.0113 -0.000372024 -0.00225882 0.01515 -0.000733732 -0.00237494 0.0113 -6.32039e-07 -0.0023458 0.01515 -0.000371206 -0.00237499 0.01515 4.53416e-07 -0.00234581 0.0113 0.000370823 -0.00225893 0.0113 0.000733193 -0.00234565 0.01515 0.000372083 -0.00211643 0.0113 0.00107755 -0.00225853 0.01515 0.000734523 -0.00211578 0.01515 0.00107884 -0.00192179 0.0113 0.00139541 -0.0016798 0.0113 0.00167892 -0.00192094 0.01515 0.00139656 -0.00139641 0.0113 0.00192109 -0.00167882 0.01515 0.00167986 -0.0013954 0.01515 0.00192177 -0.00107859 0.0113 0.00211594 -0.000734184 0.0113 0.00225867 -0.00107767 0.01515 0.00211636 -0.000371674 0.0113 0.00234574 -0.000733469 0.01515 0.00225885 -0.000371674 0.01515 0.00234574</float_array>
          <technique_common>
            <accessor count="308" source="#ID14" stride="3">
              <param name="X" type="float"/>
              <param name="Y" type="float"/>
              <param name="Z" type="float"/>
            </accessor>
          </technique_common>
        </source>
        <source id="ID15">
          <float_array count="924" id="ID16">0 1 0 0 1 0 0 1 0 0 1 0 0 1 0 0 1 0 0 1 0 0 1 0 0 1 0 0 1 0 0 1 0 0 1 0 0 1 0 0 1 0 0 1 0 0 1 0 0 1 0 0 1 0 0 1 0 0 1 0 0 1 0 0 1 0 0 1 0 0 1 0 0 1 0 0 1 0 0 1 0 0 1 0 0 1 0 0 1 0 0 1 0 0 1 0 0 1 0 0 1 0 0 1 0 0 1 0 0 1 0 0 1 0 0 1 0 0 1 0 0 1 0 0 1 0 0 1 0 0 1 0 0 1 0 0 1 0 0 1 0 0 1 0 0 1 0 0 1 0 0 1 0 0 1 0 0 1 0 0 1 0 0 1 0 0 1 0 0 1 0 0 1 0 0 1 0 0 1 0 0 1 0 0 1 0 0 1 0 0 1 0 0 1 0 0 1 0 0 1 0 0 1 0 0 1 0 0 1 0 0 1 0 0 1 0 0 1 0 0 1 0 0 1 0 0 1 0 0 1 0 -0 -1 -0 -0 -1 -0 -0 -1 -0 -0 -1 -0 -0 -1 -0 -0 -1 -0 -0 -1 -0 -0 -1 -0 -0 -1 -0 -0 -1 -0 -0 -1 -0 -0 -1 -0 -0 -1 -0 -0 -1 -0 -0 -1 -0 -0 -1 -0 -0 -1 -0 -0 -1 -0 -0 -1 -0 -0 -1 -0 -0 -1 -0 -0 -1 -0 -0 -1 -0 -0 -1 -0 -0 -1 -0 -0 -1 -0 -0 -1 -0 -0 -1 -0 -0 -1 -0 -0 -1 -0 -0 -1 -0 -0 -1 -0 -0 -1 -0 -0 -1 -0 -0 -1 -0 -0 -1 -0 -0 -1 -0 -0 -1 -0 -0 -1 -0 -0 -1 -0 -0 -1 -0 -0 -1 -0 -0 -1 -0 -0 -1 -0 -0 -1 -0 -0 -1 -0 -0 -1 -0 -0 -1 -0 -0 -1 -0 -0 -1 -0 -0 -1 -0 -0 -1 -0 -0 -1 -0 -0 -1 -0 -0 -1 -0 -0 -1 -0 -0 -1 -0 -0 -1 -0 -0 -1 -0 -0 -1 -0 -0 -1 -0 -0 -1 -0 -0 -1 -0 -0 -1 -0 -0 -1 -0 -0 -1 -0 -0 -1 -0 -0 -1 -0 -0 -1 -0 -0 -1 -0 -0 -1 -0 -0 -1 -0 -0 -1 -0 -0 -1 -0 -0 -1 -0 -0 -1 -0 -0 -1 -0 -0.169001 -0 -0.985616 -9.9787e-23 -0 -1 1.37186e-11 0 -1 -0.62822 -0 -0.778036 -0.487695 -0 -0.873014 -0.487695 -0 -0.873014 -0.33314 -0 -0.942877 -0.169001 -0 -0.985616 -0.33314 -0 -0.942877 -0.851529 -0 -0.524307 -0.927889 -0 -0.372856 -0.851529 -0 -0.524307 -0.62822 -0 -0.778036 -0.750672 -0 -0.660675 -0.750672 -0 -0.660675 -0.999099 -0 -0.0424412 -0.999099 -0 -0.0424412 -0.9919 0 0.127018 -0.977555 -0 -0.210679 -0.927889 -0 -0.372857 -0.977555 -0 -0.210679 -0.803997 0 0.594633 -0.892926 0 0.450204 -0.892926 0 0.450204 -0.956167 0 0.292823 -0.956167 0 0.292823 -0.9919 0 0.127018 -0.559975 0 0.82851 -0.411901 0 0.911229 -0.559975 0 0.82851 -0.803997 0 0.594633 -0.691939 0 0.721956 -0.691939 0 0.721956 -0.0848059 0 0.996397 -0.0848059 0 0.996397 0.0848059 0 0.996397 -0.251978 0 0.967733 -0.411901 0 0.911228 -0.251978 0 0.967733 0.559975 0 0.82851 0.411901 0 0.911228 0.411901 0 0.911228 0.251978 0 0.967733 0.251978 0 0.967733 0.0848059 0 0.996397 0.803997 0 0.594633 0.892926 0 0.450204 0.803997 0 0.594633 0.559975 0 0.82851 0.691939 0 0.721956 0.691939 0 0.721956 0.9919 0 0.127018 0.9919 0 0.127018 0.999099 0 -0.0424415 0.956167 0 0.292823 0.892926 0 0.450204 0.956167 0 0.292823 0.999099 0 -0.042441 0.977555 0 -0.210679 0.977555 0 -0.210679 0.927889 0 -0.372857 0.927889 0 -0.372856 0.851529 0 -0.524307 0.851529 0 -0.524307 0.750672 0 -0.660675 0.750672 0 -0.660675 0.62822 0 -0.778036 0.62822 0 -0.778036 0.487695 0 -0.873014 0.487695 0 -0.873014 0.33314 0 -0.942877 0.33314 0 -0.942877 0.169001 0 -0.985616 0.169001 0 -0.985616 -8.74228e-08 0 -1 -8.74228e-08 0 -1 0.156434 0 -0.987688 0.309017 0 -0.951056 0.156434 0 -0.987688 0.453991 0 -0.891006 0.309017 0 -0.951056 0.45399 0 -0.891007 0.587785 0 -0.809017 0.707107 0 -0.707107 0.587785 0 -0.809017 0.809017 0 -0.587785 0.707107 0 -0.707107 0.809017 0 -0.587785 0.891007 0 -0.45399 0.951057 0 -0.309017 0.891007 0 -0.45399 0.987688 0 -0.156435 0.951056 0 -0.309017 0.987688 0 -0.156434 1 0 -4.37114e-08 0.987688 0 0.156434 1 0 -4.37114e-08 0.951056 0 0.309017 0.987688 0 0.156434 0.951057 0 0.309017 0.891007 0 0.453991 0.809017 0 0.587785 0.891007 0 0.453991 0.707107 0 0.707107 0.809017 0 0.587785 0.707107 0 0.707107 0.587785 0 0.809017 0.453991 0 0.891007 0.587785 0 0.809017 0.309017 0 0.951057 0.453991 0 0.891007 0.309017 0 0.951057 0.156434 0 0.987688 -1.37194e-11 0 1 0.156434 0 0.987688 -1.49853e-22 0 1 -0.156434 0 -0.987688 -0.156434 0 -0.987688 -0.309017 0 -0.951057 -0.453991 0 -0.891007 -0.309017 0 -0.951056 -0.587785 0 -0.809017 -0.453991 0 -0.891007 -0.587785 0 -0.809017 -0.707107 0 -0.707107 -0.809017 0 -0.587785 -0.707107 0 -0.707107 -0.891007 0 -0.45399 -0.809017 0 -0.587785 -0.891007 0 -0.45399 -0.951056 0 -0.309017 -0.987688 0 -0.156435 -0.951056 0 -0.309017 -1 0 1.19249e-08 -0.987688 0 -0.156435 -1 0 1.19249e-08 -0.987688 0 0.156435 -0.951056 0 0.309017 -0.987688 0 0.156435 -0.891007 0 0.45399 -0.951056 0 0.309017 -0.891006 0 0.453991 -0.809017 0 0.587785 -0.707107 0 0.707107 -0.809017 0 0.587785 -0.587785 0 0.809017 -0.707107 0 0.707107 -0.587785 0 0.809017 -0.453991 0 0.891007 -0.309017 0 0.951057 -0.453991 0 0.891007 -0.156434 0 0.987688 -0.309017 0 0.951057 -0.156435 0 0.987688</float_array>
          <technique_common>
            <accessor count="308" source="#ID16" stride="3">
              <param name="X" type="float"/>
              <param name="Y" type="float"/>
              <param name="Z" type="float"/>
            </accessor>
          </technique_common>
        </source>
        <vertices id="ID17">
          <input semantic="POSITION" source="#ID13"/>
          <input semantic="NORMAL" source="#ID15"/>
        </vertices>
        <triangles count="308" material="ID10">
          <input offset="0" semantic="VERTEX" source="#ID17"/>
          <p>0 1 2 3 4 5 6 5 7 8 9 3 10 6 11 12 13 8 14 15 16 12 17 18 19 20 21 17 22 23 24 25 26 16 15 10 27 28 29 30 31 32 33 34 35 36 37 38 39 40 41 42 43 44 45 46 47 46 48 49 50 48 51 40 45 47 52 53 39 51 43 54 55 35 53 56 38 57 56 58 44 59 30 60 34 61 60 62 63 64 36 63 65 2 66 67 32 68 66 69 29 28 69 28 70 71 72 73 74 71 1 73 23 22 29 75 27 27 75 76 70 62 64 70 64 69 62 65 63 65 37 36 37 57 38 57 58 56 58 42 44 42 54 43 54 50 51 50 49 48 49 47 46 47 41 40 41 52 39 52 55 53 55 33 35 33 61 34 61 59 60 59 31 30 31 68 32 68 67 66 67 0 2 0 74 1 74 72 71 72 23 73 23 18 17 18 13 12 13 9 8 9 4 3 4 7 5 7 11 6 11 16 10 14 19 15 20 26 21 14 20 19 25 24 76 21 26 25 27 76 24 77 78 79 80 81 82 83 84 81 85 80 86 87 88 83 89 85 90 91 92 93 89 94 95 96 97 98 95 99 100 101 102 103 92 87 93 104 105 106 107 108 109 110 111 112 113 114 115 116 117 118 119 120 121 122 123 124 124 125 126 127 128 126 118 123 122 129 116 130 128 131 121 132 130 111 133 134 114 133 120 135 136 137 107 112 137 138 139 140 141 113 142 141 78 143 144 108 144 145 146 106 105 146 147 106 148 149 150 151 79 148 149 100 99 105 104 152 104 153 152 147 140 139 147 146 140 139 141 142 142 113 115 115 114 134 134 133 135 135 120 119 119 121 131 131 128 127 127 126 125 125 124 123 123 118 117 117 116 129 129 130 132 132 111 110 110 112 138 138 137 136 136 107 109 109 108 145 145 144 143 143 78 77 77 79 151 151 148 150 150 149 99 99 95 94 94 89 90 90 85 86 86 80 82 82 81 84 84 83 88 88 87 92 91 93 96 98 97 102 91 96 98 103 153 101 97 103 102 104 101 153 154 155 156 157 158 159 160 161 162 163 164 165 166 167 168 169 170 171 172 173 174 175 176 177 178 179 180 181 182 183 184 185 186 187 188 189 190 191 192 193 194 195 196 197 198 199 200 201 202 203 204 205 206 207 208 209 210 211 212 213 213 207 211 214 215 212 213 212 215 216 214 217 214 216 215 217 218 219 219 216 217 220 221 218 219 218 221 222 220 223 220 222 221 223 224 225 225 222 223 226 227 224 225 224 227 155 226 156 226 155 227 206 205 210 207 206 211 200 209 208 208 210 205 203 199 201 199 209 200 202 204 193 203 201 204 195 194 196 202 193 195 197 189 198 194 197 196 187 192 188 189 188 198 182 191 190 190 192 187 185 181 183 181 191 182 184 186 175 185 183 186 177 176 178 184 175 177 179 171 180 176 179 178 169 174 170 171 170 180 164 173 172 172 174 169 167 163 165 163 173 164 166 168 157 167 165 168 159 158 162 166 157 159 160 154 161 158 160 162 156 161 154 228 229 230 231 232 230 228 230 232 231 233 234 234 232 231 235 233 236 233 235 234 237 238 236 235 236 238 237 239 240 240 238 237 241 239 242 239 241 240 243 244 242 241 242 244 243 245 246 246 244 243 247 245 248 245 247 246 249 250 248 247 248 250 249 251 252 252 250 249 253 251 254 251 253 252 255 256 254 253 254 256 255 257 258 258 256 255 259 257 260 257 259 258 261 262 260 259 260 262 261 263 264 264 262 261 265 263 266 263 265 264 267 268 266 265 266 268 269 268 267 270 229 228 271 270 272 270 271 229 273 274 272 271 272 274 273 275 276 276 274 273 277 275 278 275 277 276 279 280 278 277 278 280 279 281 282 282 280 279 283 281 284 281 283 282 285 286 284 283 284 286 285 287 288 288 286 285 289 287 290 287 289 288 291 292 290 289 290 292 291 293 294 294 292 291 295 293 296 293 295 294 297 298 296 295 296 298 297 299 300 300 298 297 301 299 302 299 301 300 303 304 302 301 302 304 303 305 306 306 304 303 307 305 269 305 307 306 307 269 267</p>
        </triangles>
      </mesh>
    </geometry>
    <geometry id="ID19">
      <mesh>
        <source id="ID20">
          <float_array count="1056" id="ID21">-0.00184783 0.01515 -0.00149202 -0.0015691 0.01515 -0.00178285 -0.00124523 0.01515 -0.00202238 0.00216417 0.01515 -0.000978265 -0.000885534 0.01515 0.00220374 -0.00124523 0.01515 0.00202238 -0.000885534 0.01515 -0.00220374 -0.00207341 0.01515 -0.00115828 -0.00223933 0.01515 -0.000791207 -0.000500363 0.01515 -0.00232169 -0.00234084 0.01515 -0.000401377 -0.000100798 0.01515 -0.00237286 -0.002375 0.01515 0 0.000695454 0.01515 -0.0022709 -0.00223933 0.01515 0.000791207 -0.00234084 0.01515 0.000401377 0.000301667 0.01515 -0.00235576 -0.0015691 0.01515 0.00178285 -0.00184783 0.01515 0.00149202 0.00171465 0.01515 -0.00164335 -0.00207341 0.01515 0.00115828 0.00106923 0.01515 -0.0021207 0.00141225 0.01515 -0.00190949 0.00229837 0.01515 -0.000598448 -0.000500363 0.01515 0.00232169 0.00196771 0.01515 -0.00132994 0.00229837 0.01515 0.000598448 0.000695454 0.01515 0.0022709 0.000301667 0.01515 0.00235576 0.00236644 0.01515 0.000201414 -0.000100798 0.01515 0.00237286 0.00236644 0.01515 -0.000201414 0.00196771 0.01515 0.00132994 0.00171465 0.01515 0.00164335 0.00141225 0.01515 0.00190949 0.00106923 0.01515 0.0021207 0.00216417 0.01515 0.000978265 0.00296407 0.0157953 -0.00160407 0.00318767 0.0157953 -0.00109433 0.00436528 0.0151573 -0.00236237 0.00134501 0.0161934 -0.00104686 0.00228263 0.0157953 -0.00247959 0.00115436 0.0161934 -0.00125397 0.00469458 0.0151573 -0.00161165 0.00332431 0.0157953 -0.000554729 0.00489582 0.0151573 -0.000816968 0.00636203 0.0143 -0.00106164 0.00610052 0.0143 -0.00209431 0.00526935 0.0150033 -2.63622e-13 0.00271264 0.0159834 -2.41862e-13 0.00402038 0.0155664 -2.79422e-13 0.00645 0.0143 7.89249e-13 0.00265962 0.0157953 -0.00207007 0.00149897 0.0161934 -0.000811204 0.00161205 0.0161934 -0.000553418 0.000932218 0.0161934 -0.00142687 0.00184337 0.0157953 -0.00282148 0.000684649 0.0161934 -0.00156084 0.000827354 0.0157953 -0.00326715 0.000418405 0.0161934 -0.00165225 0.00135382 0.0157953 -0.00308641 -9.9248e-18 0.0163307 1.06677e-18 0.00168115 0.0161934 -0.000280535 0.000140748 0.0161934 -0.00169858 0.000278315 0.0157953 -0.00335877 -0.000278315 0.0157953 -0.00335877 -0.00149897 0.0161934 -0.000811204 -0.00134501 0.0161934 -0.00104686 -0.000684649 0.0161934 -0.00156084 -0.000932218 0.0161934 -0.00142687 -0.00168115 0.0161934 -0.000280535 -0.00332431 0.0157953 -0.000554729 -0.00270855 0.0159859 -2.41983e-13 -0.00526935 0.0150033 -2.63636e-13 -0.00401629 0.0155689 -2.79949e-13 -0.00489582 0.0151573 -0.000816968 -0.00318767 0.0157953 -0.00109433 -0.00161205 0.0161934 -0.000553418 -0.00645 0.0143 1.95665e-13 -0.00636203 0.0143 -0.00106164 -0.000140748 0.0161934 -0.00169858 -0.000418405 0.0161934 -0.00165225 -0.00115436 0.0161934 -0.00125397 0.0013666 0.0162417 -1.48754e-13 -0.000827354 0.0157953 -0.00326715 -0.00135382 0.0157953 -0.00308641 -0.00184337 0.0157953 -0.00282148 -0.00228263 0.0157953 -0.00247959 -0.00265962 0.0157953 -0.00207007 -0.00296407 0.0157953 -0.00160407 -0.0013666 0.0162417 -1.48757e-13 0.00391691 0.0151573 -0.00304865 0.0033617 0.0151573 -0.00365178 0.00271479 0.0151573 -0.00415529 0.00199382 0.0151573 -0.00454546 0.00121847 0.0151573 -0.00481163 0.000409884 0.0151573 -0.00494656 -0.000409884 0.0151573 -0.00494656 -0.00121847 0.0151573 -0.00481163 -0.00199382 0.0151573 -0.00454546 -0.00271479 0.0151573 -0.00415529 -0.0033617 0.0151573 -0.00365178 -0.00391691 0.0151573 -0.00304865 -0.00436528 0.0151573 -0.00236237 -0.00469458 0.0151573 -0.00161165 0.00567261 0.0143 -0.00306986 0.00508996 0.0143 -0.00396167 0.00436847 0.0143 -0.00474542 0.00352782 0.0143 -0.00539972 0.00259094 0.0143 -0.00590674 0.00158338 0.0143 -0.00625263 0.000532637 0.0143 -0.00642797 -0.000532637 0.0143 -0.00642797 -0.00158338 0.0143 -0.00625263 -0.00259094 0.0143 -0.00590674 -0.00352782 0.0143 -0.00539972 -0.00436847 0.0143 -0.00474542 -0.00508996 0.0143 -0.00396167 -0.00567261 0.0143 -0.00306986 -0.00610052 0.0143 -0.00209431 0.00567261 0.0143 0.00306986 0.00508996 0.0143 0.00396167 0.00196771 0.0143 0.00132994 -0.00158338 0.0143 0.00625263 -0.000885534 0.0143 0.00220374 -0.000500363 0.0143 0.00232169 0.000532637 0.0143 0.00642797 -0.000532637 0.0143 0.00642797 -0.000100798 0.0143 0.00237286 -0.00352782 0.0143 0.00539972 -0.00124523 0.0143 0.00202238 -0.00259094 0.0143 0.00590674 0.00158338 0.0143 0.00625263 0.000301667 0.0143 0.00235576 0.000695454 0.0143 0.0022709 -0.0015691 0.0143 0.00178285 -0.00436847 0.0143 0.00474542 -0.00184783 0.0143 0.00149202 0.00106923 0.0143 0.0021207 0.00352782 0.0143 0.00539972 0.00259094 0.0143 0.00590674 -0.00567261 0.0143 0.00306986 -0.00207341 0.0143 0.00115828 -0.00508996 0.0143 0.00396167 0.00141225 0.0143 0.00190949 0.00436847 0.0143 0.00474542 -0.00223933 0.0143 0.000791207 -0.00610052 0.0143 0.00209431 0.00171465 0.0143 0.00164335 0.00636203 0.0143 0.00106164 0.00236644 0.0143 0.000201414 0.00645 0.0143 7.89249e-13 0.00216417 0.0143 0.000978265 0.00610052 0.0143 0.00209431 0.00229837 0.0143 -0.000598448 0.00610052 0.0143 -0.00209431 0.00636203 0.0143 -0.00106164 0.00171465 0.0143 -0.00164335 0.00436847 0.0143 -0.00474542 0.00508996 0.0143 -0.00396167 -0.00223933 0.0143 -0.000791207 -0.00567261 0.0143 -0.00306986 -0.00207341 0.0143 -0.00115828 0.00259094 0.0143 -0.00590674 0.00106923 0.0143 -0.0021207 0.000695454 0.0143 -0.0022709 -0.00436847 0.0143 -0.00474542 -0.0015691 0.0143 -0.00178285 -0.00184783 0.0143 -0.00149202 -0.000500363 0.0143 -0.00232169 -0.000532637 0.0143 -0.00642797 -0.000100798 0.0143 -0.00237286 -0.000885534 0.0143 -0.00220374 -0.00158338 0.0143 -0.00625263 0.000301667 0.0143 -0.00235576 0.00158338 0.0143 -0.00625263 0.000532637 0.0143 -0.00642797 -0.00124523 0.0143 -0.00202238 -0.00259094 0.0143 -0.00590674 0.00352782 0.0143 -0.00539972 0.00141225 0.0143 -0.00190949 -0.00352782 0.0143 -0.00539972 0.00567261 0.0143 -0.00306986 0.00196771 0.0143 -0.00132994 -0.00508996 0.0143 -0.00396167 -0.00610052 0.0143 -0.00209431 0.00216417 0.0143 -0.000978265 0.00236644 0.0143 -0.000201414 -0.00234084 0.0143 -0.000401377 -0.00645 0.0143 1.95665e-13 -0.00636203 0.0143 -0.00106164 -0.002375 0.0143 0 0.00229837 0.0143 0.000598448 -0.00234084 0.0143 0.000401377 -0.00636203 0.0143 0.00106164 -0.00234084 0.0143 0.000401377 -0.002375 0.0143 0 -0.002375 0.01515 0 -0.00184783 0.0143 0.00149202 -0.00207341 0.0143 0.00115828 -0.00207341 0.01515 0.00115828 -0.00223933 0.0143 0.000791207 -0.00234084 0.01515 0.000401377 -0.00223933 0.01515 0.000791207 -0.00124523 0.01515 0.00202238 -0.000885534 0.0143 0.00220374 -0.00124523 0.0143 0.00202238 -0.00184783 0.01515 0.00149202 -0.0015691 0.01515 0.00178285 -0.0015691 0.0143 0.00178285 -0.000100798 0.0143 0.00237286 -0.000100798 0.01515 0.00237286 0.000301667 0.0143 0.00235576 -0.000500363 0.0143 0.00232169 -0.000885534 0.01515 0.00220374 -0.000500363 0.01515 0.00232169 0.00141225 0.0143 0.00190949 0.00106923 0.0143 0.0021207 0.00106923 0.01515 0.0021207 0.000695454 0.01515 0.0022709 0.000695454 0.0143 0.0022709 0.000301667 0.01515 0.00235576 0.00196771 0.01515 0.00132994 0.00216417 0.0143 0.000978265 0.00196771 0.0143 0.00132994 0.00141225 0.01515 0.00190949 0.00171465 0.01515 0.00164335 0.00171465 0.0143 0.00164335 0.00236644 0.0143 0.000201414 0.00236644 0.01515 0.000201414 0.00236644 0.0143 -0.000201414 0.00229837 0.0143 0.000598448 0.00216417 0.01515 0.000978265 0.00229837 0.01515 0.000598448 0.00196771 0.0143 -0.00132994 0.00216417 0.0143 -0.000978265 0.00216417 0.01515 -0.000978265 0.00229837 0.01515 -0.000598448 0.00229837 0.0143 -0.000598448 0.00236644 0.01515 -0.000201414 0.00141225 0.01515 -0.00190949 0.00106923 0.0143 -0.0021207 0.00141225 0.0143 -0.00190949 0.00196771 0.01515 -0.00132994 0.00171465 0.01515 -0.00164335 0.00171465 0.0143 -0.00164335 0.000301667 0.0143 -0.00235576 0.000301667 0.01515 -0.00235576 -0.000100798 0.0143 -0.00237286 0.000695454 0.0143 -0.0022709 0.00106923 0.01515 -0.0021207 0.000695454 0.01515 -0.0022709 -0.000100798 0.01515 -0.00237286 -0.000500363 0.01515 -0.00232169 -0.000500363 0.0143 -0.00232169 -0.000885534 0.01515 -0.00220374 -0.000885534 0.0143 -0.00220374 -0.00124523 0.0143 -0.00202238 -0.00124523 0.01515 -0.00202238 -0.0015691 0.01515 -0.00178285 -0.0015691 0.0143 -0.00178285 -0.00184783 0.01515 -0.00149202 -0.00184783 0.0143 -0.00149202 -0.00207341 0.0143 -0.00115828 -0.00207341 0.01515 -0.00115828 -0.00223933 0.01515 -0.000791207 -0.00223933 0.0143 -0.000791207 -0.00234084 0.01515 -0.000401377 -0.00234084 0.0143 -0.000401377 -0.00296407 0.0157953 0.00160407 -0.00318767 0.0157953 0.00109433 -0.00436528 0.0151573 0.00236237 -0.00115436 0.0161934 0.00125397 -0.00134501 0.0161934 0.00104686 -0.00228263 0.0157953 0.00247959 -0.00469458 0.0151573 0.00161165 -0.00332431 0.0157953 0.000554729 -0.00489582 0.0151573 0.000816968 -0.00636203 0.0143 0.00106164 -0.00610052 0.0143 0.00209431 -0.00526935 0.0150033 -2.63636e-13 -0.00270855 0.0159859 -2.41983e-13 -0.00401629 0.0155689 -2.79949e-13 -0.00645 0.0143 1.95665e-13 -0.00168115 0.0161934 0.000280535 -0.0013666 0.0162417 -1.48757e-13 -0.00149897 0.0161934 0.000811204 -0.00161205 0.0161934 0.000553418 -0.000932218 0.0161934 0.00142687 -0.00184337 0.0157953 0.00282148 -0.000684649 0.0161934 0.00156084 -0.000827354 0.0157953 0.00326715 -0.000418405 0.0161934 0.00165225 -0.00135382 0.0157953 0.00308641 -9.9248e-18 0.0163307 1.06677e-18 -0.000140748 0.0161934 0.00169858 -0.000278315 0.0157953 0.00335877 0.000278315 0.0157953 0.00335877 0.00149897 0.0161934 0.000811204 0.00134501 0.0161934 0.00104686 0.000684649 0.0161934 0.00156084 0.000932218 0.0161934 0.00142687 0.00168115 0.0161934 0.000280535 0.00332431 0.0157953 0.000554729 0.00271264 0.0159834 -2.41862e-13 0.00526935 0.0150033 -2.63622e-13 0.00402038 0.0155664 -2.79422e-13 0.00489582 0.0151573 0.000816968 0.00318767 0.0157953 0.00109433 0.00161205 0.0161934 0.000553418 0.00645 0.0143 7.89249e-13 0.00636203 0.0143 0.00106164 0.000140748 0.0161934 0.00169858 0.000418405 0.0161934 0.00165225 0.00115436 0.0161934 0.00125397 -0.00265962 0.0157953 0.00207007 0.000827354 0.0157953 0.00326715 0.00135382 0.0157953 0.00308641 0.00184337 0.0157953 0.00282148 0.00228263 0.0157953 0.00247959 0.00265962 0.0157953 0.00207007 0.00296407 0.0157953 0.00160407 0.0013666 0.0162417 -1.48754e-13 -0.00391691 0.0151573 0.00304865 -0.0033617 0.0151573 0.00365178 -0.00271479 0.0151573 0.00415529 -0.00199382 0.0151573 0.00454546 -0.00121847 0.0151573 0.00481163 -0.000409884 0.0151573 0.00494656 0.000409884 0.0151573 0.00494656 0.00121847 0.0151573 0.00481163 0.00199382 0.0151573 0.00454546 0.00271479 0.0151573 0.00415529 0.0033617 0.0151573 0.00365178 0.00391691 0.0151573 0.00304865 0.00436528 0.0151573 0.00236237 0.00469458 0.0151573 0.00161165 -0.00567261 0.0143 0.00306986 -0.00508996 0.0143 0.00396167 -0.00436847 0.0143 0.00474542 -0.00352782 0.0143 0.00539972 -0.00259094 0.0143 0.00590674 -0.00158338 0.0143 0.00625263 -0.000532637 0.0143 0.00642797 0.000532637 0.0143 0.00642797 0.00158338 0.0143 0.00625263 0.00259094 0.0143 0.00590674 0.00352782 0.0143 0.00539972 0.00436847 0.0143 0.00474542 0.00508996 0.0143 0.00396167 0.00567261 0.0143 0.00306986 0.00610052 0.0143 0.00209431</float_array>
          <technique_common>
            <accessor count="352" source="#ID21" stride="3">
              <param name="X" type="float"/>
              <param name="Y" type="float"/>
              <param name="Z" type="float"/>
            </accessor>
          </technique_common>
        </source>
        <source id="ID22">
          <float_array count="1056" id="ID23">1.22465e-16 -1 0 1.22465e-16 -1 0 1.22465e-16 -1 0 1.22465e-16 -1 0 1.22465e-16 -1 0 1.22465e-16 -1 0 1.22465e-16 -1 0 1.22465e-16 -1 0 1.22465e-16 -1 0 1.22465e-16 -1 0 1.22465e-16 -1 0 1.22465e-16 -1 0 1.22465e-16 -1 0 1.22465e-16 -1 0 1.22465e-16 -1 0 1.22465e-16 -1 0 1.22465e-16 -1 0 1.22465e-16 -1 0 1.22465e-16 -1 0 1.22465e-16 -1 0 1.22465e-16 -1 0 1.22465e-16 -1 0 1.22465e-16 -1 0 1.22465e-16 -1 0 1.22465e-16 -1 0 1.22465e-16 -1 0 1.22465e-16 -1 0 1.22465e-16 -1 0 1.22465e-16 -1 0 1.22465e-16 -1 0 1.22465e-16 -1 0 1.22465e-16 -1 0 1.22465e-16 -1 0 1.22465e-16 -1 0 1.22465e-16 -1 0 1.22465e-16 -1 0 1.22465e-16 -1 0 0.267231 0.952719 -0.144618 0.28739 0.952719 -0.0986611 0.384425 0.899409 -0.20804 0.124958 0.987384 -0.0972585 0.205794 0.952719 -0.223552 0.107245 0.987384 -0.116499 0.413424 0.899409 -0.141929 0.299709 0.952719 -0.0500127 0.431146 0.899409 -0.0719456 0.551949 0.828776 -0.092104 0.529261 0.828776 -0.181696 0.462418 0.886662 -2.02129e-08 0.247189 0.968967 -1.0805e-08 0.358548 0.933511 -1.56726e-08 0.559581 0.828776 -2.44601e-08 0.239783 0.952719 -0.186631 0.139262 0.987384 -0.0753647 0.149767 0.987384 -0.0514151 0.0866074 0.987384 -0.132563 0.166192 0.952719 -0.254376 0.0636071 0.987384 -0.14501 0.0745916 0.952719 -0.294556 0.0388718 0.987384 -0.153501 0.122057 0.952719 -0.278261 0.00656805 0.999978 -2.87099e-10 0.156187 0.987384 -0.026063 0.0130762 0.987384 -0.157806 0.025092 0.952719 -0.302816 -0.025092 0.952719 -0.302816 -0.139262 0.987384 -0.0753647 -0.124958 0.987384 -0.0972585 -0.0636071 0.987384 -0.14501 -0.0866074 0.987384 -0.132563 -0.156187 0.987384 -0.026063 -0.299709 0.952719 -0.0500127 -0.247189 0.968967 2.9477e-09 -0.462418 0.886662 5.51427e-09 -0.358548 0.933511 4.27564e-09 -0.431146 0.899409 -0.0719456 -0.28739 0.952719 -0.0986611 -0.149767 0.987384 -0.0514151 -0.559581 0.828776 6.67293e-09 -0.551949 0.828776 -0.092104 -0.0130762 0.987384 -0.157806 -0.0388718 0.987384 -0.153501 -0.107245 0.987384 -0.116499 0.127691 0.991814 -5.58154e-09 -0.0745916 0.952719 -0.294556 -0.122057 0.952719 -0.278261 -0.166192 0.952719 -0.254376 -0.205794 0.952719 -0.223552 -0.239783 0.952719 -0.186631 -0.267231 0.952719 -0.144618 -0.127691 0.991814 1.5227e-09 0.34494 0.899409 -0.268477 0.296045 0.899409 -0.321591 0.239075 0.899409 -0.365932 0.175584 0.899409 -0.400292 0.107304 0.899409 -0.423732 0.0360961 0.899409 -0.435615 -0.036096 0.899409 -0.435615 -0.107304 0.899409 -0.423733 -0.175584 0.899409 -0.400292 -0.239075 0.899409 -0.365932 -0.296045 0.899409 -0.321591 -0.34494 0.899409 -0.268477 -0.384425 0.899409 -0.20804 -0.413424 0.899409 -0.141929 0.492137 0.828776 -0.266331 0.441588 0.828776 -0.343702 0.378994 0.828776 -0.411697 0.306062 0.828776 -0.468462 0.224781 0.828776 -0.512449 0.137369 0.828776 -0.542458 0.0462098 0.828776 -0.55767 -0.0462098 0.828776 -0.55767 -0.137369 0.828776 -0.542458 -0.224781 0.828776 -0.512449 -0.306062 0.828776 -0.468462 -0.378994 0.828776 -0.411697 -0.441588 0.828776 -0.343702 -0.492137 0.828776 -0.266331 -0.529261 0.828776 -0.181696 1.22465e-16 -1 0 1.22465e-16 -1 0 1.22465e-16 -1 0 1.22465e-16 -1 0 1.22465e-16 -1 0 1.22465e-16 -1 0 1.22465e-16 -1 0 1.22465e-16 -1 0 1.22465e-16 -1 0 1.22465e-16 -1 0 1.22465e-16 -1 0 1.22465e-16 -1 0 1.22465e-16 -1 0 1.22465e-16 -1 0 1.22465e-16 -1 0 1.22465e-16 -1 0 1.22465e-16 -1 0 1.22465e-16 -1 0 1.22465e-16 -1 0 1.22465e-16 -1 0 1.22465e-16 -1 0 1.22465e-16 -1 0 1.22465e-16 -1 0 1.22465e-16 -1 0 1.22465e-16 -1 0 1.22465e-16 -1 0 1.22465e-16 -1 0 1.22465e-16 -1 0 1.22465e-16 -1 0 1.22465e-16 -1 0 1.22465e-16 -1 0 1.22465e-16 -1 0 1.22465e-16 -1 0 1.22465e-16 -1 0 1.22465e-16 -1 0 1.22465e-16 -1 0 1.22465e-16 -1 0 1.22465e-16 -1 0 1.22465e-16 -1 0 1.22465e-16 -1 0 1.22465e-16 -1 0 1.22465e-16 -1 0 1.22465e-16 -1 0 1.22465e-16 -1 0 1.22465e-16 -1 0 1.22465e-16 -1 0 1.22465e-16 -1 0 1.22465e-16 -1 0 1.22465e-16 -1 0 1.22465e-16 -1 0 1.22465e-16 -1 0 1.22465e-16 -1 0 1.22465e-16 -1 0 1.22465e-16 -1 0 1.22465e-16 -1 0 1.22465e-16 -1 0 1.22465e-16 -1 0 1.22465e-16 -1 0 1.22465e-16 -1 0 1.22465e-16 -1 0 1.22465e-16 -1 0 1.22465e-16 -1 0 1.22465e-16 -1 0 1.22465e-16 -1 0 1.22465e-16 -1 0 1.22465e-16 -1 0 1.22465e-16 -1 0 1.22465e-16 -1 0 1.22465e-16 -1 0 1.22465e-16 -1 0 1.22465e-16 -1 0 1.22465e-16 -1 0 1.22465e-16 -1 0 1.22465e-16 -1 0 1.22465e-16 -1 0 0.985616 0 -0.169001 1 0 1.13829e-22 1 0 1.37194e-11 0.778036 0 -0.62822 0.873014 0 -0.487695 0.873014 0 -0.487695 0.942877 0 -0.33314 0.985616 0 -0.169001 0.942877 0 -0.33314 0.524307 0 -0.851529 0.372856 0 -0.927889 0.524307 0 -0.851529 0.778036 0 -0.62822 0.660675 0 -0.750672 0.660675 0 -0.750672 0.0424412 0 -0.999099 0.0424412 0 -0.999099 -0.127018 -0 -0.9919 0.210679 0 -0.977555 0.372857 0 -0.927889 0.210679 0 -0.977555 -0.594633 -0 -0.803997 -0.450204 -0 -0.892926 -0.450204 -0 -0.892926 -0.292823 -0 -0.956167 -0.292823 -0 -0.956167 -0.127018 -0 -0.9919 -0.82851 -0 -0.559975 -0.911229 -0 -0.411901 -0.82851 -0 -0.559975 -0.594633 -0 -0.803997 -0.721956 -0 -0.691939 -0.721956 -0 -0.691939 -0.996397 -0 -0.0848059 -0.996397 -0 -0.0848059 -0.996397 0 0.0848059 -0.967733 -0 -0.251978 -0.911228 -0 -0.411901 -0.967733 -0 -0.251978 -0.82851 0 0.559975 -0.911228 0 0.411901 -0.911228 0 0.411901 -0.967733 0 0.251978 -0.967733 0 0.251978 -0.996397 0 0.0848059 -0.594633 0 0.803997 -0.450204 0 0.892926 -0.594633 0 0.803997 -0.82851 0 0.559975 -0.721956 0 0.691939 -0.721956 0 0.691939 -0.127018 0 0.9919 -0.127018 0 0.9919 0.0424415 0 0.999099 -0.292823 0 0.956167 -0.450204 0 0.892926 -0.292823 0 0.956167 0.042441 0 0.999099 0.210679 0 0.977555 0.210679 0 0.977555 0.372857 0 0.927889 0.372856 0 0.927889 0.524307 0 0.851529 0.524307 0 0.851529 0.660675 0 0.750672 0.660675 0 0.750672 0.778036 0 0.62822 0.778036 0 0.62822 0.873014 0 0.487695 0.873014 0 0.487695 0.942877 0 0.33314 0.942877 0 0.33314 0.985616 0 0.169001 0.985616 0 0.169001 -0.267231 0.952719 0.144618 -0.28739 0.952719 0.0986611 -0.384425 0.899409 0.20804 -0.107245 0.987384 0.116499 -0.124958 0.987384 0.0972585 -0.205794 0.952719 0.223552 -0.413424 0.899409 0.141929 -0.299709 0.952719 0.0500127 -0.431146 0.899409 0.0719456 -0.551949 0.828776 0.092104 -0.529261 0.828776 0.181696 -0.462418 0.886662 2.02129e-08 -0.247189 0.968967 1.0805e-08 -0.358548 0.933511 1.56726e-08 -0.559581 0.828776 2.44601e-08 -0.156187 0.987384 0.026063 -0.127691 0.991814 5.58154e-09 -0.139262 0.987384 0.0753647 -0.149767 0.987384 0.0514151 -0.0866074 0.987384 0.132563 -0.166192 0.952719 0.254376 -0.0636071 0.987384 0.14501 -0.0745916 0.952719 0.294556 -0.0388718 0.987384 0.153501 -0.122057 0.952719 0.278261 -0.00656805 0.999978 2.87099e-10 -0.0130762 0.987384 0.157806 -0.025092 0.952719 0.302816 0.025092 0.952719 0.302816 0.139262 0.987384 0.0753647 0.124958 0.987384 0.0972585 0.0636071 0.987384 0.14501 0.0866074 0.987384 0.132563 0.156187 0.987384 0.026063 0.299709 0.952719 0.0500127 0.247189 0.968967 -2.9477e-09 0.462418 0.886662 -5.51427e-09 0.358548 0.933511 -4.27564e-09 0.431146 0.899409 0.0719456 0.28739 0.952719 0.0986611 0.149767 0.987384 0.0514151 0.559581 0.828776 -6.67293e-09 0.551949 0.828776 0.092104 0.0130762 0.987384 0.157806 0.0388718 0.987384 0.153501 0.107245 0.987384 0.116499 -0.239783 0.952719 0.186631 0.0745916 0.952719 0.294556 0.122057 0.952719 0.278261 0.166192 0.952719 0.254376 0.205794 0.952719 0.223552 0.239783 0.952719 0.186631 0.267231 0.952719 0.144618 0.127691 0.991814 -1.5227e-09 -0.34494 0.899409 0.268477 -0.296045 0.899409 0.321591 -0.239075 0.899409 0.365932 -0.175584 0.899409 0.400292 -0.107304 0.899409 0.423732 -0.0360961 0.899409 0.435615 0.036096 0.899409 0.435615 0.107304 0.899409 0.423733 0.175584 0.899409 0.400292 0.239075 0.899409 0.365932 0.296045 0.899409 0.321591 0.34494 0.899409 0.268477 0.384425 0.899409 0.20804 0.413424 0.899409 0.141929 -0.492137 0.828776 0.266331 -0.441588 0.828776 0.343702 -0.378994 0.828776 0.411697 -0.306062 0.828776 0.468462 -0.224781 0.828776 0.512449 -0.137369 0.828776 0.542458 -0.0462098 0.828776 0.55767 0.0462098 0.828776 0.55767 0.137369 0.828776 0.542458 0.224781 0.828776 0.512449 0.306062 0.828776 0.468462 0.378994 0.828776 0.411697 0.441588 0.828776 0.343702 0.492137 0.828776 0.266331 0.529261 0.828776 0.181696</float_array>
          <technique_common>
            <accessor count="352" source="#ID23" stride="3">
              <param name="X" type="float"/>
              <param name="Y" type="float"/>
              <param name="Z" type="float"/>
            </accessor>
          </technique_common>
        </source>
        <vertices id="ID24">
          <input semantic="POSITION" source="#ID20"/>
          <input semantic="NORMAL" source="#ID22"/>
        </vertices>
        <triangles count="454" material="ID25">
          <input offset="0" semantic="VERTEX" source="#ID24"/>
          <p>0 1 2 3 4 5 2 6 7 7 0 2 8 6 9 6 8 7 10 8 9 10 11 12 11 10 9 13 14 15 11 16 12 17 18 19 20 21 22 4 23 24 25 3 5 26 27 28 29 30 31 32 33 34 35 36 32 35 32 34 36 27 26 36 35 27 29 28 30 29 26 28 23 31 24 24 31 30 17 25 5 4 3 23 19 18 22 25 17 19 22 18 20 21 14 13 21 20 14 12 16 15 16 13 15 37 38 39 40 41 42 43 44 45 46 47 45 48 46 45 49 50 44 48 51 46 52 40 53 53 54 37 55 42 56 57 58 59 55 60 57 61 53 40 44 38 62 63 64 65 56 42 41 66 61 67 61 68 69 70 71 72 73 74 75 71 75 74 76 77 66 78 73 79 80 81 61 69 82 61 37 52 53 60 58 57 54 53 61 61 83 62 62 83 49 64 63 59 61 62 54 54 38 37 65 80 63 61 42 55 40 42 61 41 40 52 80 84 81 61 57 59 55 57 61 56 60 55 68 81 85 61 63 80 59 63 61 59 58 64 86 69 68 87 82 69 80 65 84 81 84 85 88 67 82 61 81 68 86 68 85 87 69 86 67 89 66 82 67 61 88 82 87 67 88 89 61 77 70 66 77 61 89 76 66 76 71 77 72 90 70 61 70 90 49 44 62 50 48 45 52 37 91 62 38 54 38 43 39 41 52 92 37 39 91 56 41 93 52 91 92 60 56 94 41 92 93 58 60 95 56 93 94 64 58 96 60 94 95 65 64 97 58 95 96 84 65 98 64 96 97 85 84 99 65 97 98 86 85 100 84 98 99 87 86 101 85 99 100 88 87 102 86 100 101 89 88 103 87 101 102 76 89 104 88 102 103 71 76 75 103 104 89 77 71 70 104 75 76 72 71 74 50 45 44 44 43 38 47 105 43 45 47 43 105 106 39 43 105 39 106 107 91 39 106 91 107 108 92 91 107 92 108 109 93 92 108 93 109 110 94 93 109 94 110 111 95 94 110 95 111 112 96 95 111 96 112 113 97 96 112 97 113 114 98 97 113 98 114 115 99 98 114 99 115 116 100 99 115 100 116 117 101 100 116 101 117 118 102 101 117 102 118 119 103 102 118 103 119 79 104 103 119 104 79 73 75 104 79 75 120 121 122 123 124 125 126 127 128 129 130 131 132 133 134 135 136 137 138 139 140 141 142 143 144 145 139 146 141 147 148 121 145 149 150 151 120 152 153 154 155 156 157 158 159 160 161 162 163 164 165 166 167 168 169 170 171 172 173 169 165 174 175 176 174 171 177 178 172 164 179 180 181 177 167 140 132 134 157 180 158 182 183 159 161 184 162 161 160 185 182 155 186 187 156 151 188 185 160 189 190 191 149 153 192 189 193 194 190 185 188 188 191 190 166 168 184 184 168 162 181 167 166 178 177 181 173 172 178 170 169 173 176 171 170 175 174 176 163 165 175 179 164 163 158 180 179 159 183 157 182 186 183 155 154 186 156 187 154 151 150 187 149 192 150 153 152 192 120 122 152 121 148 122 145 144 148 139 138 144 140 134 138 132 126 133 127 125 128 126 128 133 131 124 123 123 125 127 135 130 129 130 124 131 137 136 143 135 129 136 142 141 146 137 143 142 147 194 146 189 191 193 194 193 146 195 196 197 198 199 200 201 202 203 204 205 206 207 208 209 210 211 212 213 214 215 216 217 218 219 220 221 222 223 224 225 226 227 228 229 230 231 232 233 234 235 236 237 238 239 240 241 242 243 244 245 246 247 248 249 250 251 252 253 254 254 248 252 255 256 253 254 253 256 257 255 258 255 257 256 258 259 260 260 257 258 261 262 259 260 259 262 263 261 264 261 263 262 264 265 266 266 263 264 267 268 265 266 265 268 196 267 197 267 196 268 247 246 251 248 247 252 241 250 249 249 251 246 244 240 242 240 250 241 243 245 234 244 242 245 236 235 237 243 234 236 238 230 239 235 238 237 228 233 229 230 229 239 223 232 231 231 233 228 226 222 224 222 232 223 225 227 216 226 224 227 218 217 219 225 216 218 220 212 221 217 220 219 210 215 211 212 211 221 205 214 213 213 215 210 208 204 206 204 214 205 207 209 198 208 206 209 200 199 203 207 198 200 201 195 202 199 201 203 197 202 195 269 270 271 272 273 274 275 276 277 278 279 277 280 278 277 281 282 276 280 283 278 284 285 281 286 287 269 288 272 289 290 291 292 288 293 290 294 286 273 276 270 284 295 296 297 289 272 274 298 294 299 294 300 301 302 303 304 305 306 307 303 307 306 308 309 298 310 305 311 312 313 294 301 314 294 269 315 286 293 291 290 287 286 294 285 284 294 273 286 315 296 295 292 294 284 287 287 270 269 297 312 295 294 272 288 273 272 294 274 273 315 312 316 313 294 290 292 288 290 294 289 293 288 300 313 317 294 295 312 292 295 294 292 291 296 318 301 300 319 314 301 312 297 316 313 316 317 320 299 314 294 313 300 318 300 317 319 301 318 299 321 298 314 299 294 320 314 319 299 320 321 294 309 302 298 309 294 321 308 298 308 303 309 304 322 302 294 302 322 281 276 284 282 280 277 315 269 323 284 270 287 270 275 271 274 315 324 269 271 323 289 274 325 315 323 324 293 289 326 274 324 325 291 293 327 289 325 326 296 291 328 293 326 327 297 296 329 291 327 328 316 297 330 296 328 329 317 316 331 297 329 330 318 317 332 316 330 331 319 318 333 317 331 332 320 319 334 318 332 333 321 320 335 319 333 334 308 321 336 320 334 335 303 308 307 335 336 321 309 303 302 336 307 308 304 303 306 282 277 276 276 275 270 279 337 275 277 279 275 337 338 271 275 337 271 338 339 323 271 338 323 339 340 324 323 339 324 340 341 325 324 340 325 341 342 326 325 341 326 342 343 327 326 342 327 343 344 328 327 343 328 344 345 329 328 344 329 345 346 330 329 345 330 346 347 331 330 346 331 347 348 332 331 347 332 348 349 333 332 348 333 349 350 334 333 349 334 350 351 335 334 350 335 351 311 336 335 351 336 311 305 307 336 311 307</p>
        </triangles>
      </mesh>
    </geometry>
    <geometry id="ID27">
      <mesh>
        <source id="ID28">
          <float_array count="1677" id="ID29">0 0.0113 0.002 0.0019388 0.0113 -0.000490971 0.00183155 0.0113 -0.000803391 0.00183155 0.0113 0.000803391 0.00122843 0.0113 0.00157828 0.00147145 0.0113 0.00135456 0.00167433 0.0113 0.0010939 0.0019388 0.0113 0.000490971 0.000951895 0.0113 0.00175895 0.000649399 0.0113 0.00189163 0.00199317 0.0113 0.000165159 0.00199317 0.0113 -0.000165159 0.000329189 0.0113 0.00197272 -0.000951895 0.0113 0.00175895 -0.000649399 0.0113 0.00189163 0.00147145 0.0113 -0.00135456 0.00167433 0.0113 -0.0010939 -0.000329189 0.0113 0.00197272 0.00122843 0.0113 -0.00157828 0.000951895 0.0113 -0.00175895 -0.00122843 0.0113 0.00157828 -0.00183155 0.0113 0.000803391 0.000329189 0.0113 -0.00197272 -2.44929e-19 0.0113 -0.002 -0.00147145 0.0113 0.00135456 0.000649399 0.0113 -0.00189163 -0.00167433 0.0113 0.0010939 -0.000649399 0.0113 -0.00189163 -0.000951895 0.0113 -0.00175895 -0.00199317 0.0113 -0.000165159 -0.000329189 0.0113 -0.00197272 -0.00199317 0.0113 0.000165159 -0.0019388 0.0113 0.000490971 -0.00147145 0.0113 -0.00135456 -0.00167433 0.0113 -0.0010939 -0.00183155 0.0113 -0.000803391 -0.0019388 0.0113 -0.000490971 -0.00122843 0.0113 -0.00157828 0.00152759 0.0153 -0.0011298 0.00169656 0.0153 -0.000855387 -0.00092662 0.0153 0.00165873 0.00119362 0.0153 0.00147827 0.00092662 0.0153 0.00165873 0.00161791 0.0153 0.000996184 0.00142628 0.0153 0.00125528 0.000632966 0.0153 0.00179147 0.00176299 0.0153 0.000708427 0.00185736 0.0153 0.000400291 0.000321102 0.0153 0.00187267 0 0.0153 0.0019 0.00189829 0.0153 8.06383e-05 0.00181672 0.0153 -0.000556363 -0.000321102 0.0153 0.00187267 -0.000632966 0.0153 0.00179147 0.00188461 0.0153 -0.000241334 0.00106395 0.0153 -0.00157417 -0.00161791 0.0153 0.000996184 0.000782612 0.0153 -0.00173133 -0.00142628 0.0153 0.00125528 0.00131468 0.0153 -0.00137172 -0.00119362 0.0153 0.00147827 0.000478758 0.0153 -0.00183869 -0.00176299 0.0153 0.000708427 -0.00185736 0.0153 0.000400291 -0.000478758 0.0153 -0.00183869 -0.00188461 0.0153 -0.000241334 -0.00181672 0.0153 -0.000556363 -0.000161131 0.0153 -0.00189316 0.000161131 0.0153 -0.00189316 -0.00189829 0.0153 8.06383e-05 -0.00106395 0.0153 -0.00157417 -0.00152759 0.0153 -0.0011298 -0.00131468 0.0153 -0.00137172 -0.00169656 0.0153 -0.000855387 -0.000782612 0.0153 -0.00173133 0.00199317 0.0113 -0.000165159 0.00199317 0.0152 0.000165159 0.00199317 0.0152 -0.000165159 -0.000329189 0.0152 0.00197272 2.44929e-19 0.0152 0.002 0 0.0113 0.002 0.0019388 0.0152 -0.000490971 0.0019388 0.0113 -0.000490971 0.00183155 0.0152 -0.000803391 0.00183155 0.0113 -0.000803391 0.00167433 0.0113 -0.0010939 0.00167433 0.0152 -0.0010939 0.00147145 0.0152 -0.00135456 0.00147145 0.0113 -0.00135456 0.00122843 0.0152 -0.00157828 0.00122843 0.0113 -0.00157828 0.000951895 0.0113 -0.00175895 0.000951895 0.0152 -0.00175895 0.000649399 0.0152 -0.00189163 0.000649399 0.0113 -0.00189163 0.000329189 0.0152 -0.00197272 0.000329189 0.0113 -0.00197272 -2.44929e-19 0.0113 -0.002 0 0.0152 -0.002 0.00199317 0.0113 0.000165159 0.0019388 0.0152 0.000490971 0.0019388 0.0113 0.000490971 0.00183155 0.0113 0.000803391 0.00183155 0.0152 0.000803391 0.00167433 0.0113 0.0010939 0.00167433 0.0152 0.0010939 0.00147145 0.0152 0.00135456 0.00147145 0.0113 0.00135456 0.00122843 0.0113 0.00157828 0.00122843 0.0152 0.00157828 0.000951895 0.0113 0.00175895 0.000951895 0.0152 0.00175895 0.000649399 0.0152 0.00189163 0.000649399 0.0113 0.00189163 0.000329189 0.0113 0.00197272 0.000329189 0.0152 0.00197272 -0.00122843 0.0152 0.00157828 -0.000951895 0.0152 0.00175895 -0.000951895 0.0113 0.00175895 -0.000649399 0.0152 0.00189163 -0.000329189 0.0113 0.00197272 -0.000649399 0.0113 0.00189163 -0.00167433 0.0113 0.0010939 -0.00183155 0.0152 0.000803391 -0.00167433 0.0152 0.0010939 -0.00122843 0.0113 0.00157828 -0.00147145 0.0113 0.00135456 -0.00147145 0.0152 0.00135456 -0.00199317 0.0152 0.000165159 -0.00199317 0.0113 0.000165159 -0.00199317 0.0152 -0.000165159 -0.0019388 0.0152 0.000490971 -0.00183155 0.0113 0.000803391 -0.0019388 0.0113 0.000490971 -0.00167433 0.0152 -0.0010939 -0.00183155 0.0152 -0.000803391 -0.00183155 0.0113 -0.000803391 -0.0019388 0.0113 -0.000490971 -0.0019388 0.0152 -0.000490971 -0.00199317 0.0113 -0.000165159 -0.00122843 0.0113 -0.00157828 -0.00122843 0.0152 -0.00157828 -0.00147145 0.0113 -0.00135456 -0.00167433 0.0113 -0.0010939 -0.00147145 0.0152 -0.00135456 -0.000951895 0.0152 -0.00175895 -0.000951895 0.0113 -0.00175895 -0.000649399 0.0113 -0.00189163 -0.000649399 0.0152 -0.00189163 -0.000329189 0.0113 -0.00197272 -0.000329189 0.0152 -0.00197272 0.00195475 0.0152707 -0.000250315 0.00196486 0.0152588 -0.00025161 0.00196893 0.0152707 8.36393e-05 0.00197912 0.0152588 8.40718e-05 0.00192648 0.0152707 0.000415188 0.00194291 0.0152809 -0.0002488 0.00195701 0.0152809 8.31329e-05 0.0018286 0.0152707 0.000734792 0.00193644 0.0152588 0.000417335 0.00191481 0.0152809 0.000412674 0.00183806 0.0152588 0.000738592 0.00167812 0.0152707 0.00103326 0.00181753 0.0152809 0.000730343 0.0016868 0.0152588 0.0010386 0.00147936 0.0152707 0.001302 0.00166796 0.0152809 0.001027 0.00123804 0.0152707 0.00153328 0.00148701 0.0152588 0.00130873 0.0014704 0.0152809 0.00129412 0.00124444 0.0152588 0.00154121 0.000961106 0.0152707 0.00172046 0.00123054 0.0152809 0.001524 0.000966076 0.0152588 0.00172936 0.000656522 0.0152707 0.00185814 0.000955286 0.0152809 0.00171004 0.000333052 0.0152707 0.00194236 0.000659917 0.0152588 0.00186775 0.00110926 0.0152588 -0.0016412 0.000815936 0.0152588 -0.00180505 0.000819313 0.0152454 -0.00181253 0.000652547 0.0152809 0.00184689 0.000331035 0.0152809 0.0019306 0.000649399 0.0152 0.00189163 0.000329189 0.0152 0.00197272 0.000337794 0.0152156 0.00197002 -4.89557e-19 0.0152156 0.00199877 2.44929e-19 0.0152 0.002 -4.87189e-19 0.0152454 0.0019891 -4.85181e-19 0.0152588 0.0019809 0.00033616 0.0152454 0.00196049 -4.8866e-19 0.0152309 0.00199511 0.000337175 0.0152309 0.00196641 0.000334774 0.0152588 0.00195241 -4.82685e-19 0.0152707 0.00197071 -2.21951e-18 0.0152809 0.00195878 -2.18792e-18 0.0152951 0.0019309 0.000328774 0.0152891 0.00191742 -2.20435e-18 0.0152891 0.0019454 0.000326324 0.0152951 0.00190313 -2.17063e-18 0.0152988 0.00191564 0 0.0153 0.0019 0.000323745 0.0152988 0.00188809 0.00187292 0.0152809 -0.000573575 0.00174904 0.0152809 -0.000881849 0.0017597 0.0152707 -0.000887221 0.00188433 0.0152707 -0.000577069 0.00158445 0.0152707 -0.00117185 0.00157485 0.0152809 -0.00116475 0.00189407 0.0152588 -0.000580053 0.00136361 0.0152707 -0.00142277 0.00135536 0.0152809 -0.00141415 0.0017688 0.0152588 -0.000891809 0.00109687 0.0152809 -0.00162287 0.00110355 0.0152707 -0.00163275 0.00159264 0.0152588 -0.00117791 0.00137066 0.0152588 -0.00143012 0.000806823 0.0152809 -0.00178489 0.000811738 0.0152707 -0.00179577 0.000493569 0.0152809 -0.00189557 0.000496576 0.0152707 -0.00190712 0.000166116 0.0152809 -0.00195172 0.000167128 0.0152707 -0.00196361 -0.000167128 0.0152707 -0.00196361 -0.000166116 0.0152809 -0.00195172 0.000499144 0.0152588 -0.00191698 -0.000493569 0.0152809 -0.00189557 -0.000496576 0.0152707 -0.00190712 0.000167992 0.0152588 -0.00197377 -0.000811738 0.0152707 -0.00179577 -0.000806823 0.0152809 -0.00178489 -0.000167992 0.0152588 -0.00197377 -0.00110355 0.0152707 -0.00163275 -0.00109687 0.0152809 -0.00162287 -0.000499144 0.0152588 -0.00191698 -0.00135536 0.0152809 -0.00141415 -0.00136361 0.0152707 -0.00142277 -0.000815936 0.0152588 -0.00180505 -0.00157485 0.0152809 -0.00116475 -0.00158445 0.0152707 -0.00117185 -0.00110926 0.0152588 -0.0016412 -0.00137066 0.0152588 -0.00143012 -0.00159264 0.0152588 -0.00117791 -0.00174904 0.0152809 -0.000881849 -0.0017597 0.0152707 -0.000887221 -0.0017688 0.0152588 -0.000891809 -0.00187292 0.0152809 -0.000573575 -0.00188433 0.0152707 -0.000577069 -0.00189407 0.0152588 -0.000580053 -0.00194291 0.0152809 -0.0002488 -0.00195475 0.0152707 -0.000250315 -0.00196486 0.0152588 -0.00025161 -0.00195701 0.0152809 8.31329e-05 -0.00196893 0.0152707 8.36393e-05 -0.00197912 0.0152588 8.40718e-05 -0.00191481 0.0152809 0.000412674 -0.00192648 0.0152707 0.000415188 -0.00194446 0.0152454 0.000419062 -0.00193644 0.0152588 0.000417335 -0.00169378 0.0152454 0.0010429 -0.00183806 0.0152588 0.000738592 -0.0016868 0.0152588 0.0010386 -0.000974789 0.0152156 0.00174495 -0.000665869 0.0152156 0.00188459 -0.000951895 0.0152 0.00175895 -0.00122843 0.0152 0.00157828 -0.00125567 0.0152156 0.00155511 -0.00149316 0.0152454 0.00131415 -0.000337175 0.0152309 0.00196641 -0.00167812 0.0152707 0.00103326 -0.00147936 0.0152707 0.001302 -0.00148701 0.0152588 0.00130873 -0.000337794 0.0152156 0.00197002 -0.000664649 0.0152309 0.00188114 -0.00146036 0.0152891 0.00128528 -0.00165656 0.0152891 0.00101999 -0.00164422 0.0152951 0.00101239 -0.00179166 0.0152951 0.000719949 -0.00180511 0.0152891 0.000725355 -0.00181753 0.0152809 0.000730343 -0.0018286 0.0152707 0.000734792 -0.0014704 0.0152809 0.00129412 -0.00166796 0.0152809 0.001027 -0.00120345 0.0152988 0.00149044 -0.000941691 0.0152951 0.0016857 -0.00121303 0.0152951 0.00150231 -0.00119362 0.0153 0.00147827 -0.00092662 0.0153 0.00165873 -0.00093425 0.0152988 0.00167238 -0.000632966 0.0153 0.00179147 -0.000638177 0.0152988 0.00180622 -0.000321102 0.0153 0.00187267 -0.000323745 0.0152988 0.00188809 0.000951895 0.0152 0.00175895 0.000665869 0.0152156 0.00188459 -0.000329189 0.0152 0.00197272 0.000974789 0.0152156 0.00174495 0.000664649 0.0152309 0.00188114 0.000662649 0.0152454 0.00187548 0.00064809 0.0152891 0.00183427 0.00064326 0.0152951 0.0018206 0.000321102 0.0153 0.00187267 0.000638177 0.0152988 0.00180622 0.00122843 0.0152 0.00157828 0.00125567 0.0152156 0.00155511 0.000973003 0.0152309 0.00174176 0.000970074 0.0152454 0.00173651 0.000948761 0.0152891 0.00169836 0.000941691 0.0152951 0.0016857 0.000632966 0.0153 0.00179147 0.00093425 0.0152988 0.00167238 0.00147145 0.0152 0.00135456 0.00150042 0.0152156 0.00132054 0.00125337 0.0152309 0.00155226 0.00124959 0.0152454 0.00154759 0.00122214 0.0152891 0.00151359 0.00121303 0.0152951 0.00150231 0.00092662 0.0153 0.00165873 0.00120345 0.0152988 0.00149044 0.00167433 0.0152 0.0010939 0.00170201 0.0152156 0.00104797 0.00149767 0.0152309 0.00131812 0.00149316 0.0152454 0.00131415 0.00146036 0.0152891 0.00128528 0.00144947 0.0152951 0.0012757 0.00119362 0.0153 0.00147827 0.00143802 0.0152988 0.00126562 0.00183155 0.0152 0.000803391 0.00185464 0.0152156 0.000745254 0.00169889 0.0152309 0.00104605 0.00169378 0.0152454 0.0010429 0.00165656 0.0152891 0.00101999 0.00164422 0.0152951 0.00101239 0.00142628 0.0153 0.00125528 0.00163123 0.0152988 0.00100439 0.0019388 0.0152 0.000490971 0.00195391 0.0152156 0.000421099 0.00185124 0.0152309 0.000743888 0.00184566 0.0152454 0.000741649 0.00180511 0.0152891 0.000725355 0.00179166 0.0152951 0.000719949 0.00161791 0.0153 0.000996184 0.0017775 0.0152988 0.00071426 0.00199317 0.0152 0.000165159 0.00199697 0.0152156 8.48302e-05 0.00195033 0.0152309 0.000420327 0.00194446 0.0152454 0.000419062 0.00190174 0.0152891 0.000409855 0.00188756 0.0152951 0.000406801 0.00176299 0.0153 0.000708427 0.00187265 0.0152988 0.000403586 0.00199317 0.0152 -0.000165159 0.00198258 0.0152156 -0.000253879 0.00199331 0.0152309 8.46747e-05 0.00198731 0.0152454 8.44198e-05 0.00194365 0.0152891 8.25651e-05 0.00192916 0.0152951 8.19498e-05 0.00185736 0.0153 0.000400291 0.00191392 0.0152988 8.13022e-05 0.0019388 0.0152 -0.000490971 0.00191116 0.0152156 -0.000585285 0.00197895 0.0152309 -0.000253414 0.00197299 0.0152454 -0.000252651 0.00192964 0.0152891 -0.0002471 0.00191526 0.0152951 -0.000245259 0.00189829 0.0153 8.06383e-05 0.00190013 0.0152988 -0.000243321 0.00183155 0.0152 -0.000803391 0.00178475 0.0152156 -0.000899853 0.00190765 0.0152309 -0.000584212 0.00190191 0.0152454 -0.000582454 0.00186013 0.0152891 -0.000569657 0.00184626 0.0152951 -0.000565412 0.00188461 0.0153 -0.000241334 0.00183167 0.0152988 -0.000560944 0.00167433 0.0152 -0.0010939 0.001607 0.0152156 -0.00118853 0.00178148 0.0152309 -0.000898204 0.00177612 0.0152454 -0.000895501 0.0017371 0.0152891 -0.000875826 0.00172415 0.0152951 -0.000869299 0.00181672 0.0153 -0.000556363 0.00171053 0.0152988 -0.00086243 0.00147145 0.0152 -0.00135456 0.00138303 0.0152156 -0.00144302 0.00160406 0.0152309 -0.00118636 0.00159923 0.0152454 -0.00118279 0.0015641 0.0152891 -0.0011568 0.00155244 0.0152951 -0.00114818 0.00169656 0.0153 -0.000855387 0.00154017 0.0152988 -0.00113911 0.00122843 0.0152 -0.00157828 0.00111926 0.0152156 -0.001656 0.00138049 0.0152309 -0.00144038 0.00137634 0.0152454 -0.00143604 0.0013461 0.0152891 -0.00140449 0.00133607 0.0152951 -0.00139403 0.00152759 0.0153 -0.0011298 0.00132551 0.0152988 -0.00138301 0.000951895 0.0152 -0.00175895 0.000823295 0.0152156 -0.00182134 0.00111721 0.0152309 -0.00165296 0.00111385 0.0152454 -0.00164799 0.00108937 0.0152891 -0.00161178 0.00108126 0.0152951 -0.00159977 0.00131468 0.0153 -0.00137172 0.00107271 0.0152988 -0.00158713 0.000649399 0.0152 -0.00189163 0.000503646 0.0152156 -0.00193427 0.000821787 0.0152309 -0.001818 -0.00147145 0.0152 0.00135456 -0.00150042 0.0152156 0.00132054 0.000801312 0.0152891 -0.0017727 0.000795341 0.0152951 -0.00175949 0.00106395 0.0153 -0.00157417 0.000789056 0.0152988 -0.00174559 0.000329189 0.0152 -0.00197272 0.000169507 0.0152156 -0.00199157 0.000502723 0.0152309 -0.00193073 0.00050121 0.0152454 -0.00192492 0.000490198 0.0152891 -0.00188263 0.000486545 0.0152951 -0.0018686 0.000782612 0.0153 -0.00173133 0.0004827 0.0152988 -0.00185383 0 0.0152 -0.002 -0.000169507 0.0152156 -0.00199157 0.000169197 0.0152309 -0.00198792 0.000168688 0.0152454 -0.00198193 0.000164981 0.0152891 -0.00193839 0.000163752 0.0152951 -0.00192395 0.000478758 0.0153 -0.00183869 0.000162458 0.0152988 -0.00190874 -0.000329189 0.0152 -0.00197272 -0.000503646 0.0152156 -0.00193427 -0.000169197 0.0152309 -0.00198792 -0.000168688 0.0152454 -0.00198193 -0.000164981 0.0152891 -0.00193839 -0.000163752 0.0152951 -0.00192395 0.000161131 0.0153 -0.00189316 -0.000162458 0.0152988 -0.00190874 -0.000649399 0.0152 -0.00189163 -0.000823295 0.0152156 -0.00182134 -0.000502723 0.0152309 -0.00193073 -0.00050121 0.0152454 -0.00192492 -0.000490198 0.0152891 -0.00188263 -0.000486545 0.0152951 -0.0018686 -0.000161131 0.0153 -0.00189316 -0.0004827 0.0152988 -0.00185383 -0.000951895 0.0152 -0.00175895 -0.00111926 0.0152156 -0.001656 -0.000821787 0.0152309 -0.001818 -0.000819313 0.0152454 -0.00181253 -0.000801312 0.0152891 -0.0017727 -0.000795341 0.0152951 -0.00175949 -0.000478758 0.0153 -0.00183869 -0.000789056 0.0152988 -0.00174559 -0.00122843 0.0152 -0.00157828 -0.00138303 0.0152156 -0.00144302 -0.00111721 0.0152309 -0.00165296 -0.00111385 0.0152454 -0.00164799 -0.00108937 0.0152891 -0.00161178 -0.00108126 0.0152951 -0.00159977 -0.000782612 0.0153 -0.00173133 -0.00107271 0.0152988 -0.00158713 -0.00147145 0.0152 -0.00135456 -0.001607 0.0152156 -0.00118853 -0.00138049 0.0152309 -0.00144038 -0.00137634 0.0152454 -0.00143604 -0.0013461 0.0152891 -0.00140449 -0.00133607 0.0152951 -0.00139403 -0.00106395 0.0153 -0.00157417 -0.00132551 0.0152988 -0.00138301 -0.00167433 0.0152 -0.0010939 -0.00178475 0.0152156 -0.000899853 -0.00160406 0.0152309 -0.00118636 -0.00159923 0.0152454 -0.00118279 -0.0015641 0.0152891 -0.0011568 -0.00155244 0.0152951 -0.00114818 -0.00131468 0.0153 -0.00137172 -0.00154017 0.0152988 -0.00113911 -0.00183155 0.0152 -0.000803391 -0.00191116 0.0152156 -0.000585285 -0.00178148 0.0152309 -0.000898204 -0.00177612 0.0152454 -0.000895501 -0.0017371 0.0152891 -0.000875826 -0.00172415 0.0152951 -0.000869299 -0.00152759 0.0153 -0.0011298 -0.00171053 0.0152988 -0.00086243 -0.0019388 0.0152 -0.000490971 -0.00198258 0.0152156 -0.000253879 -0.00190765 0.0152309 -0.000584212 -0.00190191 0.0152454 -0.000582454 -0.00186013 0.0152891 -0.000569657 -0.00184626 0.0152951 -0.000565412 -0.00169656 0.0153 -0.000855387 -0.00183167 0.0152988 -0.000560944 -0.00199317 0.0152 -0.000165159 -0.00199697 0.0152156 8.48302e-05 -0.00197895 0.0152309 -0.000253414 -0.00197299 0.0152454 -0.000252651 -0.00192964 0.0152891 -0.0002471 -0.00191526 0.0152951 -0.000245259 -0.00181672 0.0153 -0.000556363 -0.00190013 0.0152988 -0.000243321 -0.00199317 0.0152 0.000165159 -0.00195391 0.0152156 0.000421099 -0.00199331 0.0152309 8.46747e-05 -0.00198731 0.0152454 8.44198e-05 -0.00194365 0.0152891 8.25651e-05 -0.00192916 0.0152951 8.19498e-05 -0.00188461 0.0153 -0.000241334 -0.00191392 0.0152988 8.13022e-05 -0.0019388 0.0152 0.000490971 -0.00185464 0.0152156 0.000745254 -0.00195033 0.0152309 0.000420327 -0.00184566 0.0152454 0.000741649 -0.00190174 0.0152891 0.000409855 -0.00188756 0.0152951 0.000406801 -0.00189829 0.0153 8.06383e-05 -0.00187265 0.0152988 0.000403586 -0.00183155 0.0152 0.000803391 -0.00170201 0.0152156 0.00104797 -0.00185124 0.0152309 0.000743888 -0.00185736 0.0153 0.000400291 -0.0017775 0.0152988 0.00071426 -0.00167433 0.0152 0.0010939 -0.00169889 0.0152309 0.00104605 -0.00176299 0.0153 0.000708427 -0.00163123 0.0152988 0.00100439 -0.000966076 0.0152588 0.00172936 -0.000662649 0.0152454 0.00187548 -0.000970074 0.0152454 0.00173651 -0.00149767 0.0152309 0.00131812 -0.00144947 0.0152951 0.0012757 -0.00122214 0.0152891 0.00151359 -0.00161791 0.0153 0.000996184 -0.00143802 0.0152988 0.00126562 -0.00124959 0.0152454 0.00154759 -0.00125337 0.0152309 0.00155226 -0.00124444 0.0152588 0.00154121 -0.00123804 0.0152707 0.00153328 -0.00123054 0.0152809 0.001524 -0.00142628 0.0153 0.00125528 -0.000973003 0.0152309 0.00174176 -0.000961106 0.0152707 0.00172046 -0.000955286 0.0152809 0.00171004 -0.000948761 0.0152891 0.00169836 -0.000649399 0.0152 0.00189163 -0.000659917 0.0152588 0.00186775 -0.000656522 0.0152707 0.00185814 -0.000652547 0.0152809 0.00184689 -0.00064809 0.0152891 0.00183427 -0.00064326 0.0152951 0.0018206 -0.00033616 0.0152454 0.00196049 -0.000334774 0.0152588 0.00195241 -0.000333052 0.0152707 0.00194236 -0.000331035 0.0152809 0.0019306 -0.000328774 0.0152891 0.00191742 -0.000326324 0.0152951 0.00190313</float_array>
          <technique_common>
            <accessor count="559" source="#ID29" stride="3">
              <param name="X" type="float"/>
              <param name="Y" type="float"/>
              <param name="Z" type="float"/>
            </accessor>
          </technique_common>
        </source>
        <source id="ID30">
          <float_array count="1677" id="ID31">-0 -1 -0 -0 -1 -0 -0 -1 -0 -0 -1 -0 -0 -1 -0 -0 -1 -0 -0 -1 -0 -0 -1 -0 -0 -1 -0 -0 -1 -0 -0 -1 -0 -0 -1 -0 -0 -1 -0 -0 -1 -0 -0 -1 -0 -0 -1 -0 -0 -1 -0 -0 -1 -0 -0 -1 -0 -0 -1 -0 -0 -1 -0 -0 -1 -0 -0 -1 -0 -0 -1 -0 -0 -1 -0 -0 -1 -0 -0 -1 -0 -0 -1 -0 -0 -1 -0 -0 -1 -0 -0 -1 -0 -0 -1 -0 -0 -1 -0 -0 -1 -0 -0 -1 -0 -0 -1 -0 -0 -1 -0 -0 -1 -0 0 1 0 0 1 0 0 1 0 0 1 0 0 1 0 0 1 0 0 1 0 0 1 0 0 1 0 0 1 0 0 1 0 0 1 0 0 1 0 0 1 0 0 1 0 0 1 0 0 1 0 0 1 0 0 1 0 0 1 0 0 1 0 0 1 0 0 1 0 0 1 0 0 1 0 0 1 0 0 1 0 0 1 0 0 1 0 0 1 0 0 1 0 0 1 0 0 1 0 0 1 0 0 1 0 0 1 0 0 1 0 0.996584 0 -0.0825794 0.996584 0 0.0825794 0.996584 0 -0.0825794 -0.164595 0 0.986361 -8.74228e-08 0 1 -8.74228e-08 0 1 0.9694 0 -0.245485 0.9694 0 -0.245485 0.915773 0 -0.401695 0.915773 0 -0.401695 0.837166 0 -0.546948 0.837166 0 -0.546948 0.735724 0 -0.677282 0.735724 0 -0.677282 0.614213 0 -0.789141 0.614213 0 -0.789141 0.475947 0 -0.879474 0.475947 0 -0.879474 0.324699 0 -0.945817 0.324699 0 -0.945817 0.164595 0 -0.986361 0.164595 0 -0.986361 -1.37149e-11 0 -1 0 0 -1 0.996584 0 0.0825792 0.9694 0 0.245485 0.9694 0 0.245485 0.915773 0 0.401695 0.915773 0 0.401695 0.837166 0 0.546948 0.837166 0 0.546948 0.735724 0 0.677282 0.735724 0 0.677282 0.614213 0 0.78914 0.614213 0 0.789141 0.475947 0 0.879474 0.475947 0 0.879474 0.3247 0 0.945817 0.324699 0 0.945817 0.164595 0 0.986361 0.164595 0 0.986361 -0.614213 0 0.78914 -0.475947 0 0.879474 -0.475947 0 0.879474 -0.324699 0 0.945817 -0.164595 0 0.986361 -0.324699 0 0.945817 -0.837167 0 0.546948 -0.915773 0 0.401695 -0.837167 0 0.546948 -0.614213 0 0.78914 -0.735724 0 0.677282 -0.735724 0 0.677282 -0.996584 0 0.0825794 -0.996584 0 0.0825794 -0.996584 0 -0.0825794 -0.9694 0 0.245486 -0.915773 0 0.401695 -0.9694 0 0.245486 -0.837166 0 -0.546948 -0.915773 0 -0.401695 -0.915773 0 -0.401695 -0.9694 0 -0.245485 -0.9694 0 -0.245486 -0.996584 0 -0.0825794 -0.614213 0 -0.789141 -0.614213 0 -0.78914 -0.735724 0 -0.677282 -0.837166 0 -0.546948 -0.735724 0 -0.677282 -0.475948 0 -0.879474 -0.475947 0 -0.879474 -0.324699 0 -0.945817 -0.3247 0 -0.945817 -0.164595 0 -0.986361 -0.164595 0 -0.986361 0.701379 0.707107 -0.0898151 0.802464 0.587785 -0.10276 0.70647 0.707107 0.0300104 0.808288 0.587785 0.0343357 0.691236 0.707107 0.148973 0.583024 0.809017 -0.0746592 0.587255 0.809017 0.0249463 0.656117 0.707107 0.263649 0.790859 0.587785 0.170443 0.574592 0.809017 0.123834 0.750678 0.587785 0.301647 0.602122 0.707107 0.370741 0.545399 0.809017 0.219159 0.688901 0.587785 0.424173 0.530805 0.707107 0.467167 0.500516 0.809017 0.30818 0.444219 0.707107 0.550154 0.607307 0.587785 0.534497 0.441234 0.809017 0.388335 0.508241 0.587785 0.629444 0.344852 0.707107 0.617314 0.369258 0.809017 0.457318 0.394553 0.587785 0.706283 0.235565 0.707107 0.666715 0.28666 0.809017 0.513145 0.119502 0.707107 0.696936 0.269516 0.587785 0.762804 0.453029 0.587785 -0.670278 0.333235 0.587785 -0.737199 0.367007 0.453991 -0.811911 0.195815 0.809017 0.554209 0.0993362 0.809017 0.57933 0.324699 -1.74846e-07 0.945817 0.164595 -1.74846e-07 0.986361 0.16692 0.156434 0.973481 -6.73684e-10 0.156434 0.987688 3.55271e-15 -1.74846e-07 1 -5.27183e-10 0.453991 0.891007 -2.20727e-09 0.587785 0.809017 0.150581 0.453991 0.87819 -1.2974e-09 0.309017 0.951057 0.160729 0.309017 0.937376 0.136725 0.587785 0.79738 -1.39478e-09 0.707107 0.707107 -6.95552e-10 0.809017 0.587785 -1.6862e-09 0.951056 0.309017 0.0767248 0.891006 0.44746 -1.78948e-10 0.891006 0.453991 0.0522241 0.951056 0.304572 1.74808e-10 0.987688 0.156435 -4.70442e-17 1 1.19249e-08 0.0264376 0.987688 0.154184 0.562021 0.809017 -0.172117 0.524849 0.809017 -0.264623 0.631394 0.707107 -0.318342 0.676112 0.707107 -0.207057 0.568512 0.707107 -0.420469 0.472578 0.809017 -0.349516 0.773555 0.587785 -0.236899 0.489275 0.707107 -0.5105 0.406711 0.809017 -0.424355 0.722392 0.587785 -0.364222 0.329145 0.809017 -0.486986 0.395962 0.707107 -0.585845 0.650447 0.587785 -0.481068 0.55979 0.587785 -0.584075 0.242109 0.809017 -0.535607 0.291258 0.707107 -0.644336 0.148109 0.809017 -0.568819 0.178175 0.707107 -0.68429 0.0498477 0.809017 -0.585668 0.0599668 0.707107 -0.704559 -0.0599668 0.707107 -0.704559 -0.0498476 0.809017 -0.585668 0.203855 0.587785 -0.782912 -0.148109 0.809017 -0.568819 -0.178175 0.707107 -0.68429 0.0686094 0.587785 -0.806102 -0.291258 0.707107 -0.644336 -0.242109 0.809017 -0.535607 -0.0686096 0.587785 -0.806102 -0.395962 0.707107 -0.585845 -0.329145 0.809017 -0.486986 -0.203855 0.587785 -0.782912 -0.406711 0.809017 -0.424355 -0.489275 0.707107 -0.5105 -0.333235 0.587785 -0.737199 -0.472578 0.809017 -0.349517 -0.568512 0.707107 -0.420469 -0.453029 0.587785 -0.670278 -0.55979 0.587785 -0.584075 -0.650447 0.587785 -0.481068 -0.524849 0.809017 -0.264623 -0.631394 0.707107 -0.318342 -0.722392 0.587785 -0.364223 -0.562021 0.809017 -0.172117 -0.676112 0.707107 -0.207057 -0.773555 0.587785 -0.236898 -0.583024 0.809017 -0.0746591 -0.701379 0.707107 -0.0898151 -0.802464 0.587785 -0.102759 -0.587255 0.809017 0.0249465 -0.70647 0.707107 0.0300103 -0.808288 0.587785 0.0343355 -0.574592 0.809017 0.123834 -0.691236 0.707107 0.148973 -0.871008 0.453991 0.187717 -0.790859 0.587785 0.170443 -0.758718 0.453991 0.467161 -0.750678 0.587785 0.301647 -0.688902 0.587785 0.424173 -0.481691 0.156434 0.862266 -0.329038 0.156434 0.931269 -0.475948 -1.74846e-07 0.879474 -0.614213 -1.74846e-07 0.78914 -0.620486 0.156434 0.768457 -0.668854 0.453991 0.588666 -0.160729 0.309017 0.937376 -0.602122 0.707107 0.370741 -0.530806 0.707107 0.467167 -0.607307 0.587785 0.534497 -0.16692 0.156434 0.973481 -0.316835 0.309017 0.89673 -0.340798 0.891006 0.29994 -0.386586 0.891006 0.238031 -0.263137 0.951056 0.16202 -0.286734 0.951056 0.115219 -0.421253 0.891006 0.169273 -0.545399 0.809017 0.219159 -0.656116 0.707107 0.263649 -0.441234 0.809017 0.388335 -0.500516 0.809017 0.30818 -0.0982753 0.987688 0.121712 -0.150706 0.951056 0.269776 -0.194131 0.951056 0.240426 -7.49145e-09 1 9.27799e-09 -5.8157e-09 1 1.04106e-08 -0.0762923 0.987688 0.13657 -3.97265e-09 1 1.12437e-08 -0.0521145 0.987688 0.147499 -2.01531e-09 1 1.17534e-08 -0.0264376 0.987688 0.154184 0.475947 -1.74846e-07 0.879474 0.329038 0.156434 0.931269 -0.164595 -1.74846e-07 0.986361 0.481691 0.156434 0.862266 0.316835 0.309017 0.89673 0.29683 0.453991 0.84011 0.151242 0.891006 0.428058 0.102946 0.951056 0.291365 2.01531e-09 1 1.17534e-08 0.0521146 0.987688 0.147499 0.614213 -1.74846e-07 0.789141 0.620486 0.156434 0.768457 0.463825 0.309017 0.830286 0.434539 0.453991 0.777861 0.221409 0.891006 0.39634 0.150706 0.951056 0.269776 3.97265e-09 1 1.12437e-08 0.0762923 0.987688 0.13657 0.735724 -1.74846e-07 0.677282 0.74143 0.156434 0.652541 0.597473 0.309017 0.739956 0.559748 0.453991 0.693235 0.285206 0.891006 0.353221 0.194131 0.951056 0.240426 5.8157e-09 1 1.04106e-08 0.0982753 0.987688 0.121712 0.837166 -1.74846e-07 0.546948 0.841045 0.156434 0.517852 0.713932 0.309017 0.628339 0.668854 0.453991 0.588665 0.340798 0.891006 0.29994 0.231971 0.951056 0.20416 7.49145e-09 1 9.27798e-09 0.117431 0.987688 0.103352 0.915773 -1.74846e-07 0.401695 0.916465 0.156434 0.368266 0.809852 0.309017 0.498646 0.758718 0.453991 0.467161 0.386586 0.891006 0.238031 0.263137 0.951056 0.16202 8.95168e-09 1 7.87847e-09 0.133209 0.987688 0.0820198 0.9694 -1.74846e-07 0.245485 0.96552 0.156434 0.208085 0.882475 0.309017 0.354608 0.826755 0.453991 0.332218 0.421253 0.891006 0.169273 0.286734 0.951056 0.115219 1.01544e-08 1 6.2523e-09 0.145154 0.987688 0.0583276 0.996584 -1.74846e-07 0.0825794 0.986798 0.156434 0.0419187 0.92971 0.309017 0.200368 0.871008 0.453991 0.187717 0.443801 0.891006 0.0956464 0.302081 0.951056 0.0651035 1.1065e-08 1 4.44627e-09 0.152923 0.987688 0.0329575 0.996584 -1.74846e-07 -0.0825794 0.979689 0.156434 -0.125454 0.9502 0.309017 0.040364 0.890204 0.453991 0.0378154 0.453582 0.891006 0.0192679 0.308739 0.951056 0.0131151 1.16572e-08 1 2.51233e-09 0.156294 0.987688 0.00663925 0.9694 -1.74846e-07 -0.245485 0.944395 0.156434 -0.289218 0.943353 0.309017 -0.120801 0.88379 0.453991 -0.113174 0.450314 0.891006 -0.0576649 0.306514 0.951056 -0.0392507 1.19141e-08 1 5.06106e-10 0.155167 0.987688 -0.01987 0.915773 -1.74846e-07 -0.401695 0.881932 0.156434 -0.444661 0.909369 0.309017 -0.278491 0.851951 0.453991 -0.260907 0.434091 0.891006 -0.132939 0.295472 0.951056 -0.0904873 1.18283e-08 1 -1.51467e-09 0.149577 0.987688 -0.0458076 0.837166 -1.74846e-07 -0.546948 0.794099 0.156434 -0.587312 0.849223 0.309017 -0.428169 0.795603 0.453991 -0.401134 0.40538 0.891006 -0.204388 0.275929 0.951056 -0.139121 1.14022e-08 1 -3.49188e-09 0.139684 0.987688 -0.0704274 0.735724 -1.74846e-07 -0.677282 0.68342 0.156434 -0.713068 0.764647 0.309017 -0.56553 0.716367 0.453991 -0.529822 0.365007 0.891006 -0.269958 0.248449 0.951056 -0.183752 1.0648e-08 1 -5.36863e-09 0.125773 0.987688 -0.0930212 0.614213 -1.74846e-07 -0.789141 0.55308 0.156434 -0.818309 0.658073 0.309017 -0.686621 0.616522 0.453991 -0.643268 0.314134 0.891006 -0.327761 0.213821 0.951056 -0.223097 9.58757e-09 1 -7.09093e-09 0.108243 0.987688 -0.112939 0.475947 -1.74846e-07 -0.879474 0.40683 0.156434 -0.90001 0.532568 0.309017 -0.78796 0.498941 0.453991 -0.738207 0.254223 0.891006 -0.376136 0.173042 0.951056 -0.256024 8.25129e-09 1 -8.60924e-09 0.0875994 0.987688 -0.129608 0.3247 -1.74846e-07 -0.945817 0.248876 0.156434 -0.955819 0.391741 0.309017 -0.86663 -0.735724 -1.74846e-07 0.677282 -0.74143 0.156434 0.652541 0.186999 0.891006 -0.413689 0.127285 0.951056 -0.281585 6.67763e-09 1 -9.87988e-09 0.0644356 0.987688 -0.142548 0.164595 -1.74846e-07 -0.986361 0.0837618 0.156434 -0.98413 0.239645 0.309017 -0.920369 0.224514 0.453991 -0.862256 0.114396 0.891006 -0.439342 0.0778655 0.951056 -0.299046 4.91187e-09 1 -1.08663e-08 0.0394181 0.987688 -0.151387 -8.74228e-08 -1.74846e-07 -1 -0.083762 0.156434 -0.98413 0.0806552 0.309017 -0.94763 0.0755626 0.453991 -0.887797 0.0385011 0.891006 -0.452355 0.0262065 0.951056 -0.307904 3.00481e-09 1 -1.15401e-08 0.0132666 0.987688 -0.155871 -0.164595 -1.74846e-07 -0.986361 -0.248876 0.156434 -0.955819 -0.0806552 0.309017 -0.94763 -0.0755626 0.453991 -0.887797 -0.0385012 0.891006 -0.452355 -0.0262065 0.951056 -0.307904 1.0113e-09 1 -1.18819e-08 -0.0132665 0.987688 -0.155871 -0.324699 -1.74846e-07 -0.945817 -0.40683 0.156434 -0.90001 -0.239645 0.309017 -0.920369 -0.224514 0.453991 -0.862256 -0.114396 0.891006 -0.439342 -0.0778655 0.951056 -0.299046 -1.0113e-09 1 -1.18819e-08 -0.0394181 0.987688 -0.151387 -0.475947 -1.74846e-07 -0.879474 -0.55308 0.156434 -0.818309 -0.391741 0.309017 -0.86663 -0.367007 0.453991 -0.811911 -0.186999 0.891006 -0.413689 -0.127285 0.951056 -0.281585 -3.00481e-09 1 -1.15401e-08 -0.0644356 0.987688 -0.142548 -0.614213 -1.74846e-07 -0.78914 -0.68342 0.156434 -0.713067 -0.532568 0.309017 -0.787959 -0.498941 0.453991 -0.738207 -0.254223 0.891006 -0.376136 -0.173042 0.951056 -0.256024 -4.91187e-09 1 -1.08663e-08 -0.0875994 0.987688 -0.129608 -0.735724 -1.74846e-07 -0.677282 -0.794099 0.156434 -0.587312 -0.658073 0.309017 -0.686621 -0.616522 0.453991 -0.643268 -0.314134 0.891006 -0.327761 -0.213821 0.951056 -0.223097 -6.67763e-09 1 -9.87988e-09 -0.108243 0.987688 -0.112939 -0.837167 -1.74846e-07 -0.546948 -0.881933 0.156434 -0.444661 -0.764647 0.309017 -0.56553 -0.716367 0.453991 -0.529822 -0.365007 0.891006 -0.269958 -0.248449 0.951056 -0.183752 -8.25129e-09 1 -8.60924e-09 -0.125773 0.987688 -0.0930212 -0.915773 -1.74846e-07 -0.401695 -0.944395 0.156434 -0.289218 -0.849223 0.309017 -0.428169 -0.795603 0.453991 -0.401134 -0.40538 0.891006 -0.204388 -0.275929 0.951056 -0.139121 -9.58757e-09 1 -7.09093e-09 -0.139684 0.987688 -0.0704274 -0.9694 -1.74846e-07 -0.245486 -0.979689 0.156434 -0.125454 -0.909369 0.309017 -0.278491 -0.851951 0.453991 -0.260907 -0.434091 0.891006 -0.132939 -0.295472 0.951056 -0.0904873 -1.0648e-08 1 -5.36863e-09 -0.149577 0.987688 -0.0458076 -0.996584 -1.74846e-07 -0.0825794 -0.986798 0.156434 0.0419185 -0.943353 0.309017 -0.120801 -0.88379 0.453991 -0.113174 -0.450314 0.891006 -0.0576649 -0.306514 0.951056 -0.0392506 -1.14022e-08 1 -3.49188e-09 -0.155167 0.987688 -0.01987 -0.996584 -1.74846e-07 0.0825794 -0.96552 0.156434 0.208085 -0.9502 0.309017 0.0403638 -0.890204 0.453991 0.0378157 -0.453582 0.891006 0.0192678 -0.308739 0.951056 0.0131152 -1.18283e-08 1 -1.51467e-09 -0.156294 0.987688 0.00663924 -0.9694 -1.74846e-07 0.245486 -0.916465 0.156434 0.368266 -0.92971 0.309017 0.200368 -0.826755 0.453991 0.332217 -0.443801 0.891006 0.0956464 -0.302081 0.951056 0.0651035 -1.19141e-08 1 5.06104e-10 -0.152923 0.987688 0.0329575 -0.915773 -1.74846e-07 0.401695 -0.841045 0.156434 0.517852 -0.882475 0.309017 0.354608 -1.16572e-08 1 2.51233e-09 -0.145154 0.987688 0.0583276 -0.837166 -1.74846e-07 0.546948 -0.809852 0.309017 0.498646 -1.1065e-08 1 4.44627e-09 -0.133209 0.987688 0.0820198 -0.394553 0.587785 0.706283 -0.29683 0.453991 0.84011 -0.434539 0.453991 0.777861 -0.713932 0.309017 0.628339 -0.231971 0.951056 0.20416 -0.285206 0.891006 0.353221 -1.01544e-08 1 6.2523e-09 -0.117431 0.987688 0.103352 -0.559748 0.453991 0.693235 -0.597472 0.309017 0.739956 -0.508241 0.587785 0.629444 -0.444219 0.707107 0.550154 -0.369258 0.809017 0.457318 -8.95168e-09 1 7.87846e-09 -0.463825 0.309017 0.830286 -0.344852 0.707107 0.617314 -0.28666 0.809017 0.513145 -0.221409 0.891006 0.39634 -0.3247 -1.74846e-07 0.945817 -0.269516 0.587785 0.762804 -0.235566 0.707107 0.666715 -0.195814 0.809017 0.554209 -0.151242 0.891006 0.428058 -0.102946 0.951056 0.291365 -0.150581 0.453991 0.87819 -0.136725 0.587785 0.79738 -0.119502 0.707107 0.696936 -0.0993362 0.809017 0.57933 -0.0767248 0.891006 0.44746 -0.0522242 0.951056 0.304572</float_array>
          <technique_common>
            <accessor count="559" source="#ID31" stride="3">
              <param name="X" type="float"/>
              <param name="Y" type="float"/>
              <param name="Z" type="float"/>
            </accessor>
          </technique_common>
        </source>
        <vertices id="ID32">
          <input semantic="POSITION" source="#ID28"/>
          <input semantic="NORMAL" source="#ID30"/>
        </vertices>
        <triangles count="888" material="ID10">
          <input offset="0" semantic="VERTEX" source="#ID32"/>
          <p>0 2 1 3 5 4 5 3 6 4 8 7 7 3 4 9 10 8 7 8 10 11 9 12 9 11 10 12 0 1 1 11 12 13 15 14 2 17 16 18 20 19 21 23 22 24 26 25 27 29 28 30 32 31 33 35 34 35 37 36 28 36 37 37 35 33 29 36 28 30 31 27 31 29 27 21 32 23 32 30 23 26 22 25 21 22 26 24 19 20 25 19 24 18 15 13 18 13 20 16 17 14 16 14 15 17 2 0 38 40 39 41 43 42 41 44 43 45 42 46 43 46 42 47 48 45 45 46 47 48 50 49 50 48 47 51 53 52 50 54 49 55 57 56 58 60 59 61 63 62 64 66 65 67 69 68 70 72 71 73 74 70 74 73 66 70 71 73 67 64 65 64 74 66 69 67 65 61 68 63 63 68 69 56 57 62 62 57 61 58 59 55 56 58 55 60 40 38 59 60 38 39 53 51 39 40 53 49 54 52 54 51 52 75 77 76 78 80 79 77 82 81 82 77 75 83 81 84 82 84 81 85 86 83 83 84 85 86 88 87 88 86 85 89 87 90 88 90 87 91 92 89 89 90 91 92 94 93 94 92 91 95 93 96 94 96 93 97 98 95 95 96 97 75 76 99 100 101 99 99 76 100 101 103 102 103 101 100 104 102 105 103 105 102 106 107 104 104 105 106 107 109 108 109 107 106 110 108 111 109 111 108 112 113 110 110 111 112 113 115 114 115 113 112 115 79 114 114 79 80 116 118 117 119 121 120 122 124 123 125 127 126 128 130 129 131 133 132 134 136 135 137 139 138 140 142 141 143 144 142 145 146 140 140 141 145 146 148 147 148 146 145 149 147 150 148 150 147 98 97 149 149 150 98 134 144 143 142 144 141 136 137 135 143 136 134 138 139 130 135 137 138 128 129 133 130 139 129 123 131 132 131 128 133 126 124 122 122 123 132 125 116 127 126 127 124 118 121 117 125 118 116 119 120 78 117 121 119 80 78 120 151 153 152 154 153 155 156 157 151 158 159 155 157 160 153 158 162 161 155 160 163 164 162 165 166 158 163 167 168 165 169 162 166 167 171 170 169 172 165 173 171 174 167 172 175 176 177 174 178 180 179 181 182 174 175 181 171 183 185 184 186 187 184 185 186 184 188 190 189 185 192 191 190 193 189 191 192 188 185 191 186 189 193 194 190 188 192 176 182 195 193 176 194 196 198 197 194 176 195 199 200 196 197 198 182 201 200 202 197 199 196 203 205 204 203 156 206 207 208 204 151 209 206 210 211 208 205 206 212 213 211 214 215 207 205 207 216 210 217 213 218 217 220 219 178 214 210 221 219 222 214 179 218 223 224 221 220 218 225 224 227 226 228 222 220 229 230 226 222 231 223 232 233 230 227 223 234 235 233 236 237 229 227 238 235 239 229 240 232 236 232 241 236 242 239 243 238 244 244 239 245 246 243 247 248 247 244 246 250 249 247 251 250 252 249 253 253 250 254 255 252 256 257 258 254 259 261 260 262 264 263 262 266 265 267 261 259 268 186 191 269 271 270 272 268 273 186 272 187 274 276 275 253 258 256 277 278 275 279 255 280 275 282 281 283 285 284 286 288 287 289 287 290 201 291 200 291 289 292 293 294 183 272 295 187 185 183 294 293 296 294 192 294 297 298 177 193 298 190 297 299 199 197 190 298 193 193 177 176 199 300 202 195 182 198 174 182 176 301 201 202 181 299 197 200 199 202 199 299 300 301 202 302 185 294 192 303 296 293 303 304 296 192 297 190 297 296 305 306 173 177 306 298 305 307 300 299 298 306 177 177 173 174 300 308 302 182 181 197 171 181 174 301 302 309 175 307 299 202 300 302 300 307 308 309 302 310 294 296 297 311 304 303 311 312 304 297 305 298 305 304 313 173 314 170 314 306 313 315 308 307 306 314 173 173 170 171 308 316 310 181 175 299 167 175 171 309 310 317 172 315 307 302 308 310 308 315 316 317 310 318 296 304 305 319 312 311 319 320 312 305 313 306 313 312 321 170 322 168 322 314 321 323 316 315 314 322 170 170 168 167 316 324 318 175 172 307 165 172 167 317 318 325 169 323 315 310 316 318 316 323 324 325 318 326 304 312 313 327 320 319 327 328 320 313 321 314 321 320 329 168 330 164 330 322 329 331 324 323 322 330 168 165 168 164 324 332 326 172 169 315 169 165 162 325 326 333 166 331 323 318 324 326 324 331 332 333 326 334 312 320 321 335 328 327 335 336 328 321 329 322 329 328 337 164 338 161 338 330 337 332 331 339 330 338 164 162 164 161 332 340 334 169 166 323 166 162 158 333 334 341 163 339 331 326 332 334 332 339 340 341 334 342 320 328 329 343 336 335 343 344 336 329 337 330 337 336 345 161 346 159 346 338 345 340 339 347 338 346 161 158 161 159 340 348 342 166 163 331 163 158 155 341 342 349 160 347 339 334 340 342 340 347 348 349 342 350 328 336 337 351 344 343 351 352 344 337 345 338 345 344 353 159 354 154 354 346 353 348 347 355 354 159 346 159 154 155 356 350 348 163 160 339 153 160 155 349 350 357 157 355 347 342 348 350 348 355 356 357 350 358 336 344 345 359 352 351 359 360 352 345 353 346 353 352 361 154 362 152 362 354 361 363 356 355 362 154 354 153 154 152 356 364 358 160 157 347 157 153 151 358 350 356 156 363 355 363 364 356 365 358 366 358 365 357 344 352 353 367 360 359 367 368 360 353 361 354 361 360 369 152 370 209 370 362 369 364 363 371 370 152 362 152 209 151 366 364 372 157 156 355 156 151 206 365 366 373 203 371 363 358 364 366 364 371 372 373 366 374 352 360 361 375 368 367 375 376 368 361 369 362 369 368 377 209 378 212 378 370 377 372 371 379 378 209 370 206 209 212 372 380 374 156 203 363 203 206 205 374 366 372 204 379 371 379 380 372 381 374 382 374 381 373 360 368 369 383 376 375 383 384 376 369 377 370 377 376 385 212 386 215 386 378 385 380 379 387 386 212 378 212 215 205 382 380 388 203 204 371 204 205 207 381 382 389 208 387 379 374 380 382 380 387 388 389 382 390 368 376 377 391 384 383 391 392 384 377 385 378 385 384 393 215 394 216 394 386 393 388 387 395 394 215 386 207 215 216 388 396 390 204 208 379 208 207 210 390 382 388 211 395 387 395 396 388 397 390 398 390 397 389 376 384 385 399 392 391 399 400 392 385 393 386 393 392 401 216 402 178 402 394 401 396 395 403 402 216 394 216 178 210 404 398 396 208 211 387 211 210 214 397 398 405 213 403 395 390 396 398 404 396 403 405 398 406 384 392 393 407 400 399 407 408 400 393 401 394 401 400 409 410 266 411 180 402 409 404 403 412 180 178 402 178 179 214 413 406 404 211 213 395 218 213 214 414 405 406 217 412 403 398 404 406 404 412 413 414 406 415 392 400 401 416 408 407 416 417 408 401 409 402 408 418 409 419 225 179 419 180 418 420 413 412 419 179 180 179 225 218 413 421 415 213 217 403 217 218 220 413 420 421 219 420 412 415 423 422 414 415 422 406 413 415 400 408 409 424 417 416 424 425 417 409 418 180 417 426 418 427 228 225 427 419 426 421 420 428 427 225 419 225 228 220 429 423 421 217 219 412 222 219 220 430 422 423 428 420 221 415 421 423 429 421 428 430 423 431 408 417 418 432 425 424 432 433 425 418 426 419 425 434 426 435 231 228 435 427 434 436 429 428 435 228 427 228 231 222 437 431 429 219 221 420 221 222 223 438 431 439 436 428 224 436 437 429 430 431 438 423 429 431 417 425 426 440 433 432 440 441 433 426 434 427 433 442 434 443 234 231 443 435 442 437 436 444 443 231 435 223 231 234 445 439 437 221 224 428 224 223 227 446 439 447 226 444 436 444 445 437 438 439 446 431 437 439 425 433 434 448 441 440 448 449 441 434 442 435 441 450 442 451 237 234 451 443 450 445 444 452 451 234 443 234 237 227 453 447 445 224 226 436 229 226 227 454 446 447 230 452 444 439 445 447 445 452 453 454 447 455 433 441 442 456 449 448 456 457 449 442 450 443 449 458 450 459 240 237 459 451 458 460 453 452 459 237 451 229 237 240 453 461 455 226 230 444 232 230 229 455 447 453 233 460 452 453 460 461 462 455 463 455 462 454 441 449 450 464 457 456 464 465 457 450 458 451 457 466 458 467 241 240 459 466 467 468 461 460 467 240 459 232 240 241 469 463 461 230 233 452 233 232 236 470 463 471 235 468 460 468 469 461 462 463 470 455 461 463 449 457 458 472 465 464 472 473 465 458 466 459 465 474 466 475 242 241 467 474 475 469 468 476 475 241 467 236 241 242 469 477 471 233 235 460 235 236 239 478 470 471 238 476 468 463 469 471 469 476 477 478 471 479 457 465 466 480 473 472 480 481 473 466 474 467 473 482 474 483 245 242 475 482 483 477 476 484 483 242 475 242 245 239 485 479 477 235 238 468 244 238 239 478 479 486 243 484 476 471 477 479 477 484 485 486 479 487 465 473 474 488 481 480 488 489 481 474 482 475 481 490 482 491 248 245 483 490 491 492 485 484 491 245 483 244 245 248 485 493 487 238 243 476 247 243 244 487 479 485 246 492 484 485 492 493 494 487 495 487 494 486 473 481 482 496 489 488 496 497 489 482 490 483 489 498 490 499 251 248 491 498 499 500 493 492 499 248 491 247 248 251 501 495 493 243 246 484 246 247 250 502 495 503 249 500 492 500 501 493 494 495 502 487 493 495 481 489 490 504 497 496 504 505 497 490 498 491 497 506 498 507 254 251 499 506 507 501 500 508 507 251 499 251 254 250 509 503 501 246 249 492 253 249 250 510 502 503 252 508 500 495 501 503 501 508 509 510 503 511 489 497 498 512 505 504 512 513 505 498 506 499 505 514 506 515 260 258 514 257 507 516 509 508 254 507 257 254 258 253 517 511 509 249 252 500 256 252 253 511 503 509 255 516 508 509 516 517 518 511 519 511 518 510 497 505 506 520 513 512 520 521 513 506 514 507 522 514 513 260 280 256 257 522 515 278 517 516 515 258 257 260 256 258 277 519 517 252 255 508 280 255 256 277 517 278 279 278 516 519 524 523 518 519 523 511 517 519 505 513 514 525 521 520 525 411 521 514 522 257 521 526 522 261 269 280 515 526 259 269 282 279 515 259 260 260 261 280 276 524 277 255 279 516 279 280 269 527 524 528 282 275 278 275 276 277 523 524 527 519 277 524 513 521 522 410 411 525 529 531 530 522 526 515 532 526 411 269 261 271 532 267 259 282 269 270 267 271 261 533 274 534 533 528 276 279 282 278 282 270 281 535 527 528 281 274 275 524 276 528 276 274 533 535 528 536 521 411 526 265 266 410 267 537 271 526 532 259 532 266 538 271 539 270 538 537 267 270 540 281 537 539 271 281 541 274 540 270 539 533 285 536 541 281 540 536 528 533 541 534 274 533 534 285 542 536 283 536 542 535 411 266 532 264 262 265 537 531 539 532 538 267 262 543 538 539 529 540 543 531 537 540 544 541 531 529 539 541 545 534 529 544 540 546 285 534 541 544 545 286 283 288 534 545 546 546 284 285 542 283 286 536 285 283 266 262 538 547 263 264 548 544 529 538 543 537 263 273 543 549 545 544 273 530 531 550 546 545 530 548 529 551 284 546 548 549 544 552 288 284 549 550 545 288 552 290 551 546 550 283 284 288 284 551 552 287 288 290 262 263 543 547 295 263 268 553 530 543 273 531 268 530 273 553 554 548 553 548 530 554 555 549 554 549 548 555 556 550 555 550 549 556 557 551 556 551 550 557 558 552 557 552 551 290 558 292 290 552 558 289 290 292 263 295 272 273 263 272 553 191 188 186 268 272 554 188 189 191 553 268 555 189 194 188 554 553 556 194 195 189 555 554 557 195 198 194 556 555 558 198 196 195 557 556 292 196 200 198 558 557 200 291 292 196 292 558</p>
        </triangles>
      </mesh>
    </geometry>
    <geometry id="ID34">
      <mesh>
        <source id="ID35">
          <float_array count="1800" id="ID36">0.000390912 0.0143 0.00234261 0.00162526 0.0143 0.00624188 0.000546998 0.0143 0.00642676 0.00217496 0.0143 -0.000954027 0.00549236 0.0143 -0.00338178 0.00598488 0.0143 -0.00240492 0.00630523 0.0143 -0.00135888 0.00236689 0.0143 -0.000196126 0.00230233 0.0143 -0.000583028 0.00198827 0.0143 -0.001299 0.00174734 0.0143 -0.00160854 0.00484184 0.0143 -0.00426135 0.00236689 0.0143 0.000196126 0.00644419 0.0143 -0.000273746 0.00639776 0.0143 0.000819265 0.00314563 0.0143 -0.00563094 0.00405202 0.0143 -0.00501833 0.00145876 0.0143 -0.00187421 0.00616728 0.0143 0.00188871 0.00217496 0.0143 0.000954027 0.00230233 0.0143 0.000583028 0.00113038 0.0143 -0.00208875 0.000771161 0.0143 -0.00224632 0.00214875 0.0143 -0.00608156 0.00575937 0.0143 0.00290381 0.00198827 0.0143 0.001299 0 0.0143 -0.00645 -7.63858e-19 0.0143 -0.002375 -0.00109006 0.0143 -0.00635722 0.00518578 0.0143 0.00383538 0.00174734 0.0143 0.00160854 -0.00162526 0.0143 0.00624188 -0.00265676 0.0143 0.00587742 -0.000771161 0.0143 0.00224632 -0.00214875 0.0143 -0.00608156 -0.000771161 0.0143 -0.00224632 -0.00113038 0.0143 -0.00208875 -0.00598488 0.0143 -0.00240492 -0.00549236 0.0143 -0.00338178 -0.00217496 0.0143 -0.000954027 -0.00518578 0.0143 0.00383538 -0.00174734 0.0143 0.00160854 -0.00446301 0.0143 0.00465662 -0.00639776 0.0143 0.000819265 -0.00644419 0.0143 -0.000273746 -0.00236689 0.0143 0.000196126 -0.00230233 0.0143 0.000583028 -0.00616728 0.0143 0.00188871 -0.00230233 0.0143 -0.000583028 -0.00630523 0.0143 -0.00135888 -0.00236689 0.0143 -0.000196126 -0.00198827 0.0143 0.001299 -0.00575937 0.0143 0.00290381 -0.00217496 0.0143 0.000954027 -0.00484184 0.0143 -0.00426135 -0.00198827 0.0143 -0.001299 -0.00145876 0.0143 0.00187421 -0.00361184 0.0143 0.00534389 -0.00405202 0.0143 -0.00501833 -0.00174734 0.0143 -0.00160854 -0.00145876 0.0143 -0.00187421 -0.00314563 0.0143 -0.00563094 -0.00113038 0.0143 0.00208875 -0.000390912 0.0143 0.00234261 -0.000546998 0.0143 0.00642676 -0.000390912 0.0143 -0.00234261 0 0.0143 0.002375 0.00361184 0.0143 0.00534389 0.00265676 0.0143 0.00587742 0.00113038 0.0143 0.00208875 0.00109006 0.0143 -0.00635722 0.000390912 0.0143 -0.00234261 0.00145876 0.0143 0.00187421 0.00446301 0.0143 0.00465662 0.000771161 0.0143 0.00224632 0.000201414 0.0113 -0.00236644 0.000598448 0.0113 -0.00229837 0.00183944 0.0113 -0.00706445 0.00202238 0.0113 0.00124523 0.00677359 0.0113 0.00272185 0.00220374 0.0113 0.000885534 0.00713615 0.0113 0.00153796 0.00232169 0.0113 0.000500363 0.00178285 0.0113 0.0015691 0.00547991 0.0113 0.00482293 0.00621616 0.0113 0.00382744 0.00237286 0.0113 0.000100798 0.00729342 0.0113 0.000309821 0.00724087 0.0113 -0.00092723 0.00356017 0.0113 0.006373 0.00458601 0.0113 0.00567966 0.00149202 0.0113 0.00184783 0.0022709 0.0113 -0.000695454 0.00235576 0.0113 -0.000301667 0.00698002 0.0113 -0.00213761 0.00115828 0.0113 0.00207341 0.000791207 0.0113 0.00223933 0.00243192 0.0113 0.00688301 0.00651836 0.0113 -0.00328649 0.00586918 0.0113 -0.00434082 0.0021207 0.0113 -0.00106923 0 0.0113 0.0073 0 0.0113 0.002375 -0.00123371 0.0113 0.007195 0.00505115 0.0113 -0.00527028 0.00190949 0.0113 -0.00141225 -0.000598448 0.0113 -0.00229837 -0.00183944 0.0113 -0.00706445 -0.000978265 0.0113 -0.00216417 -0.00356017 0.0113 0.006373 -0.00243192 0.0113 0.00688301 -0.000791207 0.0113 0.00223933 -0.00677359 0.0113 0.00272185 -0.00621616 0.0113 0.00382744 -0.00220374 0.0113 0.000885534 -0.00586918 0.0113 -0.00434082 -0.00164335 0.0113 -0.00171465 -0.00505115 0.0113 -0.00527028 -0.00724087 0.0113 -0.00092723 -0.00729342 0.0113 0.000309821 -0.00235576 0.0113 -0.000301667 -0.0022709 0.0113 -0.000695454 -0.00698002 0.0113 -0.00213761 -0.00232169 0.0113 0.000500363 -0.00713615 0.0113 0.00153796 -0.00237286 0.0113 0.000100798 -0.00190949 0.0113 -0.00141225 -0.00651836 0.0113 -0.00328649 -0.0021207 0.0113 -0.00106923 -0.00547991 0.0113 0.00482293 -0.00202238 0.0113 0.00124523 -0.00408782 0.0113 -0.00604812 -0.00132994 0.0113 -0.00196771 -0.00178285 0.0113 0.0015691 -0.00149202 0.0113 0.00184783 -0.00115828 0.0113 0.00207341 -0.00458601 0.0113 0.00567966 -0.00300688 0.0113 -0.00665197 -0.000619083 0.0113 -0.0072737 -0.000201414 0.0113 -0.00236644 -0.000401377 0.0113 0.00234084 0.000619083 0.0113 -0.0072737 0.00132994 0.0113 -0.00196771 0.00408782 0.0113 -0.00604812 0.000978265 0.0113 -0.00216417 0.00123371 0.0113 0.007195 0.000401377 0.0113 0.00234084 0.00164335 0.0113 -0.00171465 0.00300688 0.0113 -0.00665197 0.00598488 0.01465 -0.00240492 0.00549236 0.01465 -0.00338178 0.00599832 0.01465 -0.00263111 0.00548344 0.01465 0.00358251 0.00518578 0.01465 0.00383538 0.00575937 0.01465 0.00290381 0.00616728 0.01465 0.00188871 0.00599832 0.01465 0.00263111 0.00481899 0.01465 0.00443619 0.00639776 0.01465 0.000819265 0.00634957 0.01465 0.00160793 0.00402309 0.01465 0.00516887 0.00446301 0.01465 0.00465662 0.00644419 0.01465 -0.000273746 0.00652763 0.01465 0.000540895 0.00361184 0.01465 0.00534389 0.00311746 0.01465 0.00576055 0.00630523 0.01465 -0.00135888 0.00652763 0.01465 -0.000540895 0.00265676 0.01465 0.00587742 0.00212678 0.01465 0.0061951 0.00634957 0.01465 -0.00160793 -0.000546998 0.01465 0.00642676 0 0.01465 0.00655 -0.00107809 0.01465 0.00646067 0.00484184 0.01465 -0.00426135 0.00548344 0.01465 -0.00358251 0.00314563 0.01465 -0.00563094 0.00214875 0.01465 -0.00608156 0.00311746 0.01465 -0.00576055 -2.10664e-18 0.01465 -0.00655 0 0.01465 -0.00645 -0.00107809 0.01465 -0.00646067 -0.00361184 0.01465 0.00534389 -0.00311746 0.01465 0.00576055 -0.00402309 0.01465 0.00516887 -0.00481899 0.01465 -0.00443619 -0.00402309 0.01465 -0.00516887 -0.00405202 0.01465 -0.00501833 -0.00616728 0.01465 0.00188871 -0.00599832 0.01465 0.00263111 -0.00634957 0.01465 0.00160793 -0.00598488 0.01465 -0.00240492 -0.00634957 0.01465 -0.00160793 -0.00599832 0.01465 -0.00263111 -0.00630523 0.01465 -0.00135888 -0.00652763 0.01465 -0.000540895 -0.00484184 0.01465 -0.00426135 -0.00548344 0.01465 -0.00358251 -0.00549236 0.01465 -0.00338178 -0.00652763 0.01465 0.000540895 -0.00644419 0.01465 -0.000273746 -0.00311746 0.01465 -0.00576055 -0.00314563 0.01465 -0.00563094 -0.00639776 0.01465 0.000819265 -0.00548344 0.01465 0.00358251 -0.00575937 0.01465 0.00290381 -0.00109006 0.01465 -0.00635722 -0.00214875 0.01465 -0.00608156 -0.00212678 0.01465 -0.0061951 0.00109006 0.01465 -0.00635722 0.00107809 0.01465 -0.00646067 -0.00481899 0.01465 0.00443619 -0.00446301 0.01465 0.00465662 -0.00212678 0.01465 0.0061951 -0.00265676 0.01465 0.00587742 0.00212678 0.01465 -0.0061951 0.00402309 0.01465 -0.00516887 0.00405202 0.01465 -0.00501833 -0.00162526 0.01465 0.00624188 0.000546998 0.01465 0.00642676 0.00107809 0.01465 0.00646067 0.00481899 0.01465 -0.00443619 0.00162526 0.01465 0.00624188 -0.00518578 0.01465 0.00383538 0.00742455 0.011405 -0.000615216 0.00742455 0.0140198 0.000615216 0.00742455 0.0140198 -0.000615216 -0.00122623 0.0140198 0.00734839 9.12362e-19 0.0140198 0.00745 9.12362e-19 0.011405 0.00745 0.00722203 0.0140198 -0.00182887 0.00722203 0.011405 -0.00182887 0.00682251 0.0140198 -0.00299263 0.00682251 0.011405 -0.00299263 0.00623689 0.011405 -0.00407476 0.00623689 0.0140198 -0.00407476 0.00548114 0.0140198 -0.00504575 0.00548114 0.011405 -0.00504575 0.00457588 0.0140198 -0.0058791 0.00457588 0.011405 -0.0058791 0.00354581 0.011405 -0.00655208 0.00354581 0.0140198 -0.00655208 0.00241901 0.0140198 -0.00704634 0.00241901 0.011405 -0.00704634 0.00122623 0.0140198 -0.00734839 0.00122623 0.011405 -0.00734839 0 0.011405 -0.00745 0 0.0140198 -0.00745 0.00742455 0.011405 0.000615216 0.00722203 0.0140198 0.00182887 0.00722203 0.011405 0.00182887 0.00682251 0.011405 0.00299263 0.00682251 0.0140198 0.00299263 0.00623689 0.011405 0.00407476 0.00623689 0.0140198 0.00407476 0.00548114 0.0140198 0.00504575 0.00548114 0.011405 0.00504575 0.00457588 0.011405 0.0058791 0.00457588 0.0140198 0.0058791 0.00354581 0.011405 0.00655208 0.00354581 0.0140198 0.00655208 0.00241901 0.0140198 0.00704634 0.00241901 0.011405 0.00704634 0.00122623 0.011405 0.00734839 0.00122623 0.0140198 0.00734839 -0.00457588 0.0140198 0.0058791 -0.00354581 0.0140198 0.00655208 -0.00354581 0.011405 0.00655208 -0.00241901 0.0140198 0.00704634 -0.00122623 0.011405 0.00734839 -0.00241901 0.011405 0.00704634 -0.00623689 0.011405 0.00407476 -0.00682251 0.0140198 0.00299263 -0.00623689 0.0140198 0.00407476 -0.00457588 0.011405 0.0058791 -0.00548114 0.011405 0.00504575 -0.00548114 0.0140198 0.00504575 -0.00742455 0.0140198 0.000615216 -0.00742455 0.011405 0.000615216 -0.00742455 0.0140198 -0.000615216 -0.00722203 0.0140198 0.00182887 -0.00682251 0.011405 0.00299263 -0.00722203 0.011405 0.00182887 -0.00623689 0.0140198 -0.00407476 -0.00682251 0.0140198 -0.00299263 -0.00682251 0.011405 -0.00299263 -0.00722203 0.011405 -0.00182887 -0.00722203 0.0140198 -0.00182887 -0.00742455 0.011405 -0.000615216 -0.00457588 0.011405 -0.0058791 -0.00457588 0.0140198 -0.0058791 -0.00548114 0.011405 -0.00504575 -0.00623689 0.011405 -0.00407476 -0.00548114 0.0140198 -0.00504575 -0.00354581 0.0140198 -0.00655208 -0.00354581 0.011405 -0.00655208 -0.00241901 0.011405 -0.00704634 -0.00241901 0.0140198 -0.00704634 -0.00122623 0.011405 -0.00734839 -0.00122623 0.0140198 -0.00734839 0.00236689 0.0143 -0.000196126 0.00236689 0.0143 0.000196126 0.00237286 0.0113 0.000100798 -0.000201414 0.0113 -0.00236644 -7.63858e-19 0.0143 -0.002375 0.000201414 0.0113 -0.00236644 0.00232169 0.0113 0.000500363 0.00230233 0.0143 0.000583028 0.00217496 0.0143 0.000954027 0.00220374 0.0113 0.000885534 0.00198827 0.0143 0.001299 0.00202238 0.0113 0.00124523 0.00178285 0.0113 0.0015691 0.00174734 0.0143 0.00160854 0.00145876 0.0143 0.00187421 0.00149202 0.0113 0.00184783 0.00113038 0.0143 0.00208875 0.00115828 0.0113 0.00207341 0.000791207 0.0113 0.00223933 0.000771161 0.0143 0.00224632 0.000390912 0.0143 0.00234261 0.000401377 0.0113 0.00234084 0 0.0143 0.002375 0 0.0113 0.002375 0.00235576 0.0113 -0.000301667 0.0022709 0.0113 -0.000695454 0.00230233 0.0143 -0.000583028 0.00217496 0.0143 -0.000954027 0.0021207 0.0113 -0.00106923 0.00190949 0.0113 -0.00141225 0.00198827 0.0143 -0.001299 0.00164335 0.0113 -0.00171465 0.00174734 0.0143 -0.00160854 0.00145876 0.0143 -0.00187421 0.00132994 0.0113 -0.00196771 0.000978265 0.0113 -0.00216417 0.00113038 0.0143 -0.00208875 0.000598448 0.0113 -0.00229837 0.000771161 0.0143 -0.00224632 0.000390912 0.0143 -0.00234261 -0.00132994 0.0113 -0.00196771 -0.00113038 0.0143 -0.00208875 -0.000978265 0.0113 -0.00216417 -0.000598448 0.0113 -0.00229837 -0.000771161 0.0143 -0.00224632 -0.000390912 0.0143 -0.00234261 -0.00198827 0.0143 -0.001299 -0.00190949 0.0113 -0.00141225 -0.0021207 0.0113 -0.00106923 -0.00145876 0.0143 -0.00187421 -0.00164335 0.0113 -0.00171465 -0.00174734 0.0143 -0.00160854 -0.00235576 0.0113 -0.000301667 -0.00237286 0.0113 0.000100798 -0.00236689 0.0143 -0.000196126 -0.0022709 0.0113 -0.000695454 -0.00230233 0.0143 -0.000583028 -0.00217496 0.0143 -0.000954027 -0.00202238 0.0113 0.00124523 -0.00217496 0.0143 0.000954027 -0.00220374 0.0113 0.000885534 -0.00230233 0.0143 0.000583028 -0.00236689 0.0143 0.000196126 -0.00232169 0.0113 0.000500363 -0.00145876 0.0143 0.00187421 -0.00174734 0.0143 0.00160854 -0.00149202 0.0113 0.00184783 -0.00198827 0.0143 0.001299 -0.00178285 0.0113 0.0015691 -0.00115828 0.0113 0.00207341 -0.00113038 0.0143 0.00208875 -0.000791207 0.0113 0.00223933 -0.000771161 0.0143 0.00224632 -0.000390912 0.0143 0.00234261 -0.000401377 0.0113 0.00234084 0.00109006 0.01465 -0.00635722 0 0.0143 -0.00645 0 0.01465 -0.00645 0.00405202 0.01465 -0.00501833 0.00314563 0.0143 -0.00563094 0.00314563 0.01465 -0.00563094 0.00214875 0.01465 -0.00608156 0.00214875 0.0143 -0.00608156 0.00109006 0.0143 -0.00635722 0.00549236 0.0143 -0.00338178 0.00549236 0.01465 -0.00338178 0.00598488 0.01465 -0.00240492 0.00405202 0.0143 -0.00501833 0.00484184 0.01465 -0.00426135 0.00484184 0.0143 -0.00426135 0.00644419 0.01465 -0.000273746 0.00639776 0.01465 0.000819265 0.00644419 0.0143 -0.000273746 0.00630523 0.01465 -0.00135888 0.00630523 0.0143 -0.00135888 0.00598488 0.0143 -0.00240492 0.00518578 0.01465 0.00383538 0.00575937 0.0143 0.00290381 0.00575937 0.01465 0.00290381 0.00616728 0.0143 0.00188871 0.00639776 0.0143 0.000819265 0.00616728 0.01465 0.00188871 0.00361184 0.0143 0.00534389 0.00361184 0.01465 0.00534389 0.00265676 0.01465 0.00587742 0.00518578 0.0143 0.00383538 0.00446301 0.01465 0.00465662 0.00446301 0.0143 0.00465662 0.000546998 0.01465 0.00642676 -0.000546998 0.01465 0.00642676 0.000546998 0.0143 0.00642676 0.00162526 0.01465 0.00624188 0.00162526 0.0143 0.00624188 0.00265676 0.0143 0.00587742 -0.00361184 0.01465 0.00534389 -0.00265676 0.0143 0.00587742 -0.00265676 0.01465 0.00587742 -0.00162526 0.0143 0.00624188 -0.000546998 0.0143 0.00642676 -0.00162526 0.01465 0.00624188 -0.00518578 0.0143 0.00383538 -0.00518578 0.01465 0.00383538 -0.00575937 0.01465 0.00290381 -0.00361184 0.0143 0.00534389 -0.00446301 0.01465 0.00465662 -0.00446301 0.0143 0.00465662 -0.00639776 0.01465 0.000819265 -0.00644419 0.01465 -0.000273746 -0.00639776 0.0143 0.000819265 -0.00616728 0.01465 0.00188871 -0.00616728 0.0143 0.00188871 -0.00575937 0.0143 0.00290381 -0.00644419 0.0143 -0.000273746 -0.00630523 0.01465 -0.00135888 -0.00630523 0.0143 -0.00135888 -0.00598488 0.0143 -0.00240492 -0.00598488 0.01465 -0.00240492 -0.00549236 0.01465 -0.00338178 -0.00549236 0.0143 -0.00338178 -0.00484184 0.01465 -0.00426135 -0.00484184 0.0143 -0.00426135 -0.00405202 0.0143 -0.00501833 -0.00405202 0.01465 -0.00501833 -0.00314563 0.01465 -0.00563094 -0.00314563 0.0143 -0.00563094 -0.00214875 0.01465 -0.00608156 -0.00214875 0.0143 -0.00608156 -0.00109006 0.0143 -0.00635722 -0.00109006 0.01465 -0.00635722 0.00742455 0.0140198 0.000615216 0.00652763 0.01465 -0.000540895 0.00742455 0.0140198 -0.000615216 0 0.01465 0.00655 -0.00122623 0.0140198 0.00734839 -0.00107809 0.01465 0.00646067 0.00634957 0.01465 -0.00160793 0.00722203 0.0140198 -0.00182887 0.00682251 0.0140198 -0.00299263 0.00599832 0.01465 -0.00263111 0.00548344 0.01465 -0.00358251 0.00623689 0.0140198 -0.00407476 0.00481899 0.01465 -0.00443619 0.00548114 0.0140198 -0.00504575 0.00457588 0.0140198 -0.0058791 0.00402309 0.01465 -0.00516887 0.00311746 0.01465 -0.00576055 0.00354581 0.0140198 -0.00655208 0.00212678 0.01465 -0.0061951 0.00241901 0.0140198 -0.00704634 0.00122623 0.0140198 -0.00734839 0.00107809 0.01465 -0.00646067 -2.10664e-18 0.01465 -0.00655 0 0.0140198 -0.00745 0.00652763 0.01465 0.000540895 0.00722203 0.0140198 0.00182887 0.00682251 0.0140198 0.00299263 0.00634957 0.01465 0.00160793 0.00623689 0.0140198 0.00407476 0.00599832 0.01465 0.00263111 0.00548344 0.01465 0.00358251 0.00548114 0.0140198 0.00504575 0.00457588 0.0140198 0.0058791 0.00481899 0.01465 0.00443619 0.00354581 0.0140198 0.00655208 0.00402309 0.01465 0.00516887 0.00311746 0.01465 0.00576055 0.00241901 0.0140198 0.00704634 0.00122623 0.0140198 0.00734839 0.00212678 0.01465 0.0061951 9.12362e-19 0.0140198 0.00745 0.00107809 0.01465 0.00646067 -0.00354581 0.0140198 0.00655208 -0.00212678 0.01465 0.0061951 -0.00241901 0.0140198 0.00704634 -0.00623689 0.0140198 0.00407476 -0.00481899 0.01465 0.00443619 -0.00548114 0.0140198 0.00504575 -0.00457588 0.0140198 0.0058791 -0.00402309 0.01465 0.00516887 -0.00311746 0.01465 0.00576055 -0.00722203 0.0140198 0.00182887 -0.00742455 0.0140198 0.000615216 -0.00634957 0.01465 0.00160793 -0.00548344 0.01465 0.00358251 -0.00682251 0.0140198 0.00299263 -0.00599832 0.01465 0.00263111 -0.00634957 0.01465 -0.00160793 -0.00722203 0.0140198 -0.00182887 -0.00682251 0.0140198 -0.00299263 -0.00652763 0.01465 -0.000540895 -0.00652763 0.01465 0.000540895 -0.00742455 0.0140198 -0.000615216 -0.00457588 0.0140198 -0.0058791 -0.00481899 0.01465 -0.00443619 -0.00548114 0.0140198 -0.00504575 -0.00623689 0.0140198 -0.00407476 -0.00548344 0.01465 -0.00358251 -0.00599832 0.01465 -0.00263111 -0.00402309 0.01465 -0.00516887 -0.00354581 0.0140198 -0.00655208 -0.00241901 0.0140198 -0.00704634 -0.00311746 0.01465 -0.00576055 -0.00122623 0.0140198 -0.00734839 -0.00212678 0.01465 -0.0061951 -0.00107809 0.01465 -0.00646067 0 0.011405 -0.00745 -0.000619083 0.0113 -0.0072737 0.000619083 0.0113 -0.0072737 0.00183944 0.0113 -0.00706445 0.00122623 0.011405 -0.00734839 0.00300688 0.0113 -0.00665197 0.00241901 0.011405 -0.00704634 0.00354581 0.011405 -0.00655208 0.00408782 0.0113 -0.00604812 0.00505115 0.0113 -0.00527028 0.00457588 0.011405 -0.0058791 0.00586918 0.0113 -0.00434082 0.00548114 0.011405 -0.00504575 0.00623689 0.011405 -0.00407476 0.00651836 0.0113 -0.00328649 0.00698002 0.0113 -0.00213761 0.00682251 0.011405 -0.00299263 0.00724087 0.0113 -0.00092723 0.00722203 0.011405 -0.00182887 0.00742455 0.011405 -0.000615216 0.00729342 0.0113 0.000309821 0.00742455 0.011405 0.000615216 0.00713615 0.0113 0.00153796 0.00722203 0.011405 0.00182887 0.00682251 0.011405 0.00299263 0.00677359 0.0113 0.00272185 0.00621616 0.0113 0.00382744 0.00623689 0.011405 0.00407476 0.00547991 0.0113 0.00482293 0.00548114 0.011405 0.00504575 0.00457588 0.011405 0.0058791 0.00458601 0.0113 0.00567966 0.00356017 0.0113 0.006373 0.00354581 0.011405 0.00655208 0.00243192 0.0113 0.00688301 0.00241901 0.011405 0.00704634 0.00122623 0.011405 0.00734839 0.00123371 0.0113 0.007195 0 0.0113 0.0073 9.12362e-19 0.011405 0.00745 -0.00183944 0.0113 -0.00706445 -0.00122623 0.011405 -0.00734839 -0.00241901 0.011405 -0.00704634 -0.00300688 0.0113 -0.00665197 -0.00354581 0.011405 -0.00655208 -0.00408782 0.0113 -0.00604812 -0.00505115 0.0113 -0.00527028 -0.00457588 0.011405 -0.0058791 -0.00548114 0.011405 -0.00504575 -0.00586918 0.0113 -0.00434082 -0.00623689 0.011405 -0.00407476 -0.00651836 0.0113 -0.00328649 -0.00698002 0.0113 -0.00213761 -0.00682251 0.011405 -0.00299263 -0.00722203 0.011405 -0.00182887 -0.00724087 0.0113 -0.00092723 -0.00742455 0.011405 -0.000615216 -0.00729342 0.0113 0.000309821 -0.00713615 0.0113 0.00153796 -0.00742455 0.011405 0.000615216 -0.00722203 0.011405 0.00182887 -0.00677359 0.0113 0.00272185 -0.00682251 0.011405 0.00299263 -0.00621616 0.0113 0.00382744 -0.00547991 0.0113 0.00482293 -0.00623689 0.011405 0.00407476 -0.00548114 0.011405 0.00504575 -0.00458601 0.0113 0.00567966 -0.00457588 0.011405 0.0058791 -0.00356017 0.0113 0.006373 -0.00243192 0.0113 0.00688301 -0.00354581 0.011405 0.00655208 -0.00241901 0.011405 0.00704634 -0.00123371 0.0113 0.007195 -0.00122623 0.011405 0.00734839</float_array>
          <technique_common>
            <accessor count="600" source="#ID36" stride="3">
              <param name="X" type="float"/>
              <param name="Y" type="float"/>
              <param name="Z" type="float"/>
            </accessor>
          </technique_common>
        </source>
        <source id="ID37">
          <float_array count="1800" id="ID38">0 1 0 0 1 0 0 1 0 0 1 0 0 1 0 0 1 0 0 1 0 0 1 0 0 1 0 0 1 0 0 1 0 0 1 0 0 1 0 0 1 0 0 1 0 0 1 0 0 1 0 0 1 0 0 1 0 0 1 0 0 1 0 0 1 0 0 1 0 0 1 0 0 1 0 0 1 0 0 1 0 0 1 0 0 1 0 0 1 0 0 1 0 0 1 0 0 1 0 0 1 0 0 1 0 0 1 0 0 1 0 0 1 0 0 1 0 0 1 0 0 1 0 0 1 0 0 1 0 0 1 0 0 1 0 0 1 0 0 1 0 0 1 0 0 1 0 0 1 0 0 1 0 0 1 0 0 1 0 0 1 0 0 1 0 0 1 0 0 1 0 0 1 0 0 1 0 0 1 0 0 1 0 0 1 0 0 1 0 0 1 0 0 1 0 0 1 0 0 1 0 0 1 0 0 1 0 0 1 0 0 1 0 0 1 0 0 1 0 0 1 0 0 1 0 -0 -1 -0 -0 -1 -0 -0 -1 -0 -0 -1 -0 -0 -1 -0 -0 -1 -0 -0 -1 -0 -0 -1 -0 -0 -1 -0 -0 -1 -0 -0 -1 -0 -0 -1 -0 -0 -1 -0 -0 -1 -0 -0 -1 -0 -0 -1 -0 -0 -1 -0 -0 -1 -0 -0 -1 -0 -0 -1 -0 -0 -1 -0 -0 -1 -0 -0 -1 -0 -0 -1 -0 -0 -1 -0 -0 -1 -0 -0 -1 -0 -0 -1 -0 -0 -1 -0 -0 -1 -0 -0 -1 -0 -0 -1 -0 -0 -1 -0 -0 -1 -0 -0 -1 -0 -0 -1 -0 -0 -1 -0 -0 -1 -0 -0 -1 -0 -0 -1 -0 -0 -1 -0 -0 -1 -0 -0 -1 -0 -0 -1 -0 -0 -1 -0 -0 -1 -0 -0 -1 -0 -0 -1 -0 -0 -1 -0 -0 -1 -0 -0 -1 -0 -0 -1 -0 -0 -1 -0 -0 -1 -0 -0 -1 -0 -0 -1 -0 -0 -1 -0 -0 -1 -0 -0 -1 -0 -0 -1 -0 -0 -1 -0 -0 -1 -0 -0 -1 -0 -0 -1 -0 -0 -1 -0 -0 -1 -0 -0 -1 -0 -0 -1 -0 -0 -1 -0 -0 -1 -0 -0 -1 -0 -0 -1 -0 -0 -1 -0 -0 -1 -0 0 1 0 0 1 0 0 1 0 0 1 0 0 1 0 0 1 0 0 1 0 0 1 0 0 1 0 0 1 0 0 1 0 0 1 0 0 1 0 0 1 0 0 1 0 0 1 0 0 1 0 0 1 0 0 1 0 0 1 0 0 1 0 0 1 0 0 1 0 0 1 0 0 1 0 0 1 0 0 1 0 0 1 0 0 1 0 0 1 0 0 1 0 0 1 0 0 1 0 0 1 0 0 1 0 0 1 0 0 1 0 0 1 0 0 1 0 0 1 0 0 1 0 0 1 0 0 1 0 0 1 0 0 1 0 0 1 0 0 1 0 0 1 0 0 1 0 0 1 0 0 1 0 0 1 0 0 1 0 0 1 0 0 1 0 0 1 0 0 1 0 0 1 0 0 1 0 0 1 0 0 1 0 0 1 0 0 1 0 0 1 0 0 1 0 0 1 0 0 1 0 0 1 0 0 1 0 0 1 0 0 1 0 0 1 0 0 1 0 0 1 0 0 1 0 0.996584 0 -0.0825794 0.996584 0 0.0825794 0.996584 0 -0.0825794 -0.164595 0 0.986361 -8.74228e-08 0 1 -8.74228e-08 0 1 0.9694 0 -0.245485 0.9694 0 -0.245485 0.915773 0 -0.401695 0.915773 0 -0.401695 0.837166 0 -0.546948 0.837166 0 -0.546948 0.735724 0 -0.677282 0.735724 0 -0.677282 0.614213 0 -0.789141 0.614213 0 -0.789141 0.475947 0 -0.879474 0.475947 0 -0.879474 0.324699 0 -0.945817 0.324699 0 -0.945817 0.164595 0 -0.986361 0.164595 0 -0.986361 -1.37149e-11 0 -1 1.31963e-27 0 -1 0.996584 0 0.0825792 0.9694 0 0.245485 0.9694 0 0.245485 0.915773 0 0.401695 0.915773 0 0.401695 0.837166 0 0.546948 0.837166 0 0.546948 0.735724 0 0.677282 0.735724 0 0.677282 0.614213 0 0.78914 0.614213 0 0.789141 0.475947 0 0.879474 0.475947 0 0.879474 0.3247 0 0.945817 0.324699 0 0.945817 0.164595 0 0.986361 0.164595 0 0.986361 -0.614213 0 0.78914 -0.475947 0 0.879474 -0.475947 0 0.879474 -0.324699 0 0.945817 -0.164595 0 0.986361 -0.324699 0 0.945817 -0.837167 0 0.546948 -0.915773 0 0.401695 -0.837167 0 0.546948 -0.614213 0 0.78914 -0.735724 0 0.677282 -0.735724 0 0.677282 -0.996584 0 0.0825794 -0.996584 0 0.0825794 -0.996584 0 -0.0825794 -0.9694 0 0.245486 -0.915773 0 0.401695 -0.9694 0 0.245486 -0.837166 0 -0.546948 -0.915773 0 -0.401695 -0.915773 0 -0.401695 -0.9694 0 -0.245485 -0.9694 0 -0.245486 -0.996584 0 -0.0825794 -0.614213 0 -0.789141 -0.614213 0 -0.78914 -0.735724 0 -0.677282 -0.837166 0 -0.546948 -0.735724 0 -0.677282 -0.475948 0 -0.879474 -0.475947 0 -0.879474 -0.324699 0 -0.945817 -0.3247 0 -0.945817 -0.164595 0 -0.986361 -0.164595 0 -0.986361 -0.996584 0 0.0825792 -0.996584 -0 -0.0825794 -0.999099 -0 -0.0424412 0.0848059 0 0.996397 8.74228e-08 0 1 -0.0848059 0 0.996397 -0.977555 -0 -0.210679 -0.9694 -0 -0.245485 -0.915773 -0 -0.401695 -0.927889 -0 -0.372856 -0.837166 -0 -0.546948 -0.851529 -0 -0.524307 -0.750672 -0 -0.660675 -0.735724 -0 -0.677282 -0.614213 -0 -0.789141 -0.62822 -0 -0.778036 -0.475947 -0 -0.879474 -0.487695 -0 -0.873014 -0.33314 -0 -0.942877 -0.324699 -0 -0.945817 -0.164595 -0 -0.986361 -0.169001 -0 -0.985616 1.37153e-11 0 -1 1.37251e-23 0 -1 -0.9919 0 0.127018 -0.956167 0 0.292823 -0.9694 0 0.245485 -0.915773 0 0.401695 -0.892926 0 0.450204 -0.803997 0 0.594633 -0.837166 0 0.546948 -0.691939 0 0.721956 -0.735724 0 0.677282 -0.614213 0 0.78914 -0.559975 0 0.82851 -0.411901 0 0.911229 -0.475947 0 0.879474 -0.251978 0 0.967733 -0.324699 0 0.945817 -0.164595 0 0.986361 0.559975 0 0.82851 0.475947 0 0.879474 0.411901 0 0.911228 0.251978 0 0.967733 0.324699 0 0.945817 0.164595 0 0.986361 0.837167 0 0.546948 0.803997 0 0.594633 0.892926 0 0.450204 0.614213 0 0.78914 0.691939 0 0.721956 0.735724 0 0.677282 0.9919 0 0.127018 0.999099 0 -0.0424415 0.996584 0 0.0825794 0.956167 0 0.292823 0.9694 0 0.245486 0.915773 0 0.401695 0.851529 0 -0.524307 0.915773 0 -0.401695 0.927889 0 -0.372856 0.9694 0 -0.245485 0.996584 0 -0.0825794 0.977555 0 -0.210679 0.614213 0 -0.789141 0.735724 0 -0.677282 0.62822 0 -0.778036 0.837166 0 -0.546948 0.750672 0 -0.660675 0.487695 0 -0.873014 0.475947 0 -0.879474 0.33314 0 -0.942877 0.324699 0 -0.945817 0.164595 0 -0.986361 0.169001 0 -0.985616 -0.169001 0 0.985616 1.37186e-11 0 1 1.19963e-22 0 1 -0.62822 0 0.778036 -0.487695 0 0.873014 -0.487695 0 0.873014 -0.33314 0 0.942877 -0.33314 0 0.942877 -0.169001 0 0.985616 -0.851529 0 0.524307 -0.851529 0 0.524307 -0.927889 0 0.372856 -0.62822 0 0.778036 -0.750672 0 0.660675 -0.750672 0 0.660675 -0.999099 0 0.0424412 -0.9919 -0 -0.127018 -0.999099 0 0.0424412 -0.977555 0 0.210679 -0.977555 0 0.210679 -0.927889 0 0.372857 -0.803997 -0 -0.594633 -0.892926 -0 -0.450204 -0.892926 -0 -0.450204 -0.956167 -0 -0.292823 -0.9919 -0 -0.127018 -0.956167 -0 -0.292823 -0.559975 -0 -0.82851 -0.559975 -0 -0.82851 -0.411901 -0 -0.911229 -0.803997 -0 -0.594633 -0.691939 -0 -0.721956 -0.691939 -0 -0.721956 -0.0848059 -0 -0.996397 0.0848059 0 -0.996397 -0.0848059 -0 -0.996397 -0.251978 -0 -0.967733 -0.251978 -0 -0.967733 -0.411901 -0 -0.911228 0.559975 0 -0.82851 0.411901 0 -0.911228 0.411901 0 -0.911228 0.251978 0 -0.967733 0.0848059 0 -0.996397 0.251978 0 -0.967733 0.803997 0 -0.594633 0.803997 0 -0.594633 0.892926 0 -0.450204 0.559975 0 -0.82851 0.691939 0 -0.721956 0.691939 0 -0.721956 0.9919 0 -0.127018 0.999099 0 0.0424415 0.9919 0 -0.127018 0.956167 0 -0.292823 0.956167 0 -0.292823 0.892926 0 -0.450204 0.999099 0 0.042441 0.977555 0 0.210679 0.977555 0 0.210679 0.927889 0 0.372857 0.927889 0 0.372856 0.851529 0 0.524307 0.851529 0 0.524307 0.750672 0 0.660675 0.750672 0 0.660675 0.62822 0 0.778036 0.62822 0 0.778036 0.487695 0 0.873014 0.487695 0 0.873014 0.33314 0 0.942877 0.33314 0 0.942877 0.169001 0 0.985616 0.169001 0 0.985616 0.571617 0.819152 0.0473656 0.571617 0.819152 -0.0473656 0.571617 0.819152 -0.0473656 -5.01436e-08 0.819152 0.573576 -0.0944077 0.819152 0.565754 -0.0944077 0.819152 0.565754 0.556025 0.819152 -0.140805 0.556025 0.819152 -0.140805 0.525266 0.819152 -0.230403 0.525266 0.819152 -0.230403 0.480179 0.819152 -0.313717 0.480179 0.819152 -0.313717 0.421994 0.819152 -0.388473 0.421994 0.819152 -0.388473 0.352298 0.819152 -0.452632 0.352298 0.819152 -0.452632 0.272992 0.819152 -0.504445 0.272992 0.819152 -0.504445 0.18624 0.819152 -0.542498 0.18624 0.819152 -0.542498 0.0944076 0.819152 -0.565754 0.0944076 0.819152 -0.565754 -4.55193e-23 0.819152 -0.573576 3.29771e-11 0.819152 -0.573576 0.571617 0.819152 0.0473656 0.556025 0.819152 0.140805 0.525266 0.819152 0.230403 0.556025 0.819152 0.140805 0.480179 0.819152 0.313717 0.525266 0.819152 0.230403 0.480179 0.819152 0.313717 0.421994 0.819152 0.388473 0.352298 0.819152 0.452632 0.421994 0.819152 0.388473 0.272992 0.819152 0.504445 0.352298 0.819152 0.452632 0.272992 0.819152 0.504445 0.18624 0.819152 0.542498 0.0944076 0.819152 0.565754 0.18624 0.819152 0.542498 -5.01436e-08 0.819152 0.573576 0.0944076 0.819152 0.565754 -0.272992 0.819152 0.504445 -0.18624 0.819152 0.542499 -0.18624 0.819152 0.542499 -0.480179 0.819152 0.313717 -0.421994 0.819152 0.388473 -0.421994 0.819152 0.388473 -0.352298 0.819152 0.452632 -0.352298 0.819152 0.452632 -0.272992 0.819152 0.504445 -0.556025 0.819152 0.140805 -0.571617 0.819152 0.0473656 -0.556025 0.819152 0.140805 -0.480179 0.819152 0.313717 -0.525266 0.819152 0.230403 -0.525266 0.819152 0.230403 -0.556025 0.819152 -0.140805 -0.556025 0.819152 -0.140805 -0.525266 0.819152 -0.230403 -0.571617 0.819152 -0.0473656 -0.571617 0.819152 0.0473656 -0.571617 0.819152 -0.0473656 -0.352298 0.819152 -0.452632 -0.421994 0.819152 -0.388473 -0.421994 0.819152 -0.388473 -0.480179 0.819152 -0.313717 -0.480179 0.819152 -0.313717 -0.525266 0.819152 -0.230403 -0.352298 0.819152 -0.452632 -0.272992 0.819152 -0.504445 -0.18624 0.819152 -0.542498 -0.272992 0.819152 -0.504445 -0.0944075 0.819152 -0.565754 -0.18624 0.819152 -0.542498 -0.0944075 0.819152 -0.565754 -5.01436e-08 -0.819152 -0.573576 -0.0486427 -0.819152 -0.57151 0.0486427 -0.819152 -0.57151 0.144529 -0.819152 -0.555069 0.0944076 -0.819152 -0.565754 0.236257 -0.819152 -0.522659 0.18624 -0.819152 -0.542498 0.272992 -0.819152 -0.504445 0.321188 -0.819152 -0.475214 0.39688 -0.819152 -0.414097 0.352298 -0.819152 -0.452632 0.461154 -0.819152 -0.341068 0.421994 -0.819152 -0.388473 0.480179 -0.819152 -0.313717 0.512161 -0.819152 -0.258226 0.548435 -0.819152 -0.167956 0.525266 -0.819152 -0.230403 0.568931 -0.819152 -0.0728544 0.556025 -0.819152 -0.140805 0.571617 -0.819152 -0.0473656 0.57306 -0.819152 0.0243433 0.571617 -0.819152 0.0473656 0.560703 -0.819152 0.120841 0.556025 -0.819152 0.140805 0.525266 -0.819152 0.230403 0.532215 -0.819152 0.213862 0.488417 -0.819152 0.30073 0.480179 -0.819152 0.313717 0.430568 -0.819152 0.378947 0.421994 -0.819152 0.388473 0.352298 -0.819152 0.452632 0.360332 -0.819152 0.446263 0.27973 -0.819152 0.50074 0.272992 -0.819152 0.504445 0.191081 -0.819152 0.540812 0.18624 -0.819152 0.542498 0.0944076 -0.819152 0.565754 0.0969349 -0.819152 0.565326 9.76747e-24 -0.819152 0.573576 3.29787e-11 -0.819152 0.573576 -0.144529 -0.819152 -0.555069 -0.0944077 -0.819152 -0.565754 -0.18624 -0.819152 -0.542499 -0.236257 -0.819152 -0.522659 -0.272992 -0.819152 -0.504445 -0.321188 -0.819152 -0.475214 -0.39688 -0.819152 -0.414097 -0.352298 -0.819152 -0.452632 -0.421994 -0.819152 -0.388473 -0.461154 -0.819152 -0.341068 -0.480179 -0.819152 -0.313717 -0.512161 -0.819152 -0.258226 -0.548435 -0.819152 -0.167956 -0.525266 -0.819152 -0.230403 -0.556025 -0.819152 -0.140805 -0.568931 -0.819152 -0.0728544 -0.571617 -0.819152 -0.0473656 -0.57306 -0.819152 0.0243434 -0.560703 -0.819152 0.120841 -0.571617 -0.819152 0.0473656 -0.556025 -0.819152 0.140805 -0.532215 -0.819152 0.213862 -0.525266 -0.819152 0.230403 -0.488417 -0.819152 0.30073 -0.430568 -0.819152 0.378948 -0.480179 -0.819152 0.313717 -0.421994 -0.819152 0.388473 -0.360332 -0.819152 0.446263 -0.352298 -0.819152 0.452632 -0.27973 -0.819152 0.50074 -0.191081 -0.819152 0.540812 -0.272992 -0.819152 0.504445 -0.18624 -0.819152 0.542498 -0.0969349 -0.819152 0.565326 -0.0944075 -0.819152 0.565754</float_array>
          <technique_common>
            <accessor count="600" source="#ID38" stride="3">
              <param name="X" type="float"/>
              <param name="Y" type="float"/>
              <param name="Z" type="float"/>
            </accessor>
          </technique_common>
        </source>
        <vertices id="ID39">
          <input semantic="POSITION" source="#ID35"/>
          <input semantic="NORMAL" source="#ID37"/>
        </vertices>
        <triangles count="600" material="ID40">
          <input offset="0" semantic="VERTEX" source="#ID39"/>
          <p>0 2 1 3 5 4 6 8 7 9 11 10 12 14 13 15 17 16 18 20 19 21 23 22 24 19 25 26 28 27 29 25 30 31 33 32 34 36 35 14 12 20 37 39 38 40 42 41 43 45 44 46 43 47 37 49 48 50 49 44 51 52 40 47 52 53 54 38 55 42 57 56 54 59 58 60 36 61 32 62 57 31 64 63 34 61 36 35 65 34 64 2 66 67 69 68 27 28 65 70 26 71 67 73 72 65 28 34 74 1 68 58 59 60 61 58 60 54 55 59 38 39 55 37 48 39 49 50 48 44 45 50 43 46 45 47 53 46 52 51 53 40 41 51 42 56 41 57 62 56 32 33 62 31 63 33 64 66 63 2 0 66 1 74 0 68 69 74 67 72 69 29 30 73 73 30 72 24 25 29 18 19 24 14 20 18 13 7 12 5 8 6 6 7 13 9 3 4 3 8 5 10 11 16 9 4 11 17 15 21 10 16 17 23 70 22 15 23 21 26 27 71 70 71 22 75 77 76 78 80 79 81 80 82 83 85 84 86 88 87 89 91 90 92 94 93 95 97 96 98 100 99 101 103 102 99 105 104 106 108 107 109 111 110 98 94 92 112 114 113 115 117 116 118 120 119 121 118 122 112 124 123 125 124 119 126 127 115 122 127 128 129 113 130 131 132 116 133 134 129 135 109 136 108 132 137 138 139 106 109 135 111 111 140 110 139 141 75 142 144 143 102 103 140 145 101 146 104 147 142 140 103 110 76 148 144 129 134 136 136 134 135 129 130 133 113 114 130 112 123 114 124 125 123 119 120 125 118 121 120 122 128 121 127 126 128 115 116 126 131 116 117 137 132 131 107 108 137 138 106 107 141 139 138 77 75 141 148 76 77 143 144 148 104 142 143 104 105 147 99 100 105 98 92 100 94 88 93 87 82 86 88 86 93 79 80 81 81 82 87 85 78 79 83 84 90 83 78 85 91 89 95 83 90 91 97 145 96 89 97 95 101 102 146 145 146 96 149 151 150 152 154 153 155 154 156 157 152 153 155 159 158 157 161 160 162 158 163 164 165 160 162 167 166 168 169 165 149 166 170 171 173 172 150 175 174 176 178 177 179 181 180 182 184 183 185 187 186 188 190 189 191 193 192 192 195 194 185 197 196 198 197 193 199 200 195 201 186 202 190 203 199 204 205 189 206 208 207 209 210 180 184 212 211 213 214 183 177 215 209 176 217 216 218 213 173 172 220 219 217 174 221 220 169 222 204 211 223 210 179 180 208 201 207 215 210 209 178 215 177 216 178 176 221 216 217 175 221 174 151 175 150 170 151 149 167 170 166 163 167 162 159 163 158 156 159 155 152 156 154 157 153 161 160 161 164 165 164 168 169 168 222 220 222 219 172 219 171 173 171 218 213 218 214 183 214 182 184 182 212 211 212 223 204 223 205 189 205 188 190 188 203 199 203 200 195 200 194 192 194 191 193 191 198 197 198 196 185 196 187 186 187 202 201 202 207 208 206 181 180 181 206 224 226 225 227 229 228 226 231 230 231 226 224 232 230 233 231 233 230 234 235 232 232 233 234 235 237 236 237 235 234 238 236 239 237 239 236 240 241 238 238 239 240 241 243 242 243 241 240 244 242 245 243 245 242 246 247 244 244 245 246 224 225 248 249 250 248 248 225 249 250 252 251 252 250 249 253 251 254 252 254 251 255 256 253 253 254 255 256 258 257 258 256 255 259 257 260 258 260 257 261 262 259 259 260 261 262 264 263 264 262 261 264 228 263 263 228 229 265 267 266 268 270 269 271 273 272 274 276 275 277 279 278 280 282 281 283 285 284 286 288 287 289 291 290 292 293 291 294 295 289 289 290 294 295 297 296 297 295 294 298 296 299 297 299 296 247 246 298 298 299 247 283 293 292 291 293 290 285 286 284 292 285 283 287 288 279 284 286 287 277 278 282 279 288 278 272 280 281 280 277 282 275 273 271 271 272 281 274 265 276 275 276 273 267 270 266 274 267 265 268 269 227 266 270 268 229 227 269 300 302 301 303 305 304 306 307 301 301 302 306 308 307 309 306 309 307 308 311 310 311 308 309 312 313 310 310 311 312 314 313 315 312 315 313 314 317 316 317 314 315 318 319 316 316 317 318 320 319 321 318 321 319 320 323 322 323 320 321 300 324 302 324 326 325 326 324 300 327 328 325 325 326 327 329 328 330 327 330 328 329 332 331 332 329 330 333 334 331 331 332 333 335 334 336 333 336 334 335 338 337 338 335 336 339 305 337 337 338 339 339 304 305 340 342 341 343 345 344 346 348 347 349 351 350 352 354 353 355 357 356 358 360 359 361 363 362 364 366 365 367 365 368 369 364 370 364 369 366 370 372 371 371 369 370 373 374 372 371 372 374 323 373 322 373 323 374 358 367 368 365 366 368 359 360 361 367 358 359 363 353 362 360 363 361 352 356 354 353 354 362 348 357 355 355 356 352 351 346 347 346 357 348 349 350 340 351 347 350 341 342 344 349 340 341 343 303 345 342 343 344 304 345 303 375 377 376 378 380 379 381 383 382 384 386 385 387 389 388 390 392 391 393 395 394 396 398 397 399 401 400 402 404 403 405 407 406 408 410 409 411 413 412 414 416 415 417 419 418 420 422 421 423 425 424 426 428 427 429 431 430 432 434 433 433 427 432 435 436 434 433 434 436 437 435 438 435 437 436 438 440 439 439 437 438 441 442 440 439 440 442 443 441 444 441 443 442 444 446 445 445 443 444 447 448 446 445 446 448 377 447 376 447 377 448 428 426 430 427 428 432 422 431 429 429 430 426 425 420 421 420 431 422 423 424 414 425 421 424 415 416 417 423 414 415 419 409 418 416 419 417 408 412 410 409 410 418 404 413 411 411 412 408 407 402 403 402 413 404 405 406 396 407 403 406 397 398 399 405 396 397 401 391 400 398 401 399 390 394 392 391 392 400 386 395 393 393 394 390 389 384 385 384 395 386 387 388 378 389 385 388 379 380 382 387 378 379 381 375 383 380 381 382 376 383 375 449 451 450 452 454 453 455 451 456 451 455 450 457 458 456 455 456 458 457 460 459 459 458 457 461 460 462 460 461 459 463 464 462 461 462 464 463 466 465 465 464 463 467 466 468 466 467 465 469 470 468 467 468 470 469 472 471 471 470 469 473 474 449 449 450 473 474 476 475 476 474 473 477 475 478 476 478 475 479 480 477 477 478 479 480 482 481 482 480 479 483 481 484 482 484 481 485 486 483 483 484 485 486 488 487 488 486 485 489 487 490 488 490 487 491 493 492 489 490 452 494 496 495 497 499 498 500 502 501 503 505 504 506 508 507 509 511 510 512 514 513 515 517 516 518 519 512 512 513 518 519 521 520 521 519 518 522 520 523 521 523 520 524 472 522 522 523 524 471 472 524 514 516 513 515 508 517 514 515 516 506 507 509 517 508 506 510 511 501 509 507 511 505 502 500 502 510 501 494 503 504 504 505 500 496 498 495 494 495 503 497 491 499 496 497 498 492 493 454 499 491 492 452 453 489 454 493 453 525 527 526 527 529 528 529 527 525 530 528 531 529 531 528 532 533 530 530 531 532 533 535 534 535 533 532 536 534 537 535 537 534 538 539 536 536 537 538 539 541 540 541 539 538 542 540 543 541 543 540 544 545 542 542 543 544 544 546 545 547 546 548 546 547 545 549 550 548 547 548 550 549 552 551 551 550 549 553 552 554 552 553 551 555 556 554 553 554 556 555 558 557 557 556 555 559 558 560 558 559 557 561 562 560 559 560 562 561 564 563 563 562 561 565 566 526 525 526 566 565 568 567 567 566 565 569 568 570 568 569 567 571 572 570 569 570 572 571 574 573 573 572 571 575 574 576 574 575 573 577 578 576 575 576 578 577 580 579 579 578 577 581 580 582 580 581 579 583 584 582 581 582 584 583 586 585 585 584 583 587 586 588 586 587 585 589 590 588 587 588 590 589 592 591 591 590 589 593 592 594 592 593 591 595 596 594 593 594 596 595 598 597 597 596 595 564 599 598 598 599 597 564 598 563</p>
        </triangles>
      </mesh>
    </geometry>
    <geometry id="ID42">
      <mesh>
        <source id="ID43">
          <float_array count="9864" id="ID44">-0.0175818 0 -0.0164836 -0.025 0 -0.02 -0.0175818 0 -0.0166615 -0.0165088 0 -0.0176492 -0.0166861 0 -0.0176345 -0.0134205 0 -0.02 -0.0168584 0 -0.0155542 -0.0166861 0 -0.0155106 -0.0168584 0 0.0155542 -0.017301 0 0.0158433 -0.0174102 0 0.0159837 -0.017301 0 -0.0158433 -0.0168584 0 -0.0175909 -0.0171701 0 -0.0174222 -0.0170213 0 -0.0175195 -0.0174102 0 -0.0171614 -0.017301 0 -0.0173018 -0.0175526 0 -0.0168369 -0.0174948 0 -0.0170051 -0.0175526 0 -0.0163082 -0.025 0 0.02 -0.0170213 0 -0.0156257 -0.0170213 0 0.0156257 -0.0171701 0 0.0157229 -0.0154358 0 0.0164836 -0.0154651 0 0.0163082 -0.0134205 0 0.02 -0.0165088 0 -0.0154959 -0.0166861 0 0.0155106 -0.0165088 0 0.0154959 -0.0161592 0 -0.0155542 -0.0161592 0 0.0155542 -0.0163316 0 0.0155106 -0.0163316 0 -0.0155106 -0.0157167 0 0.0158433 -0.0157167 0 -0.0158433 -0.0156075 0 -0.0159837 -0.0159964 0 0.0156257 -0.0159964 0 -0.0156257 -0.0158475 0 -0.0157229 -0.0155229 0 0.0161401 -0.0155229 0 -0.0161401 -0.0156075 0 0.0159837 -0.0156075 0 0.0171614 -0.0157167 0 0.0173018 -0.0154358 0 -0.0164836 -0.0154651 0 -0.0163082 -0.0154651 0 -0.0168369 -0.0154358 0 -0.0166615 -0.0156075 0 -0.0171614 -0.0155229 0 -0.0170051 -0.0158475 0 -0.0174222 -0.0157167 0 -0.0173018 -0.0161592 0 -0.0175909 -0.0159964 0 -0.0175195 -0.0163316 0 -0.0176345 -0.0174948 0 0.0161401 -0.0174102 0 -0.0159837 -0.0171701 0 -0.0157229 -0.0170213 0 0.0175195 -0.0168584 0 0.0175909 -0.0175526 0 0.0163082 -0.0174948 0 -0.0161401 -0.0175818 0 0.0166615 -0.0175818 0 0.0164836 -0.0174948 0 0.0170051 -0.0175526 0 0.0168369 -0.017301 0 0.0173018 -0.0174102 0 0.0171614 -0.0171701 0 0.0174222 -0.0166861 0 0.0176345 -0.0165088 0 0.0176492 -0.0161592 0 0.0175909 -0.0163316 0 0.0176345 -0.0158475 0 0.0174222 -0.0159964 0 0.0175195 -0.0154651 0 0.0168369 -0.0155229 0 0.0170051 -0.0154358 0 0.0166615 -0.0158475 0 0.0157229 -0.0130599 -0.0115441 0.02 -0.0127525 -0.0113018 0.02 -0.00603193 -0.0112111 0.02 -0.00848206 -0.00421783 0.02 -0.00843608 -0.00460651 0.02 -0.0113813 -0.00558527 0.02 -0.0084205 -0.005 0.02 -0.0112449 -0.00595435 0.02 -0.0204555 -0.00523099 0.02 -0.025 0 0.02 -0.0202638 -0.00488874 0.02 -0.0108091 -0.000736229 0.02 -0.0127533 -0.00369762 0.02 -0.0111505 -0.000544967 0.02 -0.03 -0.005 0.02 -0.029455 -0.00273005 0.02 -0.0292638 -0.00238857 0.02 -0.0276135 -0.000737491 0.02 -0.02727 -0.000544967 0.02 -0.0296198 -0.00308773 0.02 -0.0297553 -0.00345492 0.02 -0.0298621 -0.00383396 0.02 -0.0299844 -0.00460651 0.02 -0.0282013 -0.0162223 0.02 -0.03 -0.0123816 0.02 -0.0278846 -0.0164656 0.02 -0.0269145 -0.00038113 0.02 -0.029242 -0.0150283 0.02 -0.0290187 -0.0153565 0.02 -0.0287684 -0.0156677 0.02 -0.0294398 -0.0146813 0.02 -0.0296081 -0.0143219 0.02 -0.0299367 -0.0131748 0.02 -0.029984 -0.0127807 0.02 -0.0298576 -0.0135663 0.02 -0.0297484 -0.0139479 0.02 -0.0245 -0.023 0.02 -0.021 -0.065 0.02 -0.0245 -0.07 0.02 -0.0284959 -0.0159563 0.02 -0.0200455 -0.00456172 0.02 -0.0198029 -0.00425399 0.02 -0.0209846 -0.00789245 0.02 -0.021 -0.07 0.02 -0.0290451 -0.00206107 0.02 -0.0282481 -0.00119881 0.02 -0.0279389 -0.000954915 0.02 -0.0288028 -0.00175372 0.02 -0.0299384 -0.00421783 0.02 -0.0285355 -0.00146447 0.02 -0.0208619 -0.00633354 0.02 -0.0265451 -0.000244717 0.02 -0.0261684 -0.000138502 0.02 -0.0207556 -0.00595612 0.02 -0.0257822 -6.15583e-05 0.02 -0.0253935 -1.5579e-05 0.02 -0.0175457 -0.00274501 0.02 -0.0179147 -0.00288123 0.02 -0.0206197 -0.00558766 0.02 -0.0156085 -0.00251537 0.02 -0.0134205 0 0.02 -0.0152193 -0.00256145 0.02 -0.0209386 -0.00671924 0.02 -0.0209846 -0.00710799 0.02 -0.0101742 -0.00119724 0.02 -0.00988497 -0.00146447 0.02 -0.0121987 -0.00425206 0.02 -0.0084205 -0.00694731 0.02 -0.00840492 -0.0073408 0.02 -0.011 -0.0075 0.02 -0.0110156 -0.00710616 0.02 -0.0110616 -0.00671753 0.02 -0.00880163 -0.00308549 0.02 -0.0117376 -0.00488647 0.02 -0.00896547 -0.00273005 0.02 -0.0111386 -0.00633129 0.02 -0.0115454 -0.00522928 0.02 -0.008559 -0.00383162 0.02 -0.00866522 -0.00345492 0.02 -0.00915799 -0.00238651 0.02 -0.0119556 -0.0045602 0.02 -0.00961931 -0.00175189 0.02 -0.00937541 -0.00206107 0.02 -0.0124654 -0.00396358 0.02 -0.0104816 -0.000954915 0.02 -0.0246462 -0.0214785 0.02 -0.024759 -0.0209812 0.02 -0.0171657 -0.0123621 0.02 -0.00835894 -0.00772948 0.02 -0.0110156 -0.00789384 0.02 -0.00817578 -0.0084924 0.02 -0.00803937 -0.00886182 0.02 -0.0112445 -0.00904414 0.02 -0.0110616 -0.00828247 0.02 -0.008282 -0.00811569 0.02 -0.0111379 -0.00866591 0.02 -0.00787553 -0.00921726 0.02 -0.00768301 -0.0095608 0.02 -0.0115445 -0.00976878 0.02 -0.0209381 -0.0082837 0.02 -0.00746558 -0.00988624 0.02 -0.00722169 -0.0101954 0.02 -0.0119542 -0.0104377 0.02 -0.0208617 -0.00866767 0.02 -0.0207547 -0.0090465 0.02 -0.0206191 -0.00941409 0.02 -0.0124635 -0.0110344 0.02 -0.00666678 -0.0107501 0.02 -0.00635943 -0.0109924 0.02 -0.0270908 -0.0171059 0.02 -0.0274764 -0.0167742 0.02 -0.0204543 -0.00977114 0.02 -0.0267279 -0.0174609 0.02 -0.0200443 -0.0104398 0.02 -0.0263876 -0.017839 0.02 -0.02607 -0.0182403 0.02 -0.0195349 -0.0110361 0.02 -0.025781 -0.0186579 0.02 -0.0255181 -0.0190948 0.02 -0.0192461 -0.0113029 0.02 -0.0189386 -0.0115453 0.02 -0.0250785 -0.0200134 0.02 -0.0186112 -0.0117639 0.02 -0.0182699 -0.0119551 0.02 -0.0252832 -0.0195478 0.02 -0.0249026 -0.020494 0.02 -0.0179119 -0.0121199 0.02 -0.0175447 -0.0122554 0.02 -0.024565 -0.0219822 0.02 -0.0163909 -0.0124846 0.02 -0.0245165 -0.0224885 0.02 -0.0167815 -0.0124385 0.02 -0.00496558 -0.0117026 0.02 -0.00458654 -0.0118094 0.02 -0.00420267 -0.0118858 0.02 -0.00381399 -0.0119317 0.02 -0.0034205 -0.0119473 0.02 0.00768427 -0.00955874 0.02 0.00787553 -0.00921726 0.02 0.0113809 -0.00941409 0.02 0.0156091 -0.0124846 0.02 0.0245 -0.023 0.02 0.0152185 -0.0124385 0.02 0.025077 -0.020017 0.02 0.0186125 -0.0117632 0.02 0.0252822 -0.0195502 0.02 0.0175464 -0.0122548 0.02 0.0179138 -0.0121192 0.02 0.0249026 -0.020494 0.02 0.0290187 -0.0153565 0.02 0.0287701 -0.0156658 0.02 0.03 -0.0123816 0.02 0.0284959 -0.0159563 0.02 0.0209384 -0.00828247 0.02 0.0209844 -0.00789384 0.02 0.0290451 -0.00206107 0.02 0.0292625 -0.00238651 0.02 0.03 -0.005 0.02 0.0279389 -0.000954915 0.02 0.0276114 -0.000736229 0.02 0.0296189 -0.00308549 0.02 0.0297553 -0.00345492 0.02 0.029455 -0.00273005 0.02 0.0288012 -0.00175189 0.02 0.0299384 -0.00421783 0.02 0.0298615 -0.00383162 0.02 0.0282463 -0.00119724 0.02 0.0299844 -0.00460651 0.02 0.0171667 -0.00263803 0.02 0.0134205 0 0.02 0.025 0 0.02 0.0192475 -0.0113018 0.02 0.0255167 -0.019097 0.02 0.0189401 -0.0115441 0.02 0.013027 -1.5579e-05 0.02 0.0137299 -0.00304508 0.02 0.0159987 -0.00250013 0.02 0.0156066 -0.00251554 0.02 0.0121971 -0.00425399 0.02 0.00988497 -0.00146447 0.02 0.0101724 -0.00119881 0.02 0.011506 -0.00038113 0.02 0.0118754 -0.000244717 0.02 0.0130609 -0.00345504 0.02 0.0104816 -0.000954915 0.02 0.010807 -0.000737491 0.02 0.0124641 -0.00396483 0.02 0.00961774 -0.00175372 0.02 0.0111505 -0.000544967 0.02 0.0127516 -0.00369907 0.02 0.0122521 -0.000138502 0.02 0.0133862 -0.00323769 0.02 0.0126383 -6.15583e-05 0.02 0.0148315 -0.00263851 0.02 0.0144543 -0.00274501 0.02 0.0140853 -0.00288123 0.02 0.0163915 -0.00251537 0.02 0.0152168 -0.00256184 0.02 0.0167807 -0.00256145 0.02 0.0115445 -0.00523099 0.02 0.00866522 -0.00345492 0.02 0.00880071 -0.00308773 0.02 0.0182685 -0.00304436 0.02 0.0179132 -0.00288051 0.02 0.0297484 -0.0139479 0.02 0.0296091 -0.0143195 0.02 0.0294398 -0.0146813 0.02 0.0209384 -0.00671753 0.02 0.02727 -0.000544967 0.02 0.0285355 -0.00146447 0.02 0.0209844 -0.00710616 0.02 0.021 -0.0075 0.02 0.0265451 -0.000244717 0.02 0.0269123 -0.000380206 0.02 0.029984 -0.0127807 0.02 0.0299367 -0.0131748 0.02 0.0298581 -0.0135638 0.02 0.0208614 -0.00633129 0.02 0.0292433 -0.0150262 0.02 0.0282013 -0.0162223 0.02 0.0270908 -0.0171059 0.02 0.0202637 -0.0101117 0.02 0.0204555 -0.00976878 0.02 0.0278846 -0.0164656 0.02 0.0267262 -0.0174628 0.02 0.0263851 -0.0178419 0.02 0.0198024 -0.0107467 0.02 0.0200458 -0.0104377 0.02 0.02607 -0.0182403 0.02 0.025779 -0.0186612 0.02 0.0195365 -0.0110344 0.02 0.00848206 -0.00421783 0.02 0.00855844 -0.00383396 0.02 0.0171681 -0.0123615 0.02 0.0246456 -0.021481 0.02 0.0167833 -0.0124382 0.02 0.0113803 -0.00558766 0.02 0.0163935 -0.0124844 0.02 0.0245165 -0.0224885 0.02 0.016001 -0.0125 0.02 0.0084205 -0.005 0.02 0.00843608 -0.00460651 0.02 0.0110154 -0.00710799 0.02 0.00840492 -0.0073408 0.02 0.0084205 -0.00694731 0.02 0.0112444 -0.00595612 0.02 0.0110154 -0.00789245 0.02 0.00835894 -0.00772948 0.02 0.0110001 -0.00750152 0.02 0.0148343 -0.0123621 0.02 0.00828256 -0.00811335 0.02 0.0110619 -0.0082837 0.02 0.00817578 -0.0084924 0.02 0.0140881 -0.0121199 0.02 0.0144553 -0.0122554 0.02 0.0111383 -0.00866767 0.02 0.00804029 -0.00885959 0.02 0.0115457 -0.00977114 0.02 0.0112453 -0.0090465 0.02 0.0117373 -0.0101133 0.02 0.0119557 -0.0104398 0.02 0.00722326 -0.0101936 0.02 0.00746558 -0.00988624 0.02 0.0124651 -0.0110361 0.02 0.00666861 -0.0107485 0.02 0.0121988 -0.0107481 0.02 0.00695603 -0.0104828 0.02 0.00569045 -0.0114023 0.02 0.00603398 -0.0112098 0.02 0.0130614 -0.0115453 0.02 0.0127539 -0.0113029 0.02 0.00635943 -0.0109924 0.02 0.00458888 -0.0118088 0.02 0.00420267 -0.0118858 0.02 0.00496558 -0.0117026 0.02 0.021 -0.065 0.02 0.00381399 -0.0119317 0.02 0.0245 -0.07 0.02 0.021 -0.07 0.02 0.0034205 -0.0119473 0.02 0.0257822 -6.15583e-05 0.02 0.026166 -0.000137938 0.02 0.0111381 -0.00633354 0.02 0.0253935 -1.5579e-05 0.02 0.0206187 -0.00558527 0.02 0.0207551 -0.00595435 0.02 0.0202624 -0.00488647 0.02 0.0204546 -0.00522928 0.02 0.0198013 -0.00425206 0.02 0.0200444 -0.0045602 0.02 0.0192467 -0.00369762 0.02 0.0195346 -0.00396358 0.02 0.0186124 -0.00323676 0.02 0.0189377 -0.00345412 0.02 0.0175436 -0.00274435 0.02 0.0119545 -0.00456172 0.02 0.0117362 -0.00488874 0.02 0.00915673 -0.00238857 0.02 0.00937541 -0.00206107 0.02 0.00896547 -0.00273005 0.02 0.0110614 -0.00671924 0.02 0.0137301 -0.0119551 0.02 0.0133888 -0.0117639 0.02 0.00533501 -0.0115662 0.02 0.024565 -0.0219822 0.02 0.0247581 -0.0209849 0.02 0.0182712 -0.0119543 0.02 0.0274764 -0.0167742 0.02 0.0206198 -0.00941234 0.02 0.0207555 -0.00904414 0.02 0.0208621 -0.00866591 0.02 -0.0209999 -0.00750152 0.02 -0.0130623 -0.00345412 0.02 -0.0115082 -0.000380206 0.02 -0.0122545 -0.000137938 0.02 -0.0118754 -0.000244717 0.02 -0.0133876 -0.00323676 0.02 -0.0126383 -6.15583e-05 0.02 -0.0137315 -0.00304436 0.02 -0.013027 -1.5579e-05 0.02 -0.0140868 -0.00288051 0.02 -0.0148333 -0.00263803 0.02 -0.0144564 -0.00274435 0.02 -0.0160013 -0.00250013 0.02 -0.0163934 -0.00251554 0.02 -0.0167832 -0.00256184 0.02 -0.0171685 -0.00263851 0.02 -0.0182701 -0.00304508 0.02 -0.0186138 -0.00323769 0.02 -0.0189391 -0.00345504 0.02 -0.0192484 -0.00369907 0.02 -0.0195359 -0.00396483 0.02 -0.0202627 -0.0101133 0.02 -0.0198012 -0.0107481 0.02 -0.0121976 -0.0107467 0.02 -0.00695603 -0.0104828 0.02 -0.0133875 -0.0117632 0.02 -0.00569045 -0.0114023 0.02 -0.00533277 -0.0115671 0.02 -0.0137288 -0.0119543 0.02 -0.0140862 -0.0121192 0.02 -0.0144536 -0.0122548 0.02 -0.0148319 -0.0123615 0.02 -0.015999 -0.0125 0.02 -0.0152167 -0.0124382 0.02 -0.0156065 -0.0124844 0.02 -0.0117363 -0.0101117 0.02 -0.0113802 -0.00941234 0.02 -0.021 -0.065 -0.02 -0.0245 -0.023 -0.02 -0.0245 -0.07 -0.02 -0.0113802 -0.00558772 -0.02 -0.0084205 -0.005 -0.02 -0.00843608 -0.00460651 -0.02 -0.021 -0.07 -0.02 -0.0110156 -0.00710629 -0.02 -0.0084205 -0.00694731 -0.02 -0.0110616 -0.00671764 -0.02 -0.011 -0.0075 -0.02 -0.0110156 -0.00789371 -0.02 -0.00840492 -0.0073408 -0.02 -0.010807 -0.000737491 -0.02 -0.0127522 -0.00369851 -0.02 -0.0124637 -0.00396542 -0.02 -0.0111379 -0.00633406 -0.02 -0.02727 -0.000544967 -0.02 -0.0276114 -0.000736229 -0.02 -0.03 -0.005 -0.02 -0.025 0 -0.02 -0.0207552 -0.00595456 -0.02 -0.0206187 -0.00558531 -0.02 -0.0296189 -0.00308549 -0.02 -0.029455 -0.00273005 -0.02 -0.0292625 -0.00238651 -0.02 -0.0298615 -0.00383162 -0.02 -0.0299844 -0.00460651 -0.02 -0.0297553 -0.00345492 -0.02 -0.0269123 -0.000380206 -0.02 -0.03 -0.0123816 -0.02 -0.0290187 -0.0153565 -0.02 -0.0287701 -0.0156658 -0.02 -0.0282013 -0.0162223 -0.02 -0.0278846 -0.0164656 -0.02 -0.0296091 -0.0143195 -0.02 -0.0294398 -0.0146813 -0.02 -0.0299367 -0.0131748 -0.02 -0.029984 -0.0127807 -0.02 -0.0298581 -0.0135638 -0.02 -0.0297484 -0.0139479 -0.02 -0.0292433 -0.0150262 -0.02 -0.0284959 -0.0159563 -0.02 -0.0209844 -0.00789371 -0.02 -0.0282463 -0.00119724 -0.02 -0.0279389 -0.000954915 -0.02 -0.0209384 -0.00828236 -0.02 -0.0290451 -0.00206107 -0.02 -0.0299384 -0.00421783 -0.02 -0.0288012 -0.00175189 -0.02 -0.0285355 -0.00146447 -0.02 -0.026166 -0.000137938 -0.02 -0.0265451 -0.000244717 -0.02 -0.0208614 -0.00633139 -0.02 -0.0257822 -6.15583e-05 -0.02 -0.0253935 -1.5579e-05 -0.02 -0.0209384 -0.00671764 -0.02 -0.0208621 -0.00866594 -0.02 -0.021 -0.0075 -0.02 -0.0206198 -0.00941228 -0.02 -0.0207554 -0.00904446 -0.02 -0.0121974 -0.00425351 -0.02 -0.00988497 -0.00146447 -0.02 -0.0101724 -0.00119881 -0.02 -0.0113813 -0.00941469 -0.02 -0.0115452 -0.00977044 -0.02 -0.00787553 -0.00921726 -0.02 -0.00835894 -0.00772948 -0.02 -0.00880071 -0.00308773 -0.02 -0.0117363 -0.00488846 -0.02 -0.0115447 -0.00523088 -0.02 -0.0110616 -0.00828236 -0.02 -0.00855844 -0.00383396 -0.02 -0.00848206 -0.00421783 -0.02 -0.0111386 -0.00866861 -0.02 -0.00828256 -0.00811335 -0.02 -0.00896547 -0.00273005 -0.02 -0.00915673 -0.00238857 -0.02 -0.00866522 -0.00345492 -0.02 -0.00937541 -0.00206107 -0.02 -0.00961774 -0.00175372 -0.02 -0.0119544 -0.00456201 -0.02 -0.0104816 -0.000954915 -0.02 -0.00768427 -0.00955874 -0.02 -0.00804029 -0.00885959 -0.02 -0.0112448 -0.00904544 -0.02 -0.024565 -0.0219822 -0.02 -0.0167836 -0.0124381 -0.02 -0.0246456 -0.021481 -0.02 -0.0117376 -0.0101136 -0.02 -0.00746558 -0.00988624 -0.02 -0.0274764 -0.0167742 -0.02 -0.0119554 -0.0104395 -0.02 -0.00722326 -0.0101936 -0.02 -0.0204554 -0.00976912 -0.02 -0.0121989 -0.0107481 -0.02 -0.00695603 -0.0104828 -0.02 -0.0270908 -0.0171059 -0.02 -0.0124651 -0.0110361 -0.02 -0.0202637 -0.0101115 -0.02 -0.00635943 -0.0109924 -0.02 -0.00666861 -0.0107485 -0.02 -0.0267262 -0.0174628 -0.02 -0.0200456 -0.010438 -0.02 -0.0127537 -0.0113027 -0.02 -0.00603398 -0.0112098 -0.02 -0.02607 -0.0182403 -0.02 -0.0195363 -0.0110346 -0.02 -0.0198026 -0.0107465 -0.02 -0.0111505 -0.000544967 -0.02 -0.0192478 -0.0113015 -0.02 -0.0255167 -0.019097 -0.02 -0.0189399 -0.0115442 -0.02 -0.025779 -0.0186612 -0.02 -0.018613 -0.0117629 -0.02 -0.025077 -0.020017 -0.02 -0.0182712 -0.0119543 -0.02 -0.0252822 -0.0195502 -0.02 -0.0249026 -0.020494 -0.02 -0.0179138 -0.0121192 -0.02 -0.0247581 -0.0209849 -0.02 -0.0171675 -0.0123618 -0.02 -0.0175464 -0.0122547 -0.02 -0.0245165 -0.0224885 -0.02 -0.0163924 -0.0124846 -0.02 -0.00420267 -0.0118858 -0.02 -0.00458888 -0.0118088 -0.02 -0.00496558 -0.0117026 -0.02 -0.00381399 -0.0119317 -0.02 -0.0034205 -0.0119473 -0.02 0.0034205 -0.0119473 -0.02 0.0245 -0.023 -0.02 0.00496558 -0.0117026 -0.02 0.00458654 -0.0118094 -0.02 0.00746558 -0.00988624 -0.02 0.00722169 -0.0101954 -0.02 0.0117363 -0.0101115 -0.02 0.0156076 -0.0124846 -0.02 0.0152164 -0.0124381 -0.02 0.00803937 -0.00886182 -0.02 0.0112446 -0.00904446 -0.02 0.0111379 -0.00866594 -0.02 0.0175439 -0.0122556 -0.02 0.024759 -0.0209812 -0.02 0.0249026 -0.020494 -0.02 0.0171667 -0.0123619 -0.02 0.03 -0.0123816 -0.02 0.029242 -0.0150283 -0.02 0.0294398 -0.0146813 -0.02 0.0252832 -0.0195478 -0.02 0.0189381 -0.0115457 -0.02 0.0186116 -0.0117636 -0.02 0.03 -0.005 -0.02 0.0276135 -0.000737491 -0.02 0.02727 -0.000544967 -0.02 0.029984 -0.0127807 -0.02 0.0298576 -0.0135663 -0.02 0.0299367 -0.0131748 -0.02 0.0298621 -0.00383396 -0.02 0.0297553 -0.00345492 -0.02 0.0296198 -0.00308773 -0.02 0.0299384 -0.00421783 -0.02 0.0299844 -0.00460651 -0.02 0.0296081 -0.0143219 -0.02 0.0282481 -0.00119881 -0.02 0.0279389 -0.000954915 -0.02 0.0160014 -0.00250009 -0.02 0.0163924 -0.00251542 -0.02 0.0134205 0 -0.02 0.0167808 -0.0124386 -0.02 0.0246462 -0.0214785 -0.02 0.0133884 -0.00323637 -0.02 0.0122545 -0.000137938 -0.02 0.0130619 -0.00345434 -0.02 0.0144561 -0.00274439 -0.02 0.0148333 -0.00263809 -0.02 0.0117376 -0.00488639 -0.02 0.0119554 -0.0045605 -0.02 0.00915799 -0.00238651 -0.02 0.0127537 -0.0036973 -0.02 0.0108091 -0.000736229 -0.02 0.0124651 -0.00396386 -0.02 0.00961931 -0.00175189 -0.02 0.0121989 -0.00425186 -0.02 0.00937541 -0.00206107 -0.02 0.00880163 -0.00308549 -0.02 0.00896547 -0.00273005 -0.02 0.0101742 -0.00119724 -0.02 0.00988497 -0.00146447 -0.02 0.0115082 -0.000380206 -0.02 0.0111505 -0.000544967 -0.02 0.0104816 -0.000954915 -0.02 0.0118754 -0.000244717 -0.02 0.013027 -1.5579e-05 -0.02 0.0137311 -0.00304449 -0.02 0.0126383 -6.15583e-05 -0.02 0.0152192 -0.00256142 -0.02 0.0140873 -0.00288039 -0.02 0.00866522 -0.00345492 -0.02 0.0115452 -0.00522956 -0.02 0.0156079 -0.00251542 -0.02 0.00840492 -0.0073408 -0.02 0.0110156 -0.00710629 -0.02 0.0084205 -0.00694731 -0.02 0.0112448 -0.00595456 -0.02 0.0113813 -0.00558531 -0.02 0.0084205 -0.005 -0.02 0.0209844 -0.00789371 -0.02 0.0297484 -0.0139479 -0.02 0.0292638 -0.00238857 -0.02 0.029455 -0.00273005 -0.02 0.0290451 -0.00206107 -0.02 0.0285355 -0.00146447 -0.02 0.0288028 -0.00175372 -0.02 0.021 -0.0075 -0.02 0.0209844 -0.00710629 -0.02 0.0209384 -0.00671764 -0.02 0.0209384 -0.00828236 -0.02 0.0208614 -0.00866861 -0.02 0.0255181 -0.0190948 -0.02 0.0290187 -0.0153565 -0.02 0.0284959 -0.0159563 -0.02 0.0287684 -0.0156677 -0.02 0.0278846 -0.0164656 -0.02 0.0282013 -0.0162223 -0.02 0.0202624 -0.0101136 -0.02 0.0270908 -0.0171059 -0.02 0.0204548 -0.00977044 -0.02 0.0267279 -0.0174609 -0.02 0.0200446 -0.0104395 -0.02 0.0263876 -0.017839 -0.02 0.0207552 -0.00904544 -0.02 0.024565 -0.0219822 -0.02 0.0159986 -0.0124999 -0.02 0.0245165 -0.0224885 -0.02 0.0163921 -0.0124846 -0.02 0.0110156 -0.00789371 -0.02 0.011 -0.0075 -0.02 0.00835894 -0.00772948 -0.02 0.008282 -0.00811569 -0.02 0.0110616 -0.00828236 -0.02 0.00817578 -0.0084924 -0.02 0.0148325 -0.0123618 -0.02 0.00666678 -0.0107501 -0.02 0.0124637 -0.0110346 -0.02 0.0121974 -0.0107465 -0.02 0.00787553 -0.00921726 -0.02 0.00768301 -0.0095608 -0.02 0.0113802 -0.00941228 -0.02 0.0119544 -0.010438 -0.02 0.0115447 -0.00976912 -0.02 0.0140862 -0.0121192 -0.02 0.0144536 -0.0122547 -0.02 0.025 0 -0.02 0.0179138 -0.00288079 -0.02 0.0182712 -0.00304571 -0.02 0.00695603 -0.0104828 -0.02 0.0130601 -0.0115442 -0.02 0.00603193 -0.0112111 -0.02 0.00569045 -0.0114023 -0.02 0.00635943 -0.0109924 -0.02 0.0127522 -0.0113015 -0.02 0.00381399 -0.0119317 -0.02 0.00420267 -0.0118858 -0.02 0.0245 -0.07 -0.02 0.021 -0.065 -0.02 0.021 -0.07 -0.02 -0.0134205 0 -0.02 -0.0140862 -0.00288079 -0.02 -0.0137288 -0.00304571 -0.02 -0.0263851 -0.0178419 -0.02 -0.0130619 -0.0115457 -0.02 -0.0133884 -0.0117636 -0.02 -0.00569045 -0.0114023 -0.02 -0.00533501 -0.0115662 -0.02 -0.0137311 -0.0119555 -0.02 -0.0140873 -0.0121196 -0.02 -0.0144561 -0.0122556 -0.02 -0.0148333 -0.0123619 -0.02 -0.0160014 -0.0124999 -0.02 -0.0152192 -0.0124386 -0.02 -0.0156079 -0.0124846 -0.02 -0.00817578 -0.0084924 -0.02 -0.0112446 -0.00595554 -0.02 -0.011506 -0.00038113 -0.02 -0.0130601 -0.0034558 -0.02 -0.0122521 -0.000138502 -0.02 -0.0118754 -0.000244717 -0.02 -0.013387 -0.00323714 -0.02 -0.0126383 -6.15583e-05 -0.02 -0.013027 -1.5579e-05 -0.02 -0.0152164 -0.00256188 -0.02 -0.0156076 -0.00251542 -0.02 -0.0148325 -0.00263822 -0.02 -0.0144536 -0.00274526 -0.02 -0.0163921 -0.00251542 -0.02 -0.0159986 -0.00250009 -0.02 -0.0171667 -0.00263809 -0.02 -0.0167808 -0.00256142 -0.02 -0.0175439 -0.00274439 -0.02 -0.0182689 -0.00304449 -0.02 -0.0179127 -0.00288039 -0.02 -0.0189381 -0.00345434 -0.02 -0.0186116 -0.00323637 -0.02 -0.0195349 -0.00396386 -0.02 -0.0192463 -0.0036973 -0.02 -0.0200446 -0.0045605 -0.02 -0.0198011 -0.00425186 -0.02 -0.0204548 -0.00522956 -0.02 -0.0202624 -0.00488639 -0.02 -0.0209844 -0.00710629 -0.02 0.0137288 -0.0119543 -0.02 0.013387 -0.0117629 -0.02 0.00533277 -0.0115671 -0.02 0.0179127 -0.0121196 -0.02 0.0182689 -0.0119555 -0.02 0.0250785 -0.0200134 -0.02 0.025781 -0.0186579 -0.02 0.0192463 -0.0113027 -0.02 0.0195349 -0.0110361 -0.02 0.02607 -0.0182403 -0.02 0.0198011 -0.0107481 -0.02 0.0206187 -0.00941469 -0.02 0.0274764 -0.0167742 -0.02 0.0269145 -0.00038113 -0.02 0.0265451 -0.000244717 -0.02 0.0208621 -0.00633406 -0.02 0.0261684 -0.000138502 -0.02 0.0257822 -6.15583e-05 -0.02 0.0253935 -1.5579e-05 -0.02 0.0207554 -0.00595554 -0.02 0.0204554 -0.00523088 -0.02 0.0206198 -0.00558772 -0.02 0.0200456 -0.00456201 -0.02 0.0202637 -0.00488846 -0.02 0.0195363 -0.00396542 -0.02 0.0198026 -0.00425351 -0.02 0.0189399 -0.0034558 -0.02 0.0192478 -0.00369851 -0.02 0.018613 -0.00323714 -0.02 0.0171675 -0.00263822 -0.02 0.0175464 -0.00274526 -0.02 0.0167836 -0.00256188 -0.02 0.008559 -0.00383162 -0.02 0.00848206 -0.00421783 -0.02 0.00843608 -0.00460651 -0.02 0.0111386 -0.00633139 -0.02 0.0110616 -0.00671764 -0.02 -0.0163316 -0.015 0.0176345 -0.0165088 -0.012474 0.0176492 -0.0165088 -0.015 0.0176492 -0.0158475 -0.015 0.0174222 -0.0159949 -0.0125 0.0175185 -0.0159964 -0.015 0.0175195 -0.0161592 -0.015 0.0175909 -0.0161588 -0.0124975 0.0175907 -0.0163316 -0.012489 0.0176345 -0.0156052 -0.0124844 0.0171578 -0.0156075 -0.015 0.0171614 -0.0155229 -0.015 0.0170051 -0.0158456 -0.0124976 0.0174206 -0.0157167 -0.015 0.0173018 -0.0157143 -0.0124919 0.017299 -0.0154358 -0.015 0.0166615 -0.0154358 -0.015 0.0164836 -0.0154354 -0.012468 0.0166542 -0.0154651 -0.015 0.0168369 -0.0154637 -0.0124712 0.016831 -0.0155208 -0.012477 0.0170001 -0.0156075 -0.015 0.0159837 -0.015527 -0.0124775 0.0161309 -0.0155229 -0.015 0.0161401 -0.0154675 -0.0124715 0.0162993 -0.0154366 -0.0124681 0.0164756 -0.0154651 -0.015 0.0163082 -0.0158577 -0.0124979 0.0157152 -0.0159964 -0.015 0.0156257 -0.0160085 -0.0124999 0.0156192 -0.0156136 -0.012485 0.0159746 -0.0157167 -0.015 0.0158433 -0.0157248 -0.0124923 0.0158347 -0.0165088 -0.015 0.0154959 -0.0165247 -0.0124724 0.0154961 -0.016347 -0.0124879 0.0155082 -0.0163316 -0.015 0.0155106 -0.0161732 -0.0124969 0.0155496 -0.0161592 -0.015 0.0155542 -0.0170327 -0.0123923 0.015632 -0.0168722 -0.0124234 0.0155592 -0.0170213 -0.015 0.0156257 -0.0167015 -0.0124506 0.0155133 -0.0166861 -0.015 0.0155106 -0.0168584 -0.015 0.0155542 -0.0173069 -0.0123263 0.0158499 -0.0174102 -0.015 0.0159837 -0.017414 -0.012296 0.0159898 -0.0171701 -0.015 0.0157229 -0.017301 -0.015 0.0158433 -0.0171786 -0.0123592 0.0157297 -0.0175818 -0.015 0.0164836 -0.0175823 -0.0122431 0.0164908 -0.017554 -0.0122524 0.0163145 -0.0175526 -0.015 0.0163082 -0.0174973 -0.0122706 0.0161459 -0.0174948 -0.015 0.0161401 -0.0175818 -0.015 0.0166615 -0.0175526 -0.015 0.0168369 -0.017581 -0.0122435 0.0166697 -0.0175503 -0.0122536 0.0168456 -0.0174948 -0.015 0.0170051 -0.0174102 -0.015 0.0171614 -0.017491 -0.0122725 0.0170134 -0.017301 -0.015 0.0173018 -0.0174056 -0.0122983 0.0171684 -0.0172962 -0.012329 0.0173068 -0.0171701 -0.015 0.0174222 -0.0170213 -0.015 0.0175195 -0.0171664 -0.012362 0.0174251 -0.0168584 -0.015 0.0175909 -0.0170187 -0.0123951 0.0175207 -0.0168574 -0.0124259 0.0175912 -0.0166861 -0.015 0.0176345 -0.0166858 -0.0124527 0.0176345 -0.0158475 -0.015 0.0157229 -0.0163316 -0.015 -0.0155106 -0.0165088 -0.012474 -0.0154959 -0.0165088 -0.015 -0.0154959 -0.0158475 -0.015 -0.0157229 -0.0159946 -0.0125 -0.0156268 -0.0159964 -0.015 -0.0156257 -0.0161592 -0.015 -0.0155542 -0.0161581 -0.0124975 -0.0155546 -0.0163313 -0.012489 -0.0155107 -0.0156048 -0.0124844 -0.0159879 -0.0156075 -0.015 -0.0159837 -0.0155229 -0.015 -0.0161401 -0.015845 -0.0124976 -0.0157249 -0.0157167 -0.015 -0.0158433 -0.0157141 -0.0124918 -0.0158464 -0.0154358 -0.015 -0.0164836 -0.0154358 -0.015 -0.0166615 -0.0154354 -0.012468 -0.0164912 -0.0154651 -0.015 -0.0163082 -0.0154635 -0.0124712 -0.0163149 -0.0155207 -0.012477 -0.0161453 -0.0156075 -0.015 -0.0171614 -0.0155272 -0.0124776 -0.0170149 -0.0155229 -0.015 -0.0170051 -0.0154676 -0.0124715 -0.0168461 -0.0154366 -0.0124682 -0.0166703 -0.0154651 -0.015 -0.0168369 -0.015858 -0.0124979 -0.0174302 -0.0159964 -0.015 -0.0175195 -0.0160092 -0.0124999 -0.0175262 -0.0156138 -0.012485 -0.0171709 -0.0157167 -0.015 -0.0173018 -0.0157252 -0.0124924 -0.0173109 -0.0165088 -0.015 -0.0176492 -0.0165252 -0.0124723 -0.017649 -0.0163476 -0.0124879 -0.017637 -0.0163316 -0.015 -0.0176345 -0.0161737 -0.0124969 -0.0175956 -0.0161592 -0.015 -0.0175909 -0.017033 -0.0123922 -0.017513 -0.0168726 -0.0124233 -0.0175859 -0.0170213 -0.015 -0.0175195 -0.016702 -0.0124505 -0.0176317 -0.0166861 -0.015 -0.0176345 -0.0168584 -0.015 -0.0175909 -0.0173072 -0.0123262 -0.0172949 -0.0174102 -0.015 -0.0171614 -0.0174143 -0.0122959 -0.0171549 -0.0171701 -0.015 -0.0174222 -0.017301 -0.015 -0.0173018 -0.0171789 -0.0123591 -0.0174152 -0.0175818 -0.015 -0.0166615 -0.0175824 -0.012243 -0.0166534 -0.0175542 -0.0122524 -0.0168299 -0.0175526 -0.015 -0.0168369 -0.0174975 -0.0122705 -0.0169986 -0.0174948 -0.015 -0.0170051 -0.0175818 -0.015 -0.0164836 -0.0175526 -0.015 -0.0163082 -0.017581 -0.0122435 -0.0164746 -0.01755 -0.0122536 -0.0162987 -0.0174948 -0.015 -0.0161401 -0.0174102 -0.015 -0.0159837 -0.0174908 -0.0122725 -0.0161311 -0.017301 -0.015 -0.0158433 -0.0174052 -0.0122984 -0.0159762 -0.017296 -0.0123291 -0.0158381 -0.0171701 -0.015 -0.0157229 -0.0170213 -0.015 -0.0156257 -0.0171659 -0.0123621 -0.0157197 -0.0168584 -0.015 -0.0155542 -0.0170185 -0.0123951 -0.0156242 -0.0168568 -0.012426 -0.0155537 -0.0166861 -0.015 -0.0155106 -0.0166856 -0.0124528 -0.0155105 -0.0158475 -0.015 -0.0174222 0.0154353 -0.012468 -0.0164912 0.0154358 -0.015 -0.0166615 0.0154358 -0.015 -0.0164836 0.0165254 -0.0124723 -0.017649 0.0165088 -0.015 -0.0176492 0.0163475 -0.0124879 -0.017637 0.0154651 -0.015 -0.0163082 0.0154636 -0.0124711 -0.0163146 0.0155229 -0.015 -0.0161401 0.0155207 -0.0124769 -0.0161453 0.015605 -0.0124843 -0.0159876 0.0156075 -0.015 -0.0159837 0.0157167 -0.015 -0.0158433 0.0157141 -0.0124918 -0.0158463 0.0158475 -0.015 -0.0157229 0.0158454 -0.0124976 -0.0157247 0.0159947 -0.0125 -0.0156266 0.0159964 -0.015 -0.0156257 0.0161592 -0.015 -0.0155542 0.0161587 -0.0124975 -0.0155545 0.0163316 -0.015 -0.0155106 0.0163315 -0.012489 -0.0155106 0.0165088 -0.015 -0.0154959 0.0165088 -0.012474 -0.0154959 0.0154367 -0.0124682 -0.01667 0.0154676 -0.0124716 -0.0168462 0.0154651 -0.015 -0.0168369 0.0155229 -0.015 -0.0170051 0.0155272 -0.0124777 -0.0170147 0.0156139 -0.0124852 -0.017171 0.0156075 -0.015 -0.0171614 0.0157252 -0.0124925 -0.0173107 0.0157167 -0.015 -0.0173018 0.0158475 -0.015 -0.0174222 0.0158581 -0.0124981 -0.0174303 0.016009 -0.0125001 -0.0175261 0.0159964 -0.015 -0.0175195 0.0161738 -0.012497 -0.0175957 0.0161592 -0.015 -0.0175909 0.0163316 -0.015 -0.0176345 0.0168728 -0.0124232 -0.0175857 0.0170213 -0.015 -0.0175195 0.0168584 -0.015 -0.0175909 0.0167019 -0.0124504 -0.0176317 0.0166861 -0.015 -0.0176345 0.0174102 -0.015 -0.0171614 0.017301 -0.015 -0.0173018 0.0173072 -0.012326 -0.0172949 0.0171701 -0.015 -0.0174222 0.017033 -0.0123921 -0.017513 0.0171791 -0.0123589 -0.017415 0.0175526 -0.015 -0.0168369 0.0175542 -0.0122523 -0.01683 0.0175818 -0.015 -0.0166615 0.0174144 -0.0122957 -0.0171549 0.0174975 -0.0122704 -0.0169989 0.0174948 -0.015 -0.0170051 0.0175502 -0.0122537 -0.0162993 0.0174948 -0.015 -0.0161401 0.0175526 -0.015 -0.0163082 0.017581 -0.0122435 -0.0164748 0.0175818 -0.015 -0.0164836 0.0175824 -0.012243 -0.016654 0.0171701 -0.015 -0.0157229 0.017301 -0.015 -0.0158433 0.017296 -0.0123291 -0.0158382 0.0174102 -0.015 -0.0159837 0.0174908 -0.0122726 -0.0161313 0.0174054 -0.0122984 -0.0159765 0.0171662 -0.0123621 -0.0157199 0.0170213 -0.015 -0.0156257 0.0170186 -0.0123952 -0.0156243 0.0168584 -0.015 -0.0155542 0.0166861 -0.015 -0.0155106 0.0168573 -0.012426 -0.0155538 0.0166858 -0.0124528 -0.0155106 0.0175818 0 -0.0164836 0.017581 -0.00275652 -0.0164746 0.0175824 -0.00275696 -0.0166534 0.0163476 -0.00251214 -0.017637 0.0165088 0 -0.0176492 0.0165252 -0.00252768 -0.017649 0.0175526 0 -0.0163082 0.01755 -0.00274636 -0.0162987 0.0174908 -0.00272746 -0.0161311 0.0174948 0 -0.0161401 0.0174102 0 -0.0159837 0.0174052 -0.00270158 -0.0159762 0.017301 0 -0.0158433 0.017296 -0.00267093 -0.0158381 0.0171659 -0.00263789 -0.0157197 0.0171701 0 -0.0157229 0.0170213 0 -0.0156257 0.0170185 -0.00260486 -0.0156242 0.0168584 0 -0.0155542 0.0168568 -0.00257397 -0.0155537 0.0166856 -0.00254723 -0.0155105 0.0166861 0 -0.0155106 0.0165088 0 -0.0154959 0.0165088 -0.00252596 -0.0154959 0.0175818 0 -0.0166615 0.0175542 -0.00274762 -0.0168299 0.0175526 0 -0.0168369 0.0174975 -0.00272945 -0.0169986 0.0174948 0 -0.0170051 0.0174102 0 -0.0171614 0.0174143 -0.0027041 -0.0171549 0.0173072 -0.0026738 -0.0172949 0.017301 0 -0.0173018 0.0171789 -0.00264089 -0.0174152 0.0171701 0 -0.0174222 0.0170213 0 -0.0175195 0.017033 -0.0026078 -0.017513 0.0168726 -0.00257668 -0.0175859 0.0168584 0 -0.0175909 0.016702 -0.00254951 -0.0176317 0.0166861 0 -0.0176345 0.015858 -0.0025021 -0.0174302 0.0159964 0 -0.0175195 0.0160092 -0.00250008 -0.0175262 0.0161737 -0.00250308 -0.0175956 0.0161592 0 -0.0175909 0.0163316 0 -0.0176345 0.0156075 0 -0.0171614 0.0156138 -0.002515 -0.0171709 0.0155272 -0.00252245 -0.0170149 0.0158475 0 -0.0174222 0.0157252 -0.00250763 -0.0173109 0.0157167 0 -0.0173018 0.0154366 -0.00253185 -0.0166703 0.0154354 -0.00253197 -0.0164912 0.0154358 0 -0.0166615 0.0154676 -0.00252845 -0.0168461 0.0154651 0 -0.0168369 0.0155229 0 -0.0170051 0.0156048 -0.00251561 -0.0159879 0.0155229 0 -0.0161401 0.0155207 -0.002523 -0.0161453 0.0154651 0 -0.0163082 0.0154635 -0.00252884 -0.0163149 0.0158475 0 -0.0157229 0.0157167 0 -0.0158433 0.015845 -0.00250238 -0.0157249 0.0156075 0 -0.0159837 0.0157141 -0.00250815 -0.0158464 0.0159946 -0.00249999 -0.0156268 0.0159964 0 -0.0156257 0.0161581 -0.00250249 -0.0155546 0.0161592 0 -0.0155542 0.0163316 0 -0.0155106 0.0163313 -0.00251098 -0.0155107 0.0154358 0 -0.0164836 0.0154353 -0.012468 0.0166534 0.0154358 -0.015 0.0164836 0.0154358 -0.015 0.0166615 0.0165259 -0.0124722 0.0154961 0.0165088 -0.015 0.0154959 0.0163481 -0.0124879 0.015508 0.0154651 -0.015 0.0168369 0.0154634 -0.0124711 0.0168299 0.0155229 -0.015 0.0170051 0.0155205 -0.0124769 0.0169994 0.0156047 -0.0124843 0.017157 0.0156075 -0.015 0.0171614 0.0157167 -0.015 0.0173018 0.0157139 -0.0124918 0.0172985 0.0158475 -0.015 0.0174222 0.0158449 -0.0124975 0.0174201 0.0159944 -0.0125 0.0175183 0.0159964 -0.015 0.0175195 0.0161592 -0.015 0.0175909 0.016158 -0.0124975 0.0175904 0.0163316 -0.015 0.0176345 0.0163312 -0.012489 0.0176344 0.0165088 -0.015 0.0176492 0.0165088 -0.012474 0.0176492 0.0154367 -0.0124682 0.0164745 0.0154678 -0.0124716 0.0162984 0.0154651 -0.015 0.0163082 0.0155229 -0.015 0.0161401 0.0155274 -0.0124777 0.0161299 0.0156142 -0.0124852 0.0159737 0.0156075 -0.015 0.0159837 0.0157255 -0.0124926 0.015834 0.0157167 -0.015 0.0158433 0.0158475 -0.015 0.0157229 0.0158586 -0.0124981 0.0157145 0.0160095 -0.0125001 0.0156187 0.0159964 -0.015 0.0156257 0.0161744 -0.012497 0.0155493 0.0161592 -0.015 0.0155542 0.0163316 -0.015 0.0155106 0.0168732 -0.0124231 0.0155595 0.0170213 -0.015 0.0156257 0.0168584 -0.015 0.0155542 0.0167024 -0.0124504 0.0155135 0.0166861 -0.015 0.0155106 0.0174102 -0.015 0.0159837 0.017301 -0.015 0.0158433 0.0173075 -0.012326 0.0158505 0.0171701 -0.015 0.0157229 0.0170333 -0.012392 0.0156323 0.0171793 -0.0123588 0.0157303 0.0175526 -0.015 0.0163082 0.0175543 -0.0122523 0.0163157 0.0175818 -0.015 0.0164836 0.0174146 -0.0122957 0.0159906 0.0174978 -0.0122703 0.0161469 0.0174948 -0.015 0.0161401 0.01755 -0.0122537 0.0168468 0.0174948 -0.015 0.0170051 0.0175526 -0.015 0.0168369 0.0175809 -0.0122435 0.0166709 0.0175818 -0.015 0.0166615 0.0175825 -0.012243 0.0164922 0.0171701 -0.015 0.0174222 0.017301 -0.015 0.0173018 0.0172958 -0.0123292 0.0173072 0.0174102 -0.015 0.0171614 0.0174906 -0.0122727 0.0170143 0.0174051 -0.0122986 0.0171692 0.0171658 -0.0123622 0.0174256 0.0170213 -0.015 0.0175195 0.0170184 -0.0123952 0.0175209 0.0168584 -0.015 0.0175909 0.0166861 -0.015 0.0176345 0.0168567 -0.0124261 0.0175915 0.0166856 -0.0124528 0.0176346 0.0175818 0 0.0166615 0.017581 -0.00275653 0.0166697 0.0175823 -0.00275694 0.0164908 0.016347 -0.00251209 0.0155082 0.0165088 0 0.0154959 0.0165247 -0.00252763 0.0154961 0.0175526 0 0.0168369 0.0175503 -0.00274643 0.0168456 0.017491 -0.00272753 0.0170134 0.0174948 0 0.0170051 0.0174102 0 0.0171614 0.0174056 -0.00270168 0.0171684 0.017301 0 0.0173018 0.0172962 -0.002671 0.0173068 0.0171664 -0.00263798 0.0174251 0.0171701 0 0.0174222 0.0170213 0 0.0175195 0.0170187 -0.00260492 0.0175207 0.0168584 0 0.0175909 0.0168574 -0.00257408 0.0175912 0.0166858 -0.00254727 0.0176345 0.0166861 0 0.0176345 0.0165088 0 0.0176492 0.0165088 -0.00252596 0.0176492 0.0175818 0 0.0164836 0.017554 -0.00274757 0.0163145 0.0175526 0 0.0163082 0.0174973 -0.00272937 0.0161459 0.0174948 0 0.0161401 0.0174102 0 0.0159837 0.017414 -0.00270403 0.0159898 0.0173069 -0.00267373 0.0158499 0.017301 0 0.0158433 0.0171786 -0.00264082 0.0157297 0.0171701 0 0.0157229 0.0170213 0 0.0156257 0.0170327 -0.00260774 0.015632 0.0168722 -0.00257662 0.0155592 0.0168584 0 0.0155542 0.0167015 -0.00254944 0.0155133 0.0166861 0 0.0155106 0.0158577 -0.00250211 0.0157152 0.0159964 0 0.0156257 0.0160085 -0.00250008 0.0156192 0.0161732 -0.00250306 0.0155496 0.0161592 0 0.0155542 0.0163316 0 0.0155106 0.0156075 0 0.0159837 0.0156136 -0.00251502 0.0159746 0.015527 -0.00252248 0.0161309 0.0158475 0 0.0157229 0.0157248 -0.00250766 0.0158347 0.0157167 0 0.0158433 0.0154366 -0.00253185 0.0164756 0.0154354 -0.00253197 0.0166542 0.0154358 0 0.0164836 0.0154675 -0.00252846 0.0162993 0.0154651 0 0.0163082 0.0155229 0 0.0161401 0.0156052 -0.00251558 0.0171578 0.0155229 0 0.0170051 0.0155208 -0.00252299 0.0170001 0.0154651 0 0.0168369 0.0154637 -0.00252882 0.016831 0.0158475 0 0.0174222 0.0157167 0 0.0173018 0.0158456 -0.00250236 0.0174206 0.0156075 0 0.0171614 0.0157143 -0.00250814 0.017299 0.0159949 -0.00249999 0.0175185 0.0159964 0 0.0175195 0.0161588 -0.00250252 0.0175907 0.0161592 0 0.0175909 0.0163316 0 0.0176345 0.0163316 -0.002511 0.0176345 0.0154358 0 0.0166615 0.03 -0.005 -0.02 0.03 -0.0123816 -0.02 0.03 -0.0123816 0.02 0.03 -0.005 0.02 -0.0168584 0 0.0175909 -0.0170184 -0.00260479 0.0175209 -0.0168567 -0.00257393 0.0175915 -0.0165088 -0.00252596 0.0176492 -0.0165088 0 0.0176492 -0.0166861 0 0.0176345 -0.0172958 -0.0026708 0.0173072 -0.017301 0 0.0173018 -0.0174051 -0.00270145 0.0171692 -0.0171701 0 0.0174222 -0.0171658 -0.00263778 0.0174256 -0.0170213 0 0.0175195 -0.0175526 0 0.0168369 -0.0175809 -0.00275648 0.0166709 -0.01755 -0.00274627 0.0168468 -0.0174948 0 0.0170051 -0.0174906 -0.00272733 0.0170143 -0.0174102 0 0.0171614 -0.0174978 -0.00272967 0.0161469 -0.0175543 -0.00274775 0.0163157 -0.0175526 0 0.0163082 -0.0175825 -0.00275704 0.0164922 -0.0175818 0 0.0166615 -0.0175818 0 0.0164836 -0.0173075 -0.00267405 0.0158505 -0.017301 0 0.0158433 -0.0171793 -0.00264116 0.0157303 -0.0174948 0 0.0161401 -0.0174102 0 0.0159837 -0.0174146 -0.00270434 0.0159906 -0.0168584 0 0.0155542 -0.0167024 -0.00254962 0.0155135 -0.0168732 -0.0025769 0.0155595 -0.0170213 0 0.0156257 -0.0170333 -0.00260801 0.0156323 -0.0171701 0 0.0157229 -0.0161744 -0.00250301 0.0155493 -0.0163481 -0.00251212 0.015508 -0.0163316 0 0.0155106 -0.0165259 -0.00252776 0.0154961 -0.0166861 0 0.0155106 -0.0165088 0 0.0154959 -0.0158586 -0.00250192 0.0157145 -0.0158475 0 0.0157229 -0.0157255 -0.00250745 0.015834 -0.0161592 0 0.0155542 -0.0159964 0 0.0156257 -0.0160095 -0.00249994 0.0156187 -0.0156075 0 0.0159837 -0.0155229 0 0.0161401 -0.0155274 -0.00252231 0.0161299 -0.0157167 0 0.0158433 -0.0156142 -0.00251482 0.0159737 -0.0154358 0 0.0166615 -0.0154353 -0.00253199 0.0166534 -0.0154358 0 0.0164836 -0.0154367 -0.0025318 0.0164745 -0.0154678 -0.00252835 0.0162984 -0.0154651 0 0.0163082 -0.0154634 -0.00252889 0.0168299 -0.0154651 0 0.0168369 -0.0155205 -0.00252308 0.0169994 -0.0156047 -0.0025157 0.017157 -0.0155229 0 0.0170051 -0.0156075 0 0.0171614 -0.0157139 -0.00250825 0.0172985 -0.0157167 0 0.0173018 -0.0158449 -0.00250245 0.0174201 -0.0159944 -0.00250004 0.0175183 -0.0158475 0 0.0174222 -0.0159964 0 0.0175195 -0.016158 -0.00250252 0.0175904 -0.0161592 0 0.0175909 -0.0163312 -0.00251099 0.0176344 -0.0163316 0 0.0176345 -0.0166856 -0.00254722 0.0176346 -0.0168584 0 -0.0155542 -0.0170186 -0.00260484 -0.0156243 -0.0168573 -0.00257404 -0.0155538 -0.0165088 -0.00252596 -0.0154959 -0.0165088 0 -0.0154959 -0.0166861 0 -0.0155106 -0.017296 -0.00267086 -0.0158382 -0.017301 0 -0.0158433 -0.0174054 -0.00270156 -0.0159765 -0.0171701 0 -0.0157229 -0.0171662 -0.00263789 -0.0157199 -0.0170213 0 -0.0156257 -0.0175526 0 -0.0163082 -0.017581 -0.00275651 -0.0164748 -0.0175502 -0.00274635 -0.0162993 -0.0174948 0 -0.0161401 -0.0174908 -0.00272738 -0.0161313 -0.0174102 0 -0.0159837 -0.0174975 -0.00272956 -0.0169989 -0.0175542 -0.00274772 -0.01683 -0.0175526 0 -0.0168369 -0.0175824 -0.002757 -0.016654 -0.0175818 0 -0.0164836 -0.0175818 0 -0.0166615 -0.0173072 -0.00267397 -0.0172949 -0.017301 0 -0.0173018 -0.0171791 -0.00264111 -0.017415 -0.0174948 0 -0.0170051 -0.0174102 0 -0.0171614 -0.0174144 -0.00270429 -0.0171549 -0.0168584 0 -0.0175909 -0.0167019 -0.00254956 -0.0176317 -0.0168728 -0.00257684 -0.0175857 -0.0170213 0 -0.0175195 -0.017033 -0.00260794 -0.017513 -0.0171701 0 -0.0174222 -0.0161738 -0.00250298 -0.0175957 -0.0163475 -0.00251208 -0.017637 -0.0163316 0 -0.0176345 -0.0165254 -0.0025277 -0.017649 -0.0166861 0 -0.0176345 -0.0165088 0 -0.0176492 -0.0158581 -0.00250193 -0.0174303 -0.0158475 0 -0.0174222 -0.0157252 -0.00250747 -0.0173107 -0.0161592 0 -0.0175909 -0.0159964 0 -0.0175195 -0.016009 -0.00249994 -0.0175261 -0.0156075 0 -0.0171614 -0.0155229 0 -0.0170051 -0.0155272 -0.00252233 -0.0170147 -0.0157167 0 -0.0173018 -0.0156139 -0.00251484 -0.017171 -0.0154358 0 -0.0164836 -0.0154353 -0.00253199 -0.0164912 -0.0154358 0 -0.0166615 -0.0154367 -0.00253181 -0.01667 -0.0154676 -0.00252837 -0.0168462 -0.0154651 0 -0.0168369 -0.0154636 -0.00252888 -0.0163146 -0.0154651 0 -0.0163082 -0.0155207 -0.00252307 -0.0161453 -0.015605 -0.00251568 -0.0159876 -0.0155229 0 -0.0161401 -0.0156075 0 -0.0159837 -0.0157141 -0.00250823 -0.0158463 -0.0157167 0 -0.0158433 -0.0158454 -0.00250244 -0.0157247 -0.0159947 -0.00250004 -0.0156266 -0.0158475 0 -0.0157229 -0.0159964 0 -0.0156257 -0.0161587 -0.00250254 -0.0155545 -0.0161592 0 -0.0155542 -0.0163316 0 -0.0155106 -0.0163315 -0.00251101 -0.0155106 -0.0166858 -0.00254725 -0.0155106 -0.03 -0.005 -0.02 -0.03 -0.005 0.02 -0.03 -0.0123816 0.02 -0.03 -0.0123816 -0.02 0.0159964 0 -0.0156257 0.0161592 0 -0.0155542 0.0159964 0 0.0156257 0.0163316 0 -0.0176345 0.0134205 0 -0.02 0.0165088 0 -0.0176492 0.0171701 0 -0.0174222 0.0170213 0 -0.0175195 0.025 0 -0.02 0.0154651 0 -0.0163082 0.0154358 0 -0.0164836 0.0159964 0 -0.0175195 0.0161592 0 -0.0175909 0.0157167 0 -0.0173018 0.0158475 0 -0.0174222 0.0155229 0 -0.0170051 0.0156075 0 -0.0171614 0.0154358 0 -0.0166615 0.0154651 0 -0.0168369 0.0134205 0 0.02 0.0155229 0 -0.0161401 0.0161592 0 0.0155542 0.0158475 0 -0.0157229 0.0158475 0 0.0157229 0.0163316 0 0.0155106 0.0163316 0 -0.0155106 0.0154651 0 0.0168369 0.0154358 0 0.0166615 0.0165088 0 -0.0154959 0.0165088 0 0.0154959 0.0166861 0 -0.0155106 0.0170213 0 0.0156257 0.0170213 0 -0.0156257 0.0171701 0 -0.0157229 0.0166861 0 0.0155106 0.0168584 0 -0.0155542 0.0168584 0 0.0155542 0.0174948 0 0.0161401 0.0174102 0 0.0159837 0.0174948 0 -0.0161401 0.0174102 0 -0.0159837 0.017301 0 0.0158433 0.017301 0 -0.0158433 0.0175526 0 -0.0163082 0.0175526 0 0.0163082 0.0175818 0 0.0166615 0.0175818 0 0.0164836 0.025 0 0.02 0.0174102 0 0.0171614 0.017301 0 0.0173018 0.0175818 0 -0.0166615 0.0175818 0 -0.0164836 0.0174948 0 -0.0170051 0.0175526 0 -0.0168369 0.017301 0 -0.0173018 0.0174102 0 -0.0171614 0.0168584 0 -0.0175909 0.0166861 0 -0.0176345 0.0155229 0 0.0161401 0.0157167 0 0.0158433 0.0156075 0 0.0159837 0.0157167 0 -0.0158433 0.0156075 0 -0.0159837 0.0154358 0 0.0164836 0.0154651 0 0.0163082 0.0165088 0 0.0176492 0.0163316 0 0.0176345 0.0156075 0 0.0171614 0.0155229 0 0.0170051 0.0158475 0 0.0174222 0.0157167 0 0.0173018 0.0161592 0 0.0175909 0.0159964 0 0.0175195 0.0166861 0 0.0176345 0.0168584 0 0.0175909 0.0171701 0 0.0174222 0.0170213 0 0.0175195 0.0175526 0 0.0168369 0.0174948 0 0.0170051 0.0171701 0 0.0157229 0.0163481 -0.0124879 0.015508 0.0161744 -0.012497 0.0155493 0.0163315 -0.012489 -0.0155106 0.011 -0.0075 -0.02 0.0110001 -0.00750152 0.02 0.0110154 -0.00710799 0.02 0.0165088 -0.012474 -0.0154959 0.0165259 -0.0124722 0.0154961 0.0168573 -0.012426 -0.0155538 0.0170186 -0.0123952 -0.0156243 0.0168732 -0.0124231 0.0155595 0.0165088 -0.012474 0.0176492 0.0167833 -0.0124382 0.02 0.0163935 -0.0124844 0.02 0.0172958 -0.0123292 0.0173072 0.0175464 -0.0122548 0.02 0.0171681 -0.0123615 0.02 0.0168567 -0.0124261 0.0175915 0.0166856 -0.0124528 0.0176346 0.01755 -0.0122537 0.0168468 0.0174906 -0.0122727 0.0170143 0.0171658 -0.0123622 0.0174256 0.0179138 -0.0121192 0.02 0.0179127 -0.0121196 -0.02 0.0182689 -0.0119555 -0.02 0.0175809 -0.0122435 0.0166709 0.0186116 -0.0117636 -0.02 0.0182712 -0.0119543 0.02 0.0189381 -0.0115457 -0.02 0.0186125 -0.0117632 0.02 0.0189401 -0.0115441 0.02 0.0192463 -0.0113027 -0.02 0.0195349 -0.0110361 -0.02 0.0192475 -0.0113018 0.02 0.0198011 -0.0107481 -0.02 0.0195365 -0.0110344 0.02 0.0198024 -0.0107467 0.02 0.0200446 -0.0104395 -0.02 0.0202624 -0.0101136 -0.02 0.0200458 -0.0104377 0.02 0.0204548 -0.00977044 -0.02 0.0202637 -0.0101117 0.02 0.0204555 -0.00976878 0.02 0.0206187 -0.00941469 -0.02 0.0207552 -0.00904544 -0.02 0.0206198 -0.00941234 0.02 0.0208614 -0.00866861 -0.02 0.0207555 -0.00904414 0.02 0.0208621 -0.00866591 0.02 0.0209384 -0.00828236 -0.02 0.0209844 -0.00789371 -0.02 0.0209384 -0.00828247 0.02 0.021 -0.0075 -0.02 0.0209844 -0.00789384 0.02 0.021 -0.0075 0.02 0.0158454 -0.0124976 -0.0157247 0.0159947 -0.0125 -0.0156266 0.0158586 -0.0124981 0.0157145 0.015605 -0.0124843 -0.0159876 0.0155274 -0.0124777 0.0161299 0.0155207 -0.0124769 -0.0161453 0.0159986 -0.0124999 -0.02 0.016009 -0.0125001 -0.0175261 0.0158581 -0.0124981 -0.0174303 0.0148343 -0.0123621 0.02 0.0152164 -0.0124381 -0.02 0.0152185 -0.0124385 0.02 0.0154636 -0.0124711 -0.0163146 0.0154678 -0.0124716 0.0162984 0.0144553 -0.0122554 0.02 0.0148325 -0.0123618 -0.02 0.0144536 -0.0122547 -0.02 0.0140881 -0.0121199 0.02 0.0137301 -0.0119551 0.02 0.0140862 -0.0121192 -0.02 0.0133888 -0.0117639 0.02 0.0137288 -0.0119543 -0.02 0.013387 -0.0117629 -0.02 0.0130614 -0.0115453 0.02 0.0127539 -0.0113029 0.02 0.0130601 -0.0115442 -0.02 0.0124651 -0.0110361 0.02 0.0127522 -0.0113015 -0.02 0.0124637 -0.0110346 -0.02 0.0121988 -0.0107481 0.02 0.0119557 -0.0104398 0.02 0.0121974 -0.0107465 -0.02 0.0117373 -0.0101133 0.02 0.0119544 -0.010438 -0.02 0.0117363 -0.0101115 -0.02 0.0115457 -0.00977114 0.02 0.0113809 -0.00941409 0.02 0.0115447 -0.00976912 -0.02 0.0112453 -0.0090465 0.02 0.0113802 -0.00941228 -0.02 0.0112446 -0.00904446 -0.02 0.0111383 -0.00866767 0.02 0.0110619 -0.0082837 0.02 0.0111379 -0.00866594 -0.02 0.0110154 -0.00789245 0.02 0.0110616 -0.00828236 -0.02 0.0110156 -0.00789371 -0.02 0.0110616 -0.00671764 -0.02 0.0110156 -0.00710629 -0.02 0.0110614 -0.00671924 0.02 0.0113813 -0.00558531 -0.02 0.0112448 -0.00595456 -0.02 0.0113803 -0.00558766 0.02 0.0111386 -0.00633139 -0.02 0.0111381 -0.00633354 0.02 0.0112444 -0.00595612 0.02 0.0117376 -0.00488639 -0.02 0.0119545 -0.00456172 0.02 0.0119554 -0.0045605 -0.02 0.0115445 -0.00523099 0.02 0.0117362 -0.00488874 0.02 0.0115452 -0.00522956 -0.02 0.0127516 -0.00369907 0.02 0.0127537 -0.0036973 -0.02 0.0124651 -0.00396386 -0.02 0.0124641 -0.00396483 0.02 0.0121989 -0.00425186 -0.02 0.0121971 -0.00425399 0.02 0.0137311 -0.00304449 -0.02 0.0133884 -0.00323637 -0.02 0.0137299 -0.00304508 0.02 0.0130619 -0.00345434 -0.02 0.0130609 -0.00345504 0.02 0.0133862 -0.00323769 0.02 0.0144561 -0.00274439 -0.02 0.0148315 -0.00263851 0.02 0.0148333 -0.00263809 -0.02 0.0140853 -0.00288123 0.02 0.0144543 -0.00274501 0.02 0.0140873 -0.00288039 -0.02 0.0161588 -0.00250252 0.0175907 0.0159949 -0.00249999 0.0175185 0.0159987 -0.00250013 0.02 0.0155208 -0.00252299 0.0170001 0.0156066 -0.00251554 0.02 0.0156052 -0.00251558 0.0171578 0.0170185 -0.00260486 -0.0156242 0.0168722 -0.00257662 0.0155592 0.0170327 -0.00260774 0.015632 0.0165088 -0.00252596 0.0176492 0.0163915 -0.00251537 0.02 0.0167807 -0.00256145 0.02 0.0179138 -0.00288079 -0.02 0.0182685 -0.00304436 0.02 0.0182712 -0.00304571 -0.02 0.017554 -0.00274757 0.0163145 0.01755 -0.00274636 -0.0162987 0.0174973 -0.00272937 0.0161459 0.0192467 -0.00369762 0.02 0.0192478 -0.00369851 -0.02 0.0189399 -0.0034558 -0.02 0.0189377 -0.00345412 0.02 0.018613 -0.00323714 -0.02 0.0186124 -0.00323676 0.02 0.0198013 -0.00425206 0.02 0.0198026 -0.00425351 -0.02 0.0195363 -0.00396542 -0.02 0.0195346 -0.00396358 0.02 0.0200444 -0.0045602 0.02 0.0200456 -0.00456201 -0.02 0.0202637 -0.00488846 -0.02 0.0202624 -0.00488647 0.02 0.0204546 -0.00522928 0.02 0.0204554 -0.00523088 -0.02 0.0206187 -0.00558527 0.02 0.0206198 -0.00558772 -0.02 0.0207554 -0.00595554 -0.02 0.0207551 -0.00595435 0.02 0.0208614 -0.00633129 0.02 0.0208621 -0.00633406 -0.02 0.0209384 -0.00671753 0.02 0.0209384 -0.00671764 -0.02 0.0209844 -0.00710629 -0.02 0.0209844 -0.00710616 0.02 0.0175823 -0.00275694 0.0164908 0.0175824 -0.00275696 -0.0166534 0.017581 -0.00275652 -0.0164746 0.0179132 -0.00288051 0.02 0.0171659 -0.00263789 -0.0157197 0.0171786 -0.00264082 0.0157297 0.017296 -0.00267093 -0.0158381 0.0173069 -0.00267373 0.0158499 0.0165088 -0.00252596 -0.0154959 0.016347 -0.00251209 0.0155082 0.0165247 -0.00252763 0.0154961 0.0168568 -0.00257397 -0.0155537 0.0163316 -0.002511 0.0176345 0.0160085 -0.00250008 0.0156192 0.0161732 -0.00250306 0.0155496 0.0161581 -0.00250249 -0.0155546 0.0157143 -0.00250814 0.017299 0.0158456 -0.00250236 0.0174206 0.0152168 -0.00256184 0.02 0.0152192 -0.00256142 -0.02 0.0166858 -0.0124528 -0.0155106 0.0167024 -0.0124504 0.0155135 0.0170184 -0.0123952 0.0175209 0.0170333 -0.012392 0.0156323 0.0171662 -0.0123621 -0.0157199 0.017296 -0.0123291 -0.0158382 0.0174054 -0.0122984 -0.0159765 0.0173075 -0.012326 0.0158505 0.0171793 -0.0123588 0.0157303 0.0174051 -0.0122986 0.0171692 0.0174146 -0.0122957 0.0159906 0.0174908 -0.0122726 -0.0161313 0.0175825 -0.012243 0.0164922 0.0175502 -0.0122537 -0.0162993 0.0175543 -0.0122523 0.0163157 0.0174978 -0.0122703 0.0161469 0.017581 -0.0122435 -0.0164748 0.0163312 -0.012489 0.0176344 0.016158 -0.0124975 0.0175904 0.016001 -0.0125 0.02 0.0159944 -0.0125 0.0175183 0.0163475 -0.0124879 -0.017637 0.0163921 -0.0124846 -0.02 0.0165254 -0.0124723 -0.017649 0.0158449 -0.0124975 0.0174201 0.0160095 -0.0125001 0.0156187 0.0161587 -0.0124975 -0.0155545 0.0157139 -0.0124918 0.0172985 0.0156091 -0.0124846 0.02 0.0157252 -0.0124925 -0.0173107 0.0156076 -0.0124846 -0.02 0.0156047 -0.0124843 0.017157 0.0156142 -0.0124852 0.0159737 0.0157141 -0.0124918 -0.0158463 0.0155205 -0.0124769 0.0169994 0.0154353 -0.012468 -0.0164912 0.0154367 -0.0124682 0.0164745 0.0154634 -0.0124711 0.0168299 0.0154353 -0.012468 0.0166534 0.0156139 -0.0124852 -0.017171 0.0155272 -0.0124777 -0.0170147 0.0166856 -0.00254723 -0.0155105 0.0167015 -0.00254944 0.0155133 0.0163313 -0.00251098 -0.0155107 0.0159946 -0.00249999 -0.0156268 0.015845 -0.00250238 -0.0157249 0.0157248 -0.00250766 0.0158347 0.0158577 -0.00250211 0.0157152 0.0157141 -0.00250815 -0.0158464 0.0156136 -0.00251502 0.0159746 0.0156048 -0.00251561 -0.0159879 0.0154366 -0.00253185 0.0164756 0.0154635 -0.00252884 -0.0163149 0.0154354 -0.00253197 -0.0164912 0.0154637 -0.00252882 0.016831 0.0155207 -0.002523 -0.0161453 0.015527 -0.00252248 0.0161309 0.0154675 -0.00252846 0.0162993 0.0154354 -0.00253197 0.0166542 0.0168574 -0.00257408 0.0175912 0.0166858 -0.00254727 0.0176345 0.016702 -0.00254951 -0.0176317 0.0167836 -0.00256188 -0.02 0.0165252 -0.00252768 -0.017649 0.0171664 -0.00263798 0.0174251 0.0170187 -0.00260492 0.0175207 0.0171667 -0.00263803 0.02 0.0168726 -0.00257668 -0.0175859 0.0172962 -0.002671 0.0173068 0.0174056 -0.00270168 0.0171684 0.0175436 -0.00274435 0.02 0.017491 -0.00272753 0.0170134 0.0171789 -0.00264089 -0.0174152 0.0171675 -0.00263822 -0.02 0.017033 -0.0026078 -0.017513 0.0175464 -0.00274526 -0.02 0.0174143 -0.0027041 -0.0171549 0.0174975 -0.00272945 -0.0169986 0.0173072 -0.0026738 -0.0172949 0.0175503 -0.00274643 0.0168456 0.017581 -0.00275653 0.0166697 0.0175542 -0.00274762 -0.0168299 0.0163924 -0.00251542 -0.02 0.0163476 -0.00251214 -0.017637 0.0160092 -0.00250008 -0.0175262 0.0161737 -0.00250308 -0.0175956 0.0160014 -0.00250009 -0.02 0.015858 -0.0025021 -0.0174302 0.0156079 -0.00251542 -0.02 0.0157252 -0.00250763 -0.0173109 0.0156138 -0.002515 -0.0171709 0.0155272 -0.00252245 -0.0170149 0.0154366 -0.00253185 -0.0166703 0.0154676 -0.00252845 -0.0168461 0.017414 -0.00270403 0.0159898 0.0174052 -0.00270158 -0.0159762 0.0174908 -0.00272746 -0.0161311 0.0167019 -0.0124504 -0.0176317 0.0167808 -0.0124386 -0.02 0.0168728 -0.0124232 -0.0175857 0.017033 -0.0123921 -0.017513 0.0171667 -0.0123619 -0.02 0.0171791 -0.0123589 -0.017415 0.0173072 -0.012326 -0.0172949 0.0174975 -0.0122704 -0.0169989 0.0174144 -0.0122957 -0.0171549 0.0175439 -0.0122556 -0.02 0.0175542 -0.0122523 -0.01683 0.0175824 -0.012243 -0.016654 0.0161738 -0.012497 -0.0175957 0.0157255 -0.0124926 0.015834 0.0154676 -0.0124716 -0.0168462 0.0154367 -0.0124682 -0.01667 -0.0158577 -0.0124979 0.0157152 -0.0160085 -0.0124999 0.0156192 -0.0159946 -0.0125 -0.0156268 -0.021 -0.0075 -0.02 -0.0209999 -0.00750152 0.02 -0.0209846 -0.00710799 0.02 -0.0156048 -0.0124844 -0.0159879 -0.015527 -0.0124775 0.0161309 -0.0156136 -0.012485 0.0159746 -0.0159949 -0.0125 0.0175185 -0.015999 -0.0125 0.02 -0.0161588 -0.0124975 0.0175907 -0.0152167 -0.0124382 0.02 -0.0152192 -0.0124386 -0.02 -0.0148333 -0.0123619 -0.02 -0.0157143 -0.0124919 0.017299 -0.0156052 -0.0124844 0.0171578 -0.0156065 -0.0124844 0.02 -0.0144561 -0.0122556 -0.02 -0.0148319 -0.0123615 0.02 -0.0140873 -0.0121196 -0.02 -0.0144536 -0.0122548 0.02 -0.0140862 -0.0121192 0.02 -0.0137311 -0.0119555 -0.02 -0.0133884 -0.0117636 -0.02 -0.0137288 -0.0119543 0.02 -0.0130619 -0.0115457 -0.02 -0.0133875 -0.0117632 0.02 -0.0130599 -0.0115441 0.02 -0.0127537 -0.0113027 -0.02 -0.0124651 -0.0110361 -0.02 -0.0127525 -0.0113018 0.02 -0.0121989 -0.0107481 -0.02 -0.0124635 -0.0110344 0.02 -0.0121976 -0.0107467 0.02 -0.0119554 -0.0104395 -0.02 -0.0117376 -0.0101136 -0.02 -0.0119542 -0.0104377 0.02 -0.0115452 -0.00977044 -0.02 -0.0117363 -0.0101117 0.02 -0.0115445 -0.00976878 0.02 -0.0113813 -0.00941469 -0.02 -0.0112448 -0.00904544 -0.02 -0.0113802 -0.00941234 0.02 -0.0111386 -0.00866861 -0.02 -0.0112445 -0.00904414 0.02 -0.0111379 -0.00866591 0.02 -0.0110616 -0.00828236 -0.02 -0.0110156 -0.00789371 -0.02 -0.0110616 -0.00828247 0.02 -0.011 -0.0075 -0.02 -0.0110156 -0.00789384 0.02 -0.011 -0.0075 0.02 -0.0163313 -0.012489 -0.0155107 -0.0161581 -0.0124975 -0.0155546 -0.0161732 -0.0124969 0.0155496 -0.0163909 -0.0124846 0.02 -0.0167815 -0.0124385 0.02 -0.0165088 -0.012474 0.0176492 -0.016347 -0.0124879 0.0155082 -0.0170185 -0.0123951 -0.0156242 -0.0170327 -0.0123923 0.015632 -0.0171659 -0.0123621 -0.0157197 -0.016702 -0.0124505 -0.0176317 -0.0167836 -0.0124381 -0.02 -0.0165252 -0.0124723 -0.017649 -0.0171789 -0.0123591 -0.0174152 -0.0171675 -0.0123618 -0.02 -0.017033 -0.0123922 -0.017513 -0.0168726 -0.0124233 -0.0175859 -0.0174975 -0.0122705 -0.0169986 -0.0175542 -0.0122524 -0.0168299 -0.0175464 -0.0122547 -0.02 -0.0173072 -0.0123262 -0.0172949 -0.0182699 -0.0119551 0.02 -0.0179138 -0.0121192 -0.02 -0.0179119 -0.0121199 0.02 -0.0175824 -0.012243 -0.0166534 -0.0186112 -0.0117639 0.02 -0.0182712 -0.0119543 -0.02 -0.018613 -0.0117629 -0.02 -0.0189386 -0.0115453 0.02 -0.0192461 -0.0113029 0.02 -0.0189399 -0.0115442 -0.02 -0.0195349 -0.0110361 0.02 -0.0192478 -0.0113015 -0.02 -0.0195363 -0.0110346 -0.02 -0.0198012 -0.0107481 0.02 -0.0200443 -0.0104398 0.02 -0.0198026 -0.0107465 -0.02 -0.0202627 -0.0101133 0.02 -0.0200456 -0.010438 -0.02 -0.0202637 -0.0101115 -0.02 -0.0204543 -0.00977114 0.02 -0.0206191 -0.00941409 0.02 -0.0204554 -0.00976912 -0.02 -0.0207547 -0.0090465 0.02 -0.0206198 -0.00941228 -0.02 -0.0207554 -0.00904446 -0.02 -0.0208617 -0.00866767 0.02 -0.0209381 -0.0082837 0.02 -0.0208621 -0.00866594 -0.02 -0.0209846 -0.00789245 0.02 -0.0209384 -0.00828236 -0.02 -0.0209844 -0.00789371 -0.02 -0.0209384 -0.00671764 -0.02 -0.0209844 -0.00710629 -0.02 -0.0209386 -0.00671924 0.02 -0.0206187 -0.00558531 -0.02 -0.0207552 -0.00595456 -0.02 -0.0206197 -0.00558766 0.02 -0.0208614 -0.00633139 -0.02 -0.0208619 -0.00633354 0.02 -0.0207556 -0.00595612 0.02 -0.0202624 -0.00488639 -0.02 -0.0200455 -0.00456172 0.02 -0.0200446 -0.0045605 -0.02 -0.0204555 -0.00523099 0.02 -0.0202638 -0.00488874 0.02 -0.0204548 -0.00522956 -0.02 -0.0192484 -0.00369907 0.02 -0.0192463 -0.0036973 -0.02 -0.0195349 -0.00396386 -0.02 -0.0195359 -0.00396483 0.02 -0.0198011 -0.00425186 -0.02 -0.0198029 -0.00425399 0.02 -0.0182689 -0.00304449 -0.02 -0.0186116 -0.00323637 -0.02 -0.0182701 -0.00304508 0.02 -0.0189381 -0.00345434 -0.02 -0.0189391 -0.00345504 0.02 -0.0186138 -0.00323769 0.02 -0.017296 -0.00267086 -0.0158382 -0.0174054 -0.00270156 -0.0159765 -0.0173075 -0.00267405 0.0158505 -0.017581 -0.00275651 -0.0164748 -0.0175825 -0.00275704 0.0164922 -0.0175543 -0.00274775 0.0163157 -0.0163921 -0.00251542 -0.02 -0.0165254 -0.0025277 -0.017649 -0.0163475 -0.00251208 -0.017637 -0.0165088 -0.00252596 0.0176492 -0.0167832 -0.00256184 0.02 -0.0163934 -0.00251554 0.02 -0.0148325 -0.00263822 -0.02 -0.0152164 -0.00256188 -0.02 -0.0148333 -0.00263803 0.02 -0.0154636 -0.00252888 -0.0163146 -0.0155207 -0.00252307 -0.0161453 -0.0154678 -0.00252835 0.0162984 -0.0140862 -0.00288079 -0.02 -0.0137315 -0.00304436 0.02 -0.0137288 -0.00304571 -0.02 -0.0144564 -0.00274435 0.02 -0.0140868 -0.00288051 0.02 -0.0144536 -0.00274526 -0.02 -0.0127533 -0.00369762 0.02 -0.0127522 -0.00369851 -0.02 -0.0130601 -0.0034558 -0.02 -0.0130623 -0.00345412 0.02 -0.013387 -0.00323714 -0.02 -0.0133876 -0.00323676 0.02 -0.0121987 -0.00425206 0.02 -0.0121974 -0.00425351 -0.02 -0.0124637 -0.00396542 -0.02 -0.0124654 -0.00396358 0.02 -0.0119556 -0.0045602 0.02 -0.0119544 -0.00456201 -0.02 -0.0117363 -0.00488846 -0.02 -0.0117376 -0.00488647 0.02 -0.0115454 -0.00522928 0.02 -0.0115447 -0.00523088 -0.02 -0.0113813 -0.00558527 0.02 -0.0113802 -0.00558772 -0.02 -0.0112446 -0.00595554 -0.02 -0.0112449 -0.00595435 0.02 -0.0111386 -0.00633129 0.02 -0.0111379 -0.00633406 -0.02 -0.0110616 -0.00671753 0.02 -0.0110616 -0.00671764 -0.02 -0.0110156 -0.00710629 -0.02 -0.0110156 -0.00710616 0.02 -0.0156139 -0.00251484 -0.017171 -0.0155272 -0.00252233 -0.0170147 -0.0156076 -0.00251542 -0.02 -0.0152193 -0.00256145 0.02 -0.0158454 -0.00250244 -0.0157247 -0.0159947 -0.00250004 -0.0156266 -0.0158586 -0.00250192 0.0157145 -0.016009 -0.00249994 -0.0175261 -0.0158581 -0.00250193 -0.0174303 -0.0159986 -0.00250009 -0.02 -0.0163315 -0.00251101 -0.0155106 -0.0163481 -0.00251212 0.015508 -0.0161744 -0.00250301 0.0155493 -0.0168732 -0.0025769 0.0155595 -0.0168573 -0.00257404 -0.0155538 -0.0170186 -0.00260484 -0.0156243 -0.0167024 -0.00254962 0.0155135 -0.0174908 -0.00272738 -0.0161313 -0.0175502 -0.00274635 -0.0162993 -0.0174978 -0.00272967 0.0161469 -0.0171793 -0.00264116 0.0157303 -0.0179147 -0.00288123 0.02 -0.0179127 -0.00288039 -0.02 -0.0163924 -0.0124846 -0.02 -0.0163476 -0.0124879 -0.017637 -0.0160092 -0.0124999 -0.0175262 -0.0161737 -0.0124969 -0.0175956 -0.0160014 -0.0124999 -0.02 -0.0163316 -0.012489 0.0176345 -0.015858 -0.0124979 -0.0174302 -0.0156079 -0.0124846 -0.02 -0.0157252 -0.0124924 -0.0173109 -0.0158456 -0.0124976 0.0174206 -0.0156138 -0.012485 -0.0171709 -0.0155272 -0.0124776 -0.0170149 -0.0157141 -0.0124918 -0.0158464 -0.0157248 -0.0124923 0.0158347 -0.0154366 -0.0124682 -0.0166703 -0.0154354 -0.012468 -0.0164912 -0.0154354 -0.012468 0.0166542 -0.0154366 -0.0124681 0.0164756 -0.0155208 -0.012477 0.0170001 -0.0154675 -0.0124715 0.0162993 -0.0155207 -0.012477 -0.0161453 -0.0154676 -0.0124715 -0.0168461 -0.0165247 -0.0124724 0.0154961 -0.0165088 -0.012474 -0.0154959 -0.0168568 -0.012426 -0.0155537 -0.0166856 -0.0124528 -0.0155105 -0.0167015 -0.0124506 0.0155133 -0.0168722 -0.0124234 0.0155592 -0.0171786 -0.0123592 0.0157297 -0.0173069 -0.0123263 0.0158499 -0.0174052 -0.0122984 -0.0159762 -0.017296 -0.0123291 -0.0158381 -0.017414 -0.012296 0.0159898 -0.0174908 -0.0122725 -0.0161311 -0.0174143 -0.0122959 -0.0171549 -0.01755 -0.0122536 -0.0162987 -0.0174973 -0.0122706 0.0161459 -0.017554 -0.0122524 0.0163145 -0.017581 -0.0122435 -0.0164746 -0.0175823 -0.0122431 0.0164908 -0.0167019 -0.00254956 -0.0176317 -0.0167808 -0.00256142 -0.02 -0.0166858 -0.00254725 -0.0155106 -0.0165259 -0.00252776 0.0154961 -0.0168728 -0.00257684 -0.0175857 -0.017033 -0.00260794 -0.017513 -0.0171667 -0.00263809 -0.02 -0.0171791 -0.00264111 -0.017415 -0.0168567 -0.00257393 0.0175915 -0.0166856 -0.00254722 0.0176346 -0.0175439 -0.00274439 -0.02 -0.0174975 -0.00272956 -0.0169989 -0.0174144 -0.00270429 -0.0171549 -0.0171662 -0.00263789 -0.0157199 -0.0170333 -0.00260801 0.0156323 -0.0173072 -0.00267397 -0.0172949 -0.0174146 -0.00270434 0.0159906 -0.0172958 -0.0026708 0.0173072 -0.0171685 -0.00263851 0.02 -0.0171658 -0.00263778 0.0174256 -0.0175542 -0.00274772 -0.01683 -0.0175809 -0.00275648 0.0166709 -0.0175824 -0.002757 -0.016654 -0.0175457 -0.00274501 0.02 -0.0174906 -0.00272733 0.0170143 -0.01755 -0.00274627 0.0168468 -0.0165088 -0.00252596 -0.0154959 -0.0161738 -0.00250298 -0.0175957 -0.0161587 -0.00250254 -0.0155545 -0.0160095 -0.00249994 0.0156187 -0.0157252 -0.00250747 -0.0173107 -0.0157255 -0.00250745 0.015834 -0.0156142 -0.00251482 0.0159737 -0.0157141 -0.00250823 -0.0158463 -0.0155274 -0.00252231 0.0161299 -0.015605 -0.00251568 -0.0159876 -0.0154676 -0.00252837 -0.0168462 -0.0154367 -0.00253181 -0.01667 -0.0154353 -0.00253199 -0.0164912 -0.0170184 -0.00260479 0.0175209 -0.0174051 -0.00270145 0.0171692 -0.0163312 -0.00251099 0.0176344 -0.016158 -0.00250252 0.0175904 -0.0160013 -0.00250013 0.02 -0.0159944 -0.00250004 0.0175183 -0.0158449 -0.00250245 0.0174201 -0.0157139 -0.00250825 0.0172985 -0.0156085 -0.00251537 0.02 -0.0156047 -0.0025157 0.017157 -0.0155205 -0.00252308 0.0169994 -0.0154353 -0.00253199 0.0166534 -0.0154367 -0.0025318 0.0164745 -0.0154634 -0.00252889 0.0168299 -0.015845 -0.0124976 -0.0157249 -0.0154635 -0.0124712 -0.0163149 -0.0154637 -0.0124712 0.016831 -0.0168574 -0.0124259 0.0175912 -0.0166858 -0.0124527 0.0176345 -0.0171664 -0.012362 0.0174251 -0.0170187 -0.0123951 0.0175207 -0.0171657 -0.0123621 0.02 -0.0172962 -0.012329 0.0173068 -0.017491 -0.0122725 0.0170134 -0.0174056 -0.0122983 0.0171684 -0.0175447 -0.0122554 0.02 -0.0175503 -0.0122536 0.0168456 -0.017581 -0.0122435 0.0166697 0.0154316 -0.015 0.0164833 0.0154316 -0.065 0.0166618 0.0154316 -0.015 0.0166618 0.0165088 -0.065 0.0154917 0.0165088 -0.015 0.0154917 0.0166867 -0.015 0.0155064 0.015461 -0.015 0.0168379 0.015461 -0.065 0.0168379 0.015519 -0.065 0.0170067 0.015519 -0.015 0.0170067 0.015604 -0.065 0.0171637 0.015604 -0.015 0.0171637 0.0157136 -0.015 0.0173046 0.0157136 -0.065 0.0173046 0.0158449 -0.065 0.0174255 0.0158449 -0.015 0.0174255 0.0159944 -0.065 0.0175232 0.0159944 -0.015 0.0175232 0.0161579 -0.015 0.0175949 0.0161579 -0.065 0.0175949 0.0163309 -0.065 0.0176387 0.0163309 -0.015 0.0176387 0.0165088 -0.065 0.0176534 0.0165088 -0.015 0.0176534 0.0154316 -0.065 0.0164833 0.015461 -0.015 0.0163072 0.015461 -0.065 0.0163072 0.015519 -0.015 0.0161384 0.015519 -0.065 0.0161384 0.015604 -0.065 0.0159814 0.015604 -0.015 0.0159814 0.0157136 -0.015 0.0158405 0.0157136 -0.065 0.0158405 0.0158449 -0.015 0.0157196 0.0158449 -0.065 0.0157196 0.0159944 -0.065 0.015622 0.0159944 -0.015 0.015622 0.0161579 -0.015 0.0155502 0.0161579 -0.065 0.0155502 0.0163309 -0.015 0.0155064 0.0163309 -0.065 0.0155064 0.0168598 -0.065 0.0155502 0.0166867 -0.065 0.0155064 0.0168598 -0.015 0.0155502 0.0173041 -0.065 0.0158405 0.0171727 -0.065 0.0157196 0.0173041 -0.015 0.0158405 0.0170233 -0.065 0.015622 0.0170233 -0.015 0.015622 0.0171727 -0.015 0.0157196 0.0174987 -0.065 0.0161384 0.0175566 -0.015 0.0163072 0.0175566 -0.065 0.0163072 0.0174137 -0.015 0.0159814 0.0174987 -0.015 0.0161384 0.0174137 -0.065 0.0159814 0.0175566 -0.015 0.0168379 0.0175566 -0.065 0.0168379 0.017586 -0.065 0.0166618 0.017586 -0.015 0.0166618 0.017586 -0.065 0.0164833 0.017586 -0.015 0.0164833 0.0173041 -0.065 0.0173046 0.0174137 -0.065 0.0171637 0.0173041 -0.015 0.0173046 0.0174987 -0.065 0.0170067 0.0174987 -0.015 0.0170067 0.0174137 -0.015 0.0171637 0.0170233 -0.015 0.0175232 0.0171727 -0.065 0.0174255 0.0171727 -0.015 0.0174255 0.0168598 -0.015 0.0175949 0.0170233 -0.065 0.0175232 0.0168598 -0.065 0.0175949 0.0166867 -0.015 0.0176387 0.0166867 -0.065 0.0176387 0.0154316 -0.015 -0.0166618 0.0154316 -0.065 -0.0164833 0.0154316 -0.015 -0.0164833 0.0165088 -0.065 -0.0176534 0.0165088 -0.015 -0.0176534 0.0166867 -0.015 -0.0176387 0.015461 -0.015 -0.0163072 0.015461 -0.065 -0.0163072 0.015519 -0.065 -0.0161384 0.015519 -0.015 -0.0161384 0.015604 -0.065 -0.0159814 0.015604 -0.015 -0.0159814 0.0157136 -0.015 -0.0158405 0.0157136 -0.065 -0.0158405 0.0158449 -0.065 -0.0157196 0.0158449 -0.015 -0.0157196 0.0159944 -0.065 -0.015622 0.0159944 -0.015 -0.015622 0.0161579 -0.015 -0.0155502 0.0161579 -0.065 -0.0155502 0.0163309 -0.065 -0.0155064 0.0163309 -0.015 -0.0155064 0.0165088 -0.065 -0.0154917 0.0165088 -0.015 -0.0154917 0.0154316 -0.065 -0.0166618 0.015461 -0.015 -0.0168379 0.015461 -0.065 -0.0168379 0.015519 -0.015 -0.0170067 0.015519 -0.065 -0.0170067 0.015604 -0.065 -0.0171637 0.015604 -0.015 -0.0171637 0.0157136 -0.015 -0.0173046 0.0157136 -0.065 -0.0173046 0.0158449 -0.015 -0.0174255 0.0158449 -0.065 -0.0174255 0.0159944 -0.065 -0.0175232 0.0159944 -0.015 -0.0175232 0.0161579 -0.015 -0.0175949 0.0161579 -0.065 -0.0175949 0.0163309 -0.015 -0.0176387 0.0163309 -0.065 -0.0176387 0.0168598 -0.065 -0.0175949 0.0166867 -0.065 -0.0176387 0.0168598 -0.015 -0.0175949 0.0173041 -0.065 -0.0173046 0.0171727 -0.065 -0.0174255 0.0173041 -0.015 -0.0173046 0.0170233 -0.065 -0.0175232 0.0170233 -0.015 -0.0175232 0.0171727 -0.015 -0.0174255 0.0174987 -0.065 -0.0170067 0.0175566 -0.015 -0.0168379 0.0175566 -0.065 -0.0168379 0.0174137 -0.015 -0.0171637 0.0174987 -0.015 -0.0170067 0.0174137 -0.065 -0.0171637 0.0175566 -0.015 -0.0163072 0.0175566 -0.065 -0.0163072 0.017586 -0.065 -0.0164833 0.017586 -0.015 -0.0164833 0.017586 -0.065 -0.0166618 0.017586 -0.015 -0.0166618 0.0173041 -0.065 -0.0158405 0.0174137 -0.065 -0.0159814 0.0173041 -0.015 -0.0158405 0.0174987 -0.065 -0.0161384 0.0174987 -0.015 -0.0161384 0.0174137 -0.015 -0.0159814 0.0170233 -0.015 -0.015622 0.0171727 -0.065 -0.0157196 0.0171727 -0.015 -0.0157196 0.0168598 -0.015 -0.0155502 0.0170233 -0.065 -0.015622 0.0168598 -0.065 -0.0155502 0.0166867 -0.015 -0.0155064 0.0166867 -0.065 -0.0155064 -0.017586 -0.015 -0.0166618 -0.017586 -0.065 -0.0164833 -0.017586 -0.015 -0.0164833 -0.0165088 -0.065 -0.0176534 -0.0165088 -0.015 -0.0176534 -0.0163309 -0.015 -0.0176387 -0.0175566 -0.015 -0.0163072 -0.0175566 -0.065 -0.0163072 -0.0174987 -0.065 -0.0161384 -0.0174987 -0.015 -0.0161384 -0.0174137 -0.065 -0.0159814 -0.0174137 -0.015 -0.0159814 -0.0173041 -0.015 -0.0158405 -0.0173041 -0.065 -0.0158405 -0.0171727 -0.065 -0.0157196 -0.0171727 -0.015 -0.0157196 -0.0170233 -0.065 -0.015622 -0.0170233 -0.015 -0.015622 -0.0168598 -0.015 -0.0155502 -0.0168598 -0.065 -0.0155502 -0.0166867 -0.065 -0.0155064 -0.0166867 -0.015 -0.0155064 -0.0165088 -0.065 -0.0154917 -0.0165088 -0.015 -0.0154917 -0.017586 -0.065 -0.0166618 -0.0175566 -0.015 -0.0168379 -0.0175566 -0.065 -0.0168379 -0.0174987 -0.015 -0.0170067 -0.0174987 -0.065 -0.0170067 -0.0174137 -0.065 -0.0171637 -0.0174137 -0.015 -0.0171637 -0.0173041 -0.015 -0.0173046 -0.0173041 -0.065 -0.0173046 -0.0171727 -0.015 -0.0174255 -0.0171727 -0.065 -0.0174255 -0.0170233 -0.065 -0.0175232 -0.0170233 -0.015 -0.0175232 -0.0168598 -0.015 -0.0175949 -0.0168598 -0.065 -0.0175949 -0.0166867 -0.015 -0.0176387 -0.0166867 -0.065 -0.0176387 -0.0161579 -0.065 -0.0175949 -0.0163309 -0.065 -0.0176387 -0.0161579 -0.015 -0.0175949 -0.0157136 -0.065 -0.0173046 -0.0158449 -0.065 -0.0174255 -0.0157136 -0.015 -0.0173046 -0.0159944 -0.065 -0.0175232 -0.0159944 -0.015 -0.0175232 -0.0158449 -0.015 -0.0174255 -0.015519 -0.065 -0.0170067 -0.015461 -0.015 -0.0168379 -0.015461 -0.065 -0.0168379 -0.015604 -0.015 -0.0171637 -0.015519 -0.015 -0.0170067 -0.015604 -0.065 -0.0171637 -0.015461 -0.015 -0.0163072 -0.015461 -0.065 -0.0163072 -0.0154316 -0.065 -0.0164833 -0.0154316 -0.015 -0.0164833 -0.0154316 -0.065 -0.0166618 -0.0154316 -0.015 -0.0166618 -0.0157136 -0.065 -0.0158405 -0.015604 -0.065 -0.0159814 -0.0157136 -0.015 -0.0158405 -0.015519 -0.065 -0.0161384 -0.015519 -0.015 -0.0161384 -0.015604 -0.015 -0.0159814 -0.0159944 -0.015 -0.015622 -0.0158449 -0.065 -0.0157196 -0.0158449 -0.015 -0.0157196 -0.0161579 -0.015 -0.0155502 -0.0159944 -0.065 -0.015622 -0.0161579 -0.065 -0.0155502 -0.0163309 -0.015 -0.0155064 -0.0163309 -0.065 -0.0155064 -0.017586 -0.015 0.0164833 -0.017586 -0.065 0.0166618 -0.017586 -0.015 0.0166618 -0.0165088 -0.065 0.0154917 -0.0165088 -0.015 0.0154917 -0.0163309 -0.015 0.0155064 -0.0175566 -0.015 0.0168379 -0.0175566 -0.065 0.0168379 -0.0174987 -0.065 0.0170067 -0.0174987 -0.015 0.0170067 -0.0174137 -0.065 0.0171637 -0.0174137 -0.015 0.0171637 -0.0173041 -0.015 0.0173046 -0.0173041 -0.065 0.0173046 -0.0171727 -0.065 0.0174255 -0.0171727 -0.015 0.0174255 -0.0170233 -0.065 0.0175232 -0.0170233 -0.015 0.0175232 -0.0168598 -0.015 0.0175949 -0.0168598 -0.065 0.0175949 -0.0166867 -0.065 0.0176387 -0.0166867 -0.015 0.0176387 -0.0165088 -0.065 0.0176534 -0.0165088 -0.015 0.0176534 -0.017586 -0.065 0.0164833 -0.0175566 -0.015 0.0163072 -0.0175566 -0.065 0.0163072 -0.0174987 -0.015 0.0161384 -0.0174987 -0.065 0.0161384 -0.0174137 -0.065 0.0159814 -0.0174137 -0.015 0.0159814 -0.0173041 -0.015 0.0158405 -0.0173041 -0.065 0.0158405 -0.0171727 -0.015 0.0157196 -0.0171727 -0.065 0.0157196 -0.0170233 -0.065 0.015622 -0.0170233 -0.015 0.015622 -0.0168598 -0.015 0.0155502 -0.0168598 -0.065 0.0155502 -0.0166867 -0.015 0.0155064 -0.0166867 -0.065 0.0155064 -0.0161579 -0.065 0.0155502 -0.0163309 -0.065 0.0155064 -0.0161579 -0.015 0.0155502 -0.0157136 -0.065 0.0158405 -0.0158449 -0.065 0.0157196 -0.0157136 -0.015 0.0158405 -0.0159944 -0.065 0.015622 -0.0159944 -0.015 0.015622 -0.0158449 -0.015 0.0157196 -0.015519 -0.065 0.0161384 -0.015461 -0.015 0.0163072 -0.015461 -0.065 0.0163072 -0.015604 -0.015 0.0159814 -0.015519 -0.015 0.0161384 -0.015604 -0.065 0.0159814 -0.015461 -0.015 0.0168379 -0.015461 -0.065 0.0168379 -0.0154316 -0.065 0.0166618 -0.0154316 -0.015 0.0166618 -0.0154316 -0.065 0.0164833 -0.0154316 -0.015 0.0164833 -0.0157136 -0.065 0.0173046 -0.015604 -0.065 0.0171637 -0.0157136 -0.015 0.0173046 -0.015519 -0.065 0.0170067 -0.015519 -0.015 0.0170067 -0.015604 -0.015 0.0171637 -0.0159944 -0.015 0.0175232 -0.0158449 -0.065 0.0174255 -0.0158449 -0.015 0.0174255 -0.0161579 -0.015 0.0175949 -0.0159944 -0.065 0.0175232 -0.0161579 -0.065 0.0175949 -0.0163309 -0.015 0.0176387 -0.0163309 -0.065 0.0176387 0.015519 -0.065 0.0161384 -0.015461 -0.065 0.0163072 0.015461 -0.065 0.0163072 -0.0158449 -0.065 -0.0157196 -0.0159944 -0.065 -0.015622 -0.0159944 -0.065 0.015622 -0.0166867 -0.065 -0.0155064 -0.0168598 -0.065 -0.0155502 -0.0168598 -0.065 0.0155502 0.017586 -0.065 0.0166618 0.021 -0.065 0.02 0.017586 -0.065 0.0164833 -0.021 -0.065 0.02 0.0161579 -0.065 0.0175949 0.0157136 -0.065 -0.0158405 0.015604 -0.065 -0.0159814 -0.0157136 -0.065 -0.0158405 0.0174137 -0.065 -0.0159814 0.0174137 -0.065 0.0159814 0.021 -0.065 -0.02 -0.0157136 -0.065 0.0158405 -0.015604 -0.065 0.0159814 0.0157136 -0.065 0.0158405 -0.017586 -0.065 -0.0164833 -0.021 -0.065 -0.02 -0.0175566 -0.065 -0.0163072 0.015604 -0.065 0.0171637 0.015519 -0.065 0.0170067 -0.015604 -0.065 0.0171637 -0.015519 -0.065 0.0170067 0.015461 -0.065 0.0168379 -0.015461 -0.065 0.0168379 0.0157136 -0.065 0.0173046 -0.0158449 -0.065 0.0174255 0.0158449 -0.065 0.0174255 -0.0157136 -0.065 0.0173046 -0.0159944 -0.065 0.0175232 0.0159944 -0.065 0.0175232 -0.017586 -0.065 0.0164833 -0.017586 -0.065 0.0166618 -0.0161579 -0.065 0.0175949 -0.0163309 -0.065 0.0176387 0.0165088 -0.065 0.0176534 0.0163309 -0.065 0.0176387 0.0168598 -0.065 0.0175949 0.0166867 -0.065 0.0176387 0.0171727 -0.065 0.0174255 0.0170233 -0.065 0.0175232 0.0174137 -0.065 0.0171637 0.0173041 -0.065 0.0173046 0.0175566 -0.065 0.0168379 0.0174987 -0.065 0.0170067 0.0175566 -0.065 0.0163072 0.0174987 -0.065 0.0161384 0.0171727 -0.065 0.0157196 0.0173041 -0.065 -0.0158405 0.0171727 -0.065 -0.0157196 0.0159944 -0.065 0.015622 0.0161579 -0.065 -0.0155502 0.0159944 -0.065 -0.015622 0.0165088 -0.065 0.0154917 0.0166867 -0.065 0.0155064 0.0166867 -0.065 -0.0155064 0.0158449 -0.065 -0.0157196 0.0158449 -0.065 0.0157196 -0.015519 -0.065 0.0161384 0.015604 -0.065 0.0159814 0.0163309 -0.065 -0.0176387 0.0165088 -0.065 -0.0176534 0.0161579 -0.065 0.0155502 0.0161579 -0.065 -0.0175949 -0.0161579 -0.065 -0.0175949 -0.0159944 -0.065 -0.0175232 0.0157136 -0.065 -0.0173046 0.0158449 -0.065 -0.0174255 -0.0157136 -0.065 -0.0173046 -0.0158449 -0.065 -0.0174255 0.0159944 -0.065 -0.0175232 -0.015461 -0.065 -0.0168379 0.015461 -0.065 -0.0168379 0.015519 -0.065 -0.0170067 -0.015604 -0.065 -0.0171637 -0.015519 -0.065 -0.0170067 0.015604 -0.065 -0.0171637 0.015461 -0.065 -0.0163072 -0.015461 -0.065 -0.0163072 -0.015519 -0.065 -0.0161384 0.0154316 -0.065 -0.0166618 -0.0154316 -0.065 -0.0166618 -0.0154316 -0.065 -0.0164833 -0.015604 -0.065 -0.0159814 0.015519 -0.065 -0.0161384 0.0163309 -0.065 -0.0155064 0.0163309 -0.065 0.0155064 0.0165088 -0.065 -0.0154917 0.0168598 -0.065 -0.0155502 0.0170233 -0.065 -0.015622 0.0168598 -0.065 0.0155502 0.0170233 -0.065 0.015622 0.0173041 -0.065 0.0158405 0.0175566 -0.065 -0.0163072 0.0174987 -0.065 -0.0161384 0.017586 -0.065 -0.0166618 0.017586 -0.065 -0.0164833 0.0174987 -0.065 -0.0170067 0.0175566 -0.065 -0.0168379 0.0173041 -0.065 -0.0173046 0.0174137 -0.065 -0.0171637 0.0170233 -0.065 -0.0175232 0.0171727 -0.065 -0.0174255 0.0166867 -0.065 -0.0176387 0.0168598 -0.065 -0.0175949 -0.0166867 -0.065 0.0155064 -0.0168598 -0.065 -0.0175949 -0.0166867 -0.065 -0.0176387 -0.0165088 -0.065 -0.0176534 -0.0171727 -0.065 -0.0174255 -0.0170233 -0.065 -0.0175232 -0.0174137 -0.065 -0.0171637 -0.0173041 -0.065 -0.0173046 -0.0175566 -0.065 -0.0168379 -0.0174987 -0.065 -0.0170067 -0.017586 -0.065 -0.0166618 -0.0174137 -0.065 -0.0159814 -0.0174987 -0.065 -0.0161384 -0.0171727 -0.065 -0.0157196 -0.0173041 -0.065 0.0158405 -0.0171727 -0.065 0.0157196 -0.0170233 -0.065 0.015622 -0.0165088 -0.065 0.0154917 -0.0165088 -0.065 -0.0154917 -0.0163309 -0.065 0.0155064 -0.0161579 -0.065 0.0155502 -0.0161579 -0.065 -0.0155502 -0.0163309 -0.065 -0.0155064 -0.0174137 -0.065 0.0159814 0.0154316 -0.065 -0.0164833 -0.0163309 -0.065 -0.0176387 -0.0158449 -0.065 0.0157196 -0.0154316 -0.065 0.0166618 0.0154316 -0.065 0.0164833 -0.0154316 -0.065 0.0164833 -0.0170233 -0.065 -0.015622 -0.0173041 -0.065 -0.0158405 -0.0175566 -0.065 0.0163072 -0.0174987 -0.065 0.0161384 -0.0174987 -0.065 0.0170067 -0.0175566 -0.065 0.0168379 -0.0173041 -0.065 0.0173046 -0.0174137 -0.065 0.0171637 -0.0170233 -0.065 0.0175232 -0.0171727 -0.065 0.0174255 -0.0166867 -0.065 0.0176387 -0.0168598 -0.065 0.0175949 -0.0165088 -0.065 0.0176534 0.0154316 -0.065 0.0166618 -0.021 -0.065 -0.02 -0.021 -0.07 -0.02 -0.021 -0.07 0.02 -0.021 -0.0746198 0.0169123 -0.021 -0.074455 0.01727 -0.021 -0.075 0.015 -0.021 -0.0742638 0.0176114 -0.021 -0.0735355 0.0185355 -0.021 -0.0732481 0.0188012 -0.021 -0.0738028 0.0182463 -0.021 -0.0740451 0.0179389 -0.021 -0.0732463 -0.0188028 -0.021 -0.0735355 -0.0185355 -0.021 -0.075 -0.015 -0.021 -0.0726114 -0.0192638 -0.021 -0.074455 -0.01727 -0.021 -0.0746189 -0.0169145 -0.021 -0.0738012 -0.0182481 -0.021 -0.0740451 -0.0179389 -0.021 -0.0749384 -0.0157822 -0.021 -0.0749844 -0.0153935 -0.021 -0.0748615 -0.0161684 -0.021 -0.0747553 -0.0165451 -0.021 -0.0742625 -0.0176135 -0.021 -0.0729389 -0.0190451 -0.021 -0.0729389 0.0190451 -0.021 -0.0726135 0.0192625 -0.021 -0.0749384 0.0157822 -0.021 -0.0749844 0.0153935 -0.021 -0.0747553 0.0165451 -0.021 -0.0748621 0.016166 -0.021 -0.07227 -0.019455 -0.021 -0.07227 0.019455 -0.021 -0.0719145 0.0196189 -0.021 -0.0719123 -0.0196198 -0.021 -0.0715451 0.0197553 -0.021 -0.0715451 -0.0197553 -0.021 -0.071166 -0.0198621 -0.021 -0.0711684 0.0198615 -0.021 -0.0707822 0.0199384 -0.021 -0.0707822 -0.0199384 -0.021 -0.0703935 0.0199844 -0.021 -0.0703935 -0.0199844 -0.021 -0.065 0.02 -0.0245 -0.07 -0.02 -0.0245 -0.0707822 -0.0199384 -0.0245 -0.0703935 -0.0199844 -0.0245 -0.075 -0.015 -0.0245 -0.023 -0.02 -0.0245 -0.023 0.02 -0.0245 -0.0715451 -0.0197553 -0.0245 -0.0711684 -0.0198615 -0.0245 -0.07227 -0.019455 -0.0245 -0.0719145 -0.0196189 -0.0245 -0.0726135 -0.0192625 -0.0245 -0.0729389 -0.0190451 -0.0245 -0.0735355 -0.0185355 -0.0245 -0.0732481 -0.0188012 -0.0245 -0.0740451 -0.0179389 -0.0245 -0.0738028 -0.0182463 -0.0245 -0.0742638 -0.0176114 -0.0245 -0.074455 -0.01727 -0.0245 -0.0747553 -0.0165451 -0.0245 -0.0746198 -0.0169123 -0.0245 -0.0749384 -0.0157822 -0.0245 -0.0748621 -0.016166 -0.0245 -0.0749844 -0.0153935 -0.0245 -0.0707822 0.0199384 -0.0245 -0.07 0.02 -0.0245 -0.0703935 0.0199844 -0.0245 -0.0749844 0.0153935 -0.0245 -0.075 0.015 -0.0245 -0.071166 0.0198621 -0.0245 -0.0715451 0.0197553 -0.0245 -0.0719123 0.0196198 -0.0245 -0.07227 0.019455 -0.0245 -0.0726114 0.0192638 -0.0245 -0.0729389 0.0190451 -0.0245 -0.0732463 0.0188028 -0.0245 -0.0735355 0.0185355 -0.0245 -0.0738012 0.0182481 -0.0245 -0.0740451 0.0179389 -0.0245 -0.0742625 0.0176135 -0.0245 -0.074455 0.01727 -0.0245 -0.0746189 0.0169145 -0.0245 -0.0747553 0.0165451 -0.0245 -0.0748615 0.0161684 -0.0245 -0.0749384 0.0157822 -0.021 -0.075 -0.015 -0.0245 -0.075 0.015 -0.021 -0.075 0.015 -0.0245 -0.075 -0.015 0.0245 -0.07 -0.02 0.0245 -0.0703935 -0.0199844 0.0245 -0.0707822 -0.0199384 0.0245 -0.075 -0.015 0.0245 -0.075 0.015 0.0245 -0.023 0.02 0.0245 -0.0715451 -0.0197553 0.0245 -0.071166 -0.0198621 0.0245 -0.0719123 -0.0196198 0.0245 -0.07227 -0.019455 0.0245 -0.0726114 -0.0192638 0.0245 -0.0729389 -0.0190451 0.0245 -0.0735355 -0.0185355 0.0245 -0.0732463 -0.0188028 0.0245 -0.0738012 -0.0182481 0.0245 -0.0740451 -0.0179389 0.0245 -0.0742625 -0.0176135 0.0245 -0.074455 -0.01727 0.0245 -0.0747553 -0.0165451 0.0245 -0.0746189 -0.0169145 0.0245 -0.0748615 -0.0161684 0.0245 -0.0749384 -0.0157822 0.0245 -0.0749844 -0.0153935 0.0245 -0.023 -0.02 0.0245 -0.0707822 0.0199384 0.0245 -0.0703935 0.0199844 0.0245 -0.07 0.02 0.0245 -0.0715451 0.0197553 0.0245 -0.0711684 0.0198615 0.0245 -0.07227 0.019455 0.0245 -0.0719145 0.0196189 0.0245 -0.0729389 0.0190451 0.0245 -0.0726135 0.0192625 0.0245 -0.0735355 0.0185355 0.0245 -0.0732481 0.0188012 0.0245 -0.0740451 0.0179389 0.0245 -0.0738028 0.0182463 0.0245 -0.074455 0.01727 0.0245 -0.0742638 0.0176114 0.0245 -0.0747553 0.0165451 0.0245 -0.0746198 0.0169123 0.0245 -0.0749384 0.0157822 0.0245 -0.0748621 0.016166 0.0245 -0.0749844 0.0153935 0.021 -0.065 0.02 0.021 -0.07 0.02 0.021 -0.07 -0.02 0.021 -0.0746198 -0.0169123 0.021 -0.074455 -0.01727 0.021 -0.075 -0.015 0.021 -0.0742638 -0.0176114 0.021 -0.0735355 -0.0185355 0.021 -0.0732481 -0.0188012 0.021 -0.0738028 -0.0182463 0.021 -0.0740451 -0.0179389 0.021 -0.0732463 0.0188028 0.021 -0.0735355 0.0185355 0.021 -0.075 0.015 0.021 -0.0726114 0.0192638 0.021 -0.074455 0.01727 0.021 -0.0746189 0.0169145 0.021 -0.0738012 0.0182481 0.021 -0.0740451 0.0179389 0.021 -0.0749384 0.0157822 0.021 -0.0749844 0.0153935 0.021 -0.0748615 0.0161684 0.021 -0.0747553 0.0165451 0.021 -0.0742625 0.0176135 0.021 -0.0729389 0.0190451 0.021 -0.0729389 -0.0190451 0.021 -0.0726135 -0.0192625 0.021 -0.0749384 -0.0157822 0.021 -0.0749844 -0.0153935 0.021 -0.0747553 -0.0165451 0.021 -0.0748621 -0.016166 0.021 -0.07227 0.019455 0.021 -0.07227 -0.019455 0.021 -0.0719145 -0.0196189 0.021 -0.0719123 0.0196198 0.021 -0.0715451 -0.0197553 0.021 -0.0715451 0.0197553 0.021 -0.071166 0.0198621 0.021 -0.0711684 -0.0198615 0.021 -0.0707822 -0.0199384 0.021 -0.0707822 0.0199384 0.021 -0.0703935 -0.0199844 0.021 -0.0703935 0.0199844 0.021 -0.065 -0.02 0.021 -0.075 0.015 0.0245 -0.075 0.015 0.0245 -0.075 -0.015 0.021 -0.075 -0.015 -0.024565 -0.0219822 -0.02 -0.024565 -0.0219822 0.02 -0.0245165 -0.0224885 0.02 -0.0245 -0.023 0.02 -0.0245 -0.023 -0.02 -0.0245165 -0.0224885 -0.02 -0.024759 -0.0209812 0.02 -0.0249026 -0.020494 -0.02 -0.0249026 -0.020494 0.02 -0.0247581 -0.0209849 -0.02 -0.0246462 -0.0214785 0.02 -0.0246456 -0.021481 -0.02 -0.0255167 -0.019097 -0.02 -0.0255181 -0.0190948 0.02 -0.0252832 -0.0195478 0.02 -0.0252822 -0.0195502 -0.02 -0.0250785 -0.0200134 0.02 -0.025077 -0.020017 -0.02 -0.0263876 -0.017839 0.02 -0.02607 -0.0182403 0.02 -0.0263851 -0.0178419 -0.02 -0.025781 -0.0186579 0.02 -0.025779 -0.0186612 -0.02 -0.02607 -0.0182403 -0.02 -0.0270908 -0.0171059 -0.02 -0.0267279 -0.0174609 0.02 -0.0267262 -0.0174628 -0.02 -0.0274764 -0.0167742 -0.02 -0.0270908 -0.0171059 0.02 -0.0274764 -0.0167742 0.02 -0.0278846 -0.0164656 -0.02 -0.0278846 -0.0164656 0.02 0.024565 -0.0219822 0.02 0.024565 -0.0219822 -0.02 0.0245165 -0.0224885 -0.02 0.0245 -0.023 -0.02 0.0245 -0.023 0.02 0.0245165 -0.0224885 0.02 0.024759 -0.0209812 -0.02 0.0249026 -0.020494 0.02 0.0249026 -0.020494 -0.02 0.0247581 -0.0209849 0.02 0.0246462 -0.0214785 -0.02 0.0246456 -0.021481 0.02 0.0255167 -0.019097 0.02 0.0255181 -0.0190948 -0.02 0.0252832 -0.0195478 -0.02 0.0252822 -0.0195502 0.02 0.0250785 -0.0200134 -0.02 0.025077 -0.020017 0.02 0.0263876 -0.017839 -0.02 0.02607 -0.0182403 -0.02 0.0263851 -0.0178419 0.02 0.025781 -0.0186579 -0.02 0.025779 -0.0186612 0.02 0.02607 -0.0182403 0.02 0.0270908 -0.0171059 0.02 0.0267279 -0.0174609 -0.02 0.0267262 -0.0174628 0.02 0.0274764 -0.0167742 0.02 0.0270908 -0.0171059 -0.02 0.0274764 -0.0167742 -0.02 0.0278846 -0.0164656 0.02 0.0278846 -0.0164656 -0.02 -0.0084205 -0.005 -0.02 -0.0084205 -0.00694731 0.02 -0.0084205 -0.005 0.02 -0.0084205 -0.00694731 -0.02 0.0034205 -0.0119473 0.02 -0.0034205 -0.0119473 -0.02 0.0034205 -0.0119473 -0.02 -0.0034205 -0.0119473 0.02 0.0084205 -0.00694731 0.02 0.0084205 -0.005 -0.02 0.0084205 -0.005 0.02 0.0084205 -0.00694731 -0.02 -0.021 -0.0732481 0.0188012 -0.021 -0.0735355 0.0185355 -0.0245 -0.0735355 0.0185355 -0.0245 -0.0732463 0.0188028 -0.021 -0.0729389 0.0190451 -0.0245 -0.0729389 0.0190451 -0.021 -0.0726135 0.0192625 -0.021 -0.07227 0.019455 -0.0245 -0.0726114 0.0192638 -0.0245 -0.07227 0.019455 -0.021 -0.0719145 0.0196189 -0.0245 -0.0719123 0.0196198 -0.021 -0.0715451 0.0197553 -0.021 -0.0711684 0.0198615 -0.0245 -0.0715451 0.0197553 -0.0245 -0.071166 0.0198621 -0.021 -0.0707822 0.0199384 -0.0245 -0.0707822 0.0199384 -0.021 -0.0703935 0.0199844 -0.021 -0.07 0.02 -0.0245 -0.0703935 0.0199844 -0.0245 -0.07 0.02 -0.0245 -0.0738012 0.0182481 -0.0245 -0.0740451 0.0179389 -0.021 -0.0738028 0.0182463 -0.021 -0.0740451 0.0179389 -0.0245 -0.0742625 0.0176135 -0.021 -0.0742638 0.0176114 -0.0245 -0.074455 0.01727 -0.0245 -0.0746189 0.0169145 -0.021 -0.074455 0.01727 -0.021 -0.0746198 0.0169123 -0.0245 -0.0747553 0.0165451 -0.021 -0.0747553 0.0165451 -0.0245 -0.0748615 0.0161684 -0.0245 -0.0749384 0.0157822 -0.021 -0.0748621 0.016166 -0.021 -0.0749384 0.0157822 -0.0245 -0.0749844 0.0153935 -0.021 -0.0749844 0.0153935 -0.0245 -0.075 0.015 -0.021 -0.075 0.015 -0.021 -0.0738012 -0.0182481 -0.0245 -0.0735355 -0.0185355 -0.0245 -0.0738028 -0.0182463 -0.0245 -0.0740451 -0.0179389 -0.021 -0.0740451 -0.0179389 -0.0245 -0.0742638 -0.0176114 -0.021 -0.0742625 -0.0176135 -0.021 -0.074455 -0.01727 -0.0245 -0.074455 -0.01727 -0.0245 -0.0746198 -0.0169123 -0.021 -0.0746189 -0.0169145 -0.021 -0.0735355 -0.0185355 -0.021 -0.0747553 -0.0165451 -0.0245 -0.0747553 -0.0165451 -0.0245 -0.0748621 -0.016166 -0.021 -0.0748615 -0.0161684 -0.0245 -0.0749384 -0.0157822 -0.021 -0.0749384 -0.0157822 -0.021 -0.0749844 -0.0153935 -0.0245 -0.0749844 -0.0153935 -0.021 -0.075 -0.015 -0.0245 -0.075 -0.015 -0.0245 -0.0732481 -0.0188012 -0.0245 -0.0729389 -0.0190451 -0.021 -0.0732463 -0.0188028 -0.021 -0.0729389 -0.0190451 -0.0245 -0.0726135 -0.0192625 -0.021 -0.0726114 -0.0192638 -0.0245 -0.07227 -0.019455 -0.0245 -0.0719145 -0.0196189 -0.021 -0.07227 -0.019455 -0.021 -0.0719123 -0.0196198 -0.0245 -0.0715451 -0.0197553 -0.021 -0.0715451 -0.0197553 -0.0245 -0.0711684 -0.0198615 -0.0245 -0.0707822 -0.0199384 -0.021 -0.071166 -0.0198621 -0.021 -0.0707822 -0.0199384 -0.0245 -0.0703935 -0.0199844 -0.021 -0.0703935 -0.0199844 -0.0245 -0.07 -0.02 -0.021 -0.07 -0.02 0.021 -0.0735355 -0.0185355 0.0245 -0.0735355 -0.0185355 0.021 -0.0732481 -0.0188012 0.0245 -0.0732463 -0.0188028 0.021 -0.0729389 -0.0190451 0.021 -0.0726135 -0.0192625 0.0245 -0.0729389 -0.0190451 0.0245 -0.0726114 -0.0192638 0.021 -0.07227 -0.019455 0.0245 -0.07227 -0.019455 0.021 -0.0719145 -0.0196189 0.021 -0.0715451 -0.0197553 0.0245 -0.0719123 -0.0196198 0.0245 -0.0715451 -0.0197553 0.021 -0.0711684 -0.0198615 0.0245 -0.071166 -0.0198621 0.021 -0.0707822 -0.0199384 0.021 -0.0703935 -0.0199844 0.0245 -0.0707822 -0.0199384 0.0245 -0.0703935 -0.0199844 0.021 -0.07 -0.02 0.0245 -0.07 -0.02 0.0245 -0.0738012 -0.0182481 0.0245 -0.0740451 -0.0179389 0.021 -0.0738028 -0.0182463 0.021 -0.0740451 -0.0179389 0.0245 -0.0742625 -0.0176135 0.021 -0.0742638 -0.0176114 0.0245 -0.074455 -0.01727 0.0245 -0.0746189 -0.0169145 0.021 -0.074455 -0.01727 0.021 -0.0746198 -0.0169123 0.0245 -0.0747553 -0.0165451 0.021 -0.0747553 -0.0165451 0.0245 -0.0748615 -0.0161684 0.0245 -0.0749384 -0.0157822 0.021 -0.0748621 -0.016166 0.021 -0.0749384 -0.0157822 0.0245 -0.0749844 -0.0153935 0.021 -0.0749844 -0.0153935 0.0245 -0.075 -0.015 0.021 -0.075 -0.015 0.021 -0.0738012 0.0182481 0.021 -0.0735355 0.0185355 0.0245 -0.0735355 0.0185355 0.0245 -0.0738028 0.0182463 0.021 -0.0740451 0.0179389 0.0245 -0.0740451 0.0179389 0.021 -0.0742625 0.0176135 0.021 -0.074455 0.01727 0.0245 -0.0742638 0.0176114 0.0245 -0.074455 0.01727 0.021 -0.0746189 0.0169145 0.0245 -0.0746198 0.0169123 0.021 -0.0747553 0.0165451 0.021 -0.0748615 0.0161684 0.0245 -0.0747553 0.0165451 0.0245 -0.0748621 0.016166 0.021 -0.0749384 0.0157822 0.0245 -0.0749384 0.0157822 0.021 -0.0749844 0.0153935 0.021 -0.075 0.015 0.0245 -0.0749844 0.0153935 0.0245 -0.075 0.015 0.0245 -0.0732481 0.0188012 0.0245 -0.0729389 0.0190451 0.021 -0.0732463 0.0188028 0.021 -0.0729389 0.0190451 0.0245 -0.0726135 0.0192625 0.021 -0.0726114 0.0192638 0.0245 -0.07227 0.019455 0.0245 -0.0719145 0.0196189 0.021 -0.07227 0.019455 0.021 -0.0719123 0.0196198 0.0245 -0.0715451 0.0197553 0.021 -0.0715451 0.0197553 0.0245 -0.0711684 0.0198615 0.0245 -0.0707822 0.0199384 0.021 -0.071166 0.0198621 0.021 -0.0707822 0.0199384 0.0245 -0.0703935 0.0199844 0.021 -0.0703935 0.0199844 0.0245 -0.07 0.02 0.021 -0.07 0.02 -0.0294398 -0.0146813 -0.02 -0.0294398 -0.0146813 0.02 -0.0292433 -0.0150262 -0.02 -0.029242 -0.0150283 0.02 -0.0290187 -0.0153565 -0.02 -0.0287701 -0.0156658 -0.02 -0.0290187 -0.0153565 0.02 -0.0287684 -0.0156677 0.02 -0.0284959 -0.0159563 -0.02 -0.0284959 -0.0159563 0.02 -0.0282013 -0.0162223 -0.02 -0.0278846 -0.0164656 -0.02 -0.0282013 -0.0162223 0.02 -0.0278846 -0.0164656 0.02 -0.0296081 -0.0143219 0.02 -0.0296091 -0.0143195 -0.02 -0.0297484 -0.0139479 0.02 -0.0297484 -0.0139479 -0.02 -0.0298576 -0.0135663 0.02 -0.0299367 -0.0131748 0.02 -0.0298581 -0.0135638 -0.02 -0.0299367 -0.0131748 -0.02 -0.029984 -0.0127807 0.02 -0.029984 -0.0127807 -0.02 -0.03 -0.0123816 0.02 -0.03 -0.0123816 -0.02 0.0294398 -0.0146813 0.02 0.0294398 -0.0146813 -0.02 0.0292433 -0.0150262 0.02 0.029242 -0.0150283 -0.02 0.0290187 -0.0153565 0.02 0.0287701 -0.0156658 0.02 0.0290187 -0.0153565 -0.02 0.0287684 -0.0156677 -0.02 0.0284959 -0.0159563 0.02 0.0284959 -0.0159563 -0.02 0.0282013 -0.0162223 0.02 0.0278846 -0.0164656 0.02 0.0282013 -0.0162223 -0.02 0.0278846 -0.0164656 -0.02 0.0296081 -0.0143219 -0.02 0.0296091 -0.0143195 0.02 0.0297484 -0.0139479 -0.02 0.0297484 -0.0139479 0.02 0.0298576 -0.0135663 -0.02 0.0299367 -0.0131748 -0.02 0.0298581 -0.0135638 0.02 0.0299367 -0.0131748 0.02 0.029984 -0.0127807 -0.02 0.029984 -0.0127807 0.02 0.03 -0.0123816 -0.02 0.03 -0.0123816 0.02 0.0285355 -0.00146447 0.02 0.0282463 -0.00119724 0.02 0.0285355 -0.00146447 -0.02 0.03 -0.005 0.02 0.0299844 -0.00460651 0.02 0.03 -0.005 -0.02 0.0279389 -0.000954915 0.02 0.0282481 -0.00119881 -0.02 0.0279389 -0.000954915 -0.02 0.0276114 -0.000736229 0.02 0.02727 -0.000544967 0.02 0.0276135 -0.000737491 -0.02 0.0269123 -0.000380206 0.02 0.02727 -0.000544967 -0.02 0.0269145 -0.00038113 -0.02 0.0265451 -0.000244717 0.02 0.0265451 -0.000244717 -0.02 0.026166 -0.000137938 0.02 0.0261684 -0.000138502 -0.02 0.0257822 -6.15583e-05 0.02 0.0257822 -6.15583e-05 -0.02 0.0253935 -1.5579e-05 -0.02 0.0253935 -1.5579e-05 0.02 0.025 0 0.02 0.025 0 -0.02 0.0288028 -0.00175372 -0.02 0.0288012 -0.00175189 0.02 0.0290451 -0.00206107 -0.02 0.0292638 -0.00238857 -0.02 0.0290451 -0.00206107 0.02 0.029455 -0.00273005 -0.02 0.0292625 -0.00238651 0.02 0.029455 -0.00273005 0.02 0.0296198 -0.00308773 -0.02 0.0297553 -0.00345492 -0.02 0.0296189 -0.00308549 0.02 0.0298621 -0.00383396 -0.02 0.0297553 -0.00345492 0.02 0.0298615 -0.00383162 0.02 0.0299384 -0.00421783 -0.02 0.0299844 -0.00460651 -0.02 0.0299384 -0.00421783 0.02 -0.0285355 -0.00146447 -0.02 -0.0285355 -0.00146447 0.02 -0.0288028 -0.00175372 0.02 -0.0290451 -0.00206107 0.02 -0.0288012 -0.00175189 -0.02 -0.0292638 -0.00238857 0.02 -0.0290451 -0.00206107 -0.02 -0.0292625 -0.00238651 -0.02 -0.029455 -0.00273005 0.02 -0.0296198 -0.00308773 0.02 -0.029455 -0.00273005 -0.02 -0.0297553 -0.00345492 0.02 -0.0296189 -0.00308549 -0.02 -0.0297553 -0.00345492 -0.02 -0.0298621 -0.00383396 0.02 -0.0299384 -0.00421783 0.02 -0.0298615 -0.00383162 -0.02 -0.0299844 -0.00460651 0.02 -0.0299384 -0.00421783 -0.02 -0.0299844 -0.00460651 -0.02 -0.03 -0.005 0.02 -0.03 -0.005 -0.02 -0.0282481 -0.00119881 0.02 -0.0282463 -0.00119724 -0.02 -0.0279389 -0.000954915 -0.02 -0.0279389 -0.000954915 0.02 -0.0276114 -0.000736229 -0.02 -0.0276135 -0.000737491 0.02 -0.02727 -0.000544967 0.02 -0.02727 -0.000544967 -0.02 -0.0269123 -0.000380206 -0.02 -0.0269145 -0.00038113 0.02 -0.0265451 -0.000244717 -0.02 -0.0265451 -0.000244717 0.02 -0.0261684 -0.000138502 0.02 -0.026166 -0.000137938 -0.02 -0.0257822 -6.15583e-05 -0.02 -0.0257822 -6.15583e-05 0.02 -0.0253935 -1.5579e-05 -0.02 -0.0253935 -1.5579e-05 0.02 -0.025 0 -0.02 -0.025 0 0.02 -0.00988497 -0.00146447 -0.02 -0.00988497 -0.00146447 0.02 -0.0101724 -0.00119881 -0.02 -0.0101742 -0.00119724 0.02 -0.0104816 -0.000954915 -0.02 -0.010807 -0.000737491 -0.02 -0.0104816 -0.000954915 0.02 -0.0108091 -0.000736229 0.02 -0.0111505 -0.000544967 -0.02 -0.0111505 -0.000544967 0.02 -0.011506 -0.00038113 -0.02 -0.0118754 -0.000244717 -0.02 -0.0115082 -0.000380206 0.02 -0.0118754 -0.000244717 0.02 -0.0122521 -0.000138502 -0.02 -0.0122545 -0.000137938 0.02 -0.0126383 -6.15583e-05 -0.02 -0.013027 -1.5579e-05 -0.02 -0.0126383 -6.15583e-05 0.02 -0.013027 -1.5579e-05 0.02 -0.0134205 0 -0.02 -0.0134205 0 0.02 -0.00961931 -0.00175189 0.02 -0.00937541 -0.00206107 0.02 -0.00961774 -0.00175372 -0.02 -0.00937541 -0.00206107 -0.02 -0.00915799 -0.00238651 0.02 -0.00915673 -0.00238857 -0.02 -0.00896547 -0.00273005 0.02 -0.00880163 -0.00308549 0.02 -0.00896547 -0.00273005 -0.02 -0.00880071 -0.00308773 -0.02 -0.00866522 -0.00345492 0.02 -0.00866522 -0.00345492 -0.02 -0.008559 -0.00383162 0.02 -0.00848206 -0.00421783 0.02 -0.00855844 -0.00383396 -0.02 -0.00848206 -0.00421783 -0.02 -0.00843608 -0.00460651 0.02 -0.00843608 -0.00460651 -0.02 -0.0084205 -0.005 0.02 -0.0084205 -0.005 -0.02 0.00961931 -0.00175189 -0.02 0.00988497 -0.00146447 -0.02 0.00988497 -0.00146447 0.02 0.00961774 -0.00175372 0.02 0.00937541 -0.00206107 -0.02 0.00937541 -0.00206107 0.02 0.00915799 -0.00238651 -0.02 0.00896547 -0.00273005 -0.02 0.00915673 -0.00238857 0.02 0.00896547 -0.00273005 0.02 0.00880163 -0.00308549 -0.02 0.00880071 -0.00308773 0.02 0.00866522 -0.00345492 -0.02 0.008559 -0.00383162 -0.02 0.00866522 -0.00345492 0.02 0.00855844 -0.00383396 0.02 0.00848206 -0.00421783 -0.02 0.00848206 -0.00421783 0.02 0.00843608 -0.00460651 -0.02 0.0084205 -0.005 -0.02 0.00843608 -0.00460651 0.02 0.0084205 -0.005 0.02 0.0101724 -0.00119881 0.02 0.0104816 -0.000954915 0.02 0.0101742 -0.00119724 -0.02 0.0104816 -0.000954915 -0.02 0.010807 -0.000737491 0.02 0.0108091 -0.000736229 -0.02 0.0111505 -0.000544967 0.02 0.011506 -0.00038113 0.02 0.0111505 -0.000544967 -0.02 0.0115082 -0.000380206 -0.02 0.0118754 -0.000244717 0.02 0.0118754 -0.000244717 -0.02 0.0122521 -0.000138502 0.02 0.0126383 -6.15583e-05 0.02 0.0122545 -0.000137938 -0.02 0.0126383 -6.15583e-05 -0.02 0.013027 -1.5579e-05 0.02 0.013027 -1.5579e-05 -0.02 0.0134205 0 0.02 0.0134205 0 -0.02 0.00835894 -0.00772948 0.02 0.008282 -0.00811569 -0.02 0.00835894 -0.00772948 -0.02 0.0084205 -0.00694731 0.02 0.00840492 -0.0073408 0.02 0.00840492 -0.0073408 -0.02 0.00803937 -0.00886182 -0.02 0.00804029 -0.00885959 0.02 0.00787553 -0.00921726 -0.02 0.00817578 -0.0084924 0.02 0.00817578 -0.0084924 -0.02 0.00828256 -0.00811335 0.02 0.00746558 -0.00988624 0.02 0.00722169 -0.0101954 -0.02 0.00746558 -0.00988624 -0.02 0.00768427 -0.00955874 0.02 0.00768301 -0.0095608 -0.02 0.00787553 -0.00921726 0.02 0.00635943 -0.0109924 -0.02 0.00666678 -0.0107501 -0.02 0.00666861 -0.0107485 0.02 0.00695603 -0.0104828 -0.02 0.00722326 -0.0101936 0.02 0.00695603 -0.0104828 0.02 0.00569045 -0.0114023 -0.02 0.00569045 -0.0114023 0.02 0.00533277 -0.0115671 -0.02 0.00635943 -0.0109924 0.02 0.00603398 -0.0112098 0.02 0.00603193 -0.0112111 -0.02 0.00496558 -0.0117026 -0.02 0.00533501 -0.0115662 0.02 0.00496558 -0.0117026 0.02 0.00458888 -0.0118088 0.02 0.00458654 -0.0118094 -0.02 0.00420267 -0.0118858 0.02 0.00420267 -0.0118858 -0.02 0.00381399 -0.0119317 -0.02 0.00381399 -0.0119317 0.02 0.0034205 -0.0119473 0.02 0.0034205 -0.0119473 -0.02 0.0084205 -0.00694731 -0.02 -0.00381399 -0.0119317 0.02 -0.0034205 -0.0119473 -0.02 -0.0034205 -0.0119473 0.02 -0.00496558 -0.0117026 0.02 -0.00458888 -0.0118088 -0.02 -0.00458654 -0.0118094 0.02 -0.00420267 -0.0118858 0.02 -0.00420267 -0.0118858 -0.02 -0.00381399 -0.0119317 -0.02 -0.00569045 -0.0114023 -0.02 -0.00569045 -0.0114023 0.02 -0.00603193 -0.0112111 0.02 -0.00496558 -0.0117026 -0.02 -0.00533277 -0.0115671 0.02 -0.00533501 -0.0115662 -0.02 -0.00666678 -0.0107501 0.02 -0.00695603 -0.0104828 0.02 -0.00666861 -0.0107485 -0.02 -0.00635943 -0.0109924 0.02 -0.00635943 -0.0109924 -0.02 -0.00603398 -0.0112098 -0.02 -0.00768301 -0.0095608 0.02 -0.00746558 -0.00988624 -0.02 -0.00746558 -0.00988624 0.02 -0.00722326 -0.0101936 -0.02 -0.00695603 -0.0104828 -0.02 -0.00722169 -0.0101954 0.02 -0.00804029 -0.00885959 -0.02 -0.00803937 -0.00886182 0.02 -0.00817578 -0.0084924 0.02 -0.00768427 -0.00955874 -0.02 -0.00787553 -0.00921726 0.02 -0.00787553 -0.00921726 -0.02 -0.008282 -0.00811569 0.02 -0.00817578 -0.0084924 -0.02 -0.00835894 -0.00772948 0.02 -0.00828256 -0.00811335 -0.02 -0.00835894 -0.00772948 -0.02 -0.00840492 -0.0073408 0.02 -0.0084205 -0.00694731 0.02 -0.00840492 -0.0073408 -0.02 -0.0084205 -0.00694731 -0.02</float_array>
          <technique_common>
            <accessor count="3288" source="#ID44" stride="3">
              <param name="X" type="float"/>
              <param name="Y" type="float"/>
              <param name="Z" type="float"/>
            </accessor>
          </technique_common>
        </source>
        <source id="ID45">
          <float_array count="9864" id="ID46">0 1 0 0 1 0 0 1 0 0 1 0 0 1 0 0 1 0 0 1 0 0 1 0 0 1 0 0 1 0 0 1 0 0 1 0 0 1 0 0 1 0 0 1 0 0 1 0 0 1 0 0 1 0 0 1 0 0 1 0 0 1 0 0 1 0 0 1 0 0 1 0 0 1 0 0 1 0 0 1 0 0 1 0 0 1 0 0 1 0 0 1 0 0 1 0 0 1 0 0 1 0 0 1 0 0 1 0 0 1 0 0 1 0 0 1 0 0 1 0 0 1 0 0 1 0 0 1 0 0 1 0 0 1 0 0 1 0 0 1 0 0 1 0 0 1 0 0 1 0 0 1 0 0 1 0 0 1 0 0 1 0 0 1 0 0 1 0 0 1 0 0 1 0 0 1 0 0 1 0 0 1 0 0 1 0 0 1 0 0 1 0 0 1 0 0 1 0 0 1 0 0 1 0 0 1 0 0 1 0 0 1 0 0 1 0 0 1 0 0 1 0 0 1 0 0 1 0 0 1 0 0 1 0 0 1 0 0 1 0 1.15648e-16 0 1 1.15648e-16 0 1 1.15648e-16 0 1 1.15648e-16 0 1 1.15648e-16 0 1 1.15648e-16 0 1 1.15648e-16 0 1 1.15648e-16 0 1 1.15648e-16 0 1 1.15648e-16 0 1 1.15648e-16 0 1 1.15648e-16 0 1 1.15648e-16 0 1 1.15648e-16 0 1 1.15648e-16 0 1 1.15648e-16 0 1 1.15648e-16 0 1 1.15648e-16 0 1 1.15648e-16 0 1 1.15648e-16 0 1 1.15648e-16 0 1 1.15648e-16 0 1 1.15648e-16 0 1 1.15648e-16 0 1 1.15648e-16 0 1 1.15648e-16 0 1 1.15648e-16 0 1 1.15648e-16 0 1 1.15648e-16 0 1 1.15648e-16 0 1 1.15648e-16 0 1 1.15648e-16 0 1 1.15648e-16 0 1 1.15648e-16 0 1 1.15648e-16 0 1 1.15648e-16 0 1 1.15648e-16 0 1 1.15648e-16 0 1 1.15648e-16 0 1 1.15648e-16 0 1 1.15648e-16 0 1 1.15648e-16 0 1 1.15648e-16 0 1 1.15648e-16 0 1 1.15648e-16 0 1 1.15648e-16 0 1 1.15648e-16 0 1 1.15648e-16 0 1 1.15648e-16 0 1 1.15648e-16 0 1 1.15648e-16 0 1 1.15648e-16 0 1 1.15648e-16 0 1 1.15648e-16 0 1 1.15648e-16 0 1 1.15648e-16 0 1 1.15648e-16 0 1 1.15648e-16 0 1 1.15648e-16 0 1 1.15648e-16 0 1 1.15648e-16 0 1 1.15648e-16 0 1 1.15648e-16 0 1 1.15648e-16 0 1 1.15648e-16 0 1 1.15648e-16 0 1 1.15648e-16 0 1 1.15648e-16 0 1 1.15648e-16 0 1 1.15648e-16 0 1 1.15648e-16 0 1 1.15648e-16 0 1 1.15648e-16 0 1 1.15648e-16 0 1 1.15648e-16 0 1 1.15648e-16 0 1 1.15648e-16 0 1 1.15648e-16 0 1 1.15648e-16 0 1 1.15648e-16 0 1 1.15648e-16 0 1 1.15648e-16 0 1 1.15648e-16 0 1 1.15648e-16 0 1 1.15648e-16 0 1 1.15648e-16 0 1 1.15648e-16 0 1 1.15648e-16 0 1 1.15648e-16 0 1 1.15648e-16 0 1 1.15648e-16 0 1 1.15648e-16 0 1 1.15648e-16 0 1 1.15648e-16 0 1 1.15648e-16 0 1 1.15648e-16 0 1 1.15648e-16 0 1 1.15648e-16 0 1 1.15648e-16 0 1 1.15648e-16 0 1 1.15648e-16 0 1 1.15648e-16 0 1 1.15648e-16 0 1 1.15648e-16 0 1 1.15648e-16 0 1 1.15648e-16 0 1 1.15648e-16 0 1 1.15648e-16 0 1 1.15648e-16 0 1 1.15648e-16 0 1 1.15648e-16 0 1 1.15648e-16 0 1 1.15648e-16 0 1 1.15648e-16 0 1 1.15648e-16 0 1 1.15648e-16 0 1 1.15648e-16 0 1 1.15648e-16 0 1 1.15648e-16 0 1 1.15648e-16 0 1 1.15648e-16 0 1 1.15648e-16 0 1 1.15648e-16 0 1 1.15648e-16 0 1 1.15648e-16 0 1 1.15648e-16 0 1 1.15648e-16 0 1 1.15648e-16 0 1 1.15648e-16 0 1 1.15648e-16 0 1 1.15648e-16 0 1 1.15648e-16 0 1 1.15648e-16 0 1 1.15648e-16 0 1 1.15648e-16 0 1 1.15648e-16 0 1 1.15648e-16 0 1 1.15648e-16 0 1 1.15648e-16 0 1 1.15648e-16 0 1 1.15648e-16 0 1 1.15648e-16 0 1 1.15648e-16 0 1 1.15648e-16 0 1 1.15648e-16 0 1 1.15648e-16 0 1 1.15648e-16 0 1 1.15648e-16 0 1 1.15648e-16 0 1 1.15648e-16 0 1 1.15648e-16 0 1 1.15648e-16 0 1 1.15648e-16 0 1 1.15648e-16 0 1 1.15648e-16 0 1 1.15648e-16 0 1 1.15648e-16 0 1 1.15648e-16 0 1 1.15648e-16 0 1 1.15648e-16 0 1 1.15648e-16 0 1 1.15648e-16 0 1 1.15648e-16 0 1 1.15648e-16 0 1 1.15648e-16 0 1 1.15648e-16 0 1 1.15648e-16 0 1 1.15648e-16 0 1 1.15648e-16 0 1 1.15648e-16 0 1 1.15648e-16 0 1 1.15648e-16 0 1 1.15648e-16 0 1 1.15648e-16 0 1 1.15648e-16 0 1 1.15648e-16 0 1 1.15648e-16 0 1 1.15648e-16 0 1 1.15648e-16 0 1 1.15648e-16 0 1 1.15648e-16 0 1 1.15648e-16 0 1 1.15648e-16 0 1 1.15648e-16 0 1 1.15648e-16 0 1 1.15648e-16 0 1 1.15648e-16 0 1 1.15648e-16 0 1 1.15648e-16 0 1 1.15648e-16 0 1 1.15648e-16 0 1 1.15648e-16 0 1 1.15648e-16 0 1 1.15648e-16 0 1 1.15648e-16 0 1 1.15648e-16 0 1 1.15648e-16 0 1 1.15648e-16 0 1 1.15648e-16 0 1 1.15648e-16 0 1 1.15648e-16 0 1 1.15648e-16 0 1 1.15648e-16 0 1 1.15648e-16 0 1 1.15648e-16 0 1 1.15648e-16 0 1 1.15648e-16 0 1 1.15648e-16 0 1 1.15648e-16 0 1 1.15648e-16 0 1 1.15648e-16 0 1 1.15648e-16 0 1 1.15648e-16 0 1 1.15648e-16 0 1 1.15648e-16 0 1 1.15648e-16 0 1 1.15648e-16 0 1 1.15648e-16 0 1 1.15648e-16 0 1 1.15648e-16 0 1 1.15648e-16 0 1 1.15648e-16 0 1 1.15648e-16 0 1 1.15648e-16 0 1 1.15648e-16 0 1 1.15648e-16 0 1 1.15648e-16 0 1 1.15648e-16 0 1 1.15648e-16 0 1 1.15648e-16 0 1 1.15648e-16 0 1 1.15648e-16 0 1 1.15648e-16 0 1 1.15648e-16 0 1 1.15648e-16 0 1 1.15648e-16 0 1 1.15648e-16 0 1 1.15648e-16 0 1 1.15648e-16 0 1 1.15648e-16 0 1 1.15648e-16 0 1 1.15648e-16 0 1 1.15648e-16 0 1 1.15648e-16 0 1 1.15648e-16 0 1 1.15648e-16 0 1 1.15648e-16 0 1 1.15648e-16 0 1 1.15648e-16 0 1 1.15648e-16 0 1 1.15648e-16 0 1 1.15648e-16 0 1 1.15648e-16 0 1 1.15648e-16 0 1 1.15648e-16 0 1 1.15648e-16 0 1 1.15648e-16 0 1 1.15648e-16 0 1 1.15648e-16 0 1 1.15648e-16 0 1 1.15648e-16 0 1 1.15648e-16 0 1 1.15648e-16 0 1 1.15648e-16 0 1 1.15648e-16 0 1 1.15648e-16 0 1 1.15648e-16 0 1 1.15648e-16 0 1 1.15648e-16 0 1 1.15648e-16 0 1 1.15648e-16 0 1 1.15648e-16 0 1 1.15648e-16 0 1 1.15648e-16 0 1 1.15648e-16 0 1 1.15648e-16 0 1 1.15648e-16 0 1 1.15648e-16 0 1 1.15648e-16 0 1 1.15648e-16 0 1 1.15648e-16 0 1 1.15648e-16 0 1 1.15648e-16 0 1 1.15648e-16 0 1 1.15648e-16 0 1 1.15648e-16 0 1 1.15648e-16 0 1 1.15648e-16 0 1 1.15648e-16 0 1 1.15648e-16 0 1 1.15648e-16 0 1 1.15648e-16 0 1 1.15648e-16 0 1 1.15648e-16 0 1 1.15648e-16 0 1 1.15648e-16 0 1 1.15648e-16 0 1 1.15648e-16 0 1 1.15648e-16 0 1 1.15648e-16 0 1 1.15648e-16 0 1 1.15648e-16 0 1 1.15648e-16 0 1 1.15648e-16 0 1 1.15648e-16 0 1 1.15648e-16 0 1 1.15648e-16 0 1 1.15648e-16 0 1 1.15648e-16 0 1 1.15648e-16 0 1 1.15648e-16 0 1 1.15648e-16 0 1 1.15648e-16 0 1 1.15648e-16 0 1 1.15648e-16 0 1 1.15648e-16 0 1 1.15648e-16 0 1 1.15648e-16 0 1 1.15648e-16 0 1 1.15648e-16 0 1 1.15648e-16 0 1 1.15648e-16 0 1 1.15648e-16 0 1 1.15648e-16 0 1 1.15648e-16 0 1 1.15648e-16 0 1 1.15648e-16 0 1 1.15648e-16 0 1 1.15648e-16 0 1 1.15648e-16 0 1 1.15648e-16 0 1 1.15648e-16 0 1 1.15648e-16 0 1 1.15648e-16 0 1 1.15648e-16 0 1 1.15648e-16 0 1 1.15648e-16 0 1 1.15648e-16 0 1 1.15648e-16 0 1 1.15648e-16 0 1 1.15648e-16 0 1 1.15648e-16 0 1 1.15648e-16 0 1 1.15648e-16 0 1 1.15648e-16 0 1 1.15648e-16 0 1 1.15648e-16 0 1 1.15648e-16 0 1 -1.15648e-16 0 -1 -1.15648e-16 0 -1 -1.15648e-16 0 -1 -1.15648e-16 0 -1 -1.15648e-16 0 -1 -1.15648e-16 0 -1 -1.15648e-16 0 -1 -1.15648e-16 0 -1 -1.15648e-16 0 -1 -1.15648e-16 0 -1 -1.15648e-16 0 -1 -1.15648e-16 0 -1 -1.15648e-16 0 -1 -1.15648e-16 0 -1 -1.15648e-16 0 -1 -1.15648e-16 0 -1 -1.15648e-16 0 -1 -1.15648e-16 0 -1 -1.15648e-16 0 -1 -1.15648e-16 0 -1 -1.15648e-16 0 -1 -1.15648e-16 0 -1 -1.15648e-16 0 -1 -1.15648e-16 0 -1 -1.15648e-16 0 -1 -1.15648e-16 0 -1 -1.15648e-16 0 -1 -1.15648e-16 0 -1 -1.15648e-16 0 -1 -1.15648e-16 0 -1 -1.15648e-16 0 -1 -1.15648e-16 0 -1 -1.15648e-16 0 -1 -1.15648e-16 0 -1 -1.15648e-16 0 -1 -1.15648e-16 0 -1 -1.15648e-16 0 -1 -1.15648e-16 0 -1 -1.15648e-16 0 -1 -1.15648e-16 0 -1 -1.15648e-16 0 -1 -1.15648e-16 0 -1 -1.15648e-16 0 -1 -1.15648e-16 0 -1 -1.15648e-16 0 -1 -1.15648e-16 0 -1 -1.15648e-16 0 -1 -1.15648e-16 0 -1 -1.15648e-16 0 -1 -1.15648e-16 0 -1 -1.15648e-16 0 -1 -1.15648e-16 0 -1 -1.15648e-16 0 -1 -1.15648e-16 0 -1 -1.15648e-16 0 -1 -1.15648e-16 0 -1 -1.15648e-16 0 -1 -1.15648e-16 0 -1 -1.15648e-16 0 -1 -1.15648e-16 0 -1 -1.15648e-16 0 -1 -1.15648e-16 0 -1 -1.15648e-16 0 -1 -1.15648e-16 0 -1 -1.15648e-16 0 -1 -1.15648e-16 0 -1 -1.15648e-16 0 -1 -1.15648e-16 0 -1 -1.15648e-16 0 -1 -1.15648e-16 0 -1 -1.15648e-16 0 -1 -1.15648e-16 0 -1 -1.15648e-16 0 -1 -1.15648e-16 0 -1 -1.15648e-16 0 -1 -1.15648e-16 0 -1 -1.15648e-16 0 -1 -1.15648e-16 0 -1 -1.15648e-16 0 -1 -1.15648e-16 0 -1 -1.15648e-16 0 -1 -1.15648e-16 0 -1 -1.15648e-16 0 -1 -1.15648e-16 0 -1 -1.15648e-16 0 -1 -1.15648e-16 0 -1 -1.15648e-16 0 -1 -1.15648e-16 0 -1 -1.15648e-16 0 -1 -1.15648e-16 0 -1 -1.15648e-16 0 -1 -1.15648e-16 0 -1 -1.15648e-16 0 -1 -1.15648e-16 0 -1 -1.15648e-16 0 -1 -1.15648e-16 0 -1 -1.15648e-16 0 -1 -1.15648e-16 0 -1 -1.15648e-16 0 -1 -1.15648e-16 0 -1 -1.15648e-16 0 -1 -1.15648e-16 0 -1 -1.15648e-16 0 -1 -1.15648e-16 0 -1 -1.15648e-16 0 -1 -1.15648e-16 0 -1 -1.15648e-16 0 -1 -1.15648e-16 0 -1 -1.15648e-16 0 -1 -1.15648e-16 0 -1 -1.15648e-16 0 -1 -1.15648e-16 0 -1 -1.15648e-16 0 -1 -1.15648e-16 0 -1 -1.15648e-16 0 -1 -1.15648e-16 0 -1 -1.15648e-16 0 -1 -1.15648e-16 0 -1 -1.15648e-16 0 -1 -1.15648e-16 0 -1 -1.15648e-16 0 -1 -1.15648e-16 0 -1 -1.15648e-16 0 -1 -1.15648e-16 0 -1 -1.15648e-16 0 -1 -1.15648e-16 0 -1 -1.15648e-16 0 -1 -1.15648e-16 0 -1 -1.15648e-16 0 -1 -1.15648e-16 0 -1 -1.15648e-16 0 -1 -1.15648e-16 0 -1 -1.15648e-16 0 -1 -1.15648e-16 0 -1 -1.15648e-16 0 -1 -1.15648e-16 0 -1 -1.15648e-16 0 -1 -1.15648e-16 0 -1 -1.15648e-16 0 -1 -1.15648e-16 0 -1 -1.15648e-16 0 -1 -1.15648e-16 0 -1 -1.15648e-16 0 -1 -1.15648e-16 0 -1 -1.15648e-16 0 -1 -1.15648e-16 0 -1 -1.15648e-16 0 -1 -1.15648e-16 0 -1 -1.15648e-16 0 -1 -1.15648e-16 0 -1 -1.15648e-16 0 -1 -1.15648e-16 0 -1 -1.15648e-16 0 -1 -1.15648e-16 0 -1 -1.15648e-16 0 -1 -1.15648e-16 0 -1 -1.15648e-16 0 -1 -1.15648e-16 0 -1 -1.15648e-16 0 -1 -1.15648e-16 0 -1 -1.15648e-16 0 -1 -1.15648e-16 0 -1 -1.15648e-16 0 -1 -1.15648e-16 0 -1 -1.15648e-16 0 -1 -1.15648e-16 0 -1 -1.15648e-16 0 -1 -1.15648e-16 0 -1 -1.15648e-16 0 -1 -1.15648e-16 0 -1 -1.15648e-16 0 -1 -1.15648e-16 0 -1 -1.15648e-16 0 -1 -1.15648e-16 0 -1 -1.15648e-16 0 -1 -1.15648e-16 0 -1 -1.15648e-16 0 -1 -1.15648e-16 0 -1 -1.15648e-16 0 -1 -1.15648e-16 0 -1 -1.15648e-16 0 -1 -1.15648e-16 0 -1 -1.15648e-16 0 -1 -1.15648e-16 0 -1 -1.15648e-16 0 -1 -1.15648e-16 0 -1 -1.15648e-16 0 -1 -1.15648e-16 0 -1 -1.15648e-16 0 -1 -1.15648e-16 0 -1 -1.15648e-16 0 -1 -1.15648e-16 0 -1 -1.15648e-16 0 -1 -1.15648e-16 0 -1 -1.15648e-16 0 -1 -1.15648e-16 0 -1 -1.15648e-16 0 -1 -1.15648e-16 0 -1 -1.15648e-16 0 -1 -1.15648e-16 0 -1 -1.15648e-16 0 -1 -1.15648e-16 0 -1 -1.15648e-16 0 -1 -1.15648e-16 0 -1 -1.15648e-16 0 -1 -1.15648e-16 0 -1 -1.15648e-16 0 -1 -1.15648e-16 0 -1 -1.15648e-16 0 -1 -1.15648e-16 0 -1 -1.15648e-16 0 -1 -1.15648e-16 0 -1 -1.15648e-16 0 -1 -1.15648e-16 0 -1 -1.15648e-16 0 -1 -1.15648e-16 0 -1 -1.15648e-16 0 -1 -1.15648e-16 0 -1 -1.15648e-16 0 -1 -1.15648e-16 0 -1 -1.15648e-16 0 -1 -1.15648e-16 0 -1 -1.15648e-16 0 -1 -1.15648e-16 0 -1 -1.15648e-16 0 -1 -1.15648e-16 0 -1 -1.15648e-16 0 -1 -1.15648e-16 0 -1 -1.15648e-16 0 -1 -1.15648e-16 0 -1 -1.15648e-16 0 -1 -1.15648e-16 0 -1 -1.15648e-16 0 -1 -1.15648e-16 0 -1 -1.15648e-16 0 -1 -1.15648e-16 0 -1 -1.15648e-16 0 -1 -1.15648e-16 0 -1 -1.15648e-16 0 -1 -1.15648e-16 0 -1 -1.15648e-16 0 -1 -1.15648e-16 0 -1 -1.15648e-16 0 -1 -1.15648e-16 0 -1 -1.15648e-16 0 -1 -1.15648e-16 0 -1 -1.15648e-16 0 -1 -1.15648e-16 0 -1 -1.15648e-16 0 -1 -1.15648e-16 0 -1 -1.15648e-16 0 -1 -1.15648e-16 0 -1 -1.15648e-16 0 -1 -1.15648e-16 0 -1 -1.15648e-16 0 -1 -1.15648e-16 0 -1 -1.15648e-16 0 -1 -1.15648e-16 0 -1 -1.15648e-16 0 -1 -1.15648e-16 0 -1 -1.15648e-16 0 -1 -1.15648e-16 0 -1 -1.15648e-16 0 -1 -1.15648e-16 0 -1 -1.15648e-16 0 -1 -1.15648e-16 0 -1 -1.15648e-16 0 -1 -1.15648e-16 0 -1 -1.15648e-16 0 -1 -1.15648e-16 0 -1 -1.15648e-16 0 -1 -1.15648e-16 0 -1 -1.15648e-16 0 -1 -1.15648e-16 0 -1 -1.15648e-16 0 -1 -1.15648e-16 0 -1 -1.15648e-16 0 -1 -1.15648e-16 0 -1 -1.15648e-16 0 -1 -1.15648e-16 0 -1 -1.15648e-16 0 -1 -1.15648e-16 0 -1 -1.15648e-16 0 -1 -1.15648e-16 0 -1 -1.15648e-16 0 -1 -1.15648e-16 0 -1 -1.15648e-16 0 -1 -1.15648e-16 0 -1 -1.15648e-16 0 -1 -1.15648e-16 0 -1 -1.15648e-16 0 -1 -1.15648e-16 0 -1 -1.15648e-16 0 -1 -1.15648e-16 0 -1 -1.15648e-16 0 -1 -1.15648e-16 0 -1 -1.15648e-16 0 -1 -1.15648e-16 0 -1 -1.15648e-16 0 -1 -1.15648e-16 0 -1 -1.15648e-16 0 -1 -1.15648e-16 0 -1 -1.15648e-16 0 -1 -1.15648e-16 0 -1 -1.15648e-16 0 -1 -1.15648e-16 0 -1 -1.15648e-16 0 -1 -1.15648e-16 0 -1 -1.15648e-16 0 -1 -1.15648e-16 0 -1 -1.15648e-16 0 -1 -1.15648e-16 0 -1 -1.15648e-16 0 -1 -1.15648e-16 0 -1 -1.15648e-16 0 -1 -1.15648e-16 0 -1 -1.15648e-16 0 -1 -1.15648e-16 0 -1 -1.15648e-16 0 -1 -1.15648e-16 0 -1 -1.15648e-16 0 -1 -1.15648e-16 0 -1 -1.15648e-16 0 -1 -1.15648e-16 0 -1 -1.15648e-16 0 -1 -1.15648e-16 0 -1 -1.15648e-16 0 -1 -1.15648e-16 0 -1 -1.15648e-16 0 -1 -1.15648e-16 0 -1 -1.15648e-16 0 -1 -1.15648e-16 0 -1 -1.15648e-16 0 -1 -1.15648e-16 0 -1 -1.15648e-16 0 -1 -1.15648e-16 0 -1 -1.15648e-16 0 -1 -1.15648e-16 0 -1 -1.15648e-16 0 -1 -1.15648e-16 0 -1 -1.15648e-16 0 -1 -1.15648e-16 0 -1 -1.15648e-16 0 -1 -1.15648e-16 0 -1 -1.15648e-16 0 -1 -1.15648e-16 0 -1 -1.15648e-16 0 -1 -1.15648e-16 0 -1 -0.164595 -0 -0.986361 2.7438e-12 0 -1 -1.57708e-23 -0 -1 -0.614213 -0 -0.789141 -0.477423 -0 -0.878674 -0.475947 -0 -0.879474 -0.324699 -0 -0.945817 -0.32517 -0 -0.945655 -0.164652 -0 -0.986352 -0.839432 -0 -0.543465 -0.837166 -0 -0.546948 -0.915773 -0 -0.401695 -0.616133 -0 -0.787642 -0.735724 -0 -0.677282 -0.738068 -0 -0.674726 -0.996584 -0 -0.0825794 -0.996584 0 0.0825794 -0.997126 -0 -0.0757597 -0.9694 -0 -0.245485 -0.97082 -0 -0.239809 -0.917794 -0 -0.397057 -0.837166 0 0.546948 -0.911886 0 0.410443 -0.915773 0 0.401695 -0.96722 0 0.25394 -0.995914 0 0.090309 -0.9694 0 0.245485 -0.604632 0 0.796505 -0.475947 0 0.879474 -0.464477 0 0.885585 -0.831429 0 0.55563 -0.735724 0 0.677282 -0.728093 0 0.685478 8.74228e-08 0 1 0.0151443 0 0.999885 -0.150111 0 0.988669 -0.164595 0 0.986361 -0.311443 0 0.950265 -0.3247 0 0.945817 0.486644 0 0.8736 0.337869 0 0.941193 0.475947 0 0.879474 0.179114 0 0.983828 0.164595 0 0.986361 0.324699 0 0.945817 0.741347 0 0.671122 0.837167 0 0.546948 0.840991 0 0.54105 0.614213 0 0.78914 0.735724 0 0.677282 0.622421 0 0.782683 0.996584 0 0.0825794 0.997123 0 0.0757996 0.970937 0 0.239335 0.9694 0 0.245486 0.918188 0 0.396144 0.915773 0 0.401695 0.996584 0 -0.0825794 0.9694 0 -0.245486 0.995886 0 -0.0906119 0.967282 0 -0.253704 0.915773 0 -0.401695 0.837166 0 -0.546948 0.91218 0 -0.40979 0.735724 0 -0.677282 0.83285 0 -0.5535 0.731251 0 -0.682108 0.614213 0 -0.78914 0.475948 0 -0.879474 0.610657 0 -0.791895 0.3247 0 -0.945817 0.473542 0 -0.880771 0.323703 0 -0.946159 0.164595 0 -0.986361 0.164353 0 -0.986402 -0.614213 0 0.789141 -0.164595 -0 -0.986361 8.22891e-12 0 -1 -0 -0 -1 -0.614213 -0 -0.789141 -0.477761 -0 -0.87849 -0.475947 -0 -0.879474 -0.324699 -0 -0.945817 -0.325807 -0 -0.945436 -0.16496 -0 -0.9863 -0.839732 -0 -0.543002 -0.837166 -0 -0.546948 -0.915773 -0 -0.401695 -0.616617 -0 -0.787263 -0.735724 -0 -0.677282 -0.738328 -0 -0.674441 -0.996584 -0 -0.0825794 -0.996584 0 0.0825794 -0.997162 -0 -0.0752868 -0.9694 -0 -0.245485 -0.970952 -0 -0.239275 -0.917963 -0 -0.396667 -0.837166 0 0.546948 -0.911685 0 0.410889 -0.915773 0 0.401695 -0.967096 0 0.254411 -0.995865 0 0.0908472 -0.9694 0 0.245485 -0.604193 0 0.796838 -0.475947 0 0.879474 -0.464022 0 0.885824 -0.831153 0 0.556043 -0.735724 0 0.677282 -0.727773 0 0.685818 8.74228e-08 0 1 0.0156285 0 0.999878 -0.149579 0 0.98875 -0.164595 0 0.986361 -0.310889 0 0.950446 -0.3247 0 0.945817 0.486927 0 0.873443 0.338179 0 0.941082 0.475947 0 0.879474 0.179552 0 0.983748 0.164595 0 0.986361 0.324699 0 0.945817 0.741599 0 0.670844 0.837167 0 0.546948 0.8412 0 0.540725 0.614213 0 0.78914 0.735724 0 0.677282 0.622638 0 0.78251 0.996584 0 0.0825794 0.997197 0 0.0748244 0.971071 0 0.238791 0.9694 0 0.245486 0.918459 0 0.395517 0.915773 0 0.401695 0.996584 0 -0.0825794 0.9694 0 -0.245486 0.995833 0 -0.0911994 0.967047 0 -0.254599 0.915773 0 -0.401695 0.837166 0 -0.546948 0.912001 0 -0.410188 0.735724 0 -0.677282 0.832486 0 -0.554047 0.731054 0 -0.68232 0.614213 0 -0.78914 0.475948 0 -0.879474 0.610233 0 -0.792222 0.3247 0 -0.945817 0.473312 0 -0.880895 0.323101 0 -0.946365 0.164595 0 -0.986361 0.164159 0 -0.986434 -0.614213 0 0.789141 0.99713 0 -0.0757022 0.996584 0 0.0825794 0.996584 0 -0.0825794 -0.0150333 0 0.999887 8.74228e-08 0 1 0.150074 0 0.988675 0.9694 0 -0.245486 0.970804 0 -0.239875 0.915773 0 -0.401695 0.917821 0 -0.396995 0.8394 0 -0.543514 0.837166 0 -0.546948 0.735724 0 -0.677282 0.738109 0 -0.674681 0.614213 0 -0.78914 0.616093 0 -0.787673 0.477457 0 -0.878655 0.475948 0 -0.879474 0.3247 0 -0.945817 0.325136 0 -0.945667 0.164595 0 -0.986361 0.164659 0 -0.98635 -1.74846e-07 -0 -1 3.01992e-07 0 -1 0.995919 0 0.0902515 0.96721 0 0.253977 0.9694 0 0.245486 0.915773 0 0.401695 0.911895 0 0.410425 0.83142 0 0.555644 0.837167 0 0.546948 0.728088 0 0.685483 0.735724 0 0.677282 0.614213 0 0.78914 0.604645 0 0.796495 0.464469 0 0.885589 0.475947 0 0.879474 0.311504 0 0.950245 0.324699 0 0.945817 0.164595 0 0.986361 -0.33776 0 0.941232 -0.475947 0 0.879474 -0.3247 0 0.945817 -0.179229 0 0.983807 -0.164595 0 0.986361 -0.837166 0 0.546948 -0.735724 0 0.677282 -0.741458 0 0.671 -0.614213 0 0.789141 -0.486795 0 0.873516 -0.622353 0 0.782737 -0.9694 0 0.245485 -0.970904 0 0.239467 -0.996584 0 0.0825794 -0.840942 0 0.541125 -0.918234 0 0.396039 -0.915773 0 0.401695 -0.967261 -0 -0.253783 -0.915773 -0 -0.401695 -0.9694 -0 -0.245485 -0.995901 -0 -0.0904554 -0.996584 -0 -0.0825794 -0.997129 0 0.0757252 -0.614213 -0 -0.789141 -0.735724 -0 -0.677282 -0.731276 -0 -0.682082 -0.837166 -0 -0.546948 -0.912223 -0 -0.409695 -0.832804 -0 -0.553569 -0.610614 -0 -0.791928 -0.475947 -0 -0.879474 -0.473551 -0 -0.880766 -0.324699 -0 -0.945817 -0.164595 -0 -0.986361 -0.323684 -0 -0.946165 -0.164358 -0 -0.986401 -0.996584 -0 -0.0825794 -0.995833 -0 -0.0911995 -0.997197 0 0.0748244 0.149579 0 0.98875 8.74228e-08 0 1 -0.0156288 0 0.999878 -0.9694 -0 -0.245485 -0.967047 -0 -0.254599 -0.912001 -0 -0.410188 -0.915773 -0 -0.401695 -0.837166 -0 -0.546948 -0.832485 -0 -0.554047 -0.735724 -0 -0.677282 -0.731054 -0 -0.68232 -0.610233 -0 -0.792222 -0.614213 -0 -0.789141 -0.475947 -0 -0.879474 -0.473312 -0 -0.880895 -0.324699 -0 -0.945817 -0.323101 -0 -0.946365 -0.164158 -0 -0.986434 -0.164595 -0 -0.986361 1.3719e-11 0 -1 -1.02449e-12 -0 -1 -0.996584 0 0.0825792 -0.971071 0 0.238791 -0.9694 0 0.245485 -0.918459 0 0.395517 -0.915773 0 0.401695 -0.837166 0 0.546948 -0.8412 0 0.540725 -0.741599 0 0.670844 -0.735724 0 0.677282 -0.622638 0 0.78251 -0.614213 0 0.78914 -0.475947 0 0.879474 -0.486927 0 0.873443 -0.338179 0 0.941082 -0.324699 0 0.945817 -0.179552 0 0.983748 -0.164595 0 0.986361 0.604193 0 0.796838 0.475947 0 0.879474 0.464022 0 0.885823 0.310889 0 0.950446 0.324699 0 0.945817 0.164595 0 0.986361 0.837167 0 0.546948 0.831154 0 0.556043 0.911685 0 0.410889 0.614213 0 0.78914 0.727773 0 0.685818 0.735724 0 0.677282 0.995865 0 0.090847 0.997162 0 -0.0752871 0.996584 0 0.0825794 0.967096 0 0.254411 0.9694 0 0.245486 0.915773 0 0.401695 0.839732 0 -0.543002 0.915773 0 -0.401695 0.917963 0 -0.396667 0.9694 0 -0.245485 0.970952 0 -0.239275 0.614213 0 -0.789141 0.735724 0 -0.677282 0.616617 0 -0.787263 0.837166 0 -0.546948 0.738329 0 -0.674441 0.477761 0 -0.87849 0.475947 0 -0.879474 0.325806 0 -0.945436 0.324699 0 -0.945817 0.164595 0 -0.986361 0.16496 0 -0.9863 0.996584 0 -0.0825794 0.997155 0 -0.0753789 0.996584 0 0.0825794 0.996584 0 -0.0825794 -0.0154791 0 0.99988 8.74228e-08 0 1 0.149465 0 0.988767 0.9694 0 -0.245486 0.970968 0 -0.239208 0.915773 0 -0.401695 0.917941 0 -0.396717 0.839756 0 -0.542964 0.837166 0 -0.546948 0.735724 0 -0.677282 0.738311 0 -0.674461 0.614213 0 -0.78914 0.616634 0 -0.78725 0.477747 0 -0.878498 0.475948 0 -0.879474 0.3247 0 -0.945817 0.325809 0 -0.945436 0.164595 0 -0.986361 0.164955 0 -0.986301 -1.74846e-07 -0 -1 3.01992e-07 0 -1 0.995856 0 0.0909434 0.967125 0 0.254303 0.9694 0 0.245486 0.915773 0 0.401695 0.911634 0 0.411003 0.831221 0 0.555942 0.837167 0 0.546948 0.727676 0 0.685921 0.735724 0 0.677282 0.614213 0 0.78914 0.604313 0 0.796747 0.463905 0 0.885885 0.475947 0 0.879474 0.311054 0 0.950392 0.324699 0 0.945817 0.164595 0 0.986361 -0.338089 0 0.941114 -0.475947 0 0.879474 -0.3247 0 0.945817 -0.179675 0 0.983726 -0.164595 0 0.986361 -0.837166 0 0.546948 -0.735724 0 0.677282 -0.741686 0 0.670747 -0.614213 0 0.789141 -0.487056 0 0.873371 -0.622593 0 0.782546 -0.9694 0 0.245485 -0.971064 0 0.238819 -0.996584 0 0.0825794 -0.841175 0 0.540762 -0.918472 0 0.395486 -0.915773 0 0.401695 -0.967062 -0 -0.254539 -0.915773 -0 -0.401695 -0.9694 -0 -0.245485 -0.995833 -0 -0.0911957 -0.996584 -0 -0.0825794 -0.997192 0 0.0748913 -0.614213 -0 -0.789141 -0.735724 -0 -0.677282 -0.731029 -0 -0.682347 -0.837166 -0 -0.546948 -0.911992 -0 -0.410209 -0.832492 -0 -0.554037 -0.610234 -0 -0.792221 -0.475947 -0 -0.879474 -0.473283 -0 -0.88091 -0.324699 -0 -0.945817 -0.164595 -0 -0.986361 -0.323117 -0 -0.946359 -0.164149 -0 -0.986436 -0.996584 -0 -0.0825794 -0.995886 -0 -0.0906119 -0.997123 0 0.0757995 0.150111 0 0.988669 8.74228e-08 0 1 -0.0151446 0 0.999885 -0.9694 -0 -0.245485 -0.967282 -0 -0.253704 -0.91218 -0 -0.40979 -0.915773 -0 -0.401695 -0.837166 -0 -0.546948 -0.83285 -0 -0.553499 -0.735724 -0 -0.677282 -0.731251 -0 -0.682108 -0.610657 -0 -0.791895 -0.614213 -0 -0.789141 -0.475947 -0 -0.879474 -0.473542 -0 -0.880771 -0.324699 -0 -0.945817 -0.323703 -0 -0.946159 -0.164353 -0 -0.986401 -0.164595 -0 -0.986361 1.37157e-11 0 -1 -2.27756e-13 -0 -1 -0.996584 0 0.0825792 -0.970937 0 0.239335 -0.9694 0 0.245485 -0.918188 0 0.396144 -0.915773 0 0.401695 -0.837166 0 0.546948 -0.84099 0 0.54105 -0.741347 0 0.671122 -0.735724 0 0.677282 -0.622421 0 0.782683 -0.614213 0 0.78914 -0.475947 0 0.879474 -0.486644 0 0.8736 -0.337869 0 0.941193 -0.324699 0 0.945817 -0.179114 0 0.983828 -0.164595 0 0.986361 0.604632 0 0.796505 0.475947 0 0.879474 0.464477 0 0.885585 0.311443 0 0.950265 0.324699 0 0.945817 0.164595 0 0.986361 0.837167 0 0.546948 0.831429 0 0.555631 0.911886 0 0.410443 0.614213 0 0.78914 0.728094 0 0.685478 0.735724 0 0.677282 0.995914 0 0.0903089 0.997126 0 -0.0757597 0.996584 0 0.0825794 0.96722 0 0.25394 0.9694 0 0.245486 0.915773 0 0.401695 0.839432 0 -0.543465 0.915773 0 -0.401695 0.917794 0 -0.397057 0.9694 0 -0.245485 0.97082 0 -0.239809 0.614213 0 -0.789141 0.735724 0 -0.677282 0.616134 0 -0.787642 0.837166 0 -0.546948 0.738068 0 -0.674726 0.477423 0 -0.878674 0.475947 0 -0.879474 0.32517 0 -0.945655 0.324699 0 -0.945817 0.164595 0 -0.986361 0.164652 0 -0.986352 0.996584 0 -0.0825794 1 0 -3.46945e-16 1 0 -3.46945e-16 1 0 -3.46945e-16 1 0 -3.46945e-16 0.324699 0 -0.945817 0.473283 0 -0.880911 0.323117 0 -0.946359 3.01992e-07 0 -1 3.01992e-07 0 -1 0.164595 0 -0.986361 0.731029 0 -0.682347 0.735724 0 -0.677282 0.832492 0 -0.554037 0.614213 0 -0.789141 0.610234 0 -0.792221 0.475947 0 -0.879474 0.9694 0 -0.245485 0.995833 0 -0.0911956 0.967062 0 -0.254539 0.915773 0 -0.401695 0.911992 0 -0.410209 0.837166 0 -0.546948 0.918472 0 0.395486 0.971064 0 0.238819 0.9694 0 0.245486 0.997192 0 0.0748915 0.996584 0 -0.0825794 0.996584 0 0.0825794 0.741686 0 0.670747 0.735724 0 0.677282 0.622593 0 0.782546 0.915773 0 0.401695 0.837167 0 0.546948 0.841175 0 0.540763 0.324699 0 0.945817 0.179675 0 0.983726 0.338089 0 0.941114 0.475947 0 0.879474 0.487056 0 0.873371 0.614213 0 0.78914 -0.311053 0 0.950392 -0.149465 0 0.988767 -0.164595 0 0.986361 0.0154793 0 0.99988 0.164595 0 0.986361 8.74228e-08 0 1 -0.604313 0 0.796747 -0.614213 0 0.78914 -0.727676 0 0.685921 -0.324699 0 0.945817 -0.475947 0 0.879474 -0.463905 0 0.885885 -0.837166 0 0.546948 -0.915773 0 0.401695 -0.911634 0 0.411003 -0.735724 0 0.677282 -0.831221 0 0.555942 -0.996584 -0 -0.0825794 -0.997155 -0 -0.0753789 -0.996584 0 0.0825792 -0.995856 0 0.0909433 -0.967124 0 0.254304 -0.9694 0 0.245485 -0.970968 -0 -0.239208 -0.9694 -0 -0.245485 -0.917941 -0 -0.396717 -0.839756 -0 -0.542964 -0.915773 -0 -0.401695 -0.837166 -0 -0.546948 -0.738311 -0 -0.674461 -0.735724 -0 -0.677282 -0.616634 -0 -0.78725 -0.477747 -0 -0.878498 -0.614213 -0 -0.789141 -0.475947 -0 -0.879474 -0.325809 -0 -0.945436 -0.324699 -0 -0.945817 -0.164956 -0 -0.986301 -0.164595 -0 -0.986361 0.164149 0 -0.986436 0.324699 0 -0.945817 0.473551 0 -0.880767 0.323685 0 -0.946165 3.01992e-07 0 -1 3.01992e-07 0 -1 0.164595 0 -0.986361 0.731276 0 -0.682082 0.735724 0 -0.677282 0.832804 0 -0.553569 0.614213 0 -0.789141 0.610614 0 -0.791928 0.475947 0 -0.879474 0.9694 0 -0.245485 0.995901 0 -0.0904552 0.967261 0 -0.253783 0.915773 0 -0.401695 0.912223 0 -0.409695 0.837166 0 -0.546948 0.918234 0 0.396038 0.970904 0 0.239467 0.9694 0 0.245486 0.997129 0 0.075725 0.996584 0 -0.0825794 0.996584 0 0.0825794 0.741458 0 0.671 0.735724 0 0.677282 0.622353 0 0.782737 0.915773 0 0.401695 0.837167 0 0.546948 0.840942 0 0.541126 0.324699 0 0.945817 0.179229 0 0.983807 0.33776 0 0.941232 0.475947 0 0.879474 0.486795 0 0.873516 0.614213 0 0.78914 -0.311504 0 0.950245 -0.150074 0 0.988675 -0.164595 0 0.986361 0.0150335 0 0.999887 0.164595 0 0.986361 8.74228e-08 0 1 -0.604645 0 0.796495 -0.614213 0 0.78914 -0.728088 0 0.685483 -0.324699 0 0.945817 -0.475947 0 0.879474 -0.464469 0 0.885589 -0.837166 0 0.546948 -0.915773 0 0.401695 -0.911895 0 0.410425 -0.735724 0 0.677282 -0.83142 0 0.555644 -0.996584 -0 -0.0825794 -0.99713 -0 -0.0757021 -0.996584 0 0.0825792 -0.995919 0 0.0902513 -0.96721 0 0.253977 -0.9694 0 0.245485 -0.970804 -0 -0.239876 -0.9694 -0 -0.245485 -0.917821 -0 -0.396995 -0.8394 -0 -0.543514 -0.915773 -0 -0.401695 -0.837166 -0 -0.546948 -0.738109 -0 -0.674682 -0.735724 -0 -0.677282 -0.616093 -0 -0.787673 -0.477457 -0 -0.878655 -0.614213 -0 -0.789141 -0.475947 -0 -0.879474 -0.325136 -0 -0.945667 -0.324699 -0 -0.945817 -0.164595 -0 -0.986361 -0.16466 -0 -0.98635 0.164357 0 -0.986401 -1 0 3.46945e-16 -1 0 3.46945e-16 -1 0 3.46945e-16 -1 0 3.46945e-16 0 1 0 0 1 0 0 1 0 0 1 0 0 1 0 0 1 0 0 1 0 0 1 0 0 1 0 0 1 0 0 1 0 0 1 0 0 1 0 0 1 0 0 1 0 0 1 0 0 1 0 0 1 0 0 1 0 0 1 0 0 1 0 0 1 0 0 1 0 0 1 0 0 1 0 0 1 0 0 1 0 0 1 0 0 1 0 0 1 0 0 1 0 0 1 0 0 1 0 0 1 0 0 1 0 0 1 0 0 1 0 0 1 0 0 1 0 0 1 0 0 1 0 0 1 0 0 1 0 0 1 0 0 1 0 0 1 0 0 1 0 0 1 0 0 1 0 0 1 0 0 1 0 0 1 0 0 1 0 0 1 0 0 1 0 0 1 0 0 1 0 0 1 0 0 1 0 0 1 0 0 1 0 0 1 0 0 1 0 0 1 0 0 1 0 0 1 0 0 1 0 0 1 0 0 1 0 0 1 0 0 1 0 0 1 0 0 1 0 0 1 0 0 1 0 0 1 0 0 1 0 0 1 0 0 1 0 0 1 0 -0.0696134 0.997574 8.05067e-18 -0.0348817 0.999391 4.034e-18 -0.0663056 0.997799 7.66813e-18 1 8.74228e-08 -1.15648e-16 1 8.74228e-08 -1.15648e-16 0.996917 -0.0784593 -1.15292e-16 -0.101767 0.994808 1.17692e-17 -0.105186 0.994453 1.21645e-17 -0.171464 0.98519 1.98295e-17 -0.203719 0.979029 2.35598e-17 -0.17463 0.984634 2.01957e-17 -0.101767 0.994808 1.17692e-17 -0.156435 0.987688 1.80914e-17 -0.0784591 0.996917 9.07366e-18 -0.259163 0.965834 2.99717e-17 -0.309017 0.951056 3.57373e-17 -0.233445 0.97237 2.69975e-17 -0.171333 0.985213 1.98144e-17 -0.137111 0.990556 1.58566e-17 -0.309989 0.95074 3.58497e-17 -0.298122 0.954528 3.44773e-17 -0.233157 0.972439 2.69642e-17 -0.382684 0.923879 4.42567e-17 -0.382684 0.923879 4.42567e-17 -0.45399 0.891007 5.25032e-17 -0.316176 0.9487 3.65652e-17 -0.522498 0.85264 6.0426e-17 -0.453991 0.891006 5.25032e-17 -0.587785 0.809017 6.79764e-17 -0.522498 0.85264 6.0426e-17 -0.587785 0.809017 6.79763e-17 -0.649448 0.760406 7.51075e-17 -0.707107 0.707107 8.17756e-17 -0.649448 0.760406 7.51075e-17 -0.760406 0.649448 8.79396e-17 -0.707107 0.707107 8.17756e-17 -0.760406 0.649448 8.79396e-17 -0.809017 0.587785 9.35614e-17 -0.85264 0.522499 9.86063e-17 -0.809017 0.587785 9.35614e-17 -0.891007 0.453991 1.03043e-16 -0.85264 0.522499 9.86063e-17 -0.891007 0.453991 1.03043e-16 -0.92388 0.382683 1.06845e-16 -0.951057 0.309017 1.09988e-16 -0.92388 0.382683 1.06845e-16 -0.97237 0.233445 1.12453e-16 -0.951057 0.309017 1.09988e-16 -0.97237 0.233445 1.12453e-16 -0.987688 0.156434 1.14224e-16 -0.996917 0.0784589 1.15292e-16 -0.987688 0.156435 1.14224e-16 -1 -1.74846e-07 1.15648e-16 -0.996917 0.0784589 1.15292e-16 -1 3.01992e-07 1.15648e-16 0.0309194 0.999522 -3.57577e-18 0.00104998 0.999999 -1.21429e-19 0.0282784 0.9996 -3.27034e-18 0.0789986 0.996875 -9.13605e-18 0.0945152 0.995523 -1.09305e-17 0.0958689 0.995394 -1.10871e-17 -1.19249e-08 1 1.37909e-24 -0.00180579 0.999998 2.08837e-19 0.0283775 0.999597 -3.28181e-18 0.233445 0.97237 -2.69976e-17 0.156435 0.987688 -1.80914e-17 0.156435 0.987688 -1.80914e-17 0.107278 0.994229 -1.24066e-17 0.106446 0.994318 -1.23103e-17 0.309017 0.951056 -3.57373e-17 0.233445 0.97237 -2.69976e-17 0.309017 0.951056 -3.57373e-17 0.382684 0.92388 -4.42567e-17 0.45399 0.891007 -5.25032e-17 0.382684 0.92388 -4.42567e-17 0.522499 0.85264 -6.04261e-17 0.45399 0.891007 -5.25032e-17 0.522498 0.85264 -6.0426e-17 0.587785 0.809017 -6.79763e-17 0.649448 0.760406 -7.51075e-17 0.587785 0.809017 -6.79763e-17 0.707107 0.707107 -8.17757e-17 0.649448 0.760406 -7.51075e-17 0.707107 0.707107 -8.17757e-17 0.760406 0.649448 -8.79396e-17 0.809017 0.587785 -9.35614e-17 0.760406 0.649448 -8.79396e-17 0.85264 0.522498 -9.86063e-17 0.809017 0.587785 -9.35614e-17 0.85264 0.522498 -9.86063e-17 0.891007 0.453991 -1.03043e-16 0.92388 0.382683 -1.06845e-16 0.891007 0.453991 -1.03043e-16 0.951056 0.309017 -1.09988e-16 0.92388 0.382683 -1.06845e-16 0.951057 0.309017 -1.09988e-16 0.97237 0.233445 -1.12453e-16 0.987688 0.156434 -1.14224e-16 0.97237 0.233446 -1.12453e-16 0.996917 0.078459 -1.15292e-16 0.987688 0.156434 -1.14224e-16 0.996917 0.078459 -1.15292e-16 0.987688 -0.156434 -1.14224e-16 0.996917 -0.078459 -1.15292e-16 0.987688 -0.156434 -1.14224e-16 0.92388 -0.382683 -1.06845e-16 0.951056 -0.309017 -1.09988e-16 0.92388 -0.382683 -1.06845e-16 0.97237 -0.233445 -1.12453e-16 0.97237 -0.233445 -1.12453e-16 0.951056 -0.309017 -1.09988e-16 0.85264 -0.522499 -9.86063e-17 0.809017 -0.587785 -9.35614e-17 0.809017 -0.587785 -9.35614e-17 0.891006 -0.453991 -1.03043e-16 0.85264 -0.522498 -9.86063e-17 0.891007 -0.45399 -1.03043e-16 0.649448 -0.760406 -7.51075e-17 0.649448 -0.760406 -7.51075e-17 0.707107 -0.707107 -8.17757e-17 0.707107 -0.707107 -8.17757e-17 0.760406 -0.649448 -8.79396e-17 0.760406 -0.649448 -8.79396e-17 0.45399 -0.891007 -5.25032e-17 0.522499 -0.85264 -6.0426e-17 0.45399 -0.891007 -5.25032e-17 0.587785 -0.809017 -6.79763e-17 0.587785 -0.809017 -6.79763e-17 0.522499 -0.85264 -6.0426e-17 0.309017 -0.951056 -3.57373e-17 0.233445 -0.97237 -2.69975e-17 0.233445 -0.97237 -2.69975e-17 0.382684 -0.92388 -4.42567e-17 0.309017 -0.951057 -3.57373e-17 0.382683 -0.92388 -4.42567e-17 -0.0317659 -0.999495 3.67367e-18 0.0010293 -0.999999 -1.19036e-19 4.37114e-08 -1 -5.05514e-24 0.0958444 -0.995396 -1.10842e-17 0.0784591 -0.996917 -9.07365e-18 0.0789644 -0.996877 -9.13209e-18 -0.203693 -0.979035 2.35567e-17 -0.174441 -0.984668 2.01738e-17 -0.206539 -0.978438 2.38858e-17 -0.101767 -0.994808 1.17692e-17 -0.0784591 -0.996917 9.07365e-18 -0.156434 -0.987688 1.80914e-17 -0.382683 -0.92388 4.42567e-17 -0.453991 -0.891007 5.25032e-17 -0.453991 -0.891007 5.25032e-17 -0.310797 -0.950476 3.59431e-17 -0.310009 -0.950734 3.5852e-17 -0.299454 -0.954111 3.46313e-17 -0.649448 -0.760406 7.51075e-17 -0.649448 -0.760406 7.51075e-17 -0.587785 -0.809017 6.79763e-17 -0.587785 -0.809017 6.79763e-17 -0.522499 -0.85264 6.0426e-17 -0.522498 -0.85264 6.0426e-17 -0.760406 -0.649448 8.79396e-17 -0.760406 -0.649448 8.79396e-17 -0.707107 -0.707107 8.17756e-17 -0.707107 -0.707107 8.17756e-17 -0.809017 -0.587785 9.35614e-17 -0.809017 -0.587785 9.35614e-17 -0.85264 -0.522499 9.86063e-17 -0.85264 -0.522499 9.86063e-17 -0.891007 -0.453991 1.03043e-16 -0.891007 -0.453991 1.03043e-16 -0.92388 -0.382683 1.06845e-16 -0.92388 -0.382683 1.06845e-16 -0.951057 -0.309017 1.09988e-16 -0.951057 -0.309017 1.09988e-16 -0.97237 -0.233445 1.12453e-16 -0.97237 -0.233445 1.12453e-16 -0.987688 -0.156434 1.14224e-16 -0.987688 -0.156434 1.14224e-16 -0.996917 -0.0784591 1.15292e-16 -0.996917 -0.0784591 1.15292e-16 -0.316459 -0.948606 3.65979e-17 -0.31647 -0.948602 3.65992e-17 -0.316191 -0.948695 3.6567e-17 -0.382683 -0.92388 4.42567e-17 -0.233189 -0.972431 2.69679e-17 -0.235726 -0.97182 2.72613e-17 -0.259198 -0.965824 2.99758e-17 -0.261381 -0.965236 3.02282e-17 -0.101767 -0.994808 1.17692e-17 -0.0693984 -0.997589 8.02581e-18 -0.104951 -0.994477 1.21374e-17 -0.171356 -0.985209 1.9817e-17 -0.0663148 -0.997799 7.66919e-18 -0.00170811 -0.999999 1.97539e-19 -0.0346475 -0.9994 4.00692e-18 -0.0316169 -0.9995 3.65643e-18 0.0571487 -0.998366 -6.60915e-18 0.0308804 -0.999523 -3.57126e-18 0.156435 -0.987688 -1.80914e-17 0.156434 -0.987688 -1.80914e-17 -0.137152 0.99055 1.58613e-17 -0.140481 0.990083 1.62464e-17 -0.20367 0.97904 2.35541e-17 -0.206662 0.978412 2.39001e-17 -0.233248 0.972417 2.69748e-17 -0.259203 0.965823 2.99764e-17 -0.281088 0.959682 3.25074e-17 -0.261494 0.965205 3.02413e-17 -0.235872 0.971784 2.72782e-17 -0.281012 0.959704 3.24986e-17 -0.282918 0.959144 3.27189e-17 -0.298156 0.954517 3.44813e-17 -0.316496 0.948594 3.66022e-17 -0.310034 0.950726 3.58548e-17 -0.31086 0.950456 3.59504e-17 -0.299563 0.954076 3.4644e-17 -0.316191 0.948695 3.6567e-17 -0.0662419 0.997804 7.66075e-18 -0.0315981 0.999501 3.65426e-18 -1.19249e-08 1 1.37909e-24 0.0011196 0.999999 -1.2948e-19 -0.0694987 0.997582 8.03741e-18 -0.0784591 0.996917 9.07366e-18 -0.105082 0.994464 1.21526e-17 0.0310285 0.999519 -3.58839e-18 -0.00190211 0.999998 2.19976e-19 -0.0317387 0.999496 3.67052e-18 0.0572283 0.998361 -6.61835e-18 0.0784591 0.996917 -9.07366e-18 0.0549664 0.998488 -6.35676e-18 0.0784591 0.996917 -9.07366e-18 0.0790685 0.996869 -9.14414e-18 0.0771594 0.997019 -8.92335e-18 0.0571754 0.998364 -6.61224e-18 0.0958998 0.995391 -1.10906e-17 0.112936 0.993602 -1.30608e-17 0.112659 0.993634 -1.30288e-17 0.107312 0.994225 -1.24105e-17 0.112938 0.993602 -1.3061e-17 0.0772241 0.997014 -8.93083e-18 0.0945546 0.99552 -1.09351e-17 -0.13712 -0.990554 1.58577e-17 -0.140306 -0.990108 1.62261e-17 -0.0662537 -0.997803 7.66212e-18 0.00108831 -0.999999 -1.25861e-19 0.0310021 -0.999519 -3.58534e-18 0.0550455 -0.998484 -6.36591e-18 0.0284609 -0.999595 -3.29145e-18 0.0571886 -0.998363 -6.61376e-18 0.0772755 -0.99701 -8.93677e-18 0.0790459 -0.996871 -9.14152e-18 0.112685 -0.993631 -1.30319e-17 0.107304 -0.994226 -1.24095e-17 0.112929 -0.993603 -1.306e-17 0.107265 -0.994231 -1.2405e-17 0.0958657 -0.995394 -1.10867e-17 0.0946095 -0.995514 -1.09414e-17 0.106497 -0.994313 -1.23162e-17 0.112927 -0.993603 -1.30598e-17 -0.171479 -0.985188 1.98313e-17 -0.137163 -0.990548 1.58626e-17 -0.140403 -0.990094 1.62373e-17 -0.156434 -0.987688 1.80914e-17 -0.105046 -0.994467 1.21484e-17 -0.233272 -0.972412 2.69775e-17 -0.20375 -0.979023 2.35633e-17 -0.233445 -0.97237 2.69975e-17 -0.174513 -0.984655 2.01821e-17 -0.259248 -0.965811 2.99816e-17 -0.281116 -0.959674 3.25105e-17 -0.309017 -0.951056 3.57373e-17 -0.2982 -0.954503 3.44863e-17 -0.235778 -0.971807 2.72673e-17 -0.233445 -0.97237 2.69975e-17 -0.206594 -0.978427 2.38922e-17 -0.309017 -0.951057 3.57373e-17 -0.282849 -0.959165 3.2711e-17 -0.299503 -0.954095 3.4637e-17 -0.261429 -0.965223 3.02338e-17 -0.310052 -0.950719 3.5857e-17 -0.316198 -0.948693 3.65678e-17 -0.310831 -0.950465 3.5947e-17 -0.0784591 -0.996917 9.07365e-18 -0.0695321 -0.99758 8.04127e-18 -0.0018328 -0.999998 2.1196e-19 -0.0347425 -0.999396 4.01791e-18 4.37114e-08 -1 -5.05514e-24 0.0283903 -0.999597 -3.28329e-18 0.0784591 -0.996917 -9.07365e-18 0.054953 -0.998489 -6.35522e-18 0.0772336 -0.997013 -8.93193e-18 0.0945509 -0.99552 -1.09346e-17 0.112673 -0.993632 -1.30304e-17 0.106479 -0.994315 -1.23141e-17 -0.282801 -0.959179 3.27054e-17 -0.281048 -0.959694 3.25027e-17 -0.29816 -0.954516 3.44817e-17 -0.140384 0.990097 1.62352e-17 -0.156435 0.987688 1.80914e-17 -0.174566 0.984646 2.01882e-17 -0.206598 0.978426 2.38927e-17 -0.233445 0.97237 2.69976e-17 -0.235828 0.971795 2.72731e-17 -0.261435 0.965221 3.02345e-17 -0.299497 0.954097 3.46363e-17 -0.282882 0.959155 3.27148e-17 -0.309017 0.951056 3.57373e-17 -0.310843 0.950461 3.59484e-17 -0.316472 0.948602 3.65994e-17 -0.0347611 0.999396 4.02006e-18 0.0548997 0.998492 -6.34906e-18 0.106478 0.994315 -1.2314e-17 0.112664 0.993633 -1.30294e-17 -0.0284605 0.999595 3.2914e-18 0.00170802 0.999999 -1.97529e-19 -0.00108815 0.999999 1.25843e-19 1 8.74228e-08 -1.15648e-16 1 8.74228e-08 -1.15648e-16 0.996917 -0.0784593 -1.15292e-16 -0.0790457 0.996871 9.1415e-18 -0.0946097 0.995514 1.09414e-17 -0.0772754 0.99701 8.93677e-18 -0.0010295 0.999999 1.1906e-19 -1.19249e-08 1 1.37909e-24 0.0317658 0.999495 -3.67366e-18 -0.156435 0.987688 1.80914e-17 -0.156435 0.987688 1.80914e-17 -0.233445 0.97237 2.69976e-17 -0.0571488 0.998366 6.60916e-18 -0.0789644 0.996877 9.1321e-18 -0.0784591 0.996917 9.07366e-18 -0.309017 0.951056 3.57373e-17 -0.233445 0.97237 2.69975e-17 -0.382684 0.923879 4.42567e-17 -0.309017 0.951056 3.57373e-17 -0.382684 0.923879 4.42567e-17 -0.45399 0.891007 5.25032e-17 -0.522498 0.85264 6.0426e-17 -0.453991 0.891006 5.25032e-17 -0.587785 0.809017 6.79764e-17 -0.522498 0.85264 6.0426e-17 -0.587785 0.809017 6.79763e-17 -0.649448 0.760406 7.51075e-17 -0.707107 0.707107 8.17756e-17 -0.649448 0.760406 7.51075e-17 -0.760406 0.649448 8.79396e-17 -0.707107 0.707107 8.17756e-17 -0.760406 0.649448 8.79396e-17 -0.809017 0.587785 9.35614e-17 -0.85264 0.522499 9.86063e-17 -0.809017 0.587785 9.35614e-17 -0.891007 0.453991 1.03043e-16 -0.85264 0.522499 9.86063e-17 -0.891007 0.453991 1.03043e-16 -0.92388 0.382683 1.06845e-16 -0.951057 0.309017 1.09988e-16 -0.92388 0.382683 1.06845e-16 -0.97237 0.233445 1.12453e-16 -0.951057 0.309017 1.09988e-16 -0.97237 0.233445 1.12453e-16 -0.987688 0.156434 1.14224e-16 -0.996917 0.0784589 1.15292e-16 -0.987688 0.156435 1.14224e-16 -1 -1.74846e-07 1.15648e-16 -0.996917 0.0784589 1.15292e-16 -1 3.01992e-07 1.15648e-16 0.0662537 0.997803 -7.66213e-18 0.0316171 0.9995 -3.65647e-18 0.0346477 0.9994 -4.00694e-18 0.0784591 0.996917 -9.07366e-18 0.156435 0.987688 -1.80914e-17 0.101767 0.994808 -1.17692e-17 0.0693984 0.997589 -8.0258e-18 0.203693 0.979035 -2.35567e-17 0.206539 0.978438 -2.38858e-17 0.233189 0.972431 -2.69679e-17 0.140403 0.990094 -1.62373e-17 0.156435 0.987688 -1.80914e-17 0.105046 0.994467 -1.21484e-17 0.235778 0.971807 -2.72674e-17 0.233445 0.97237 -2.69976e-17 0.206594 0.978427 -2.38922e-17 0.174513 0.984655 -2.01821e-17 0.299503 0.954095 -3.4637e-17 0.310831 0.950465 -3.59471e-17 0.309017 0.951056 -3.57373e-17 0.261429 0.965223 -3.02338e-17 0.45399 0.891007 -5.25032e-17 0.382684 0.92388 -4.42567e-17 0.382684 0.92388 -4.42567e-17 0.31647 0.948602 -3.65992e-17 0.522499 0.85264 -6.04261e-17 0.45399 0.891007 -5.25032e-17 0.522498 0.85264 -6.0426e-17 0.587785 0.809017 -6.79763e-17 0.649448 0.760406 -7.51075e-17 0.587785 0.809017 -6.79763e-17 0.707107 0.707107 -8.17757e-17 0.649448 0.760406 -7.51075e-17 0.707107 0.707107 -8.17757e-17 0.760406 0.649448 -8.79396e-17 0.809017 0.587785 -9.35614e-17 0.760406 0.649448 -8.79396e-17 0.85264 0.522498 -9.86063e-17 0.809017 0.587785 -9.35614e-17 0.85264 0.522498 -9.86063e-17 0.891007 0.453991 -1.03043e-16 0.92388 0.382683 -1.06845e-16 0.891007 0.453991 -1.03043e-16 0.951056 0.309017 -1.09988e-16 0.92388 0.382683 -1.06845e-16 0.951057 0.309017 -1.09988e-16 0.97237 0.233445 -1.12453e-16 0.987688 0.156434 -1.14224e-16 0.97237 0.233446 -1.12453e-16 0.996917 0.078459 -1.15292e-16 0.987688 0.156434 -1.14224e-16 0.996917 0.078459 -1.15292e-16 0.987688 -0.156434 -1.14224e-16 0.996917 -0.078459 -1.15292e-16 0.987688 -0.156434 -1.14224e-16 0.92388 -0.382683 -1.06845e-16 0.951056 -0.309017 -1.09988e-16 0.92388 -0.382683 -1.06845e-16 0.97237 -0.233445 -1.12453e-16 0.97237 -0.233445 -1.12453e-16 0.951056 -0.309017 -1.09988e-16 0.85264 -0.522499 -9.86063e-17 0.809017 -0.587785 -9.35614e-17 0.809017 -0.587785 -9.35614e-17 0.891006 -0.453991 -1.03043e-16 0.85264 -0.522498 -9.86063e-17 0.891007 -0.45399 -1.03043e-16 0.649448 -0.760406 -7.51075e-17 0.649448 -0.760406 -7.51075e-17 0.707107 -0.707107 -8.17757e-17 0.707107 -0.707107 -8.17757e-17 0.760406 -0.649448 -8.79396e-17 0.760406 -0.649448 -8.79396e-17 0.45399 -0.891007 -5.25032e-17 0.522499 -0.85264 -6.0426e-17 0.45399 -0.891007 -5.25032e-17 0.587785 -0.809017 -6.79763e-17 0.587785 -0.809017 -6.79763e-17 0.522499 -0.85264 -6.0426e-17 0.259203 -0.965823 -2.99764e-17 0.281088 -0.959682 -3.25073e-17 0.261494 -0.965205 -3.02413e-17 0.316191 -0.948696 -3.65669e-17 0.316496 -0.948594 -3.66022e-17 0.31086 -0.950456 -3.59504e-17 0.0784591 -0.996917 -9.07365e-18 0.105083 -0.994464 -1.21526e-17 0.0694987 -0.997582 -8.0374e-18 0.101767 -0.994808 -1.17692e-17 0.156435 -0.987688 -1.80914e-17 0.0784591 -0.996917 -9.07365e-18 -0.233445 -0.97237 2.69975e-17 -0.156434 -0.987688 1.80914e-17 -0.233445 -0.97237 2.69975e-17 -0.107279 -0.994229 1.24066e-17 -0.0958689 -0.995394 1.10871e-17 -0.106446 -0.994318 1.23103e-17 -0.382683 -0.92388 4.42567e-17 -0.453991 -0.891007 5.25032e-17 -0.453991 -0.891007 5.25032e-17 -0.309017 -0.951056 3.57373e-17 -0.382683 -0.92388 4.42567e-17 -0.309017 -0.951057 3.57373e-17 -0.649448 -0.760406 7.51075e-17 -0.649448 -0.760406 7.51075e-17 -0.587785 -0.809017 6.79763e-17 -0.587785 -0.809017 6.79763e-17 -0.522499 -0.85264 6.0426e-17 -0.522498 -0.85264 6.0426e-17 -0.760406 -0.649448 8.79396e-17 -0.760406 -0.649448 8.79396e-17 -0.707107 -0.707107 8.17756e-17 -0.707107 -0.707107 8.17756e-17 -0.809017 -0.587785 9.35614e-17 -0.809017 -0.587785 9.35614e-17 -0.85264 -0.522499 9.86063e-17 -0.85264 -0.522499 9.86063e-17 -0.891007 -0.453991 1.03043e-16 -0.891007 -0.453991 1.03043e-16 -0.92388 -0.382683 1.06845e-16 -0.92388 -0.382683 1.06845e-16 -0.951057 -0.309017 1.09988e-16 -0.951057 -0.309017 1.09988e-16 -0.97237 -0.233445 1.12453e-16 -0.97237 -0.233445 1.12453e-16 -0.987688 -0.156434 1.14224e-16 -0.987688 -0.156434 1.14224e-16 -0.996917 -0.0784591 1.15292e-16 -0.996917 -0.0784591 1.15292e-16 -0.077224 -0.997014 8.93082e-18 -0.0945548 -0.99552 1.09351e-17 -0.0784591 -0.996917 9.07365e-18 -0.156434 -0.987688 1.80914e-17 -0.030919 -0.999522 3.57573e-18 -0.00104983 -0.999999 1.21411e-19 -0.0282784 -0.9996 3.27034e-18 0.00180606 -0.999998 -2.08868e-19 -0.0283775 -0.999597 3.28181e-18 4.37114e-08 -1 -5.05514e-24 0.0663056 -0.997799 -7.66813e-18 0.0696135 -0.997574 -8.05068e-18 0.0348816 -0.999391 -4.03399e-18 0.174631 -0.984634 -2.01957e-17 0.171464 -0.98519 -1.98295e-17 0.203719 -0.979029 -2.35598e-17 0.140481 -0.990083 -1.62464e-17 0.298156 -0.954517 -3.44812e-17 0.310034 -0.950725 -3.58549e-17 0.299563 -0.954076 -3.4644e-17 0.235872 -0.971784 -2.72782e-17 0.382684 -0.92388 -4.42567e-17 0.382683 -0.92388 -4.42567e-17 0.0784591 0.996917 -9.07366e-18 0.069532 0.99758 -8.04126e-18 0.00183295 0.999998 -2.11977e-19 0.0347425 0.999396 -4.01791e-18 -1.19249e-08 1 1.37909e-24 0.0663146 0.997799 -7.66917e-18 -0.0283899 0.999597 3.28325e-18 -0.0784591 0.996917 9.07366e-18 -0.0549531 0.998489 6.35523e-18 -0.0308803 0.999523 3.57125e-18 -0.0772336 0.997013 8.93193e-18 -0.0945508 0.99552 1.09346e-17 -0.0571883 0.998363 6.61373e-18 -0.0550454 0.998484 6.36591e-18 -0.112672 0.993632 1.30304e-17 -0.112929 0.993603 1.30601e-17 -0.112927 0.993603 1.30598e-17 -0.112686 0.993631 1.30319e-17 -0.0958443 0.995396 1.10842e-17 -0.106497 0.994313 1.23162e-17 -0.0958661 0.995394 1.10867e-17 -0.106479 0.994315 1.23141e-17 0.104951 0.994477 -1.21374e-17 0.101767 0.994808 -1.17692e-17 0.171356 0.985209 -1.9817e-17 0.13712 0.990554 -1.58577e-17 0.140305 0.990108 -1.62261e-17 0.174441 0.984668 -2.01738e-17 0.235726 0.97182 -2.72612e-17 0.26138 0.965236 -3.02282e-17 0.281048 0.959694 -3.25027e-17 0.259198 0.965824 -2.99758e-17 0.282801 0.959179 -3.27054e-17 0.29816 0.954516 -3.44816e-17 0.282849 0.959164 -3.2711e-17 0.310009 0.950734 -3.5852e-17 0.299454 0.954111 -3.46313e-17 0.310797 0.950476 -3.59431e-17 0.316191 0.948695 -3.6567e-17 0.316459 0.948606 -3.65979e-17 0.140385 -0.990097 -1.62352e-17 0.156434 -0.987688 -1.80914e-17 0.137151 -0.99055 -1.58613e-17 0.105185 -0.994453 -1.21645e-17 0.174566 -0.984646 -2.01882e-17 0.206598 -0.978426 -2.38927e-17 0.233445 -0.97237 -2.69975e-17 0.235828 -0.971795 -2.72731e-17 0.171333 -0.985213 -1.98144e-17 0.137111 -0.990556 -1.58566e-17 0.309017 -0.951056 -3.57373e-17 0.299498 -0.954097 -3.46364e-17 0.282881 -0.959155 -3.27147e-17 0.233248 -0.972417 -2.69748e-17 0.206662 -0.978412 -2.39001e-17 0.261435 -0.965221 -3.02345e-17 0.282917 -0.959144 -3.27189e-17 0.259163 -0.965834 -2.99718e-17 0.233445 -0.97237 -2.69975e-17 0.233157 -0.972439 -2.69642e-17 0.310843 -0.950461 -3.59484e-17 0.316177 -0.9487 -3.65653e-17 0.316472 -0.948602 -3.65994e-17 0.309017 -0.951057 -3.57373e-17 0.298122 -0.954528 -3.44773e-17 0.30999 -0.95074 -3.58498e-17 0.101767 -0.994808 -1.17692e-17 0.0347607 -0.999396 -4.02001e-18 0.0317387 -0.999496 -3.67053e-18 0.0019025 -0.999998 -2.20021e-19 -0.0549665 -0.998488 6.35677e-18 -0.0548997 -0.998492 6.34905e-18 -0.0771597 -0.997019 8.92339e-18 -0.0571754 -0.998364 6.61223e-18 -0.0945149 -0.995523 1.09305e-17 -0.0789991 -0.996875 9.1361e-18 -0.106478 -0.994315 1.2314e-17 -0.112664 -0.993633 1.30294e-17 -0.112936 -0.993602 1.30609e-17 0.20367 -0.97904 -2.35541e-17 0.281012 -0.959704 -3.24986e-17 0.0662418 -0.997804 -7.66074e-18 0.031598 -0.999501 -3.65425e-18 4.37114e-08 -1 -5.05514e-24 -0.00111969 -0.999999 1.2949e-19 -0.0310281 -0.999519 3.58835e-18 -0.0572282 -0.998361 6.61834e-18 -0.0784591 -0.996917 9.07365e-18 -0.0790686 -0.996869 9.14415e-18 -0.0959 -0.995391 1.10907e-17 -0.112937 -0.993602 1.3061e-17 -0.112658 -0.993634 1.30287e-17 -0.107312 -0.994225 1.24104e-17 -0.0310023 0.999519 3.58537e-18 -0.107304 0.994226 1.24095e-17 -0.107265 0.994231 1.2405e-17 0.171479 0.985188 -1.98313e-17 0.137163 0.990548 -1.58626e-17 0.233272 0.972412 -2.69775e-17 0.20375 0.979023 -2.35633e-17 0.233445 0.97237 -2.69976e-17 0.259248 0.965811 -2.99816e-17 0.2982 0.954503 -3.44863e-17 0.281116 0.959674 -3.25105e-17 0.309017 0.951056 -3.57373e-17 0.310052 0.95072 -3.5857e-17 0.316198 0.948693 -3.65678e-17 0.996584 0 0.0825794 0.996584 0 -0.0825794 0.996584 0 -0.0825794 8.74228e-08 0 1 8.74228e-08 0 1 -0.164595 0 0.986361 0.9694 0 -0.245485 0.9694 0 -0.245486 0.915773 0 -0.401695 0.915773 0 -0.401695 0.837166 0 -0.546948 0.837166 0 -0.546948 0.735724 0 -0.677282 0.735724 0 -0.677282 0.614213 0 -0.78914 0.614213 0 -0.789141 0.475948 0 -0.879474 0.475947 0 -0.879474 0.324699 0 -0.945817 0.3247 0 -0.945817 0.164595 0 -0.986361 0.164595 0 -0.986361 -1.74846e-07 -0 -1 3.01992e-07 0 -1 0.996584 0 0.0825794 0.9694 0 0.245486 0.9694 0 0.245486 0.915773 0 0.401695 0.915773 0 0.401695 0.837167 0 0.546948 0.837167 0 0.546948 0.735724 0 0.677282 0.735724 0 0.677282 0.614213 0 0.78914 0.614213 0 0.78914 0.475947 0 0.879474 0.475947 0 0.879474 0.324699 0 0.945817 0.324699 0 0.945817 0.164595 0 0.986361 0.164595 0 0.986361 -0.3247 0 0.945817 -0.164595 0 0.986361 -0.324699 0 0.945817 -0.735724 0 0.677282 -0.614213 0 0.789141 -0.735724 0 0.677282 -0.475947 0 0.879474 -0.475947 0 0.879474 -0.614213 0 0.78914 -0.915773 0 0.401695 -0.9694 0 0.245485 -0.9694 0 0.245485 -0.837166 0 0.546948 -0.915773 0 0.401695 -0.837166 0 0.546948 -0.9694 -0 -0.245485 -0.9694 -0 -0.245485 -0.996584 -0 -0.0825794 -0.996584 -0 -0.0825794 -0.996584 0 0.0825794 -0.996584 0 0.0825792 -0.735724 -0 -0.677282 -0.837166 -0 -0.546948 -0.735724 -0 -0.677282 -0.915773 -0 -0.401695 -0.915773 -0 -0.401695 -0.837166 -0 -0.546948 -0.475947 -0 -0.879474 -0.614213 -0 -0.789141 -0.614213 -0 -0.789141 -0.324699 -0 -0.945817 -0.475947 -0 -0.879474 -0.324699 -0 -0.945817 -0.164595 -0 -0.986361 -0.164595 -0 -0.986361 0.996584 0 0.0825794 0.996584 0 -0.0825794 0.996584 0 -0.0825794 8.74228e-08 0 1 8.74228e-08 0 1 -0.164595 0 0.986361 0.9694 0 -0.245485 0.9694 0 -0.245486 0.915773 0 -0.401695 0.915773 0 -0.401695 0.837166 0 -0.546948 0.837166 0 -0.546948 0.735724 0 -0.677282 0.735724 0 -0.677282 0.614213 0 -0.78914 0.614213 0 -0.789141 0.475948 0 -0.879474 0.475947 0 -0.879474 0.324699 0 -0.945817 0.3247 0 -0.945817 0.164595 0 -0.986361 0.164595 0 -0.986361 -1.74846e-07 -0 -1 3.01992e-07 0 -1 0.996584 0 0.0825794 0.9694 0 0.245486 0.9694 0 0.245486 0.915773 0 0.401695 0.915773 0 0.401695 0.837167 0 0.546948 0.837167 0 0.546948 0.735724 0 0.677282 0.735724 0 0.677282 0.614213 0 0.78914 0.614213 0 0.78914 0.475947 0 0.879474 0.475947 0 0.879474 0.324699 0 0.945817 0.324699 0 0.945817 0.164595 0 0.986361 0.164595 0 0.986361 -0.3247 0 0.945817 -0.164595 0 0.986361 -0.324699 0 0.945817 -0.735724 0 0.677282 -0.614213 0 0.789141 -0.735724 0 0.677282 -0.475947 0 0.879474 -0.475947 0 0.879474 -0.614213 0 0.78914 -0.915773 0 0.401695 -0.9694 0 0.245485 -0.9694 0 0.245485 -0.837166 0 0.546948 -0.915773 0 0.401695 -0.837166 0 0.546948 -0.9694 -0 -0.245485 -0.9694 -0 -0.245485 -0.996584 -0 -0.0825794 -0.996584 -0 -0.0825794 -0.996584 0 0.0825794 -0.996584 0 0.0825792 -0.735724 -0 -0.677282 -0.837166 -0 -0.546948 -0.735724 -0 -0.677282 -0.915773 -0 -0.401695 -0.915773 -0 -0.401695 -0.837166 -0 -0.546948 -0.475947 -0 -0.879474 -0.614213 -0 -0.789141 -0.614213 -0 -0.789141 -0.324699 -0 -0.945817 -0.475947 -0 -0.879474 -0.324699 -0 -0.945817 -0.164595 -0 -0.986361 -0.164595 -0 -0.986361 0.996584 0 0.0825794 0.996584 0 -0.0825794 0.996584 0 -0.0825794 8.74228e-08 0 1 8.74228e-08 0 1 -0.164595 0 0.986361 0.9694 0 -0.245485 0.9694 0 -0.245486 0.915773 0 -0.401695 0.915773 0 -0.401695 0.837166 0 -0.546948 0.837166 0 -0.546948 0.735724 0 -0.677282 0.735724 0 -0.677282 0.614213 0 -0.78914 0.614213 0 -0.789141 0.475948 0 -0.879474 0.475947 0 -0.879474 0.324699 0 -0.945817 0.3247 0 -0.945817 0.164595 0 -0.986361 0.164595 0 -0.986361 -1.74846e-07 -0 -1 3.01992e-07 0 -1 0.996584 0 0.0825794 0.9694 0 0.245486 0.9694 0 0.245486 0.915773 0 0.401695 0.915773 0 0.401695 0.837167 0 0.546948 0.837167 0 0.546948 0.735724 0 0.677282 0.735724 0 0.677282 0.614213 0 0.78914 0.614213 0 0.78914 0.475947 0 0.879474 0.475947 0 0.879474 0.324699 0 0.945817 0.324699 0 0.945817 0.164595 0 0.986361 0.164595 0 0.986361 -0.3247 0 0.945817 -0.164595 0 0.986361 -0.324699 0 0.945817 -0.735724 0 0.677282 -0.614213 0 0.789141 -0.735724 0 0.677282 -0.475947 0 0.879474 -0.475947 0 0.879474 -0.614213 0 0.78914 -0.915773 0 0.401695 -0.9694 0 0.245485 -0.9694 0 0.245485 -0.837166 0 0.546948 -0.915773 0 0.401695 -0.837166 0 0.546948 -0.9694 -0 -0.245485 -0.9694 -0 -0.245485 -0.996584 -0 -0.0825794 -0.996584 -0 -0.0825794 -0.996584 0 0.0825794 -0.996584 0 0.0825792 -0.735724 -0 -0.677282 -0.837166 -0 -0.546948 -0.735724 -0 -0.677282 -0.915773 -0 -0.401695 -0.915773 -0 -0.401695 -0.837166 -0 -0.546948 -0.475947 -0 -0.879474 -0.614213 -0 -0.789141 -0.614213 -0 -0.789141 -0.324699 -0 -0.945817 -0.475947 -0 -0.879474 -0.324699 -0 -0.945817 -0.164595 -0 -0.986361 -0.164595 -0 -0.986361 0.996584 0 0.0825794 0.996584 0 -0.0825794 0.996584 0 -0.0825794 8.74228e-08 0 1 8.74228e-08 0 1 -0.164595 0 0.986361 0.9694 0 -0.245485 0.9694 0 -0.245486 0.915773 0 -0.401695 0.915773 0 -0.401695 0.837166 0 -0.546948 0.837166 0 -0.546948 0.735724 0 -0.677282 0.735724 0 -0.677282 0.614213 0 -0.78914 0.614213 0 -0.789141 0.475948 0 -0.879474 0.475947 0 -0.879474 0.324699 0 -0.945817 0.3247 0 -0.945817 0.164595 0 -0.986361 0.164595 0 -0.986361 -1.74846e-07 -0 -1 3.01992e-07 0 -1 0.996584 0 0.0825794 0.9694 0 0.245486 0.9694 0 0.245486 0.915773 0 0.401695 0.915773 0 0.401695 0.837167 0 0.546948 0.837167 0 0.546948 0.735724 0 0.677282 0.735724 0 0.677282 0.614213 0 0.78914 0.614213 0 0.78914 0.475947 0 0.879474 0.475947 0 0.879474 0.324699 0 0.945817 0.324699 0 0.945817 0.164595 0 0.986361 0.164595 0 0.986361 -0.3247 0 0.945817 -0.164595 0 0.986361 -0.324699 0 0.945817 -0.735724 0 0.677282 -0.614213 0 0.789141 -0.735724 0 0.677282 -0.475947 0 0.879474 -0.475947 0 0.879474 -0.614213 0 0.78914 -0.915773 0 0.401695 -0.9694 0 0.245485 -0.9694 0 0.245485 -0.837166 0 0.546948 -0.915773 0 0.401695 -0.837166 0 0.546948 -0.9694 -0 -0.245485 -0.9694 -0 -0.245485 -0.996584 -0 -0.0825794 -0.996584 -0 -0.0825794 -0.996584 0 0.0825794 -0.996584 0 0.0825792 -0.735724 -0 -0.677282 -0.837166 -0 -0.546948 -0.735724 -0 -0.677282 -0.915773 -0 -0.401695 -0.915773 -0 -0.401695 -0.837166 -0 -0.546948 -0.475947 -0 -0.879474 -0.614213 -0 -0.789141 -0.614213 -0 -0.789141 -0.324699 -0 -0.945817 -0.475947 -0 -0.879474 -0.324699 -0 -0.945817 -0.164595 -0 -0.986361 -0.164595 -0 -0.986361 0 -1 0 0 -1 0 0 -1 0 0 -1 0 0 -1 0 0 -1 0 0 -1 0 0 -1 0 0 -1 0 0 -1 0 0 -1 0 0 -1 0 0 -1 0 0 -1 0 0 -1 0 0 -1 0 0 -1 0 0 -1 0 0 -1 0 0 -1 0 0 -1 0 0 -1 0 0 -1 0 0 -1 0 0 -1 0 0 -1 0 0 -1 0 0 -1 0 0 -1 0 0 -1 0 0 -1 0 0 -1 0 0 -1 0 0 -1 0 0 -1 0 0 -1 0 0 -1 0 0 -1 0 0 -1 0 0 -1 0 0 -1 0 0 -1 0 0 -1 0 0 -1 0 0 -1 0 0 -1 0 0 -1 0 0 -1 0 0 -1 0 0 -1 0 0 -1 0 0 -1 0 0 -1 0 0 -1 0 0 -1 0 0 -1 0 0 -1 0 0 -1 0 0 -1 0 0 -1 0 0 -1 0 0 -1 0 0 -1 0 0 -1 0 0 -1 0 0 -1 0 0 -1 0 0 -1 0 0 -1 0 0 -1 0 0 -1 0 0 -1 0 0 -1 0 0 -1 0 0 -1 0 0 -1 0 0 -1 0 0 -1 0 0 -1 0 0 -1 0 0 -1 0 0 -1 0 0 -1 0 0 -1 0 0 -1 0 0 -1 0 0 -1 0 0 -1 0 0 -1 0 0 -1 0 0 -1 0 0 -1 0 0 -1 0 0 -1 0 0 -1 0 0 -1 0 0 -1 0 0 -1 0 0 -1 0 0 -1 0 0 -1 0 0 -1 0 0 -1 0 0 -1 0 0 -1 0 0 -1 0 0 -1 0 0 -1 0 0 -1 0 0 -1 0 0 -1 0 0 -1 0 0 -1 0 0 -1 0 0 -1 0 0 -1 0 0 -1 0 0 -1 0 0 -1 0 0 -1 0 0 -1 0 0 -1 0 0 -1 0 0 -1 0 0 -1 0 0 -1 0 0 -1 0 0 -1 0 0 -1 0 0 -1 0 0 -1 0 0 -1 0 0 -1 0 0 -1 0 0 -1 0 0 -1 0 0 -1 0 0 -1 0 0 -1 0 0 -1 0 0 -1 0 0 -1 0 0 -1 0 0 -1 0 0 -1 0 0 -1 0 0 -1 0 0 -1 0 0 -1 0 0 -1 0 0 -1 0 0 -1 0 0 -1 0 0 -1 0 0 -1 0 0 -1 0 1 0 0 1 0 0 1 0 0 1 0 0 1 0 0 1 0 0 1 0 0 1 0 0 1 0 0 1 0 0 1 0 0 1 0 0 1 0 0 1 0 0 1 0 0 1 0 0 1 0 0 1 0 0 1 0 0 1 0 0 1 0 0 1 0 0 1 0 0 1 0 0 1 0 0 1 0 0 1 0 0 1 0 0 1 0 0 1 0 0 1 0 0 1 0 0 1 0 0 1 0 0 1 0 0 1 0 0 1 0 0 1 0 0 1 0 0 1 0 0 1 0 0 1 0 0 1 0 0 1 0 0 -1 -0 -3.46945e-16 -1 -0 -3.46945e-16 -1 -0 -3.46945e-16 -1 -0 -3.46945e-16 -1 -0 -3.46945e-16 -1 -0 -3.46945e-16 -1 -0 -3.46945e-16 -1 -0 -3.46945e-16 -1 -0 -3.46945e-16 -1 -0 -3.46945e-16 -1 -0 -3.46945e-16 -1 -0 -3.46945e-16 -1 -0 -3.46945e-16 -1 -0 -3.46945e-16 -1 -0 -3.46945e-16 -1 -0 -3.46945e-16 -1 -0 -3.46945e-16 -1 -0 -3.46945e-16 -1 -0 -3.46945e-16 -1 -0 -3.46945e-16 -1 -0 -3.46945e-16 -1 -0 -3.46945e-16 -1 -0 -3.46945e-16 -1 -0 -3.46945e-16 -1 -0 -3.46945e-16 -1 -0 -3.46945e-16 -1 -0 -3.46945e-16 -1 -0 -3.46945e-16 -1 -0 -3.46945e-16 -1 -0 -3.46945e-16 -1 -0 -3.46945e-16 -1 -0 -3.46945e-16 -1 -0 -3.46945e-16 -1 -0 -3.46945e-16 -1 -0 -3.46945e-16 -1 -0 -3.46945e-16 -1 -0 -3.46945e-16 -1 -0 -3.46945e-16 -1 -0 -3.46945e-16 -1 -0 -3.46945e-16 -1 -0 -3.46945e-16 -1 -0 -3.46945e-16 -1 -0 -3.46945e-16 -1 -0 -3.46945e-16 0 -1 0 0 -1 0 0 -1 0 0 -1 0 1 0 -3.46945e-16 1 0 -3.46945e-16 1 0 -3.46945e-16 1 0 -3.46945e-16 1 0 -3.46945e-16 1 0 -3.46945e-16 1 0 -3.46945e-16 1 0 -3.46945e-16 1 0 -3.46945e-16 1 0 -3.46945e-16 1 0 -3.46945e-16 1 0 -3.46945e-16 1 0 -3.46945e-16 1 0 -3.46945e-16 1 0 -3.46945e-16 1 0 -3.46945e-16 1 0 -3.46945e-16 1 0 -3.46945e-16 1 0 -3.46945e-16 1 0 -3.46945e-16 1 0 -3.46945e-16 1 0 -3.46945e-16 1 0 -3.46945e-16 1 0 -3.46945e-16 1 0 -3.46945e-16 1 0 -3.46945e-16 1 0 -3.46945e-16 1 0 -3.46945e-16 1 0 -3.46945e-16 1 0 -3.46945e-16 1 0 -3.46945e-16 1 0 -3.46945e-16 1 0 -3.46945e-16 1 0 -3.46945e-16 1 0 -3.46945e-16 1 0 -3.46945e-16 1 0 -3.46945e-16 1 0 -3.46945e-16 1 0 -3.46945e-16 1 0 -3.46945e-16 1 0 -3.46945e-16 1 0 -3.46945e-16 1 0 -3.46945e-16 1 0 -3.46945e-16 -1 -0 -0 -1 -0 -0 -1 -0 -0 -1 -0 -0 -1 -0 -0 -1 -0 -0 -1 -0 -0 -1 -0 -0 -1 -0 -0 -1 -0 -0 -1 -0 -0 -1 -0 -0 -1 -0 -0 -1 -0 -0 -1 -0 -0 -1 -0 -0 -1 -0 -0 -1 -0 -0 -1 -0 -0 -1 -0 -0 -1 -0 -0 -1 -0 -0 -1 -0 -0 -1 -0 -0 -1 -0 -0 -1 -0 -0 -1 -0 -0 -1 -0 -0 -1 -0 -0 -1 -0 -0 -1 -0 -0 -1 -0 -0 -1 -0 -0 -1 -0 -0 -1 -0 -0 -1 -0 -0 -1 -0 -0 -1 -0 -0 -1 -0 -0 -1 -0 -0 -1 -0 -0 -1 -0 -0 -1 -0 -0 -1 -0 -0 0 -1 0 0 -1 0 0 -1 0 0 -1 0 -0.99189 -0.127101 -3.44131e-16 -0.99189 -0.1271 -3.44131e-16 -0.99797 -0.0636795 -3.46241e-16 -1 3.70063e-08 -3.46945e-16 -1 3.70063e-08 -3.46945e-16 -0.99797 -0.0636795 -3.46241e-16 -0.967691 -0.25214 -3.35735e-16 -0.949671 -0.31325 -3.29483e-16 -0.949671 -0.31325 -3.29483e-16 -0.967691 -0.25214 -3.35735e-16 -0.981783 -0.190006 -3.40624e-16 -0.981783 -0.190006 -3.40624e-16 -0.872851 -0.487986 -3.02831e-16 -0.872851 -0.487986 -3.02831e-16 -0.902155 -0.431413 -3.12998e-16 -0.902155 -0.431413 -3.12998e-16 -0.927796 -0.373089 -3.21894e-16 -0.927796 -0.373089 -3.21894e-16 -0.76423 -0.644943 -2.65146e-16 -0.803749 -0.594969 -2.78856e-16 -0.76423 -0.644943 -2.65146e-16 -0.840005 -0.542579 -2.91435e-16 -0.840005 -0.542579 -2.91435e-16 -0.803749 -0.594969 -2.78856e-16 -0.67606 -0.736847 -2.34555e-16 -0.72161 -0.6923 -2.50359e-16 -0.72161 -0.6923 -2.50359e-16 -0.627766 -0.778402 -2.178e-16 -0.67606 -0.736847 -2.34555e-16 -0.627766 -0.778402 -2.178e-16 -0.576923 -0.816799 -2.0016e-16 -0.576923 -0.816799 -2.0016e-16 0.99189 -0.127101 -3.44131e-16 0.99189 -0.1271 -3.44131e-16 0.99797 -0.0636795 -3.46241e-16 1 3.70063e-08 -3.46945e-16 1 3.70063e-08 -3.46945e-16 0.99797 -0.0636795 -3.46241e-16 0.967691 -0.25214 -3.35735e-16 0.949671 -0.31325 -3.29483e-16 0.949671 -0.31325 -3.29483e-16 0.967691 -0.25214 -3.35735e-16 0.981783 -0.190006 -3.40624e-16 0.981783 -0.190006 -3.40624e-16 0.872851 -0.487986 -3.02831e-16 0.872851 -0.487986 -3.02831e-16 0.902155 -0.431413 -3.12998e-16 0.902155 -0.431413 -3.12998e-16 0.927796 -0.373089 -3.21894e-16 0.927796 -0.373089 -3.21894e-16 0.76423 -0.644943 -2.65146e-16 0.803749 -0.594969 -2.78856e-16 0.76423 -0.644943 -2.65146e-16 0.840005 -0.542579 -2.91435e-16 0.840005 -0.542579 -2.91435e-16 0.803749 -0.594969 -2.78856e-16 0.67606 -0.736847 -2.34555e-16 0.72161 -0.6923 -2.50359e-16 0.72161 -0.6923 -2.50359e-16 0.627766 -0.778402 -2.178e-16 0.67606 -0.736847 -2.34555e-16 0.627766 -0.778402 -2.178e-16 0.576923 -0.816799 -2.0016e-16 0.576923 -0.816799 -2.0016e-16 1 0 -1.15648e-16 1 0 -1.15648e-16 1 0 -1.15648e-16 1 0 -1.15648e-16 0 1 0 0 1 0 0 1 0 0 1 0 -1 0 1.15648e-16 -1 0 1.15648e-16 -1 0 1.15648e-16 -1 0 1.15648e-16 8.79396e-17 -0.649448 0.760406 8.17757e-17 -0.707107 0.707107 8.17756e-17 -0.707107 0.707107 8.79396e-17 -0.649448 0.760406 9.35614e-17 -0.587785 0.809017 9.35614e-17 -0.587785 0.809017 9.86063e-17 -0.522499 0.85264 1.03043e-16 -0.45399 0.891007 9.86063e-17 -0.522499 0.85264 1.03043e-16 -0.45399 0.891007 1.06845e-16 -0.382683 0.92388 1.06845e-16 -0.382683 0.92388 1.09988e-16 -0.309017 0.951057 1.12453e-16 -0.233445 0.97237 1.09988e-16 -0.309017 0.951057 1.12453e-16 -0.233445 0.97237 1.14224e-16 -0.156435 0.987688 1.14224e-16 -0.156435 0.987688 1.15292e-16 -0.0784591 0.996917 1.15648e-16 -5.96244e-09 1 1.15292e-16 -0.0784591 0.996917 1.15648e-16 -5.96244e-09 1 7.51075e-17 -0.760406 0.649448 6.79763e-17 -0.809017 0.587785 7.51075e-17 -0.760406 0.649448 6.79763e-17 -0.809017 0.587785 6.0426e-17 -0.85264 0.522499 6.0426e-17 -0.85264 0.522499 5.25032e-17 -0.891007 0.453991 4.42567e-17 -0.92388 0.382683 5.25032e-17 -0.891007 0.453991 4.42567e-17 -0.92388 0.382683 3.57373e-17 -0.951057 0.309017 3.57373e-17 -0.951057 0.309017 2.69975e-17 -0.97237 0.233445 1.80914e-17 -0.987688 0.156435 2.69975e-17 -0.97237 0.233445 1.80914e-17 -0.987688 0.156434 9.07367e-18 -0.996917 0.0784592 9.07364e-18 -0.996917 0.078459 8.04165e-24 -1 6.95355e-08 -1.9531e-23 -1 -1.68883e-07 -7.51075e-17 -0.760406 -0.649448 -8.17757e-17 -0.707107 -0.707107 -7.51075e-17 -0.760406 -0.649448 -6.79763e-17 -0.809017 -0.587785 -6.79763e-17 -0.809017 -0.587785 -6.0426e-17 -0.85264 -0.522499 -6.0426e-17 -0.85264 -0.522499 -5.25032e-17 -0.891007 -0.453991 -5.25032e-17 -0.891007 -0.453991 -4.42567e-17 -0.92388 -0.382683 -4.42567e-17 -0.92388 -0.382683 -8.17756e-17 -0.707107 -0.707107 -3.57373e-17 -0.951057 -0.309017 -3.57373e-17 -0.951057 -0.309017 -2.69975e-17 -0.97237 -0.233445 -2.69975e-17 -0.97237 -0.233445 -1.80914e-17 -0.987688 -0.156434 -1.80914e-17 -0.987688 -0.156435 -9.07367e-18 -0.996917 -0.0784592 -9.07364e-18 -0.996917 -0.078459 -8.04165e-24 -1 -6.95355e-08 1.9531e-23 -1 1.68883e-07 -8.79396e-17 -0.649448 -0.760406 -9.35614e-17 -0.587785 -0.809017 -8.79396e-17 -0.649448 -0.760406 -9.35614e-17 -0.587785 -0.809017 -9.86063e-17 -0.522499 -0.85264 -9.86063e-17 -0.522499 -0.85264 -1.03043e-16 -0.45399 -0.891007 -1.06845e-16 -0.382683 -0.92388 -1.03043e-16 -0.45399 -0.891007 -1.06845e-16 -0.382683 -0.92388 -1.09988e-16 -0.309017 -0.951057 -1.09988e-16 -0.309017 -0.951057 -1.12453e-16 -0.233445 -0.97237 -1.14224e-16 -0.156435 -0.987688 -1.12453e-16 -0.233445 -0.97237 -1.14224e-16 -0.156435 -0.987688 -1.15292e-16 -0.0784591 -0.996917 -1.15292e-16 -0.0784591 -0.996917 -1.15648e-16 -5.96244e-09 -1 -1.15648e-16 -5.96244e-09 -1 -8.17757e-17 -0.707107 -0.707107 -8.17756e-17 -0.707107 -0.707107 -8.79396e-17 -0.649448 -0.760406 -8.79396e-17 -0.649448 -0.760406 -9.35614e-17 -0.587785 -0.809017 -9.86063e-17 -0.522499 -0.85264 -9.35614e-17 -0.587785 -0.809017 -9.86063e-17 -0.522499 -0.85264 -1.03043e-16 -0.453991 -0.891007 -1.03043e-16 -0.453991 -0.891007 -1.06845e-16 -0.382683 -0.92388 -1.09988e-16 -0.309017 -0.951057 -1.06845e-16 -0.382683 -0.92388 -1.09988e-16 -0.309017 -0.951057 -1.12453e-16 -0.233445 -0.97237 -1.12453e-16 -0.233445 -0.97237 -1.14224e-16 -0.156435 -0.987688 -1.15292e-16 -0.0784592 -0.996917 -1.14224e-16 -0.156434 -0.987688 -1.15292e-16 -0.078459 -0.996917 -1.15648e-16 -6.95355e-08 -1 -1.15648e-16 1.68883e-07 -1 -7.51075e-17 -0.760406 -0.649448 -6.79763e-17 -0.809017 -0.587785 -7.51075e-17 -0.760406 -0.649448 -6.79763e-17 -0.809017 -0.587785 -6.0426e-17 -0.85264 -0.522499 -6.0426e-17 -0.85264 -0.522499 -5.25032e-17 -0.891007 -0.45399 -4.42567e-17 -0.92388 -0.382683 -5.25032e-17 -0.891007 -0.45399 -4.42567e-17 -0.92388 -0.382683 -3.57373e-17 -0.951057 -0.309017 -3.57373e-17 -0.951057 -0.309017 -2.69976e-17 -0.97237 -0.233445 -1.80914e-17 -0.987688 -0.156435 -2.69976e-17 -0.97237 -0.233445 -1.80914e-17 -0.987688 -0.156435 -9.07366e-18 -0.996917 -0.0784591 -9.07366e-18 -0.996917 -0.0784591 -6.89546e-25 -1 -5.96244e-09 -6.89546e-25 -1 -5.96244e-09 7.51075e-17 -0.760406 0.649448 8.17756e-17 -0.707107 0.707107 8.17757e-17 -0.707107 0.707107 7.51075e-17 -0.760406 0.649448 6.79763e-17 -0.809017 0.587785 6.79763e-17 -0.809017 0.587785 6.0426e-17 -0.85264 0.522499 5.25032e-17 -0.891007 0.45399 6.0426e-17 -0.85264 0.522499 5.25032e-17 -0.891007 0.45399 4.42567e-17 -0.92388 0.382683 4.42567e-17 -0.92388 0.382683 3.57373e-17 -0.951057 0.309017 2.69976e-17 -0.97237 0.233445 3.57373e-17 -0.951057 0.309017 2.69976e-17 -0.97237 0.233445 1.80914e-17 -0.987688 0.156435 1.80914e-17 -0.987688 0.156435 9.07366e-18 -0.996917 0.0784591 6.89546e-25 -1 5.96244e-09 9.07366e-18 -0.996917 0.0784591 6.89546e-25 -1 5.96244e-09 8.79396e-17 -0.649448 0.760406 9.35614e-17 -0.587785 0.809017 8.79396e-17 -0.649448 0.760406 9.35614e-17 -0.587785 0.809017 9.86063e-17 -0.522499 0.85264 9.86063e-17 -0.522499 0.85264 1.03043e-16 -0.453991 0.891007 1.06845e-16 -0.382683 0.92388 1.03043e-16 -0.453991 0.891007 1.06845e-16 -0.382683 0.92388 1.09988e-16 -0.309017 0.951057 1.09988e-16 -0.309017 0.951057 1.12453e-16 -0.233445 0.97237 1.14224e-16 -0.156435 0.987688 1.12453e-16 -0.233445 0.97237 1.14224e-16 -0.156434 0.987688 1.15292e-16 -0.0784592 0.996917 1.15292e-16 -0.078459 0.996917 1.15648e-16 -6.95355e-08 1 1.15648e-16 1.68883e-07 1 -0.887954 -0.459933 -3.08071e-16 -0.887954 -0.459933 -3.08071e-16 -0.848542 -0.529129 -2.94397e-16 -0.848542 -0.529129 -2.94397e-16 -0.803749 -0.594969 -2.78856e-16 -0.753859 -0.657036 -2.61548e-16 -0.803749 -0.594969 -2.78856e-16 -0.753859 -0.657036 -2.61548e-16 -0.69919 -0.714936 -2.4258e-16 -0.69919 -0.714936 -2.4258e-16 -0.640086 -0.768303 -2.22074e-16 -0.576923 -0.816799 -2.0016e-16 -0.640086 -0.768303 -2.22074e-16 -0.576923 -0.816799 -2.0016e-16 -0.921735 -0.387821 -3.19791e-16 -0.921735 -0.387821 -3.19791e-16 -0.949671 -0.31325 -3.29483e-16 -0.949671 -0.31325 -3.29483e-16 -0.971585 -0.236692 -3.37086e-16 -0.987337 -0.158634 -3.42552e-16 -0.971585 -0.236692 -3.37086e-16 -0.987338 -0.158634 -3.42552e-16 -0.996829 -0.079569 -3.45845e-16 -0.996829 -0.079569 -3.45845e-16 -1 3.70063e-08 -3.46945e-16 -1 3.70063e-08 -3.46945e-16 0.887954 -0.459933 -3.08071e-16 0.887954 -0.459933 -3.08071e-16 0.848542 -0.529129 -2.94397e-16 0.848542 -0.529129 -2.94397e-16 0.803749 -0.594969 -2.78856e-16 0.753859 -0.657036 -2.61548e-16 0.803749 -0.594969 -2.78856e-16 0.753859 -0.657036 -2.61548e-16 0.69919 -0.714936 -2.4258e-16 0.69919 -0.714936 -2.4258e-16 0.640086 -0.768303 -2.22074e-16 0.576923 -0.816799 -2.0016e-16 0.640086 -0.768303 -2.22074e-16 0.576923 -0.816799 -2.0016e-16 0.921735 -0.387821 -3.19791e-16 0.921735 -0.387821 -3.19791e-16 0.949671 -0.31325 -3.29483e-16 0.949671 -0.31325 -3.29483e-16 0.971585 -0.236692 -3.37086e-16 0.987337 -0.158634 -3.42552e-16 0.971585 -0.236692 -3.37086e-16 0.987338 -0.158634 -3.42552e-16 0.996829 -0.079569 -3.45845e-16 0.996829 -0.079569 -3.45845e-16 1 3.70063e-08 -3.46945e-16 1 3.70063e-08 -3.46945e-16 0.707107 0.707107 -2.45327e-16 0.649448 0.760406 -2.25323e-16 0.707107 0.707107 -2.45327e-16 1 5.96244e-09 -3.46945e-16 0.996917 0.0784591 -3.45875e-16 1 5.96244e-09 -3.46945e-16 0.587785 0.809017 -2.03929e-16 0.649448 0.760406 -2.25323e-16 0.587785 0.809017 -2.03929e-16 0.522499 0.85264 -1.81278e-16 0.453991 0.891007 -1.5751e-16 0.522499 0.85264 -1.81278e-16 0.382683 0.92388 -1.3277e-16 0.453991 0.891007 -1.5751e-16 0.382683 0.92388 -1.3277e-16 0.309017 0.951057 -1.07212e-16 0.309017 0.951057 -1.07212e-16 0.233445 0.97237 -8.09926e-17 0.233445 0.97237 -8.09926e-17 0.156434 0.987688 -5.42741e-17 0.156435 0.987688 -5.42742e-17 0.0784592 0.996917 -2.7221e-17 0.078459 0.996917 -2.72209e-17 6.95355e-08 1 -2.4125e-23 6.95355e-08 1 -2.4125e-23 0.760406 0.649448 -2.63819e-16 0.760406 0.649448 -2.63819e-16 0.809017 0.587785 -2.80684e-16 0.85264 0.522499 -2.95819e-16 0.809017 0.587785 -2.80684e-16 0.891007 0.45399 -3.0913e-16 0.85264 0.522499 -2.95819e-16 0.891007 0.45399 -3.0913e-16 0.92388 0.382683 -3.20535e-16 0.951057 0.309017 -3.29964e-16 0.92388 0.382683 -3.20535e-16 0.97237 0.233445 -3.37359e-16 0.951057 0.309017 -3.29964e-16 0.97237 0.233445 -3.37359e-16 0.987688 0.156435 -3.42673e-16 0.996917 0.0784591 -3.45875e-16 0.987688 0.156435 -3.42673e-16 -0.707107 0.707107 2.45327e-16 -0.707107 0.707107 2.45327e-16 -0.760406 0.649448 2.63819e-16 -0.809017 0.587785 2.80684e-16 -0.760406 0.649448 2.63819e-16 -0.85264 0.522499 2.95819e-16 -0.809017 0.587785 2.80684e-16 -0.85264 0.522499 2.95819e-16 -0.891007 0.45399 3.0913e-16 -0.92388 0.382683 3.20535e-16 -0.891007 0.45399 3.0913e-16 -0.951057 0.309017 3.29964e-16 -0.92388 0.382683 3.20535e-16 -0.951057 0.309017 3.29964e-16 -0.97237 0.233445 3.37359e-16 -0.987688 0.156435 3.42673e-16 -0.97237 0.233445 3.37359e-16 -0.996917 0.0784591 3.45875e-16 -0.987688 0.156435 3.42673e-16 -0.996917 0.0784591 3.45875e-16 -1 5.96244e-09 3.46945e-16 -1 5.96244e-09 3.46945e-16 -0.649448 0.760406 2.25323e-16 -0.649448 0.760406 2.25323e-16 -0.587785 0.809017 2.03929e-16 -0.587785 0.809017 2.03929e-16 -0.522499 0.85264 1.81278e-16 -0.522499 0.85264 1.81278e-16 -0.453991 0.891007 1.5751e-16 -0.453991 0.891007 1.5751e-16 -0.382683 0.92388 1.3277e-16 -0.382683 0.92388 1.3277e-16 -0.309017 0.951057 1.07212e-16 -0.309017 0.951057 1.07212e-16 -0.233445 0.97237 8.09926e-17 -0.233445 0.97237 8.09926e-17 -0.156434 0.987688 5.42741e-17 -0.156435 0.987688 5.42742e-17 -0.078459 0.996917 2.72209e-17 -0.0784592 0.996917 2.7221e-17 -6.95355e-08 1 2.4125e-23 -6.95355e-08 1 2.4125e-23 0.707107 0.707107 -8.17756e-17 0.707107 0.707107 -8.17757e-17 0.649448 0.760406 -7.51075e-17 0.649448 0.760406 -7.51075e-17 0.587785 0.809017 -6.79763e-17 0.522499 0.85264 -6.0426e-17 0.587785 0.809017 -6.79763e-17 0.522499 0.85264 -6.0426e-17 0.453991 0.891007 -5.25032e-17 0.453991 0.891007 -5.25032e-17 0.382683 0.92388 -4.42567e-17 0.309017 0.951057 -3.57373e-17 0.382683 0.92388 -4.42567e-17 0.309017 0.951057 -3.57373e-17 0.233445 0.97237 -2.69975e-17 0.233445 0.97237 -2.69975e-17 0.156435 0.987688 -1.80914e-17 0.0784592 0.996917 -9.07367e-18 0.156434 0.987688 -1.80914e-17 0.078459 0.996917 -9.07364e-18 6.95355e-08 1 -8.04165e-24 -1.68883e-07 1 1.9531e-23 0.760406 0.649448 -8.79396e-17 0.809017 0.587785 -9.35614e-17 0.760406 0.649448 -8.79396e-17 0.809017 0.587785 -9.35614e-17 0.85264 0.522499 -9.86063e-17 0.85264 0.522499 -9.86063e-17 0.891007 0.45399 -1.03043e-16 0.92388 0.382683 -1.06845e-16 0.891007 0.45399 -1.03043e-16 0.92388 0.382683 -1.06845e-16 0.951057 0.309017 -1.09988e-16 0.951057 0.309017 -1.09988e-16 0.97237 0.233445 -1.12453e-16 0.987688 0.156435 -1.14224e-16 0.97237 0.233445 -1.12453e-16 0.987688 0.156435 -1.14224e-16 0.996917 0.0784591 -1.15292e-16 0.996917 0.0784591 -1.15292e-16 1 5.96244e-09 -1.15648e-16 1 5.96244e-09 -1.15648e-16 -0.760406 0.649448 8.79396e-17 -0.707107 0.707107 8.17757e-17 -0.707107 0.707107 8.17756e-17 -0.760406 0.649448 8.79396e-17 -0.809017 0.587785 9.35614e-17 -0.809017 0.587785 9.35614e-17 -0.85264 0.522499 9.86063e-17 -0.891007 0.45399 1.03043e-16 -0.85264 0.522499 9.86063e-17 -0.891007 0.45399 1.03043e-16 -0.92388 0.382683 1.06845e-16 -0.92388 0.382683 1.06845e-16 -0.951057 0.309017 1.09988e-16 -0.97237 0.233445 1.12453e-16 -0.951057 0.309017 1.09988e-16 -0.97237 0.233445 1.12453e-16 -0.987688 0.156435 1.14224e-16 -0.987688 0.156435 1.14224e-16 -0.996917 0.0784591 1.15292e-16 -1 5.96244e-09 1.15648e-16 -0.996917 0.0784591 1.15292e-16 -1 5.96244e-09 1.15648e-16 -0.649448 0.760406 7.51075e-17 -0.587785 0.809017 6.79763e-17 -0.649448 0.760406 7.51075e-17 -0.587785 0.809017 6.79763e-17 -0.522499 0.85264 6.0426e-17 -0.522499 0.85264 6.0426e-17 -0.453991 0.891007 5.25032e-17 -0.382683 0.92388 4.42567e-17 -0.453991 0.891007 5.25032e-17 -0.382683 0.92388 4.42567e-17 -0.309017 0.951057 3.57373e-17 -0.309017 0.951057 3.57373e-17 -0.233445 0.97237 2.69975e-17 -0.156435 0.987688 1.80914e-17 -0.233445 0.97237 2.69975e-17 -0.156434 0.987688 1.80914e-17 -0.0784592 0.996917 9.07367e-18 -0.078459 0.996917 9.07364e-18 -6.95355e-08 1 8.04165e-24 1.68883e-07 1 -1.9531e-23 -0.987688 0.156434 1.14224e-16 -0.97237 0.233445 1.12453e-16 -0.987688 0.156435 1.14224e-16 -1 6.95355e-08 1.15648e-16 -0.996917 0.078459 1.15292e-16 -0.996917 0.0784592 1.15292e-16 -0.92388 0.382683 1.06845e-16 -0.92388 0.382683 1.06845e-16 -0.891007 0.453991 1.03043e-16 -0.951057 0.309017 1.09988e-16 -0.951057 0.309017 1.09988e-16 -0.97237 0.233445 1.12453e-16 -0.809017 0.587785 9.35614e-17 -0.760406 0.649448 8.79396e-17 -0.809017 0.587785 9.35614e-17 -0.85264 0.522499 9.86063e-17 -0.85264 0.522499 9.86063e-17 -0.891007 0.453991 1.03043e-16 -0.587785 0.809017 6.79763e-17 -0.649448 0.760406 7.51075e-17 -0.649448 0.760406 7.51075e-17 -0.707107 0.707107 8.17757e-17 -0.760406 0.649448 8.79396e-17 -0.707107 0.707107 8.17757e-17 -0.45399 0.891007 5.25032e-17 -0.45399 0.891007 5.25032e-17 -0.382683 0.92388 4.42567e-17 -0.587785 0.809017 6.79763e-17 -0.522499 0.85264 6.0426e-17 -0.522499 0.85264 6.0426e-17 -0.309017 0.951057 3.57373e-17 -0.382683 0.92388 4.42567e-17 -0.309017 0.951057 3.57373e-17 -0.233445 0.97237 2.69976e-17 -0.233445 0.97237 2.69976e-17 -0.156435 0.987688 1.80914e-17 -0.156435 0.987688 1.80914e-17 -0.0784591 0.996917 9.07366e-18 -0.0784591 0.996917 9.07366e-18 -5.96244e-09 1 6.89546e-25 -5.96244e-09 1 6.89546e-25 -1 6.95355e-08 1.15648e-16 0.0784591 0.996917 -9.07366e-18 5.96244e-09 1 -6.89546e-25 5.96244e-09 1 -6.89546e-25 0.309017 0.951057 -3.57373e-17 0.233445 0.97237 -2.69976e-17 0.233445 0.97237 -2.69976e-17 0.156435 0.987688 -1.80914e-17 0.156435 0.987688 -1.80914e-17 0.0784591 0.996917 -9.07366e-18 0.45399 0.891007 -5.25032e-17 0.45399 0.891007 -5.25032e-17 0.522499 0.85264 -6.0426e-17 0.309017 0.951057 -3.57373e-17 0.382683 0.92388 -4.42567e-17 0.382683 0.92388 -4.42567e-17 0.649448 0.760406 -7.51075e-17 0.707107 0.707107 -8.17757e-17 0.649448 0.760406 -7.51075e-17 0.587785 0.809017 -6.79763e-17 0.587785 0.809017 -6.79763e-17 0.522499 0.85264 -6.0426e-17 0.85264 0.522499 -9.86063e-17 0.809017 0.587785 -9.35614e-17 0.809017 0.587785 -9.35614e-17 0.760406 0.649448 -8.79396e-17 0.707107 0.707107 -8.17756e-17 0.760406 0.649448 -8.79396e-17 0.92388 0.382683 -1.06845e-16 0.92388 0.382683 -1.06845e-16 0.951057 0.309017 -1.09988e-16 0.85264 0.522499 -9.86063e-17 0.891007 0.453991 -1.03043e-16 0.891007 0.453991 -1.03043e-16 0.97237 0.233445 -1.12453e-16 0.951057 0.309017 -1.09988e-16 0.987688 0.156435 -1.14224e-16 0.97237 0.233445 -1.12453e-16 0.987688 0.156434 -1.14224e-16 0.996917 0.0784592 -1.15292e-16 1 6.95355e-08 -1.15648e-16 0.996917 0.078459 -1.15292e-16 1 -1.68883e-07 -1.15648e-16</float_array>
          <technique_common>
            <accessor count="3288" source="#ID46" stride="3">
              <param name="X" type="float"/>
              <param name="Y" type="float"/>
              <param name="Z" type="float"/>
            </accessor>
          </technique_common>
        </source>
        <vertices id="ID47">
          <input semantic="POSITION" source="#ID43"/>
          <input semantic="NORMAL" source="#ID45"/>
        </vertices>
        <triangles count="3268" material="ID48">
          <input offset="0" semantic="VERTEX" source="#ID47"/>
          <p>0 2 1 3 5 4 6 8 7 9 11 10 1 12 5 4 5 12 13 14 1 1 14 12 15 16 1 1 16 13 17 18 1 1 18 15 1 2 17 1 20 19 0 1 19 21 22 6 22 21 23 24 26 25 22 8 6 7 28 27 28 7 8 27 28 29 30 32 31 27 29 33 34 36 35 37 39 38 40 5 41 41 42 40 43 44 26 40 26 5 45 46 5 5 46 41 47 48 5 5 48 45 49 50 5 5 50 47 51 52 5 5 52 49 53 54 5 5 54 51 3 55 5 5 55 53 56 10 57 23 21 58 20 60 59 9 58 11 58 9 23 11 57 10 56 62 61 62 56 57 20 61 19 61 62 19 63 64 20 20 64 61 65 66 20 20 66 63 67 68 20 20 68 65 20 59 69 20 69 67 70 60 26 20 26 60 26 71 70 72 73 26 26 73 71 74 75 26 26 75 72 42 41 36 26 44 74 76 77 26 26 77 43 24 78 26 26 78 76 40 25 26 34 42 36 35 39 79 79 34 35 37 38 31 79 39 37 30 33 32 38 30 31 29 32 33 80 82 81 83 85 84 85 87 86 88 90 89 91 93 92 94 96 95 97 94 98 99 100 94 94 95 99 101 94 100 102 94 101 103 105 104 94 106 98 107 108 104 108 109 104 104 111 110 112 104 113 114 115 104 114 104 112 107 104 110 115 111 104 116 118 117 103 104 119 109 119 104 120 121 89 122 94 104 117 118 123 94 124 96 94 126 125 127 124 94 128 102 101 125 129 94 94 129 127 130 132 131 97 126 94 133 89 130 130 135 134 136 89 137 138 89 133 139 141 140 142 94 143 106 94 142 144 146 145 147 149 148 150 147 151 152 154 153 86 155 147 151 147 155 86 87 155 85 86 84 85 83 156 157 158 156 157 156 83 153 156 152 158 152 156 159 160 153 154 159 153 161 145 146 162 161 160 163 144 164 165 167 166 148 169 168 149 147 150 170 172 171 173 175 174 176 178 177 179 122 104 180 182 181 104 183 179 104 185 184 186 188 187 189 191 190 104 105 185 192 194 193 82 188 81 195 197 196 198 200 199 201 203 202 198 204 200 205 206 203 201 202 204 206 205 207 208 210 209 208 211 165 212 116 213 214 116 215 214 213 116 117 216 215 217 219 218 220 222 221 223 225 224 226 228 227 229 231 230 232 230 231 233 231 234 235 237 236 238 239 237 237 241 240 242 237 240 243 237 235 244 245 237 237 245 241 238 237 246 244 237 247 248 250 249 251 253 252 254 255 249 256 249 257 258 260 259 261 263 262 264 266 265 260 266 264 258 259 267 265 269 268 266 269 265 263 270 262 263 261 269 254 272 271 271 272 270 249 274 273 249 255 275 256 276 249 249 273 277 278 248 249 278 249 276 279 281 280 282 250 283 284 231 285 286 285 231 237 288 287 237 242 236 243 289 237 239 288 237 237 289 246 237 287 290 237 290 291 287 293 292 287 288 293 294 296 295 297 287 292 294 231 296 298 286 231 284 296 231 232 231 299 298 231 229 300 302 301 231 303 299 300 301 304 305 307 306 308 310 309 311 279 312 313 315 314 279 311 316 317 319 318 316 321 320 322 324 323 316 320 325 326 328 327 222 329 221 330 332 331 333 221 334 332 335 331 335 332 336 219 217 337 218 219 338 339 341 340 341 339 342 343 345 344 340 341 346 347 349 348 350 343 351 352 353 221 352 221 354 355 221 356 353 356 221 355 358 357 117 355 359 216 117 359 356 359 355 357 221 355 116 117 215 297 361 360 297 292 361 362 320 324 250 297 363 297 360 363 364 365 250 250 365 297 366 367 250 250 367 364 368 369 250 250 369 366 370 371 250 250 371 368 372 373 250 250 373 370 250 282 372 250 248 374 283 250 374 375 377 376 249 277 257 274 249 275 271 255 254 263 271 270 261 268 269 258 266 260 378 375 267 258 267 375 378 377 375 376 379 281 377 379 376 279 376 281 279 280 312 316 311 321 362 325 320 380 324 322 380 362 324 328 322 323 326 327 330 328 323 327 319 221 318 326 330 331 335 336 338 354 221 333 354 333 381 336 218 338 217 342 337 382 383 381 382 347 383 342 339 337 346 345 340 351 343 344 344 345 346 348 350 351 347 382 349 349 350 348 354 381 383 334 221 329 221 319 220 318 384 317 315 384 314 384 315 317 385 313 314 385 228 226 226 313 385 386 227 228 223 224 386 386 228 223 224 225 253 252 309 251 225 252 253 308 306 310 309 310 251 304 307 305 305 306 308 300 387 302 301 307 304 387 303 388 388 302 387 389 388 231 303 231 388 233 390 231 231 390 389 231 237 234 291 234 237 94 391 143 92 163 91 185 105 190 159 162 160 161 146 160 144 163 146 91 163 164 92 393 392 393 92 93 394 392 395 392 393 395 396 394 397 394 396 392 397 399 398 398 396 397 400 398 140 399 140 398 401 402 140 140 402 400 140 141 401 140 404 403 139 140 403 130 131 142 140 406 405 404 140 405 89 136 140 406 140 136 137 89 407 89 409 408 407 89 408 89 411 410 409 89 410 411 89 121 89 138 88 90 120 89 130 134 132 89 135 130 131 106 142 122 391 94 183 104 184 412 191 189 191 185 190 192 193 412 412 189 192 193 194 413 196 413 195 194 195 413 197 199 196 186 415 414 416 417 80 198 199 197 418 416 419 202 200 204 419 212 418 203 201 205 207 205 166 420 212 419 207 166 167 116 420 421 165 211 167 422 116 421 209 211 208 116 423 210 209 210 423 116 422 424 116 424 425 116 425 423 212 420 116 418 417 416 417 82 80 81 188 186 187 415 186 182 414 181 415 181 414 180 426 182 426 177 178 177 426 180 427 178 176 171 172 427 427 176 171 172 170 175 174 168 173 170 174 175 148 149 169 168 169 173 428 430 429 431 433 432 430 428 434 435 437 436 438 440 439 441 443 442 432 436 444 445 447 446 448 450 449 451 452 447 447 452 453 454 447 455 451 447 456 445 457 447 454 456 447 458 460 459 461 458 462 458 464 463 465 466 458 467 458 468 467 465 458 469 464 458 468 458 463 460 458 470 458 459 469 458 447 471 461 470 458 472 473 447 458 471 474 447 453 475 455 476 454 477 478 447 447 475 477 447 473 446 472 447 478 479 481 480 482 483 481 482 481 479 481 484 480 449 481 448 474 485 458 447 486 471 462 458 487 485 488 458 489 491 490 492 494 493 439 440 495 496 498 497 438 436 440 438 435 436 499 439 495 500 501 498 499 503 502 497 505 504 506 500 498 507 509 508 497 509 505 491 443 510 490 508 489 494 511 493 512 492 513 514 516 515 511 518 517 487 519 462 520 518 521 487 522 519 521 524 523 519 522 525 523 524 526 525 522 527 528 526 529 525 527 530 531 530 527 528 533 532 534 536 535 441 442 537 538 540 539 534 535 541 542 544 543 540 545 539 544 547 546 545 542 543 548 549 516 550 546 547 551 514 552 553 429 554 429 555 554 556 428 429 429 553 556 557 558 428 557 428 556 559 561 560 562 564 563 559 566 565 567 569 568 570 572 571 573 570 571 574 576 575 577 579 578 580 582 581 583 585 584 580 587 586 588 587 580 589 590 580 586 589 580 574 591 576 580 593 592 594 596 595 597 573 598 599 601 600 602 596 603 604 606 605 607 609 608 610 611 605 606 612 605 613 614 604 609 611 615 610 616 611 617 607 618 619 608 609 620 600 601 617 601 607 621 622 599 623 621 599 596 624 603 625 622 596 626 613 627 628 596 594 629 631 630 632 634 633 635 580 574 591 574 636 637 638 580 580 638 588 637 580 639 640 641 580 580 641 639 580 581 593 592 640 580 642 580 635 643 580 642 644 580 643 645 635 574 646 645 574 583 584 574 647 577 578 574 575 648 574 584 636 649 574 650 574 648 650 651 574 652 574 649 652 653 655 654 656 658 657 646 574 659 598 660 597 661 663 662 664 666 665 559 661 662 664 667 666 668 669 667 664 668 667 670 566 559 671 673 672 674 676 675 569 669 668 563 564 677 678 675 676 669 569 567 679 680 559 681 683 682 560 679 559 568 676 674 563 677 684 685 687 686 672 689 688 690 691 559 691 561 559 692 693 559 690 559 693 694 693 692 428 558 693 690 693 558 487 458 488 695 697 696 698 531 536 531 698 530 533 699 532 698 536 534 538 539 541 541 535 538 700 699 701 702 703 700 542 545 540 703 702 555 544 546 543 550 548 546 704 703 555 550 549 548 429 705 704 516 549 515 706 705 429 552 514 515 429 551 707 552 707 551 429 708 706 429 709 708 429 707 709 555 429 704 702 700 701 701 699 533 532 526 528 529 526 524 523 520 521 520 517 518 517 493 511 492 512 494 710 513 502 513 710 512 710 502 503 431 501 433 711 432 444 503 499 495 436 437 444 711 431 432 431 498 501 506 498 496 496 497 504 505 509 507 508 509 489 491 489 443 441 510 443 442 713 712 712 537 442 714 715 713 713 715 712 716 717 714 714 713 716 717 697 718 697 717 716 719 720 695 718 697 695 721 695 722 695 696 722 695 721 719 695 724 723 720 724 695 695 726 725 723 726 695 448 695 727 725 727 695 728 448 729 448 727 729 730 448 731 448 728 731 732 448 733 448 730 733 734 448 735 448 732 735 736 448 737 448 734 737 483 448 481 448 736 450 480 484 457 738 447 484 457 484 447 486 447 738 597 660 663 629 665 666 560 739 679 567 568 674 675 678 562 740 739 741 740 741 687 562 678 564 684 677 673 688 671 672 671 684 673 686 688 689 687 685 740 685 686 689 560 741 739 680 670 559 559 565 661 662 663 660 573 571 598 742 743 572 742 572 570 744 743 579 743 744 572 744 579 577 745 647 746 578 746 647 747 748 745 745 746 747 748 749 658 749 748 747 749 657 658 654 656 653 657 653 656 750 751 655 655 751 654 651 750 574 651 751 750 750 659 574 644 752 582 582 580 644 753 644 754 644 753 752 755 753 754 756 754 757 756 755 754 758 681 754 757 754 681 759 681 760 681 758 760 761 681 762 681 759 762 763 681 764 681 761 764 765 681 766 681 763 766 681 767 683 681 765 767 681 769 768 682 769 681 770 596 768 681 768 596 596 628 624 596 770 595 625 596 602 622 621 596 600 623 599 617 620 601 608 618 607 615 619 609 611 616 615 612 610 605 614 606 604 604 627 613 626 627 771 627 633 772 772 771 627 634 773 633 633 773 772 632 774 634 775 631 774 634 774 631 629 630 665 631 775 630 776 778 777 779 781 780 782 784 783 785 787 786 788 790 789 791 793 792 794 796 795 797 799 798 800 802 801 803 805 804 806 808 807 809 811 810 812 814 813 815 817 816 818 820 819 821 823 822 824 826 825 827 829 828 830 832 831 833 835 834 835 833 828 836 837 834 834 835 836 838 837 839 836 839 837 838 841 840 841 838 839 842 843 840 840 841 842 844 843 845 842 845 843 844 847 846 847 844 845 848 849 846 846 847 848 778 849 850 848 850 849 777 778 850 827 828 833 830 829 827 831 832 823 829 830 831 822 825 821 832 822 823 824 815 826 825 826 821 820 816 817 817 815 824 816 820 818 818 819 810 809 812 811 819 809 810 800 799 802 814 805 813 812 813 811 851 803 804 804 805 814 851 807 808 808 803 851 806 807 797 800 798 799 806 797 798 792 793 801 792 801 802 794 795 791 795 793 791 796 794 787 790 785 786 785 796 787 788 789 779 790 786 789 780 781 783 788 779 780 782 776 784 781 782 783 777 784 776 852 854 853 855 857 856 858 860 859 861 863 862 864 866 865 867 869 868 870 872 871 873 875 874 876 878 877 879 881 880 882 884 883 885 887 886 888 890 889 891 893 892 894 896 895 897 899 898 900 902 901 903 905 904 906 908 907 909 911 910 911 909 904 912 913 910 910 911 912 914 913 915 912 915 913 914 917 916 917 914 915 918 919 916 916 917 918 920 919 921 918 921 919 920 923 922 923 920 921 924 925 922 922 923 924 854 925 926 924 926 925 853 854 926 903 904 909 906 905 903 907 908 899 905 906 907 898 901 897 908 898 899 900 891 902 901 902 897 896 892 893 893 891 900 892 896 894 894 895 886 885 888 887 895 885 886 876 875 878 890 881 889 888 889 887 927 879 880 880 881 890 927 883 884 884 879 927 882 883 873 876 874 875 882 873 874 868 869 877 868 877 878 870 871 867 871 869 867 872 870 863 866 861 862 861 872 863 864 865 855 866 862 865 856 857 859 864 855 856 858 852 860 857 858 859 853 860 852 928 930 929 931 933 932 934 930 935 928 935 930 934 937 936 937 934 935 938 939 936 936 937 938 940 939 941 938 941 939 940 943 942 943 940 941 944 945 942 942 943 944 946 945 947 944 947 945 948 947 949 947 948 946 950 948 949 950 949 951 929 952 928 952 954 953 954 952 929 955 956 953 953 954 955 957 956 958 955 958 956 957 960 959 960 957 958 961 962 959 959 960 961 963 962 964 961 964 962 963 966 965 966 963 964 967 933 965 965 966 967 967 932 933 968 970 969 931 972 971 973 975 974 976 978 977 979 981 980 982 984 983 985 987 986 988 990 989 991 993 992 994 996 995 997 991 998 991 997 993 998 1000 999 999 997 998 1001 1002 1000 999 1000 1002 951 1003 1001 1001 1003 1002 950 951 1001 992 996 994 992 993 996 995 985 986 994 995 986 988 989 987 985 988 987 980 981 990 990 981 989 984 979 983 983 979 980 973 982 975 973 984 982 974 978 976 974 975 978 977 968 969 976 977 969 971 972 970 968 971 970 931 932 972 1004 1006 1005 1007 1009 1008 1005 1011 1010 1010 1004 1005 1012 1013 1011 1010 1011 1013 1014 1012 1015 1012 1014 1013 1015 1017 1016 1016 1014 1015 1018 1019 1017 1016 1017 1019 1020 1018 1021 1018 1020 1019 1021 1023 1022 1022 1020 1021 1024 1025 1023 1022 1023 1025 1026 1024 1027 1024 1026 1025 1004 1028 1006 1029 1028 1030 1028 1029 1006 1030 1032 1031 1031 1029 1030 1033 1034 1032 1031 1032 1034 1035 1033 1036 1033 1035 1034 1036 1038 1037 1037 1035 1036 1039 1040 1038 1037 1038 1040 1041 1039 1042 1039 1041 1040 1042 1044 1043 1043 1041 1042 1008 1009 1044 1043 1044 1009 1045 1047 1046 1048 1050 1049 1051 1053 1052 1054 1056 1055 1057 1059 1058 1060 1062 1061 1063 1065 1064 1066 1065 1067 1068 1070 1069 1071 1069 1072 1073 1068 1074 1068 1073 1070 1074 1076 1075 1075 1073 1074 1077 1078 1076 1075 1076 1078 1027 1077 1026 1077 1027 1078 1063 1071 1072 1069 1070 1072 1064 1065 1066 1071 1063 1064 1067 1058 1079 1066 1067 1079 1057 1061 1059 1058 1059 1079 1053 1062 1060 1060 1061 1057 1056 1051 1052 1051 1062 1053 1054 1055 1045 1056 1052 1055 1046 1047 1049 1054 1045 1046 1048 1007 1050 1047 1048 1049 1008 1050 1007 1080 1082 1081 1083 1085 1084 1086 1082 1087 1080 1087 1082 1086 1089 1088 1089 1086 1087 1090 1091 1088 1088 1089 1090 1092 1091 1093 1090 1093 1091 1092 1095 1094 1095 1092 1093 1096 1097 1094 1094 1095 1096 1098 1097 1099 1096 1099 1097 1098 1101 1100 1101 1098 1099 1102 1100 1101 1102 1101 1103 1081 1104 1080 1104 1106 1105 1106 1104 1081 1107 1108 1105 1105 1106 1107 1109 1108 1110 1107 1110 1108 1109 1112 1111 1112 1109 1110 1113 1114 1111 1111 1112 1113 1115 1114 1116 1113 1116 1114 1115 1118 1117 1118 1115 1116 1119 1085 1117 1117 1118 1119 1119 1084 1085 1120 1122 1121 1083 1124 1123 1125 1127 1126 1128 1130 1129 1131 1133 1132 1134 1136 1135 1137 1139 1138 1140 1142 1141 1143 1145 1144 1146 1148 1147 1149 1143 1150 1143 1149 1145 1150 1152 1151 1151 1149 1150 1153 1154 1152 1151 1152 1154 1103 1155 1153 1153 1155 1154 1102 1103 1153 1144 1148 1146 1144 1145 1148 1147 1137 1138 1146 1147 1138 1140 1141 1139 1137 1140 1139 1132 1133 1142 1142 1133 1141 1136 1131 1135 1135 1131 1132 1125 1134 1127 1125 1136 1134 1126 1130 1128 1126 1127 1130 1129 1120 1121 1128 1129 1121 1123 1124 1122 1120 1123 1122 1083 1084 1124 1156 1158 1157 1159 1161 1160 1157 1163 1162 1162 1156 1157 1164 1165 1163 1162 1163 1165 1166 1164 1167 1164 1166 1165 1167 1169 1168 1168 1166 1167 1170 1171 1169 1168 1169 1171 1172 1170 1173 1170 1172 1171 1173 1175 1174 1174 1172 1173 1176 1177 1175 1174 1175 1177 1178 1176 1179 1176 1178 1177 1156 1180 1158 1181 1180 1182 1180 1181 1158 1182 1184 1183 1183 1181 1182 1185 1186 1184 1183 1184 1186 1187 1185 1188 1185 1187 1186 1188 1190 1189 1189 1187 1188 1191 1192 1190 1189 1190 1192 1193 1191 1194 1191 1193 1192 1194 1196 1195 1195 1193 1194 1160 1161 1196 1195 1196 1161 1197 1199 1198 1200 1202 1201 1203 1205 1204 1206 1208 1207 1209 1211 1210 1212 1214 1213 1215 1217 1216 1218 1217 1219 1220 1222 1221 1223 1221 1224 1225 1220 1226 1220 1225 1222 1226 1228 1227 1227 1225 1226 1229 1230 1228 1227 1228 1230 1179 1229 1178 1229 1179 1230 1215 1223 1224 1221 1222 1224 1216 1217 1218 1223 1215 1216 1219 1210 1231 1218 1219 1231 1209 1213 1211 1210 1211 1231 1205 1214 1212 1212 1213 1209 1208 1203 1204 1203 1214 1205 1206 1207 1197 1208 1204 1207 1198 1199 1201 1206 1197 1198 1200 1159 1202 1199 1200 1201 1160 1202 1159 1232 1234 1233 1232 1235 1234 1236 1238 1237 1239 1241 1240 1242 1244 1243 1245 1247 1246 1248 1250 1249 1251 1253 1252 1254 1256 1255 1257 1259 1258 1260 1262 1261 1263 1265 1264 1266 1268 1267 1269 1271 1270 1272 1274 1273 1275 1277 1276 1278 1280 1279 1281 1283 1282 1284 1286 1285 1287 1280 1288 1289 1291 1290 1292 1294 1293 1289 1290 1295 1295 1297 1296 1296 1289 1295 1298 1299 1297 1296 1297 1299 1300 1298 1301 1298 1300 1299 1301 1303 1302 1302 1300 1301 1304 1305 1303 1302 1303 1305 1306 1304 1307 1304 1306 1305 1307 1309 1308 1308 1306 1307 1309 1240 1310 1308 1309 1310 1290 1291 1292 1309 1239 1240 1282 1283 1278 1288 1286 1284 1285 1293 1294 1294 1292 1291 1286 1293 1285 1279 1280 1287 1287 1288 1284 1279 1282 1278 1260 1261 1264 1281 1272 1283 1265 1260 1264 1274 1277 1273 1281 1274 1272 1271 1262 1270 1276 1267 1275 1277 1275 1273 1269 1268 1266 1266 1267 1276 1270 1268 1269 1261 1262 1271 1263 1256 1254 1263 1254 1265 1259 1257 1255 1259 1255 1256 1248 1249 1258 1249 1257 1258 1252 1250 1251 1250 1248 1251 1244 1253 1243 1252 1253 1244 1243 1245 1242 1246 1247 1237 1242 1245 1246 1236 1241 1238 1247 1236 1237 1239 1311 1241 1241 1311 1238 1312 1314 1313 1315 1317 1316 1318 1320 1319 1321 1323 1322 1324 1326 1325 1327 1329 1328 1330 1332 1331 1333 1335 1334 1336 1338 1337 1339 1341 1340 1342 1344 1343 1345 1347 1346 1348 1350 1349 1351 1353 1352 1354 1356 1355 1357 1359 1358 1360 1362 1361 1363 1356 1364 1365 1367 1366 1368 1370 1369 1365 1366 1371 1371 1373 1372 1372 1365 1371 1374 1375 1373 1372 1373 1375 1376 1374 1377 1374 1376 1375 1377 1379 1378 1378 1376 1377 1380 1381 1379 1378 1379 1381 1382 1380 1383 1380 1382 1381 1384 1383 1385 1384 1382 1383 1386 1316 1385 1385 1383 1386 1366 1367 1368 1386 1315 1316 1358 1359 1354 1364 1362 1360 1361 1369 1370 1370 1368 1367 1362 1369 1361 1355 1356 1363 1363 1364 1360 1355 1358 1354 1336 1337 1340 1357 1348 1359 1341 1336 1340 1350 1353 1349 1357 1350 1348 1347 1338 1346 1352 1343 1351 1353 1351 1349 1345 1344 1342 1342 1343 1352 1346 1344 1345 1337 1338 1347 1339 1332 1330 1339 1330 1341 1335 1333 1331 1335 1331 1332 1324 1325 1334 1325 1333 1334 1328 1326 1327 1326 1324 1327 1320 1329 1319 1328 1329 1320 1319 1321 1318 1322 1323 1313 1318 1321 1322 1312 1317 1314 1323 1312 1313 1315 1387 1317 1317 1387 1314 1388 1390 1389 1390 1388 1391 1392 1394 1393 1395 1397 1396 1398 1400 1399 1401 1402 1396 1403 1404 1396 1396 1404 1395 1405 1406 1396 1396 1406 1403 1407 1408 1396 1396 1408 1405 1409 1410 1396 1396 1410 1407 1396 1402 1409 1411 1412 1396 1401 1396 1412 1393 1394 1413 1414 1415 1392 1416 1417 1413 1393 1413 1417 1418 1419 1411 1420 1416 1421 1416 1420 1417 1422 1420 1421 1423 1425 1424 1426 1428 1427 1429 1431 1430 1432 1434 1433 1429 1436 1435 1437 1439 1438 1440 1441 1439 1442 1443 1400 1400 1443 1435 1444 1445 1400 1400 1445 1442 1446 1447 1400 1400 1447 1444 1399 1400 1448 1400 1398 1446 1449 1448 1396 1400 1396 1448 1397 1449 1396 1394 1392 1415 1435 1431 1429 1450 1412 1411 1414 1451 1415 1451 1453 1452 1453 1451 1414 1454 1450 1452 1452 1453 1454 1454 1412 1450 1455 1456 1411 1411 1456 1450 1457 1458 1411 1411 1419 1455 1459 1460 1411 1411 1460 1418 1461 1462 1411 1411 1462 1459 1463 1464 1411 1411 1464 1461 1411 1458 1463 1411 1465 1457 1439 1466 1411 1465 1411 1466 1467 1468 1439 1439 1468 1466 1432 1430 1431 1400 1435 1436 1439 1441 1467 1469 1470 1439 1439 1470 1440 1438 1439 1436 1439 1437 1469 1439 1400 1436 1471 1433 1434 1433 1430 1432 1425 1423 1471 1471 1434 1425 1423 1424 1428 1427 1422 1426 1424 1427 1428 1421 1426 1422 1472 1474 1473 1475 1477 1476 1472 1479 1478 1480 1482 1481 1483 1485 1484 1486 1488 1487 1489 1490 1484 1491 1492 1487 1493 1488 1486 1494 1496 1495 1487 1497 1491 1498 1496 1499 1494 1499 1496 1498 1501 1500 1501 1498 1499 1502 1503 1500 1500 1501 1502 1504 1503 1505 1502 1505 1503 1504 1507 1506 1507 1504 1505 1508 1509 1506 1506 1507 1508 1510 1509 1511 1508 1511 1509 1510 1513 1512 1513 1510 1511 1514 1515 1512 1512 1513 1514 1516 1515 1517 1514 1517 1515 1516 1519 1518 1519 1516 1517 1520 1521 1518 1518 1519 1520 1522 1521 1523 1520 1523 1521 1522 1525 1524 1525 1522 1523 1524 1525 1526 1527 1529 1528 1530 1532 1531 1533 1535 1534 1536 1538 1537 1539 1540 1532 1536 1542 1541 1542 1536 1537 1543 1544 1541 1541 1542 1543 1545 1544 1546 1543 1546 1544 1545 1548 1547 1548 1545 1546 1549 1550 1547 1547 1548 1549 1551 1550 1552 1549 1552 1550 1551 1554 1553 1554 1551 1552 1555 1556 1553 1553 1554 1555 1557 1556 1558 1555 1558 1556 1557 1560 1559 1560 1557 1558 1561 1562 1559 1559 1560 1561 1563 1562 1564 1561 1564 1562 1563 1566 1565 1566 1563 1564 1567 1568 1565 1565 1566 1567 1569 1568 1570 1567 1570 1568 1569 1572 1571 1572 1569 1570 1573 1476 1571 1571 1572 1573 1574 1576 1575 1573 1475 1476 1577 1579 1578 1580 1582 1581 1583 1585 1584 1586 1588 1587 1589 1591 1590 1592 1594 1593 1595 1597 1596 1598 1600 1599 1601 1603 1602 1604 1606 1605 1607 1609 1608 1610 1612 1611 1613 1615 1614 1616 1618 1617 1619 1621 1620 1622 1624 1623 1625 1627 1626 1628 1630 1629 1631 1633 1632 1633 1631 1634 1632 1636 1635 1635 1631 1632 1637 1638 1636 1635 1636 1638 1639 1637 1640 1637 1639 1638 1640 1642 1641 1641 1639 1640 1643 1644 1642 1641 1642 1644 1645 1643 1646 1643 1645 1644 1646 1648 1647 1647 1645 1646 1649 1650 1648 1647 1648 1650 1526 1649 1524 1649 1526 1650 1626 1634 1625 1633 1634 1626 1628 1629 1627 1625 1628 1627 1620 1621 1630 1630 1621 1629 1651 1653 1652 1654 1619 1620 1655 1657 1656 1656 1657 1658 1659 1661 1660 1662 1613 1614 1663 1616 1617 1664 1666 1665 1667 1611 1612 1668 1608 1609 1602 1603 1669 1669 1603 1670 1606 1601 1605 1605 1601 1602 1595 1604 1597 1595 1606 1604 1596 1600 1598 1596 1597 1600 1599 1589 1590 1598 1599 1590 1592 1593 1591 1589 1592 1591 1584 1585 1594 1594 1585 1593 1588 1583 1587 1587 1583 1584 1577 1586 1579 1577 1588 1586 1578 1582 1580 1578 1579 1582 1581 1576 1574 1580 1581 1574 1477 1475 1575 1576 1477 1575 1478 1479 1671 1480 1671 1672 1484 1490 1483 1488 1673 1484 1484 1673 1489 1480 1672 1482 1674 1675 1481 1676 1678 1677 1488 1493 1673 1675 1679 1676 1678 1676 1679 1492 1680 1487 1487 1680 1486 1681 1682 1677 1494 1495 1683 1487 1494 1497 1684 1686 1685 1494 1683 1497 1687 1684 1685 1686 1684 1682 1485 1483 1688 1689 1691 1690 1692 1694 1693 1689 1485 1688 1691 1695 1690 1696 1697 1528 1698 1699 1695 1535 1701 1700 1702 1699 1698 1703 1704 1530 1705 1699 1702 1706 1707 1539 1708 1709 1699 1701 1711 1710 1699 1709 1538 1699 1705 1708 1699 1690 1695 1485 1689 1690 1712 1713 1661 1714 1659 1660 1609 1607 1617 1617 1607 1663 1665 1714 1660 1666 1664 1715 1716 1718 1717 1609 1611 1668 1718 1716 1715 1717 1720 1719 1719 1720 1721 1611 1667 1668 1722 1724 1723 1610 1611 1725 1721 1727 1726 1728 1726 1727 1669 1729 1611 1725 1611 1729 1726 1728 1723 1670 1729 1669 1730 1618 1731 1732 1734 1733 1735 1737 1736 1738 1732 1733 1736 1618 1730 1735 1739 1737 1740 1742 1741 1743 1745 1744 1737 1739 1741 1746 1748 1747 1749 1744 1746 1741 1742 1750 1750 1751 1741 1654 1751 1651 1752 1748 1746 1619 1654 1652 1741 1751 1654 1741 1739 1740 1618 1736 1737 1616 1731 1618 1753 1734 1754 1755 1757 1756 1754 1756 1753 1757 1755 1758 1665 1666 1714 1759 1758 1760 1718 1715 1664 1717 1719 1716 1759 1760 1761 1759 1761 1762 1727 1721 1720 1724 1670 1763 1722 1729 1724 1728 1722 1723 1763 1759 1764 1670 1724 1729 1759 1763 1670 1759 1762 1764 1759 1757 1758 1753 1756 1757 1659 1712 1661 1733 1734 1753 1713 1712 1662 1662 1614 1713 1744 1745 1733 1733 1745 1738 1615 1613 1655 1655 1656 1615 1658 1766 1765 1744 1749 1743 1766 1658 1657 1767 1765 1766 1767 1624 1765 1746 1747 1749 1624 1767 1623 1622 1623 1653 1619 1652 1746 1746 1652 1752 1651 1622 1653 1654 1651 1652 1768 1769 1694 1479 1672 1671 1769 1768 1770 1771 1773 1772 1770 1771 1769 1482 1674 1481 1772 1773 1774 1679 1675 1674 1775 1777 1776 1678 1681 1677 1774 1777 1772 1681 1686 1682 1778 1777 1775 1683 1495 1779 1778 1779 1777 1683 1779 1687 1685 1683 1687 1777 1779 1495 1777 1774 1776 1769 1771 1772 1769 1693 1694 1478 1474 1472 1533 1780 1693 1693 1780 1692 1473 1474 1697 1697 1696 1473 1528 1529 1696 1533 1534 1780 1527 1781 1529 1701 1535 1533 1781 1527 1704 1704 1703 1781 1530 1531 1703 1701 1710 1700 1701 1783 1782 1701 1782 1711 1531 1532 1540 1707 1706 1709 1706 1538 1709 1701 1537 1783 1538 1706 1537 1537 1706 1783 1707 1540 1539 1784 1786 1785 1787 1789 1788 1790 1792 1791 1793 1795 1794 1796 1798 1797 1799 1801 1800 1802 1798 1803 1796 1803 1798 1802 1805 1804 1805 1802 1803 1806 1807 1804 1804 1805 1806 1808 1807 1809 1806 1809 1807 1808 1811 1810 1811 1808 1809 1812 1813 1810 1810 1811 1812 1814 1813 1815 1812 1815 1813 1814 1817 1816 1817 1814 1815 1818 1819 1816 1816 1817 1818 1820 1819 1821 1818 1821 1819 1820 1823 1822 1823 1820 1821 1824 1825 1822 1822 1823 1824 1826 1825 1827 1824 1827 1825 1826 1829 1828 1829 1826 1827 1830 1831 1828 1828 1829 1830 1832 1831 1833 1830 1833 1831 1832 1835 1834 1835 1832 1833 1834 1835 1836 1837 1839 1838 1840 1842 1841 1843 1839 1837 1844 1846 1845 1847 1849 1848 1850 1852 1851 1847 1848 1853 1854 1856 1855 1851 1857 1850 1858 1860 1859 1861 1855 1856 1858 1863 1862 1863 1858 1859 1864 1865 1862 1862 1863 1864 1866 1865 1867 1864 1867 1865 1866 1869 1868 1869 1866 1867 1870 1871 1868 1868 1869 1870 1872 1871 1873 1870 1873 1871 1872 1875 1874 1875 1872 1873 1876 1877 1874 1874 1875 1876 1878 1877 1879 1876 1879 1877 1878 1881 1880 1881 1878 1879 1882 1883 1880 1880 1881 1882 1884 1883 1885 1882 1885 1883 1884 1887 1886 1887 1884 1885 1888 1788 1886 1886 1887 1888 1889 1891 1890 1888 1787 1788 1892 1894 1893 1895 1897 1896 1898 1900 1899 1901 1903 1902 1904 1906 1905 1907 1909 1908 1910 1912 1911 1913 1915 1914 1916 1918 1917 1919 1921 1920 1922 1924 1923 1925 1927 1926 1928 1930 1929 1931 1933 1932 1934 1936 1935 1937 1939 1938 1940 1942 1941 1943 1945 1944 1946 1948 1947 1948 1946 1949 1947 1951 1950 1950 1946 1947 1952 1953 1951 1950 1951 1953 1954 1952 1955 1952 1954 1953 1955 1957 1956 1956 1954 1955 1958 1959 1957 1956 1957 1959 1960 1958 1961 1958 1960 1959 1961 1963 1962 1962 1960 1961 1964 1965 1963 1962 1963 1965 1836 1964 1834 1964 1836 1965 1941 1949 1940 1948 1949 1941 1943 1944 1942 1940 1943 1942 1935 1936 1945 1945 1936 1944 1939 1934 1938 1938 1934 1935 1928 1937 1930 1928 1939 1937 1966 1968 1967 1929 1930 1969 1970 1972 1971 1973 1975 1974 1976 1978 1977 1979 1981 1980 1982 1979 1980 1983 1985 1984 1986 1918 1916 1910 1987 1912 1910 1988 1987 1911 1915 1913 1911 1912 1915 1914 1904 1905 1913 1914 1905 1907 1908 1906 1904 1907 1906 1899 1900 1909 1909 1900 1908 1903 1898 1902 1902 1898 1899 1892 1901 1894 1892 1903 1901 1893 1897 1895 1893 1894 1897 1896 1891 1889 1895 1896 1889 1789 1787 1890 1891 1789 1890 1989 1849 1990 1991 1993 1992 1994 1842 1840 1992 1989 1990 1991 1995 1993 1995 1997 1996 1998 1793 1794 1999 1996 1997 1999 2000 1996 2001 2002 1792 2003 2004 1797 2005 2004 2006 1801 2007 1800 2008 2009 1791 2003 1996 2010 1796 1797 2005 1996 2003 1797 1996 2000 2010 1996 1993 1995 1989 1992 1993 2011 1843 2012 1848 1849 1989 2013 2015 2014 2016 2015 2013 1851 1852 1848 1848 1852 1853 1844 2016 2013 1845 1846 2017 2018 2020 2019 1851 1856 1857 2017 2020 2018 2019 2022 2021 1854 2023 1856 1856 2023 1857 2024 2025 2022 2026 2025 2024 2027 2028 2026 1856 1859 1861 2027 2026 2024 1860 1861 1859 2029 2030 1923 2031 2032 1982 2030 2029 2033 2034 2036 2035 2037 2038 1926 2034 2030 2033 2039 2041 2040 2042 2043 1986 2044 2035 2036 2035 2044 2039 2045 1985 1983 2046 2048 2047 2049 2039 2040 1920 2050 1987 1919 1920 2051 2051 2039 2049 2052 2054 2053 2039 2051 1988 2039 2044 2041 2030 2034 2035 2030 1922 1923 1977 2032 2055 1975 2056 1922 1922 2056 1924 1977 2055 1976 2057 2058 1978 1972 2058 1971 1975 1973 2056 2059 1974 1968 1968 1974 1975 2060 2062 2061 2063 2061 2064 1968 1966 2059 1968 2066 2065 1968 2065 1967 2063 2064 1932 1968 1929 2066 1969 2067 1929 1929 2067 2066 1932 1933 2063 1970 2060 1972 2032 2031 2055 1982 1980 2031 1926 2038 1925 2047 2068 1926 1926 2068 2037 1981 1979 2043 2043 2042 1981 1986 1916 2042 2047 2048 2068 2069 2046 2052 2052 2046 2047 1917 1918 2045 2045 1983 1917 1984 1985 1921 2052 2053 2069 1987 2050 2052 2052 2050 2054 1984 1921 1919 1987 1988 1920 2051 1920 1988 1927 1925 2070 2071 2073 2072 2070 2071 1927 1976 2057 1978 2072 2073 2074 1971 2058 2057 2075 2076 2074 1970 2062 2060 2077 2076 2075 2062 2064 2061 2076 2077 2078 2079 2067 1969 2067 2080 1931 1933 1931 2080 2079 2076 2081 2067 2079 2080 2076 2079 1969 2076 2078 2081 2076 2072 2074 1927 2071 2072 2012 2014 2011 1843 1837 2012 1794 1795 1840 1840 1795 1994 1838 1839 1785 1785 1786 1838 2082 1786 1784 1794 1801 1998 2082 1784 2002 2002 2001 2082 1792 1790 2001 1801 1799 1998 2009 1790 1791 2006 2083 2008 1801 2005 2084 1801 2084 2007 2008 2083 2009 1797 2004 2005 1801 1796 2005 2004 2083 2006 2085 1841 2086 2014 2015 2011 2087 2089 2088 2085 2088 1841 2089 2087 2090 1844 1845 2016 2091 2093 2092 2020 2017 1846 2089 2090 2093 2022 2025 2021 2019 2021 2018 2093 2091 2094 2093 2094 2095 1860 2028 1861 2027 1861 2028 2093 2095 1860 1860 2095 2028 2093 2090 2092 1841 2088 2089 1842 2086 1841 2096 2098 2097 2099 2101 2100 2102 2103 2098 2097 2098 2103 2104 2102 2105 2102 2104 2103 2105 2107 2106 2106 2104 2105 2108 2109 2107 2106 2107 2109 2110 2108 2111 2108 2110 2109 2111 2113 2112 2112 2110 2111 2114 2115 2113 2112 2113 2115 2116 2114 2117 2114 2116 2115 2118 2116 2117 2118 2117 2119 2097 2120 2096 2121 2120 2122 2120 2121 2096 2122 2124 2123 2123 2121 2122 2125 2126 2124 2123 2124 2126 2127 2125 2128 2125 2127 2126 2128 2130 2129 2129 2127 2128 2131 2132 2130 2129 2130 2132 2133 2131 2134 2131 2133 2132 2134 2136 2135 2135 2133 2134 2135 2136 2100 2137 2139 2138 2136 2099 2100 2140 2142 2141 2143 2145 2144 2146 2148 2147 2149 2151 2150 2152 2154 2153 2155 2157 2156 2158 2160 2159 2161 2163 2162 2164 2166 2165 2158 2165 2166 2164 2168 2167 2168 2164 2165 2169 2170 2167 2167 2168 2169 2119 2170 2171 2169 2171 2170 2118 2119 2171 2159 2160 2163 2158 2166 2160 2161 2162 2153 2159 2163 2161 2152 2155 2154 2162 2152 2153 2157 2148 2156 2155 2156 2154 2150 2146 2147 2147 2148 2157 2140 2151 2149 2151 2146 2150 2141 2142 2145 2140 2149 2142 2143 2144 2137 2141 2145 2143 2139 2101 2138 2144 2139 2137 2099 2138 2101 2172 2174 2173 2175 2177 2176 2178 2179 2174 2173 2174 2179 2180 2178 2181 2178 2180 2179 2181 2183 2182 2182 2180 2181 2184 2185 2183 2182 2183 2185 2186 2184 2187 2184 2186 2185 2187 2189 2188 2188 2186 2187 2190 2191 2189 2188 2189 2191 2192 2190 2193 2190 2192 2191 2194 2192 2193 2194 2193 2195 2173 2196 2172 2197 2196 2198 2196 2197 2172 2198 2200 2199 2199 2197 2198 2201 2202 2200 2199 2200 2202 2203 2201 2204 2201 2203 2202 2204 2206 2205 2205 2203 2204 2207 2208 2206 2205 2206 2208 2209 2207 2210 2207 2209 2208 2210 2212 2211 2211 2209 2210 2211 2212 2176 2213 2215 2214 2212 2175 2176 2216 2218 2217 2219 2221 2220 2222 2224 2223 2225 2227 2226 2228 2230 2229 2231 2233 2232 2234 2236 2235 2237 2239 2238 2240 2242 2241 2234 2241 2242 2240 2244 2243 2244 2240 2241 2245 2246 2243 2243 2244 2245 2195 2246 2247 2245 2247 2246 2194 2195 2247 2235 2236 2239 2234 2242 2236 2237 2238 2229 2235 2239 2237 2228 2231 2230 2238 2228 2229 2233 2224 2232 2231 2232 2230 2226 2222 2223 2223 2224 2233 2216 2227 2225 2227 2222 2226 2217 2218 2221 2216 2225 2218 2219 2220 2213 2217 2221 2219 2215 2177 2214 2220 2215 2213 2175 2214 2177 2248 2250 2249 2251 2253 2252 2254 2255 2250 2249 2250 2255 2256 2254 2257 2254 2256 2255 2257 2259 2258 2258 2256 2257 2260 2261 2259 2258 2259 2261 2262 2260 2263 2260 2262 2261 2263 2265 2264 2264 2262 2263 2266 2267 2265 2264 2265 2267 2268 2266 2269 2266 2268 2267 2270 2268 2269 2270 2269 2271 2249 2272 2248 2273 2272 2274 2272 2273 2248 2274 2276 2275 2275 2273 2274 2277 2278 2276 2275 2276 2278 2279 2277 2280 2277 2279 2278 2280 2282 2281 2281 2279 2280 2283 2284 2282 2281 2282 2284 2285 2283 2286 2283 2285 2284 2286 2288 2287 2287 2285 2286 2287 2288 2252 2289 2291 2290 2288 2251 2252 2292 2294 2293 2295 2297 2296 2298 2300 2299 2301 2303 2302 2304 2306 2305 2307 2309 2308 2310 2312 2311 2313 2315 2314 2316 2318 2317 2310 2317 2318 2316 2320 2319 2320 2316 2317 2321 2322 2319 2319 2320 2321 2271 2322 2323 2321 2323 2322 2270 2271 2323 2311 2312 2315 2310 2318 2312 2313 2314 2305 2311 2315 2313 2304 2307 2306 2314 2304 2305 2309 2300 2308 2307 2308 2306 2302 2298 2299 2299 2300 2309 2292 2303 2301 2303 2298 2302 2293 2294 2297 2292 2301 2294 2295 2296 2289 2293 2297 2295 2291 2253 2290 2296 2291 2289 2251 2290 2253 2324 2326 2325 2327 2329 2328 2330 2331 2326 2325 2326 2331 2332 2330 2333 2330 2332 2331 2333 2335 2334 2334 2332 2333 2336 2337 2335 2334 2335 2337 2338 2336 2339 2336 2338 2337 2339 2341 2340 2340 2338 2339 2342 2343 2341 2340 2341 2343 2344 2342 2345 2342 2344 2343 2346 2344 2345 2346 2345 2347 2325 2348 2324 2349 2348 2350 2348 2349 2324 2350 2352 2351 2351 2349 2350 2353 2354 2352 2351 2352 2354 2355 2353 2356 2353 2355 2354 2356 2358 2357 2357 2355 2356 2359 2360 2358 2357 2358 2360 2361 2359 2362 2359 2361 2360 2362 2364 2363 2363 2361 2362 2363 2364 2328 2365 2367 2366 2364 2327 2328 2368 2370 2369 2371 2373 2372 2374 2376 2375 2377 2379 2378 2380 2382 2381 2383 2385 2384 2386 2388 2387 2389 2391 2390 2392 2394 2393 2386 2393 2394 2392 2396 2395 2396 2392 2393 2397 2398 2395 2395 2396 2397 2347 2398 2399 2397 2399 2398 2346 2347 2399 2387 2388 2391 2386 2394 2388 2389 2390 2381 2387 2391 2389 2380 2383 2382 2390 2380 2381 2385 2376 2384 2383 2384 2382 2378 2374 2375 2375 2376 2385 2368 2379 2377 2379 2374 2378 2369 2370 2373 2368 2377 2370 2371 2372 2365 2369 2373 2371 2367 2329 2366 2372 2367 2365 2327 2366 2329 2400 2402 2401 2403 2405 2404 2406 2408 2407 2409 2411 2410 2412 2413 2410 2414 2416 2415 2417 2419 2418 2420 2422 2421 2423 2425 2424 2403 2416 2414 2426 2428 2427 2429 2431 2430 2432 2434 2433 2435 2432 2433 2434 2437 2436 2433 2434 2436 2438 2439 2412 2437 2440 2436 2440 2412 2441 2442 2410 2443 2410 2413 2443 2444 2410 2445 2410 2442 2445 2446 2410 2447 2410 2444 2447 2448 2410 2449 2410 2446 2449 2450 2410 2451 2410 2448 2451 2411 2452 2410 2410 2450 2409 2410 2453 2418 2452 2453 2410 2454 2456 2455 2410 2418 2419 2457 2459 2458 2460 2462 2461 2459 2464 2463 2459 2457 2464 2465 2421 2466 2419 2468 2467 2458 2469 2457 2470 2472 2471 2467 2470 2419 2473 2475 2474 2476 2472 2477 2478 2480 2479 2481 2483 2482 2484 2486 2485 2487 2489 2488 2464 2420 2463 2490 2491 2415 2422 2466 2421 2492 2493 2469 2469 2458 2492 2493 2494 2460 2494 2493 2492 2462 2495 2461 2494 2462 2460 2496 2497 2495 2461 2495 2497 2496 2456 2498 2498 2497 2496 2455 2499 2454 2456 2454 2498 2499 2417 2418 2455 2417 2499 2500 2419 2501 2419 2417 2501 2502 2419 2503 2419 2500 2503 2504 2419 2505 2419 2502 2505 2506 2419 2507 2419 2504 2507 2508 2419 2509 2419 2506 2509 2510 2419 2511 2419 2508 2511 2468 2419 2510 2477 2472 2470 2406 2512 2408 2513 2424 2514 2424 2515 2514 2516 2424 2517 2424 2513 2517 2518 2424 2519 2424 2516 2519 2520 2424 2521 2424 2518 2521 2424 2522 2423 2424 2520 2522 2424 2524 2523 2425 2524 2424 2525 2527 2526 2424 2523 2412 2528 2407 2408 2529 2512 2530 2406 2530 2512 2531 2533 2532 2529 2530 2534 2523 2535 2412 2490 2486 2491 2416 2490 2415 2484 2485 2536 2491 2486 2484 2489 2487 2536 2536 2485 2489 2479 2487 2488 2482 2480 2478 2478 2479 2488 2481 2473 2483 2482 2483 2480 2475 2476 2474 2481 2475 2473 2424 2419 2471 2474 2476 2477 2471 2419 2470 2515 2424 2537 2424 2471 2537 2538 2414 2463 2539 2541 2540 2528 2527 2542 2542 2407 2528 2526 2543 2525 2527 2525 2542 2543 2535 2523 2526 2535 2543 2544 2412 2545 2412 2535 2545 2435 2426 2432 2412 2544 2438 2437 2413 2440 2546 2412 2547 2412 2439 2547 2548 2412 2549 2412 2546 2549 2413 2412 2440 2550 2412 2551 2412 2548 2551 2552 2412 2553 2412 2550 2553 2554 2412 2552 2412 2554 2441 2428 2429 2427 2435 2428 2426 2430 2431 2555 2427 2429 2430 2539 2540 2555 2555 2431 2539 2402 2540 2541 2465 2400 2401 2401 2402 2541 2420 2464 2422 2465 2466 2400 2538 2403 2414 2463 2420 2538 2405 2532 2404 2538 2405 2403 2533 2531 2534 2404 2532 2533 2529 2534 2531 2556 2558 2557 2559 2561 2560 2561 2562 2560 2561 2564 2563 2565 2561 2563 2562 2561 2566 2567 2569 2568 2561 2569 2570 2571 2569 2572 2569 2574 2573 2575 2569 2576 2577 2569 2575 2569 2578 2572 2569 2577 2578 2574 2569 2579 2579 2569 2571 2569 2567 2580 2573 2568 2569 2580 2570 2569 2581 2561 2582 2561 2565 2566 2583 2584 2561 2559 2585 2561 2561 2585 2586 2583 2561 2586 2570 2582 2561 2581 2564 2561 2587 2588 2582 2582 2570 2587 2589 2588 2590 2587 2590 2588 2589 2592 2591 2592 2589 2590 2593 2594 2591 2591 2592 2593 2595 2594 2596 2593 2596 2594 2595 2598 2597 2598 2595 2596 2557 2558 2597 2597 2598 2557 2558 2556 2599 2600 2602 2601 2603 2605 2604 2600 2607 2606 2601 2607 2600 2608 2600 2609 2600 2606 2609 2610 2611 2600 2610 2600 2608 2600 2613 2612 2611 2613 2600 2614 2600 2615 2600 2612 2615 2616 2617 2600 2616 2600 2614 2600 2619 2618 2617 2619 2600 2620 2600 2621 2600 2618 2621 2622 2603 2600 2622 2600 2620 2600 2603 2604 2623 2625 2624 2624 2627 2626 2624 2629 2628 2623 2624 2628 2624 2631 2630 2629 2624 2630 2624 2633 2632 2631 2624 2632 2624 2635 2634 2633 2624 2634 2624 2637 2636 2635 2624 2636 2624 2639 2638 2637 2624 2638 2624 2641 2640 2639 2624 2640 2624 2643 2642 2641 2624 2642 2627 2624 2605 2643 2624 2626 2603 2627 2605 2644 2646 2645 2644 2645 2647 2648 2650 2649 2651 2653 2652 2654 2655 2648 2648 2655 2650 2656 2648 2657 2656 2654 2648 2648 2659 2658 2657 2648 2658 2660 2661 2648 2648 2661 2659 2662 2648 2663 2662 2660 2648 2648 2665 2664 2663 2648 2664 2666 2667 2648 2648 2667 2665 2668 2648 2669 2668 2666 2648 2648 2651 2670 2669 2648 2670 2671 2651 2648 2653 2651 2671 2672 2674 2673 2652 2653 2674 2674 2676 2675 2672 2676 2674 2674 2678 2677 2675 2678 2674 2674 2680 2679 2677 2680 2674 2674 2682 2681 2679 2682 2674 2674 2684 2683 2681 2684 2674 2674 2686 2685 2683 2686 2674 2674 2688 2687 2685 2688 2674 2674 2690 2689 2687 2690 2674 2652 2674 2691 2689 2691 2674 2692 2694 2693 2695 2697 2696 2697 2698 2696 2697 2700 2699 2701 2697 2699 2698 2697 2702 2703 2705 2704 2697 2705 2706 2707 2705 2708 2705 2710 2709 2711 2705 2712 2713 2705 2711 2705 2714 2708 2705 2713 2714 2710 2705 2715 2715 2705 2707 2705 2703 2716 2709 2704 2705 2716 2706 2705 2717 2697 2718 2697 2701 2702 2719 2720 2697 2695 2721 2697 2697 2721 2722 2719 2697 2722 2706 2718 2697 2717 2700 2697 2723 2724 2718 2718 2706 2723 2725 2724 2726 2723 2726 2724 2725 2728 2727 2728 2725 2726 2729 2730 2727 2727 2728 2729 2731 2730 2732 2729 2732 2730 2731 2734 2733 2734 2731 2732 2693 2694 2733 2733 2734 2693 2694 2692 2735 2736 2738 2737 2738 2736 2739 2740 2742 2741 2743 2745 2744 2746 2748 2747 2749 2751 2750 2752 2754 2753 2755 2757 2756 2758 2760 2759 2761 2763 2762 2764 2766 2765 2758 2765 2766 2764 2768 2767 2768 2764 2765 2769 2770 2767 2767 2768 2769 2760 2758 2766 2769 2771 2770 2763 2759 2760 2761 2762 2753 2759 2763 2761 2752 2755 2754 2762 2752 2753 2756 2754 2755 2748 2757 2747 2748 2756 2757 2746 2749 2750 2746 2747 2749 2751 2740 2741 2750 2751 2741 2745 2743 2742 2740 2745 2742 2772 2774 2773 2775 2777 2776 2778 2780 2779 2781 2783 2782 2784 2786 2785 2787 2789 2788 2790 2792 2791 2793 2795 2794 2796 2798 2797 2790 2797 2798 2796 2800 2799 2800 2796 2797 2801 2802 2799 2799 2800 2801 2790 2798 2792 2801 2803 2802 2789 2780 2788 2792 2795 2791 2794 2785 2793 2795 2793 2791 2787 2786 2784 2784 2785 2794 2788 2786 2787 2778 2779 2781 2780 2789 2779 2782 2783 2773 2778 2781 2782 2772 2777 2774 2783 2772 2773 2775 2774 2777 2804 2806 2805 2805 2807 2804 2808 2810 2809 2809 2811 2808 2812 2814 2813 2812 2813 2815 2816 2818 2817 2816 2820 2819 2819 2818 2816 2821 2820 2822 2820 2821 2819 2823 2824 2822 2821 2822 2824 2823 2826 2825 2825 2824 2823 2827 2826 2828 2826 2827 2825 2829 2830 2828 2827 2828 2830 2829 2832 2831 2831 2830 2829 2833 2832 2834 2832 2833 2831 2835 2836 2834 2833 2834 2836 2837 2836 2835 2838 2817 2818 2839 2840 2838 2817 2838 2840 2839 2842 2841 2841 2840 2839 2843 2842 2844 2842 2843 2841 2845 2846 2844 2843 2844 2846 2845 2848 2847 2847 2846 2845 2849 2848 2850 2848 2849 2847 2851 2852 2850 2849 2850 2852 2851 2854 2853 2853 2852 2851 2855 2854 2856 2854 2855 2853 2855 2856 2857 2858 2860 2859 2860 2862 2861 2862 2860 2858 2863 2861 2864 2862 2864 2861 2865 2866 2863 2863 2864 2865 2867 2866 2868 2868 2866 2865 2859 2869 2858 2870 2871 2867 2867 2868 2870 2871 2873 2872 2873 2871 2870 2874 2872 2875 2873 2875 2872 2876 2877 2874 2874 2875 2876 2878 2877 2876 2878 2879 2877 2880 2869 2859 2881 2882 2880 2869 2880 2882 2881 2884 2883 2883 2882 2881 2885 2884 2886 2884 2885 2883 2887 2888 2886 2885 2886 2888 2887 2890 2889 2889 2888 2887 2891 2890 2892 2890 2891 2889 2893 2894 2892 2891 2892 2894 2893 2896 2895 2895 2894 2893 2897 2896 2898 2896 2897 2895 2897 2898 2899 2900 2902 2901 2903 2902 2904 2902 2903 2901 2905 2906 2904 2903 2904 2906 2905 2908 2907 2907 2906 2905 2909 2908 2910 2908 2909 2907 2911 2912 2910 2909 2910 2912 2911 2914 2913 2913 2912 2911 2915 2914 2916 2914 2915 2913 2917 2918 2916 2915 2916 2918 2917 2920 2919 2919 2918 2917 2920 2921 2919 2922 2900 2901 2923 2924 2922 2900 2922 2924 2923 2926 2925 2925 2924 2923 2927 2926 2928 2926 2927 2925 2929 2930 2928 2927 2928 2930 2929 2932 2931 2931 2930 2929 2933 2932 2934 2932 2933 2931 2935 2936 2934 2933 2934 2936 2935 2938 2937 2937 2936 2935 2939 2938 2940 2938 2939 2937 2939 2940 2941 2942 2944 2943 2942 2946 2945 2945 2944 2942 2947 2946 2948 2946 2947 2945 2949 2950 2948 2947 2948 2950 2949 2952 2951 2951 2950 2949 2953 2952 2954 2952 2953 2951 2955 2956 2954 2953 2954 2956 2955 2958 2957 2957 2956 2955 2959 2958 2960 2958 2959 2957 2961 2962 2960 2959 2960 2962 2963 2962 2961 2964 2943 2944 2965 2966 2964 2943 2964 2966 2965 2968 2967 2967 2966 2965 2969 2968 2970 2968 2969 2967 2971 2972 2970 2969 2970 2972 2971 2974 2973 2973 2972 2971 2975 2974 2976 2974 2975 2973 2977 2978 2976 2975 2976 2978 2977 2980 2979 2979 2978 2977 2981 2980 2982 2980 2981 2979 2981 2982 2983 2984 2986 2985 2987 2986 2988 2986 2987 2985 2989 2990 2988 2987 2988 2990 2989 2992 2991 2991 2990 2989 2993 2992 2994 2992 2993 2991 2995 2996 2994 2993 2994 2996 2997 2996 2995 2998 2984 2985 2998 3000 2999 2999 2984 2998 3001 3000 3002 3000 3001 2999 3003 3004 3002 3001 3002 3004 3003 3006 3005 3005 3004 3003 3007 3006 3008 3006 3007 3005 3007 3008 3009 3010 3012 3011 3013 3012 3014 3012 3013 3011 3015 3016 3014 3013 3014 3016 3015 3018 3017 3017 3016 3015 3019 3018 3020 3018 3019 3017 3021 3022 3020 3019 3020 3022 3023 3022 3021 3024 3010 3011 3024 3026 3025 3025 3010 3024 3027 3026 3028 3026 3027 3025 3029 3030 3028 3027 3028 3030 3029 3032 3031 3031 3030 3029 3033 3032 3034 3032 3033 3031 3033 3034 3035 3036 3038 3037 3039 3041 3040 3042 3037 3043 3038 3043 3037 3044 3045 3042 3042 3043 3044 3045 3047 3046 3047 3045 3044 3048 3046 3049 3047 3049 3046 3050 3051 3048 3048 3049 3050 3052 3054 3053 3052 3053 3051 3055 3054 3056 3054 3055 3053 3057 3058 3056 3055 3056 3058 3057 3060 3059 3059 3058 3057 3050 3052 3051 3036 3061 3038 3062 3063 3061 3061 3036 3062 3063 3065 3064 3065 3063 3062 3066 3064 3067 3065 3067 3064 3068 3069 3066 3066 3067 3068 3069 3071 3070 3071 3069 3068 3072 3070 3073 3071 3073 3070 3074 3075 3072 3072 3073 3074 3075 3077 3076 3077 3075 3074 3041 3076 3040 3077 3040 3076 3078 3080 3079 3080 3082 3081 3082 3080 3078 3083 3081 3084 3082 3084 3081 3085 3086 3083 3083 3084 3085 3086 3088 3087 3088 3086 3085 3089 3087 3090 3088 3090 3087 3091 3092 3089 3089 3090 3091 3092 3094 3093 3094 3092 3091 3095 3093 3096 3094 3096 3093 3097 3098 3095 3095 3096 3097 3099 3098 3097 3100 3101 3079 3078 3079 3101 3100 3103 3102 3102 3101 3100 3104 3103 3105 3103 3104 3102 3106 3107 3105 3104 3105 3107 3106 3109 3108 3108 3107 3106 3110 3109 3111 3109 3110 3108 3112 3113 3111 3110 3111 3113 3112 3115 3114 3114 3113 3112 3116 3115 3117 3115 3116 3114 3116 3117 3118 3118 3117 3119 3120 3122 3121 3123 3122 3124 3122 3123 3121 3125 3126 3124 3123 3124 3126 3125 3128 3127 3127 3126 3125 3129 3128 3130 3128 3129 3127 3131 3132 3130 3129 3130 3132 3131 3134 3133 3133 3132 3131 3135 3134 3136 3134 3135 3133 3137 3138 3136 3135 3136 3138 3137 3140 3139 3139 3138 3137 3140 3141 3139 3142 3120 3121 3143 3144 3142 3120 3142 3144 3143 3146 3145 3145 3144 3143 3147 3146 3148 3146 3147 3145 3149 3150 3148 3147 3148 3150 3149 3152 3151 3151 3150 3149 3153 3152 3154 3152 3153 3151 3155 3156 3154 3153 3154 3156 3155 3158 3157 3157 3156 3155 3159 3158 3160 3158 3159 3157 3159 3160 3161 3162 3164 3163 3162 3166 3165 3165 3164 3162 3167 3166 3168 3166 3167 3165 3169 3170 3168 3167 3168 3170 3169 3172 3171 3171 3170 3169 3173 3172 3174 3172 3173 3171 3175 3176 3174 3173 3174 3176 3175 3178 3177 3177 3176 3175 3179 3178 3180 3178 3179 3177 3181 3182 3180 3179 3180 3182 3183 3182 3181 3184 3163 3164 3185 3186 3184 3163 3184 3186 3185 3188 3187 3187 3186 3185 3189 3188 3190 3188 3189 3187 3191 3192 3190 3189 3190 3192 3191 3194 3193 3193 3192 3191 3195 3194 3196 3194 3195 3193 3197 3198 3196 3195 3196 3198 3197 3200 3199 3199 3198 3197 3201 3200 3202 3200 3201 3199 3201 3202 3203 3204 3206 3205 3207 3209 3208 3210 3212 3211 3213 3215 3214 3216 3218 3217 3219 3221 3220 3222 3224 3223 3225 3227 3226 3228 3230 3229 3231 3233 3232 3234 3236 3235 3235 3230 3234 3237 3236 3238 3234 3238 3236 3237 3240 3239 3240 3237 3238 3241 3242 3239 3239 3240 3241 3243 3242 3244 3241 3244 3242 3235 3229 3230 3228 3232 3233 3228 3229 3232 3231 3224 3222 3233 3231 3222 3227 3225 3223 3224 3227 3223 3216 3217 3226 3226 3217 3225 3220 3218 3219 3219 3218 3216 3212 3221 3211 3212 3220 3221 3210 3213 3214 3210 3211 3213 3215 3204 3205 3214 3215 3205 3208 3209 3206 3204 3208 3206 3207 3245 3209 3246 3248 3247 3249 3251 3250 3252 3254 3253 3255 3257 3256 3258 3260 3259 3261 3263 3262 3264 3266 3265 3267 3269 3268 3270 3272 3271 3273 3275 3274 3276 3278 3277 3279 3275 3280 3273 3280 3275 3279 3282 3281 3282 3279 3280 3283 3284 3281 3281 3282 3283 3285 3284 3286 3283 3286 3284 3287 3285 3286 3277 3278 3274 3278 3273 3274 3276 3267 3268 3276 3277 3267 3269 3272 3270 3268 3269 3270 3262 3263 3271 3272 3262 3271 3264 3265 3261 3261 3265 3263 3255 3266 3257 3257 3266 3264 3260 3256 3259 3260 3255 3256 3258 3249 3250 3258 3259 3249 3251 3252 3253 3250 3251 3253 3246 3247 3254 3252 3246 3254</p>
        </triangles>
      </mesh>
    </geometry>
    <geometry id="ID50">
      <mesh>
        <source id="ID51">
          <float_array count="888" id="ID52">-0.016283 -0.0015 0.0160658 -0.0161544 0 0.0161964 -0.0161544 -0.0015 0.0161964 -0.0164315 -0.0015 0.0159583 -0.016283 0 0.0160658 -0.0164315 0 0.0159583 -0.0165957 -0.0015 0.015877 -0.0167712 -0.0015 0.0158241 -0.0165957 0 0.015877 -0.016953 -0.0015 0.015801 -0.0167712 0 0.0158241 -0.016953 0 0.015801 -0.0171362 -0.0015 0.0158085 -0.0173155 -0.0015 0.0158462 -0.0171362 0 0.0158085 -0.0174861 -0.0015 0.0159133 -0.0173155 0 0.0158462 -0.0174861 0 0.0159133 -0.0176432 -0.0015 0.0160077 -0.0177825 -0.0015 0.0161269 -0.0176432 0 0.0160077 -0.0179 -0.0015 0.0162675 -0.0177825 0 0.0161269 -0.0179 0 0.0162675 -0.0160493 0 0.0163466 -0.0160493 -0.0015 0.0163466 -0.0159706 0 0.0165122 -0.0159205 0 0.0166885 -0.0159706 -0.0015 0.0165122 -0.0159004 0 0.0168707 -0.0159205 -0.0015 0.0166885 -0.0159004 -0.0015 0.0168707 -0.0159108 0 0.0170537 -0.0159514 0 0.0172324 -0.0159108 -0.0015 0.0170537 -0.0160212 0 0.0174019 -0.0159514 -0.0015 0.0172324 -0.0160212 -0.0015 0.0174019 -0.0161181 0 0.0175575 -0.0162395 0 0.0176948 -0.0161181 -0.0015 0.0175575 -0.0163821 0 0.01781 -0.0162395 -0.0015 0.0176948 -0.0163821 -0.0015 0.01781 -0.0165417 0 0.0179 -0.0165417 -0.0015 0.0179 0.0160535 0 0.0163396 0.0159733 -0.0015 0.0165053 0.0159733 0 0.0165053 0.0159218 0 0.0166821 0.0159218 -0.0015 0.0166821 0.0159006 -0.0015 0.016865 0.0159006 0 0.016865 0.0159101 -0.0015 0.0170488 0.0159101 0 0.0170488 0.0159502 0 0.0172285 0.0159502 -0.0015 0.0172285 0.0160197 -0.0015 0.017399 0.0160197 0 0.017399 0.0161166 -0.0015 0.0175555 0.0161166 0 0.0175555 0.0162383 0 0.0176936 0.0162383 -0.0015 0.0176936 0.0163814 -0.0015 0.0178096 0.0163814 0 0.0178096 0.0165417 -0.0015 0.0179 0.0165417 0 0.0179 0.0160535 -0.0015 0.0163396 0.0161602 0 0.0161896 0.0161602 -0.0015 0.0161896 0.0162904 0 0.0160595 0.0162904 -0.0015 0.0160595 0.0164406 -0.0015 0.0159529 0.0164406 0 0.0159529 0.0166064 0 0.0158728 0.0166064 -0.0015 0.0158728 0.0167832 0 0.0158216 0.0167832 -0.0015 0.0158216 0.0169661 -0.0015 0.0158005 0.0169661 0 0.0158005 0.0171499 0 0.0158103 0.0171499 -0.0015 0.0158103 0.0173296 0 0.0158505 0.0173296 -0.0015 0.0158505 0.0175 0 0.0159202 0.0175 -0.0015 0.0159202 0.0175 0 -0.0159202 0.0175 -0.0015 0.0159202 0.0175 0 0.0159202 0.0175 -0.0015 -0.0159202 0.0165417 0 0.0179 -0.0165417 -0.0015 0.0179 -0.0165417 0 0.0179 0.0165417 -0.0015 0.0179 -0.0179 0 0.0162675 -0.0179 -0.0015 -0.0162675 -0.0179 0 -0.0162675 -0.0179 -0.0015 0.0162675 0.0159183 -0.0015 -0.0167 0.0159183 0 -0.0167 -0.0159183 0 -0.0167 -0.0159183 -0.0015 -0.0167 -0.016953 -0.0015 0.015801 -0.0167712 -0.0015 0.0158241 -0.0167655 -0.0015 -0.0158253 0.0159006 -0.0015 0.016865 0.0159218 -0.0015 0.0166821 -0.0159004 -0.0015 0.0168707 -0.0163821 -0.0015 0.01781 -0.0165417 -0.0015 0.0179 0.0163814 -0.0015 0.0178096 -0.0160443 -0.0015 -0.0163553 -0.0161486 -0.0015 -0.0162036 0.0160459 -0.0015 -0.0163525 -0.0165895 -0.0015 -0.0158795 -0.016283 -0.0015 0.0160658 0.0162904 -0.0015 0.0160595 0.0162816 -0.0015 -0.016067 0.0159674 -0.0015 -0.0165208 0.016432 -0.0015 -0.015958 0.0164406 -0.0015 0.0159529 -0.0159205 -0.0015 0.0166885 -0.0159108 -0.0015 0.0170537 0.0159101 -0.0015 0.0170488 0.0159733 -0.0015 0.0165053 -0.0159514 -0.0015 0.0172324 -0.0160212 -0.0015 0.0174019 0.0159502 -0.0015 0.0172285 -0.0161181 -0.0015 0.0175575 0.0160197 -0.0015 0.017399 0.0161166 -0.0015 0.0175555 -0.0162395 -0.0015 0.0176948 0.0162383 -0.0015 0.0176936 0.0165417 -0.0015 0.0179 -0.0160493 -0.0015 0.0163466 0.0160535 -0.0015 0.0163396 0.0161602 -0.0015 0.0161896 0.0175 -0.0015 -0.0159202 0.017328 -0.0015 -0.01585 0.0173296 -0.0015 0.0158505 -0.0159706 -0.0015 0.0165122 -0.0161544 -0.0015 0.0161964 0.0169611 -0.0015 -0.0158007 0.0167767 -0.0015 -0.0158229 0.0167832 -0.0015 0.0158216 0.0166064 -0.0015 0.0158728 0.0169661 -0.0015 0.0158005 0.0165986 -0.0015 -0.0158758 0.0171466 -0.0015 -0.0158098 0.0171499 -0.0015 0.0158103 -0.016425 -0.0015 -0.0159622 -0.0165957 -0.0015 0.015877 -0.0164315 -0.0015 0.0159583 0.0175 -0.0015 0.0159202 -0.0159668 -0.0015 -0.0165224 0.0159183 -0.0015 -0.0167 0.0161517 -0.0015 -0.0161998 -0.0159183 -0.0015 -0.0167 -0.0162767 -0.0015 -0.0160713 -0.0171362 -0.0015 0.0158085 -0.017132 -0.0015 -0.015808 -0.0173155 -0.0015 0.0158462 -0.016948 -0.0015 -0.0158012 -0.0173123 -0.0015 -0.0158453 -0.0174861 -0.0015 0.0159133 -0.0176432 -0.0015 0.0160077 -0.0174839 -0.0015 -0.0159121 -0.0176419 -0.0015 -0.0160067 -0.0177825 -0.0015 0.0161269 -0.0177819 -0.0015 -0.0161263 -0.0179 -0.0015 0.0162675 -0.0179 -0.0015 -0.0162675 -0.0173155 0 0.0158462 -0.017132 0 -0.015808 -0.0171362 0 0.0158085 -0.0167712 0 0.0158241 -0.016953 0 0.015801 -0.0167655 0 -0.0158253 -0.0160493 0 0.0163466 -0.0161544 0 0.0161964 0.0161602 0 0.0161896 -0.016948 0 -0.0158012 -0.0173123 0 -0.0158453 -0.0174861 0 0.0159133 -0.0176432 0 0.0160077 -0.0174839 0 -0.0159121 -0.0176419 0 -0.0160067 -0.0177825 0 0.0161269 -0.0179 0 0.0162675 -0.0177819 0 -0.0161263 -0.0179 0 -0.0162675 0.0159006 0 0.016865 -0.0159108 0 0.0170537 -0.0159004 0 0.0168707 -0.0165895 0 -0.0158795 0.0163814 0 0.0178096 -0.0165417 0 0.0179 -0.0163821 0 0.01781 -0.0165957 0 0.015877 -0.016425 0 -0.0159622 -0.0162767 0 -0.0160713 -0.0164315 0 0.0159583 0.0159218 0 0.0166821 -0.016283 0 0.0160658 0.0159101 0 0.0170488 -0.0159514 0 0.0172324 0.0159502 0 0.0172285 -0.0159205 0 0.0166885 0.0159733 0 0.0165053 -0.0160212 0 0.0174019 -0.0159706 0 0.0165122 0.0160197 0 0.017399 0.0160535 0 0.0163396 -0.0161181 0 0.0175575 0.0161166 0 0.0175555 -0.0162395 0 0.0176948 0.0162383 0 0.0176936 0.0165417 0 0.0179 0.0162904 0 0.0160595 0.0175 0 0.0159202 0.0173296 0 0.0158505 0.0175 0 -0.0159202 0.0167832 0 0.0158216 0.0167767 -1.77636e-18 -0.0158229 0.0169611 -1.77636e-18 -0.0158007 0.0165986 -1.77636e-18 -0.0158758 0.0166064 0 0.0158728 0.016432 -1.77636e-18 -0.015958 0.0164406 0 0.0159529 0.0169661 0 0.0158005 0.0162816 -1.77636e-18 -0.016067 0.0171466 -1.77636e-18 -0.0158098 0.0171499 0 0.0158103 0.017328 -1.77636e-18 -0.01585 0.0159674 -1.77636e-18 -0.0165208 -0.0159668 0 -0.0165224 0.0159183 0 -0.0167 0.0161517 -1.77636e-18 -0.0161998 -0.0161486 0 -0.0162036 0.0160459 -1.77636e-18 -0.0163525 -0.0160443 0 -0.0163553 -0.0159183 0 -0.0167 0.0171466 -1.77636e-18 -0.0158098 0.0171466 -0.0015 -0.0158098 0.017328 -0.0015 -0.01585 0.0175 -0.0015 -0.0159202 0.0175 0 -0.0159202 0.017328 -1.77636e-18 -0.01585 0.0167767 -0.0015 -0.0158229 0.0165986 -1.77636e-18 -0.0158758 0.0165986 -0.0015 -0.0158758 0.0167767 -1.77636e-18 -0.0158229 0.0169611 -0.0015 -0.0158007 0.0169611 -1.77636e-18 -0.0158007 0.0161517 -1.77636e-18 -0.0161998 0.0161517 -0.0015 -0.0161998 0.0162816 -0.0015 -0.016067 0.0162816 -1.77636e-18 -0.016067 0.016432 -0.0015 -0.015958 0.016432 -1.77636e-18 -0.015958 0.0160459 -1.77636e-18 -0.0163525 0.0159674 -1.77636e-18 -0.0165208 0.0160459 -0.0015 -0.0163525 0.0159674 -0.0015 -0.0165208 0.0159183 0 -0.0167 0.0159183 -0.0015 -0.0167 -0.0160443 0 -0.0163553 -0.0160443 -0.0015 -0.0163553 -0.0159668 -0.0015 -0.0165224 -0.0159183 -0.0015 -0.0167 -0.0159183 0 -0.0167 -0.0159668 0 -0.0165224 -0.0162767 -0.0015 -0.0160713 -0.016425 0 -0.0159622 -0.016425 -0.0015 -0.0159622 -0.0162767 0 -0.0160713 -0.0161486 -0.0015 -0.0162036 -0.0161486 0 -0.0162036 -0.016948 0 -0.0158012 -0.016948 -0.0015 -0.0158012 -0.0167655 -0.0015 -0.0158253 -0.0167655 0 -0.0158253 -0.0165895 -0.0015 -0.0158795 -0.0165895 0 -0.0158795 -0.0174839 -0.0015 -0.0159121 -0.0173123 -0.0015 -0.0158453 -0.0174839 0 -0.0159121 -0.017132 -0.0015 -0.015808 -0.017132 0 -0.015808 -0.0173123 0 -0.0158453 -0.0176419 0 -0.0160067 -0.0176419 -0.0015 -0.0160067 -0.0177819 0 -0.0161263 -0.0177819 -0.0015 -0.0161263 -0.0179 -0.0015 -0.0162675 -0.0179 0 -0.0162675</float_array>
          <technique_common>
            <accessor count="296" source="#ID52" stride="3">
              <param name="X" type="float"/>
              <param name="Y" type="float"/>
              <param name="Z" type="float"/>
            </accessor>
          </technique_common>
        </source>
        <source id="ID53">
          <float_array count="888" id="ID54">-0.651835 0 0.758361 -0.768713 0 0.639594 -0.768712 0 0.639595 -0.516858 0 0.856071 -0.651835 0 0.758361 -0.516858 0 0.856071 -0.367531 0 0.930011 -0.207999 0 0.978129 -0.367531 0 0.930011 -0.0426912 0 0.999088 -0.207999 0 0.978129 -0.0426912 0 0.999088 0.123802 0 0.992307 0.286857 0 0.957973 0.123802 0 0.992307 0.441948 0 0.897041 0.286857 0 0.957973 0.441948 0 0.897041 0.584767 0 0.811201 0.71135 0 0.702838 0.584767 0 0.811201 0.818182 0 0.57496 0.71135 0 0.702838 0.818182 0 0.574959 -0.864246 0 0.503069 -0.864246 0 0.503069 -0.935783 0 0.352576 -0.981338 0 0.192292 -0.935783 0 0.352576 -0.999644 0 0.0266704 -0.981338 0 0.192292 -0.999644 0 0.0266702 -0.990195 -0 -0.139693 -0.953252 -0 -0.302177 -0.990195 -0 -0.139692 -0.889841 -0 -0.45627 -0.953252 -0 -0.302177 -0.889841 -0 -0.45627 -0.801723 -0 -0.597696 -0.691344 -0 -0.722525 -0.801723 -0 -0.597696 -0.56177 -0 -0.827293 -0.691345 -0 -0.722525 -0.56177 -0 -0.827293 -0.416598 -0 -0.909091 -0.416598 -0 -0.909091 0.860491 0 0.509466 0.933409 0 0.358815 0.933409 0 0.358815 0.980179 0 0.198112 0.980179 0 0.198112 0.999492 0 0.0318602 0.999492 0 0.0318602 0.990807 0 -0.135284 0.990807 0 -0.135284 0.954366 0 -0.298639 0.954366 0 -0.298639 0.891191 0 -0.453629 0.891191 0 -0.453629 0.803051 0 -0.59591 0.803051 0 -0.59591 0.692416 0 -0.721499 0.692416 0 -0.721499 0.562384 0 -0.826877 0.562384 0 -0.826877 0.416598 0 -0.909091 0.416598 0 -0.909091 0.860491 0 0.509466 0.763468 0 0.645845 0.763468 0 0.645845 0.645059 0 0.764133 0.645059 0 0.764133 0.50858 0 0.861015 0.50858 0 0.861015 0.357854 0 0.933778 0.357854 0 0.933778 0.197103 0 0.980383 0.197103 0 0.980383 0.0308315 0 0.999525 0.0308315 0 0.999525 -0.136304 0 0.990667 -0.136304 0 0.990667 -0.299621 0 0.954058 -0.299621 0 0.954058 -0.454545 0 0.890724 -0.454545 0 0.890724 1 0 1.00273e-16 1 0 1.00273e-16 1 0 1.00273e-16 1 0 1.00273e-16 -9.8007e-17 0 1 -9.8007e-17 0 1 -9.8007e-17 0 1 -9.8007e-17 0 1 -1 -0 -1.00273e-16 -1 -0 -1.00273e-16 -1 -0 -1.00273e-16 -1 -0 -1.00273e-16 9.8007e-17 0 -1 9.8007e-17 0 -1 9.8007e-17 0 -1 9.8007e-17 0 -1 -0 -1 -0 -0 -1 -0 -0 -1 -0 -0 -1 -0 -0 -1 -0 -0 -1 -0 -0 -1 -0 -0 -1 -0 -0 -1 -0 -0 -1 -0 -0 -1 -0 -0 -1 -0 -0 -1 -0 -0 -1 -0 -0 -1 -0 -0 -1 -0 -0 -1 -0 -0 -1 -0 -0 -1 -0 -0 -1 -0 -0 -1 -0 -0 -1 -0 -0 -1 -0 -0 -1 -0 -0 -1 -0 -0 -1 -0 -0 -1 -0 -0 -1 -0 -0 -1 -0 -0 -1 -0 -0 -1 -0 -0 -1 -0 -0 -1 -0 -0 -1 -0 -0 -1 -0 -0 -1 -0 -0 -1 -0 -0 -1 -0 -0 -1 -0 -0 -1 -0 -0 -1 -0 -0 -1 -0 -0 -1 -0 -0 -1 -0 -0 -1 -0 -0 -1 -0 -0 -1 -0 -0 -1 -0 -0 -1 -0 -0 -1 -0 -0 -1 -0 -0 -1 -0 -0 -1 -0 -0 -1 -0 -0 -1 -0 -0 -1 -0 -0 -1 -0 -0 -1 -0 -0 -1 -0 -0 -1 -0 -0 -1 -0 -0 -1 -0 -0 -1 -0 -0 -1 -0 -0 -1 -0 -0 -1 -0 -0 -1 -0 -0 -1 -0 -0 -1 -0 -0 -1 -0 0 1 0 0 1 0 0 1 0 0 1 0 0 1 0 0 1 0 0 1 0 0 1 0 0 1 0 0 1 0 0 1 0 0 1 0 0 1 0 0 1 0 0 1 0 0 1 0 0 1 0 0 1 0 0 1 0 0 1 0 0 1 0 0 1 0 0 1 0 0 1 0 0 1 0 0 1 0 0 1 0 0 1 0 0 1 0 0 1 0 0 1 0 0 1 0 0 1 0 0 1 0 0 1 0 0 1 0 0 1 0 0 1 0 0 1 0 0 1 0 0 1 0 0 1 0 0 1 0 0 1 0 0 1 0 0 1 0 0 1 0 0 1 0 0 1 0 0 1 0 0 1 0 0 1 0 0 1 0 0 1 0 0 1 0 0 1 0 0 1 0 0 1 0 0 1 0 0 1 0 0 1 0 0 1 0 0 1 0 0 1 0 0 1 0 0 1 0 0 1 0 0 1 0 0 1 0 0 1 0 -0.133314 -0 -0.991074 -0.133314 -0 -0.991074 -0.298182 -0 -0.954509 -0.454545 -0 -0.890724 -0.454545 -0 -0.890724 -0.298182 -0 -0.954509 0.203016 0 -0.979175 0.364888 0 -0.931051 0.364888 0 -0.931051 0.203016 0 -0.979175 0.0353552 0 -0.999375 0.0353552 0 -0.999375 0.771208 0 -0.636583 0.771208 0 -0.636583 0.653093 0 -0.757278 0.653093 0 -0.757278 0.516353 0 -0.856376 0.516353 0 -0.856376 0.867329 0 -0.497735 0.938716 0 -0.344691 0.867329 0 -0.497734 0.938716 0 -0.344691 0.983332 0 -0.181818 0.983332 0 -0.181818 -0.868808 -0 -0.49515 -0.868808 -0 -0.49515 -0.939228 -0 -0.343293 -0.983332 -0 -0.181818 -0.983332 -0 -0.181818 -0.939228 -0 -0.343293 -0.657592 -0 -0.753374 -0.522714 -0 -0.852508 -0.522714 -0 -0.852508 -0.657592 -0 -0.753375 -0.774044 -0 -0.633132 -0.774044 -0 -0.633132 -0.0472562 -0 -0.998883 -0.0472562 -0 -0.998883 -0.213211 -0 -0.977006 -0.213211 -0 -0.977006 -0.373191 -0 -0.927755 -0.373191 -0 -0.927755 0.439897 0 -0.898048 0.283937 0 -0.958843 0.439897 0 -0.898048 0.120022 0 -0.992771 0.120022 0 -0.992771 0.283937 0 -0.958843 0.583531 0 -0.812091 0.583531 0 -0.812091 0.710815 0 -0.703379 0.710815 0 -0.703379 0.818182 0 -0.57496 0.818182 0 -0.57496</float_array>
          <technique_common>
            <accessor count="296" source="#ID54" stride="3">
              <param name="X" type="float"/>
              <param name="Y" type="float"/>
              <param name="Z" type="float"/>
            </accessor>
          </technique_common>
        </source>
        <vertices id="ID55">
          <input semantic="POSITION" source="#ID51"/>
          <input semantic="NORMAL" source="#ID53"/>
        </vertices>
        <triangles count="276" material="ID10">
          <input offset="0" semantic="VERTEX" source="#ID55"/>
          <p>0 2 1 0 4 3 4 0 1 5 6 3 3 4 5 7 6 8 5 8 6 7 10 9 10 7 8 11 12 9 9 10 11 13 12 14 11 14 12 13 16 15 16 13 14 17 18 15 15 16 17 19 18 20 17 20 18 19 22 21 22 19 20 21 22 23 24 1 2 25 26 24 24 2 25 27 26 28 25 28 26 27 30 29 30 27 28 31 32 29 29 30 31 33 32 34 31 34 32 33 36 35 36 33 34 37 38 35 35 36 37 39 38 40 37 40 38 39 42 41 42 39 40 43 44 41 41 42 43 43 45 44 46 48 47 49 50 48 47 48 50 51 49 52 49 51 50 52 54 53 53 51 52 55 56 54 53 54 56 57 55 58 55 57 56 58 60 59 59 57 58 61 62 60 59 60 62 63 61 64 61 63 62 65 63 64 65 64 66 47 67 46 68 67 69 67 68 46 69 71 70 70 68 69 72 73 71 70 71 73 74 72 75 72 74 73 75 77 76 76 74 75 78 79 77 76 77 79 80 78 81 78 80 79 81 83 82 82 80 81 82 83 84 83 85 84 86 88 87 87 89 86 90 92 91 91 93 90 94 96 95 95 97 94 98 100 99 98 101 100 102 104 103 105 107 106 108 110 109 111 113 112 103 104 114 115 117 116 113 111 118 119 120 116 116 117 119 106 107 121 122 105 123 105 122 107 121 124 106 125 122 123 126 125 127 123 127 125 126 129 128 129 126 127 130 131 128 128 129 130 108 131 132 130 132 131 110 108 132 133 109 110 134 136 135 137 139 138 140 135 124 124 121 140 140 134 135 116 136 141 134 141 136 142 144 143 115 116 141 145 143 144 146 144 142 147 143 145 142 148 146 147 145 120 149 146 148 147 120 119 148 138 149 139 149 138 150 152 151 153 139 137 111 154 118 155 118 154 113 156 112 154 157 155 156 158 112 115 158 117 117 158 156 150 158 152 152 158 115 114 150 151 159 161 160 151 103 114 162 102 159 102 162 104 160 162 159 161 164 163 163 160 161 165 166 164 163 164 166 167 165 168 165 167 166 168 170 169 169 167 168 169 170 171 172 174 173 175 177 176 178 180 179 174 176 181 177 181 176 174 181 173 182 183 172 172 173 182 184 183 185 185 183 182 186 187 184 184 185 186 187 189 188 189 187 186 189 190 188 191 193 192 175 194 177 195 197 196 198 199 194 194 175 198 199 201 200 201 199 198 193 191 202 201 203 200 192 205 204 205 206 204 207 202 208 206 205 209 210 207 208 209 211 206 212 210 208 211 209 213 214 213 215 213 214 211 197 216 215 214 215 216 195 216 197 217 195 196 179 218 203 212 178 210 202 207 193 191 192 204 212 180 178 219 221 220 179 180 218 222 224 223 225 226 223 227 218 228 229 224 222 227 230 218 224 229 231 218 230 203 232 231 229 220 233 232 231 232 233 221 233 220 234 236 235 230 200 203 237 239 238 200 230 237 228 226 225 226 222 223 227 228 225 200 237 238 239 234 240 240 238 239 234 235 240 236 241 235 242 244 243 245 247 246 248 250 249 251 253 252 254 256 255 257 259 258 260 262 261 262 260 255 263 264 261 261 262 263 257 256 254 263 265 264 254 255 260 250 258 259 258 256 257 248 249 251 250 259 249 252 253 243 248 251 252 242 247 244 253 242 243 245 244 247 266 268 267 269 271 270 272 274 273 275 277 276 278 280 279 281 283 282 284 286 285 287 289 288 290 284 291 284 290 286 291 293 292 292 290 291 294 295 293 292 293 295 287 285 289 286 289 285 278 279 288 288 279 287 282 280 281 281 280 278 274 283 273 274 282 283 272 275 276 272 273 275 277 266 267 276 277 267 271 269 268 266 271 268</p>
        </triangles>
      </mesh>
    </geometry>
    <geometry id="ID57">
      <mesh>
        <source id="ID58">
          <float_array count="2592" id="ID59">0.0186878 0.0015 0.018809 0.0188071 0 0.0187071 0.0188071 0.0015 0.0187071 0.018554 0.0015 0.018891 0.0186878 0 0.018809 0.018554 0 0.018891 0.018409 0.0015 0.0189511 0.0182564 0.0015 0.0189877 0.018409 0 0.0189511 0.0181 0.0015 0.019 0.0182564 0 0.0189877 0.0181 0 0.019 0.018909 0 0.0185878 0.018909 0.0015 0.0185878 0.018991 0 0.018454 0.0190511 0 0.018309 0.018991 0.0015 0.018454 0.0190877 0 0.0181564 0.0190511 0.0015 0.018309 0.0190877 0.0015 0.0181564 0.0191 0 0.018 0.0191 0.0015 0.018 -0.018909 0.0015 0.0185878 -0.0188071 0 0.0187071 -0.0188071 0.0015 0.0187071 -0.018991 0.0015 0.018454 -0.018909 0 0.0185878 -0.018991 0 0.018454 -0.0190511 0.0015 0.018309 -0.0190877 0.0015 0.0181564 -0.0190511 0 0.018309 -0.0191 0.0015 0.018 -0.0190877 0 0.0181564 -0.0191 0 0.018 -0.0186878 0 0.018809 -0.0186878 0.0015 0.018809 -0.018554 0 0.018891 -0.018409 0 0.0189511 -0.018554 0.0015 0.018891 -0.0182564 0 0.0189877 -0.018409 0.0015 0.0189511 -0.0182564 0.0015 0.0189877 -0.0181 0 0.019 -0.0181 0.0015 0.019 -0.0186878 0.0015 -0.018809 -0.0188071 0 -0.0187071 -0.0188071 0.0015 -0.0187071 -0.018554 0.0015 -0.018891 -0.0186878 0 -0.018809 -0.018554 0 -0.018891 -0.018409 0.0015 -0.0189511 -0.0182564 0.0015 -0.0189877 -0.018409 0 -0.0189511 -0.0181 0.0015 -0.019 -0.0182564 0 -0.0189877 -0.0181 0 -0.019 -0.018909 0 -0.0185878 -0.018909 0.0015 -0.0185878 -0.018991 0 -0.018454 -0.0190511 0 -0.018309 -0.018991 0.0015 -0.018454 -0.0190877 0 -0.0181564 -0.0190511 0.0015 -0.018309 -0.0190877 0.0015 -0.0181564 -0.0191 0 -0.018 -0.0191 0.0015 -0.018 0.018909 0.0015 -0.0185878 0.0188071 0 -0.0187071 0.0188071 0.0015 -0.0187071 0.018991 0.0015 -0.018454 0.018909 0 -0.0185878 0.018991 0 -0.018454 0.0190511 0.0015 -0.018309 0.0190877 0.0015 -0.0181564 0.0190511 0 -0.018309 0.0191 0.0015 -0.018 0.0190877 0 -0.0181564 0.0191 0 -0.018 0.0186878 0 -0.018809 0.0186878 0.0015 -0.018809 0.018554 0 -0.018891 0.018409 0 -0.0189511 0.018554 0.0015 -0.018891 0.0182564 0 -0.0189877 0.018409 0.0015 -0.0189511 0.0182564 0.0015 -0.0189877 0.0181 0 -0.019 0.0181 0.0015 -0.019 -0.018991 0 0.018454 -0.0178602 0 0.0175856 -0.0177484 0 0.0177061 0.018991 0 -0.018454 0.0190511 0 -0.018309 0.0178602 0 -0.0175856 0.0177484 0 -0.0177061 0.018909 0 -0.0185878 0.0188071 0 -0.0187071 0.0190877 0 -0.0181564 0.0191 0 -0.018 0.0179528 0 -0.0174497 0.0180724 0 -0.0171446 0.018024 0 -0.0173016 -0.0191 0 0.018 -0.0180969 0 0.0169821 -0.0180724 0 0.0171446 -0.017164 0 -0.0158123 -0.017164 0 0.0158123 -0.0173244 0 -0.0158489 0.0177479 0 0.0177066 0.0188071 0 0.0187071 0.0186878 0 0.018809 0.017477 0 0.0178912 0.0176194 0 0.017809 0.0181 0 0.019 0.018409 0 0.0189511 0.0182564 0 0.0189877 0.017324 0 0.0179512 0.017164 0 0.0179877 0.018554 0 0.018891 -0.018024 0 -0.0164984 -0.0191 0 -0.018 -0.0180724 0 -0.0166554 -0.0190511 0 0.018309 -0.0180969 0 -0.0168179 -0.0190877 0 0.0181564 -0.018909 0 0.0185878 -0.0188071 0 0.0187071 -0.0179528 0 0.0174497 -0.018024 0 0.0173016 -0.0179525 0 0.0163498 -0.0188071 0 -0.0187071 -0.0186878 0 -0.018809 -0.0177479 0 -0.0177066 -0.017 0 -0.018 -0.017164 0 -0.0179877 -0.0181 0 -0.019 -0.018554 0 -0.018891 -0.018409 0 -0.0189511 -0.0182564 0 -0.0189877 -0.0176194 0 -0.017809 -0.017477 0 -0.0178912 -0.017324 0 -0.0179512 -0.017 0 0.0158 -0.018991 0 -0.018454 -0.018909 0 -0.0185878 -0.0178598 0 -0.0175861 -0.0190511 0 -0.018309 -0.0190877 0 -0.0181564 -0.0180239 0 -0.017302 -0.0179525 0 -0.0174502 -0.0180969 0 -0.0169822 -0.0180724 0 -0.0171449 -0.0178598 0 0.0162139 -0.0179528 0 -0.0163503 -0.0177479 0 0.0160934 -0.0178602 0 -0.0162144 -0.017324 0 0.0158488 -0.0174775 0 -0.015909 -0.017477 0 0.0159088 -0.017 0 -0.0158 -0.016836 0 -0.0158123 -0.016836 0 0.0158123 -0.0163806 0 -0.015991 -0.0163801 0 0.0159913 -0.016523 0 -0.0159088 -0.0165225 0 0.015909 -0.0166756 0 0.0158489 -0.016676 0 -0.0158488 -0.0161402 0 -0.0162139 0.0161398 0 -0.0162144 0.0162516 0 -0.0160939 0.0160475 0 0.0163498 -0.0160472 0 0.0163503 -0.0161398 0 0.0162144 -0.0162516 0 0.0160939 -0.0162521 0 -0.0160934 0.0162521 0 0.0160934 0.0161402 0 0.0162139 -0.0160472 0 -0.0174497 0.0160475 0 -0.0174502 0.0159761 0 -0.017302 0.0163801 0 0.0178087 0.0165225 0 0.017891 -0.0161398 0 -0.0175856 0.0161402 0 -0.0175861 0.0162521 0 -0.0177066 -0.0162516 0 -0.0177061 -0.0163801 0 -0.0178087 0.0163806 0 -0.017809 -0.0165225 0 -0.017891 0.0181 0 -0.019 0.017 0 -0.018 0.016836 0 -0.0179877 0.016676 0 -0.0179512 0.016523 0 -0.0178912 -0.016836 0 -0.0179877 -0.0166756 0 -0.0179511 0.0191 0 0.018 0.0179525 0 -0.0163498 -0.0181 0 0.019 -0.0176199 0 0.0178087 -0.0176194 0 0.015991 -0.0176199 0 -0.0159913 -0.0177484 0 -0.0160939 -0.0180724 0 0.0166551 -0.0180239 0 0.016498 -0.0180969 0 0.0168178 -0.018554 0 0.018891 -0.0186878 0 0.018809 -0.018409 0 0.0189511 -0.0182564 0 0.0189877 -0.016836 0 0.0179877 -0.016676 0 0.0179512 -0.0173244 0 0.0179511 -0.0174775 0 0.017891 -0.017 0 0.018 -0.017164 0 0.0179877 -0.016523 0 0.0178912 -0.0163806 0 0.017809 0.015976 0 0.0173016 -0.0159761 0 0.017302 -0.0159276 0 0.0171449 0.0161398 0 0.0175856 -0.0161402 0 0.0175861 -0.0160475 0 0.0174502 0.0159761 0 0.016498 0.0159276 0 0.0166551 -0.015976 0 0.0164984 0.0159031 0 0.0168178 0.0159031 0 0.0169821 -0.0159031 0 0.0168179 -0.0160475 0 -0.0163498 0.0160472 0 -0.0163503 0.0159276 0 -0.0166554 -0.0159276 0 -0.0166551 -0.0159031 0 -0.0168178 0.0180969 0 0.0169822 0.0180969 0 0.0168179 0.018909 0 0.0185878 -0.0159276 0 0.0166554 -0.0159031 0 0.0169822 0.0159276 0 0.0171446 0.0160472 0 0.0174497 0.0162516 0 0.0177061 -0.0162521 0 0.0177066 0.016836 0 0.0179877 0.0166756 0 0.0179511 0.017 0 0.018 0.0178598 0 0.0175861 0.018991 0 0.018454 0.0190511 0 0.018309 0.0190877 0 0.0181564 0.0179525 0 0.0174502 0.0180724 0 0.0171449 0.0180239 0 0.017302 0.0180724 0 0.0166554 0.018024 0 0.0164984 0.0179528 0 0.0163503 0.0178598 0 -0.0162139 0.017324 0 -0.0158488 0.017477 0 -0.0159088 0.0174775 0 0.015909 0.0178602 0 0.0162144 0.0177479 0 -0.0160934 0.016836 0 0.0158123 0.0166756 0 -0.0158489 0.016836 0 -0.0158123 0.017164 0 0.0158123 0.017 0 -0.0158 0.017164 0 -0.0158123 0.0163801 0 -0.0159913 0.0163806 0 0.015991 0.016523 0 0.0159088 0.0180969 0 -0.0169821 0.0165225 0 -0.015909 -0.015976 0 -0.0173016 0.0159276 0 -0.0171449 0.0159031 0 -0.0169822 -0.0159276 0 -0.0171446 0.0159031 0 -0.0168179 -0.0159031 0 -0.0169821 0.015976 0 -0.0164984 -0.0159761 0 -0.016498 0.016676 0 0.0158488 0.017 0 0.0158 0.0173244 0 0.0158489 0.0176199 0 0.0159913 0.0176194 0 -0.015991 0.0177484 0 0.0160939 0.0180724 0 -0.0166551 0.0180239 0 -0.016498 0.0180969 0 -0.0168178 0.0186878 0 -0.018809 0.018409 0 -0.0189511 0.018554 0 -0.018891 0.0182564 0 -0.0189877 0.0174775 0 -0.017891 0.0176199 0 -0.0178087 0.017164 0 -0.0179877 0.0173244 0 -0.0179511 0.0186878 0.0015 0.018809 0.0188071 0.0015 0.0187071 0.0177484 0.0015 0.0177061 -0.0186878 0.0015 -0.018809 -0.0188071 0.0015 -0.0187071 -0.0177483 0.0015 -0.0177063 0.0174775 0.0015 0.0178909 0.0181 0.0015 0.019 0.0176199 0.0015 0.0178087 0.0182564 0.0015 0.0189877 0.018409 0.0015 0.0189511 0.0173244 0.0015 0.0179511 0.0171641 0.0015 0.0179877 0.018554 0.0015 0.018891 -0.016836 0.0015 0.0158123 -0.0168359 0.0015 -0.0158123 -0.017 0.0015 -0.0158 -0.018991 0.0015 0.018454 -0.0178598 0.0015 0.0175861 -0.0190511 0.0015 0.018309 -0.0177479 0.0015 0.0177066 -0.0190877 0.0015 0.0181564 -0.018909 0.0015 0.0185878 -0.0191 0.0015 0.018 -0.0188071 0.0015 0.0187071 -0.0179525 0.0015 0.0174502 -0.0180239 0.0015 0.017302 -0.0180724 0.0015 0.0171449 -0.0165228 0.0015 -0.0178911 -0.0163804 0.0015 -0.0178089 -0.0181 0.0015 -0.019 -0.0182564 0.0015 -0.0189877 -0.018409 0.0015 -0.0189511 -0.0165225 0.0015 -0.0159091 -0.0163806 0.0015 0.015991 -0.0163801 0.0015 -0.0159913 -0.0171643 0.0015 -0.0179876 -0.0173245 0.0015 -0.017951 -0.0176197 0.0015 -0.0178088 -0.0174774 0.0015 -0.017891 -0.018554 0.0015 -0.018891 0.0191 0.0015 -0.018 0.0179528 0.0015 -0.0163503 0.0191 0.0015 0.018 -0.017477 0.0015 -0.0159088 -0.0176194 0.0015 -0.015991 -0.0174775 0.0015 0.015909 0.0178598 0.0015 -0.0175861 0.018991 0.0015 -0.018454 0.0177479 0.0015 -0.0177066 0.0190511 0.0015 -0.018309 0.0190877 0.0015 -0.0181564 0.018909 0.0015 -0.0185878 0.0188071 0.0015 -0.0187071 0.0180239 0.0015 -0.017302 0.0179525 0.0015 -0.0174502 0.0180724 0.0015 -0.0171449 0.0165226 0.0015 0.015909 0.0163806 0.0015 -0.015991 0.0163803 0.0015 0.0159912 -0.0166756 0.0015 -0.0158489 -0.016676 0.0015 0.0158488 -0.016523 0.0015 0.0159088 -0.0180969 0.0015 -0.0169819 -0.0191 0.0015 -0.018 -0.0180969 0.0015 -0.0168176 -0.018909 0.0015 -0.0185878 -0.0160473 0.0015 -0.0163502 -0.0161398 0.0015 -0.0162144 0.0161402 0.0015 -0.0162139 0.0162517 0.0015 0.0160937 -0.0162516 0.0015 -0.0160939 -0.0162521 0.0015 0.0160934 0.0161399 0.0015 0.0162143 -0.0161402 0.0015 0.0162139 -0.0160476 0.0015 -0.0174503 0.015976 0.0015 -0.0173016 0.0160472 0.0015 -0.0174497 0.0161398 0.0015 -0.0175856 -0.0161402 0.0015 -0.017586 0.0162516 0.0015 -0.0177061 -0.0162519 0.0015 -0.0177064 0.0163801 0.0015 -0.0178087 0.0181 0.0015 -0.019 0.017 0.0015 -0.018 0.016836 0.0015 -0.0179877 0.0165225 0.0015 -0.017891 0.0166756 0.0015 -0.0179511 -0.0168363 0.0015 -0.0179877 -0.016676 0.0015 -0.0179512 -0.0170003 0.0015 -0.018 -0.0178601 0.0015 -0.0175857 -0.018991 0.0015 -0.018454 -0.0190511 0.0015 -0.018309 -0.0190877 0.0015 -0.0181564 -0.0179528 0.0015 -0.0174498 -0.0180725 0.0015 -0.0171444 -0.0180241 0.0015 -0.0173016 -0.0180724 0.0015 -0.0166551 -0.0179526 0.0015 -0.0163499 -0.0180239 0.0015 -0.0164981 -0.0178602 0.0015 0.0162144 -0.0179528 0.0015 0.0163503 -0.0173244 0.0015 0.0158489 -0.0178599 0.0015 -0.016214 -0.0177484 0.0015 0.0160939 -0.017324 0.0015 -0.0158488 -0.017164 0.0015 0.0158123 -0.017 0.0015 0.0158 -0.0171641 0.0015 -0.0158123 -0.0181 0.0015 0.019 -0.0176194 0.0015 0.017809 -0.0180969 0.0015 0.0169822 -0.017748 0.0015 -0.0160934 -0.0176199 0.0015 0.0159913 -0.0180724 0.0015 0.0166554 -0.018024 0.0015 0.0164984 -0.0180969 0.0015 0.0168179 -0.018554 0.0015 0.018891 -0.0186878 0.0015 0.018809 -0.018409 0.0015 0.0189511 -0.0182564 0.0015 0.0189877 -0.016836 0.0015 0.0179877 -0.0166756 0.0015 0.0179511 -0.017324 0.0015 0.0179512 -0.017477 0.0015 0.0178912 -0.017164 0.0015 0.0179877 -0.017 0.0015 0.018 -0.0163801 0.0015 0.0178087 -0.0165225 0.0015 0.017891 0.0160474 0.0015 0.0174501 0.0159761 0.0015 0.0173019 -0.015976 0.0015 0.0173016 0.0161401 0.0015 0.017586 -0.0160472 0.0015 0.0174497 -0.0161398 0.0015 0.0175856 -0.0159031 0.0015 0.0168178 0.0159031 0.0015 0.0169824 0.0159031 0.0015 0.0168181 -0.0159031 0.0015 0.0169821 -0.0159276 0.0015 0.0171446 0.0159276 0.0015 0.0171449 0.0160472 0.0015 0.0163502 -0.0160475 0.0015 0.0163498 0.0159759 0.0015 0.0164984 0.0159275 0.0015 0.0166556 -0.0159761 0.0015 0.016498 -0.0159276 0.0015 0.0166551 0.0160475 0.0015 -0.0163498 -0.0159031 0.0015 -0.016818 -0.0159276 0.0015 -0.0166553 0.0159276 0.0015 -0.0166551 0.0180969 0.0015 0.0168175 0.0180723 0.0015 0.0166549 0.0168357 0.0015 0.0158124 0.016836 0.0015 -0.0158123 0.016676 0.0015 -0.0158488 0.017 0.0015 0.018 0.018991 0.0015 0.018454 0.018909 0.0015 0.0185878 0.0178602 0.0015 0.0175856 0.0190511 0.0015 0.018309 0.0190877 0.0015 0.0181564 0.018024 0.0015 0.0173018 0.0179527 0.0015 0.0174498 0.0180969 0.0015 0.016982 0.0180724 0.0015 0.0171447 0.0179524 0.0015 0.0163497 0.0180238 0.0015 0.0164978 0.0178602 0.0015 -0.0162144 0.0173244 0.0015 -0.0158489 0.0174772 0.0015 0.0159089 0.0174775 0.0015 -0.015909 0.0178598 0.0015 0.016214 0.0177484 0.0015 -0.0160939 0.0171637 0.0015 0.0158123 0.017164 0.0015 -0.0158123 0.017 0.0015 -0.0158 0.0162521 0.0015 -0.0160934 0.016523 0.0015 0.0178912 0.0163806 0.0015 0.017809 0.016252 0.0015 0.0177066 -0.0162516 0.0015 0.0177061 0.0168359 0.0015 0.0179877 0.016676 0.0015 0.0179512 0.0180969 0.0015 -0.0169822 0.016523 0.0015 -0.0159088 -0.0159762 0.0015 -0.0173022 0.0159276 0.0015 -0.0171446 0.0159031 0.0015 -0.0169821 -0.0159277 0.0015 -0.0171451 -0.0159031 0.0015 -0.0169825 0.0159031 0.0015 -0.0168178 0.0159761 0.0015 -0.016498 -0.015976 0.0015 -0.0164982 0.0166755 0.0015 0.015849 0.0169997 0.0015 0.0158 0.017324 0.0015 0.0158488 0.0176196 0.0015 0.0159911 0.0177481 0.0015 0.0160936 0.0176199 0.0015 -0.0159913 0.0180724 0.0015 -0.0166554 0.018024 0.0015 -0.0164984 0.0180969 0.0015 -0.0168179 0.0186878 0.0015 -0.018809 0.018554 0.0015 -0.018891 0.018409 0.0015 -0.0189511 0.0182564 0.0015 -0.0189877 0.017477 0.0015 -0.0178912 0.0176194 0.0015 -0.017809 0.017164 0.0015 -0.0179877 0.017324 0.0015 -0.0179512 0.0181 0.0015 0.019 -0.0181 0.0015 0.019 -0.0181 0 0.019 0.0181 0 0.019 -0.0191 0.0015 0.018 -0.0191 0.0015 -0.018 -0.0191 0 -0.018 -0.0191 0 0.018 -0.0181 0.0015 -0.019 0.0181 0.0015 -0.019 0.0181 0 -0.019 -0.0181 0 -0.019 0.0191 0 0.018 0.0191 0.0015 -0.018 0.0191 0.0015 0.018 0.0191 0 -0.018 0.0180969 0 -0.0168178 0.0180969 0.0015 -0.0168179 0.0180969 0 -0.0169821 0.016836 0 -0.0179877 0.017 0 -0.018 0.017 0.0015 -0.018 0.0180724 0.0015 -0.0166554 0.0180724 0 -0.0166551 0.0180239 0 -0.016498 0.018024 0.0015 -0.0164984 0.0179525 0 -0.0163498 0.0179528 0.0015 -0.0163503 0.0178602 0.0015 -0.0162144 0.0178598 0 -0.0162139 0.0177479 0 -0.0160934 0.0177484 0.0015 -0.0160939 0.0176194 0 -0.015991 0.0176199 0.0015 -0.0159913 0.0174775 0.0015 -0.015909 0.017477 0 -0.0159088 0.017324 0 -0.0158488 0.0173244 0.0015 -0.0158489 0.017164 0 -0.0158123 0.017164 0.0015 -0.0158123 0.017 0.0015 -0.0158 0.017 0 -0.0158 0.0180969 0.0015 -0.0169822 0.0180724 0.0015 -0.0171449 0.0180724 0 -0.0171446 0.018024 0 -0.0173016 0.0180239 0.0015 -0.017302 0.0179525 0.0015 -0.0174502 0.0179528 0 -0.0174497 0.0178598 0.0015 -0.0175861 0.0178602 0 -0.0175856 0.0177484 0 -0.0177061 0.0177479 0.0015 -0.0177066 0.0176194 0.0015 -0.017809 0.0176199 0 -0.0178087 0.017477 0.0015 -0.0178912 0.0174775 0 -0.017891 0.0173244 0 -0.0179511 0.017324 0.0015 -0.0179512 0.017164 0.0015 -0.0179877 0.017164 0 -0.0179877 0.0163806 0 -0.017809 0.016523 0 -0.0178912 0.0165225 0.0015 -0.017891 0.016676 0 -0.0179512 0.016836 0.0015 -0.0179877 0.0166756 0.0015 -0.0179511 0.0161398 0.0015 -0.0175856 0.0160475 0 -0.0174502 0.0161402 0 -0.0175861 0.0163801 0.0015 -0.0178087 0.0162516 0.0015 -0.0177061 0.0162521 0 -0.0177066 0.0159276 0 -0.0171449 0.0159276 0.0015 -0.0171446 0.0159031 0 -0.0169822 0.0159761 0 -0.017302 0.0160472 0.0015 -0.0174497 0.015976 0.0015 -0.0173016 0.015976 0 -0.0164984 0.0159276 0 -0.0166554 0.0159276 0.0015 -0.0166551 0.0159031 0.0015 -0.0168178 0.0159031 0 -0.0168179 0.0159031 0.0015 -0.0169821 0.0161402 0.0015 -0.0162139 0.0162516 0 -0.0160939 0.0161398 0 -0.0162144 0.0159761 0.0015 -0.016498 0.0160475 0.0015 -0.0163498 0.0160472 0 -0.0163503 0.0163806 0.0015 -0.015991 0.0163801 0 -0.0159913 0.0162521 0.0015 -0.0160934 0.0165225 0 -0.015909 0.016523 0.0015 -0.0159088 0.016676 0.0015 -0.0158488 0.0166756 0 -0.0158489 0.016836 0.0015 -0.0158123 0.016836 0 -0.0158123 0.017164 0 0.0179877 0.017 0 0.018 0.017 0.0015 0.018 0.0176194 0 0.017809 0.017477 0 0.0178912 0.0174775 0.0015 0.0178909 0.017324 0 0.0179512 0.0171641 0.0015 0.0179877 0.0173244 0.0015 0.0179511 0.0178602 0.0015 0.0175856 0.0179525 0 0.0174502 0.0178598 0 0.0175861 0.0176199 0.0015 0.0178087 0.0177484 0.0015 0.0177061 0.0177479 0 0.0177066 0.0180724 0 0.0171449 0.0180724 0.0015 0.0171447 0.0180969 0 0.0169822 0.0180239 0 0.017302 0.0179527 0.0015 0.0174498 0.018024 0.0015 0.0173018 0.018024 0 0.0164984 0.0180724 0 0.0166554 0.0180723 0.0015 0.0166549 0.0180969 0.0015 0.0168175 0.0180969 0 0.0168179 0.0180969 0.0015 0.016982 0.0178598 0.0015 0.016214 0.0177484 0 0.0160939 0.0178602 0 0.0162144 0.0180238 0.0015 0.0164978 0.0179524 0.0015 0.0163497 0.0179528 0 0.0163503 0.0174775 0 0.015909 0.0174772 0.0015 0.0159089 0.0173244 0 0.0158489 0.0176199 0 0.0159913 0.0177481 0.0015 0.0160936 0.0176196 0.0015 0.0159911 0.016836 0 0.0158123 0.017 0 0.0158 0.0169997 0.0015 0.0158 0.0171637 0.0015 0.0158123 0.017164 0 0.0158123 0.017324 0.0015 0.0158488 0.0165226 0.0015 0.015909 0.0163806 0 0.015991 0.016523 0 0.0159088 0.0168357 0.0015 0.0158124 0.0166755 0.0015 0.015849 0.016676 0 0.0158488 0.0161402 0 0.0162139 0.0161399 0.0015 0.0162143 0.0160475 0 0.0163498 0.0162521 0 0.0160934 0.0163803 0.0015 0.0159912 0.0162517 0.0015 0.0160937 0.0159031 0 0.0168178 0.0159276 0 0.0166551 0.0159275 0.0015 0.0166556 0.0159759 0.0015 0.0164984 0.0159761 0 0.016498 0.0160472 0.0015 0.0163502 0.0159276 0 0.0171446 0.0159031 0 0.0169821 0.0159031 0.0015 0.0169824 0.0159031 0.0015 0.0168181 0.0159276 0.0015 0.0171449 0.015976 0 0.0173016 0.0159761 0.0015 0.0173019 0.0160472 0 0.0174497 0.0161398 0 0.0175856 0.0160474 0.0015 0.0174501 0.0161401 0.0015 0.017586 0.0162516 0 0.0177061 0.016252 0.0015 0.0177066 0.0163801 0 0.0178087 0.0165225 0 0.017891 0.0163806 0.0015 0.017809 0.016523 0.0015 0.0178912 0.0166756 0 0.0179511 0.016676 0.0015 0.0179512 0.016836 0 0.0179877 0.0168359 0.0015 0.0179877 -0.0159031 0 0.0169822 -0.0159031 0.0015 0.0169821 -0.0159031 0 0.0168179 -0.017164 0 0.0158123 -0.017 0 0.0158 -0.017 0.0015 0.0158 -0.0159276 0.0015 0.0171446 -0.0159276 0 0.0171449 -0.0159761 0 0.017302 -0.015976 0.0015 0.0173016 -0.0160475 0 0.0174502 -0.0160472 0.0015 0.0174497 -0.0161398 0.0015 0.0175856 -0.0161402 0 0.0175861 -0.0162521 0 0.0177066 -0.0162516 0.0015 0.0177061 -0.0163806 0 0.017809 -0.0163801 0.0015 0.0178087 -0.0165225 0.0015 0.017891 -0.016523 0 0.0178912 -0.016676 0 0.0179512 -0.0166756 0.0015 0.0179511 -0.016836 0 0.0179877 -0.016836 0.0015 0.0179877 -0.017 0.0015 0.018 -0.017 0 0.018 -0.0159031 0.0015 0.0168178 -0.0159276 0.0015 0.0166551 -0.0159276 0 0.0166554 -0.015976 0 0.0164984 -0.0159761 0.0015 0.016498 -0.0160475 0.0015 0.0163498 -0.0160472 0 0.0163503 -0.0161402 0.0015 0.0162139 -0.0161398 0 0.0162144 -0.0162516 0 0.0160939 -0.0162521 0.0015 0.0160934 -0.0163806 0.0015 0.015991 -0.0163801 0 0.0159913 -0.016523 0.0015 0.0159088 -0.0165225 0 0.015909 -0.0166756 0 0.0158489 -0.016676 0.0015 0.0158488 -0.016836 0.0015 0.0158123 -0.016836 0 0.0158123 -0.0176194 0 0.015991 -0.017477 0 0.0159088 -0.0174775 0.0015 0.015909 -0.017324 0 0.0158488 -0.017164 0.0015 0.0158123 -0.0173244 0.0015 0.0158489 -0.0178602 0.0015 0.0162144 -0.0179525 0 0.0163498 -0.0178598 0 0.0162139 -0.0176199 0.0015 0.0159913 -0.0177484 0.0015 0.0160939 -0.0177479 0 0.0160934 -0.0180724 0 0.0166551 -0.0180724 0.0015 0.0166554 -0.0180969 0 0.0168178 -0.0180239 0 0.016498 -0.0179528 0.0015 0.0163503 -0.018024 0.0015 0.0164984 -0.018024 0 0.0173016 -0.0180724 0 0.0171446 -0.0180724 0.0015 0.0171449 -0.0180969 0.0015 0.0169822 -0.0180969 0 0.0169821 -0.0180969 0.0015 0.0168179 -0.0178598 0.0015 0.0175861 -0.0177484 0 0.0177061 -0.0178602 0 0.0175856 -0.0180239 0.0015 0.017302 -0.0179525 0.0015 0.0174502 -0.0179528 0 0.0174497 -0.0176194 0.0015 0.017809 -0.0176199 0 0.0178087 -0.0177479 0.0015 0.0177066 -0.0174775 0 0.017891 -0.017477 0.0015 0.0178912 -0.017324 0.0015 0.0179512 -0.0173244 0 0.0179511 -0.017164 0.0015 0.0179877 -0.017164 0 0.0179877 -0.016836 0 -0.0158123 -0.017 0 -0.0158 -0.017 0.0015 -0.0158 -0.0163806 0 -0.015991 -0.016523 0 -0.0159088 -0.0165225 0.0015 -0.0159091 -0.016676 0 -0.0158488 -0.0168359 0.0015 -0.0158123 -0.0166756 0.0015 -0.0158489 -0.0161398 0.0015 -0.0162144 -0.0160475 0 -0.0163498 -0.0161402 0 -0.0162139 -0.0163801 0.0015 -0.0159913 -0.0162516 0.0015 -0.0160939 -0.0162521 0 -0.0160934 -0.0159276 0 -0.0166551 -0.0159276 0.0015 -0.0166553 -0.0159031 0 -0.0168178 -0.0159761 0 -0.016498 -0.0160473 0.0015 -0.0163502 -0.015976 0.0015 -0.0164982 -0.015976 0 -0.0173016 -0.0159276 0 -0.0171446 -0.0159277 0.0015 -0.0171451 -0.0159031 0.0015 -0.0169825 -0.0159031 0 -0.0169821 -0.0159031 0.0015 -0.016818 -0.0161402 0.0015 -0.017586 -0.0162516 0 -0.0177061 -0.0161398 0 -0.0175856 -0.0159762 0.0015 -0.0173022 -0.0160476 0.0015 -0.0174503 -0.0160472 0 -0.0174497 -0.0165225 0 -0.017891 -0.0165228 0.0015 -0.0178911 -0.0166756 0 -0.0179511 -0.0163801 0 -0.0178087 -0.0162519 0.0015 -0.0177064 -0.0163804 0.0015 -0.0178089 -0.017164 0 -0.0179877 -0.017 0 -0.018 -0.0170003 0.0015 -0.018 -0.0168363 0.0015 -0.0179877 -0.016836 0 -0.0179877 -0.016676 0.0015 -0.0179512 -0.0174774 0.0015 -0.017891 -0.0176194 0 -0.017809 -0.017477 0 -0.0178912 -0.0171643 0.0015 -0.0179876 -0.0173245 0.0015 -0.017951 -0.017324 0 -0.0179512 -0.0178598 0 -0.0175861 -0.0178601 0.0015 -0.0175857 -0.0179525 0 -0.0174502 -0.0177479 0 -0.0177066 -0.0176197 0.0015 -0.0178088 -0.0177483 0.0015 -0.0177063 -0.0180969 0 -0.0169822 -0.0180724 0 -0.0171449 -0.0180725 0.0015 -0.0171444 -0.0180241 0.0015 -0.0173016 -0.0180239 0 -0.017302 -0.0179528 0.0015 -0.0174498 -0.0180724 0 -0.0166554 -0.0180969 0 -0.0168179 -0.0180969 0.0015 -0.0168176 -0.0180969 0.0015 -0.0169819 -0.0180724 0.0015 -0.0166551 -0.018024 0 -0.0164984 -0.0180239 0.0015 -0.0164981 -0.0179528 0 -0.0163503 -0.0178602 0 -0.0162144 -0.0179526 0.0015 -0.0163499 -0.0178599 0.0015 -0.016214 -0.0177484 0 -0.0160939 -0.017748 0.0015 -0.0160934 -0.0176199 0 -0.0159913 -0.0174775 0 -0.015909 -0.0176194 0.0015 -0.015991 -0.017477 0.0015 -0.0159088 -0.0173244 0 -0.0158489 -0.017324 0.0015 -0.0158488 -0.017164 0 -0.0158123 -0.0171641 0.0015 -0.0158123</float_array>
          <technique_common>
            <accessor count="864" source="#ID59" stride="3">
              <param name="X" type="float"/>
              <param name="Y" type="float"/>
              <param name="Z" type="float"/>
            </accessor>
          </technique_common>
        </source>
        <source id="ID60">
          <float_array count="2592" id="ID61">0.587785 0 0.809017 0.707107 0 0.707107 0.707107 0 0.707107 0.453991 0 0.891007 0.587785 0 0.809017 0.453991 0 0.891007 0.309017 0 0.951057 0.156435 0 0.987688 0.309017 0 0.951057 6.95355e-08 0 1 0.156434 0 0.987688 -1.68883e-07 0 1 0.809017 0 0.587785 0.809017 0 0.587785 0.891007 0 0.45399 0.951057 0 0.309017 0.891007 0 0.45399 0.987688 0 0.156435 0.951057 0 0.309017 0.987688 0 0.156435 1 0 5.96244e-09 1 0 5.96244e-09 -0.809017 0 0.587785 -0.707107 0 0.707107 -0.707107 0 0.707107 -0.891007 0 0.453991 -0.809017 0 0.587785 -0.891007 0 0.453991 -0.951057 0 0.309017 -0.987688 0 0.156435 -0.951057 0 0.309017 -1 0 6.95355e-08 -0.987688 0 0.156434 -1 -0 -1.68883e-07 -0.587785 0 0.809017 -0.587785 0 0.809017 -0.45399 0 0.891007 -0.309017 0 0.951057 -0.45399 0 0.891007 -0.156435 0 0.987688 -0.309017 0 0.951057 -0.156435 0 0.987688 -5.96244e-09 0 1 -5.96244e-09 0 1 -0.587785 -0 -0.809017 -0.707107 0 -0.707107 -0.707107 -0 -0.707107 -0.453991 -0 -0.891007 -0.587785 -0 -0.809017 -0.453991 -0 -0.891007 -0.309017 -0 -0.951057 -0.156435 -0 -0.987688 -0.309017 -0 -0.951057 -6.95355e-08 -0 -1 -0.156434 -0 -0.987688 1.68883e-07 0 -1 -0.809017 0 -0.587785 -0.809017 0 -0.587785 -0.891007 0 -0.45399 -0.951057 0 -0.309017 -0.891007 0 -0.45399 -0.987688 0 -0.156435 -0.951057 0 -0.309017 -0.987688 0 -0.156435 -1 0 -5.96244e-09 -1 0 -5.96244e-09 0.809017 0 -0.587785 0.707107 0 -0.707107 0.707107 0 -0.707107 0.891007 0 -0.453991 0.809017 0 -0.587785 0.891007 0 -0.453991 0.951057 0 -0.309017 0.987688 0 -0.156435 0.951057 0 -0.309017 1 0 -6.95355e-08 0.987688 0 -0.156434 1 0 1.68883e-07 0.587785 0 -0.809017 0.587785 0 -0.809017 0.45399 0 -0.891007 0.309017 0 -0.951057 0.45399 0 -0.891007 0.156435 0 -0.987688 0.309017 0 -0.951057 0.156435 0 -0.987688 5.96244e-09 0 -1 5.96244e-09 0 -1 0 -1 0 0 -1 0 0 -1 0 0 -1 0 0 -1 0 0 -1 0 0 -1 0 0 -1 0 0 -1 0 0 -1 0 0 -1 0 0 -1 0 0 -1 0 0 -1 0 0 -1 0 0 -1 0 0 -1 0 0 -1 0 0 -1 0 0 -1 0 0 -1 0 0 -1 0 0 -1 0 0 -1 0 0 -1 0 0 -1 0 0 -1 0 0 -1 0 0 -1 0 0 -1 0 0 -1 0 0 -1 0 0 -1 0 0 -1 0 0 -1 0 0 -1 0 0 -1 0 0 -1 0 0 -1 0 0 -1 0 0 -1 0 0 -1 0 0 -1 0 0 -1 0 0 -1 0 0 -1 0 0 -1 0 0 -1 0 0 -1 0 0 -1 0 0 -1 0 0 -1 0 0 -1 0 0 -1 0 0 -1 0 0 -1 0 0 -1 0 0 -1 0 0 -1 0 0 -1 0 0 -1 0 0 -1 0 0 -1 0 0 -1 0 0 -1 0 0 -1 0 0 -1 0 0 -1 0 0 -1 0 0 -1 0 0 -1 0 0 -1 0 0 -1 0 0 -1 0 0 -1 0 0 -1 0 0 -1 0 0 -1 0 0 -1 0 0 -1 0 0 -1 0 0 -1 0 0 -1 0 0 -1 0 0 -1 0 0 -1 0 0 -1 0 0 -1 0 0 -1 0 0 -1 0 0 -1 0 0 -1 0 0 -1 0 0 -1 0 0 -1 0 0 -1 0 0 -1 0 0 -1 0 0 -1 0 0 -1 0 0 -1 0 0 -1 0 0 -1 0 0 -1 0 0 -1 0 0 -1 0 0 -1 0 0 -1 0 0 -1 0 0 -1 0 0 -1 0 0 -1 0 0 -1 0 0 -1 0 0 -1 0 0 -1 0 0 -1 0 0 -1 0 0 -1 0 0 -1 0 0 -1 0 0 -1 0 0 -1 0 0 -1 0 0 -1 0 0 -1 0 0 -1 0 0 -1 0 0 -1 0 0 -1 0 0 -1 0 0 -1 0 0 -1 0 0 -1 0 0 -1 0 0 -1 0 0 -1 0 0 -1 0 0 -1 0 0 -1 0 0 -1 0 0 -1 0 0 -1 0 0 -1 0 0 -1 0 0 -1 0 0 -1 0 0 -1 0 0 -1 0 0 -1 0 0 -1 0 0 -1 0 0 -1 0 0 -1 0 0 -1 0 0 -1 0 0 -1 0 0 -1 0 0 -1 0 0 -1 0 0 -1 0 0 -1 0 0 -1 0 0 -1 0 0 -1 0 0 -1 0 0 -1 0 0 -1 0 0 -1 0 0 -1 0 0 -1 0 0 -1 0 0 -1 0 0 -1 0 0 -1 0 0 -1 0 0 -1 0 0 -1 0 0 -1 0 0 -1 0 0 -1 0 0 -1 0 0 -1 0 0 -1 0 0 -1 0 0 -1 0 0 -1 0 0 -1 0 0 -1 0 0 -1 0 0 -1 0 0 -1 0 0 -1 0 0 -1 0 0 -1 0 0 -1 0 0 -1 0 0 -1 0 0 -1 0 0 -1 0 0 -1 0 0 -1 0 0 -1 0 0 -1 0 0 -1 0 0 -1 0 0 -1 0 0 -1 0 0 -1 0 0 -1 0 0 -1 0 0 -1 0 0 1 0 0 1 0 0 1 0 0 1 0 0 1 0 0 1 0 0 1 0 0 1 0 0 1 0 0 1 0 0 1 0 0 1 0 0 1 0 0 1 0 0 1 0 0 1 0 0 1 0 0 1 0 0 1 0 0 1 0 0 1 0 0 1 0 0 1 0 0 1 0 0 1 0 0 1 0 0 1 0 0 1 0 0 1 0 0 1 0 0 1 0 0 1 0 0 1 0 0 1 0 0 1 0 0 1 0 0 1 0 0 1 0 0 1 0 0 1 0 0 1 0 0 1 0 0 1 0 0 1 0 0 1 0 0 1 0 0 1 0 0 1 0 0 1 0 0 1 0 0 1 0 0 1 0 0 1 0 0 1 0 0 1 0 0 1 0 0 1 0 0 1 0 0 1 0 0 1 0 0 1 0 0 1 0 0 1 0 0 1 0 0 1 0 0 1 0 0 1 0 0 1 0 0 1 0 0 1 0 0 1 0 0 1 0 0 1 0 0 1 0 0 1 0 0 1 0 0 1 0 0 1 0 0 1 0 0 1 0 0 1 0 0 1 0 0 1 0 0 1 0 0 1 0 0 1 0 0 1 0 0 1 0 0 1 0 0 1 0 0 1 0 0 1 0 0 1 0 0 1 0 0 1 0 0 1 0 0 1 0 0 1 0 0 1 0 0 1 0 0 1 0 0 1 0 0 1 0 0 1 0 0 1 0 0 1 0 0 1 0 0 1 0 0 1 0 0 1 0 0 1 0 0 1 0 0 1 0 0 1 0 0 1 0 0 1 0 0 1 0 0 1 0 0 1 0 0 1 0 0 1 0 0 1 0 0 1 0 0 1 0 0 1 0 0 1 0 0 1 0 0 1 0 0 1 0 0 1 0 0 1 0 0 1 0 0 1 0 0 1 0 0 1 0 0 1 0 0 1 0 0 1 0 0 1 0 0 1 0 0 1 0 0 1 0 0 1 0 0 1 0 0 1 0 0 1 0 0 1 0 0 1 0 0 1 0 0 1 0 0 1 0 0 1 0 0 1 0 0 1 0 0 1 0 0 1 0 0 1 0 0 1 0 0 1 0 0 1 0 0 1 0 0 1 0 0 1 0 0 1 0 0 1 0 0 1 0 0 1 0 0 1 0 0 1 0 0 1 0 0 1 0 0 1 0 0 1 0 0 1 0 0 1 0 0 1 0 0 1 0 0 1 0 0 1 0 0 1 0 0 1 0 0 1 0 0 1 0 0 1 0 0 1 0 0 1 0 0 1 0 0 1 0 0 1 0 0 1 0 0 1 0 0 1 0 0 1 0 0 1 0 0 1 0 0 1 0 0 1 0 0 1 0 0 1 0 0 1 0 0 1 0 0 1 0 0 1 0 0 1 0 0 1 0 0 1 0 0 1 0 0 1 0 0 1 0 0 1 0 0 1 0 0 1 0 0 0 1 0 0 1 0 0 1 0 0 1 -1 -0 -0 -1 -0 -0 -1 -0 -0 -1 -0 -0 -0 -0 -1 -0 -0 -1 -0 -0 -1 -0 -0 -1 1 0 0 1 0 0 1 0 0 1 0 0 -0.997204 -0 -0.0747301 -0.997204 -0 -0.0747301 -0.997204 0 0.0747302 0.149042 0 0.988831 8.74228e-08 0 1 8.74228e-08 0 1 -0.974928 -0 -0.222521 -0.974928 -0 -0.222521 -0.930874 -0 -0.365341 -0.930874 -0 -0.365341 -0.866025 -0 -0.5 -0.866025 -0 -0.5 -0.781832 -0 -0.62349 -0.781832 -0 -0.62349 -0.680173 -0 -0.733052 -0.680173 -0 -0.733052 -0.56332 -0 -0.826239 -0.56332 -0 -0.826239 -0.433884 -0 -0.900969 -0.433884 -0 -0.900969 -0.294755 -0 -0.955573 -0.294755 -0 -0.955573 -0.149042 -0 -0.988831 -0.149042 -0 -0.988831 1.37155e-11 0 -1 6.08389e-24 0 -1 -0.997204 0 0.0747301 -0.974928 0 0.222521 -0.974928 0 0.222521 -0.930874 0 0.365341 -0.930874 0 0.365341 -0.866026 0 0.5 -0.866025 0 0.5 -0.781832 0 0.62349 -0.781832 0 0.62349 -0.680173 0 0.733052 -0.680173 0 0.733052 -0.56332 0 0.826239 -0.56332 0 0.826239 -0.433884 0 0.900969 -0.433884 0 0.900969 -0.294755 0 0.955573 -0.294755 0 0.955573 -0.149042 0 0.988831 -0.149042 0 0.988831 0.56332 0 0.826239 0.433884 0 0.900969 0.433884 0 0.900969 0.294755 0 0.955573 0.149042 0 0.988831 0.294755 0 0.955573 0.781832 0 0.62349 0.866025 0 0.5 0.781831 0 0.62349 0.56332 0 0.826239 0.680173 0 0.733052 0.680173 0 0.733052 0.974928 0 0.222521 0.974928 0 0.222521 0.997204 0 0.0747303 0.930874 0 0.365341 0.866025 0 0.5 0.930874 0 0.365341 0.930874 0 -0.365341 0.974928 0 -0.222521 0.974928 0 -0.222521 0.997204 0 -0.0747303 0.997204 0 -0.0747303 0.997204 0 0.0747303 0.781831 0 -0.62349 0.680173 0 -0.733052 0.781831 0 -0.62349 0.930874 0 -0.365341 0.866025 0 -0.5 0.866025 0 -0.5 0.56332 0 -0.826239 0.56332 0 -0.826239 0.680173 0 -0.733052 0.433884 0 -0.900969 0.433884 0 -0.900969 0.294755 0 -0.955573 0.294755 0 -0.955573 0.149042 0 -0.988831 0.149042 0 -0.988831 -0.149042 -0 -0.988831 5.41667e-23 0 -1 1.37181e-11 0 -1 -0.56332 -0 -0.826239 -0.433884 -0 -0.900969 -0.433884 -0 -0.900969 -0.294755 -0 -0.955573 -0.149042 -0 -0.988831 -0.294755 -0 -0.955573 -0.781832 -0 -0.62349 -0.866025 -0 -0.5 -0.781832 -0 -0.62349 -0.56332 -0 -0.826239 -0.680173 -0 -0.733052 -0.680173 -0 -0.733052 -0.974928 -0 -0.222521 -0.974928 -0 -0.222521 -0.997204 -0 -0.0747301 -0.930874 -0 -0.365341 -0.866025 -0 -0.5 -0.930874 -0 -0.365341 -0.930874 0 0.365341 -0.974928 0 0.222521 -0.974928 0 0.222521 -0.997204 0 0.0747301 -0.997204 0 0.0747302 -0.997204 -0 -0.0747301 -0.781832 0 0.62349 -0.680173 0 0.733052 -0.781832 0 0.62349 -0.930874 0 0.365341 -0.866026 0 0.5 -0.866025 0 0.5 -0.433884 0 0.900969 -0.433884 0 0.900969 -0.294755 0 0.955573 -0.56332 0 0.826239 -0.680173 0 0.733052 -0.56332 0 0.826239 0.149042 0 0.988831 8.74228e-08 0 1 8.74228e-08 0 1 -0.149042 0 0.988831 -0.149042 0 0.988831 -0.294755 0 0.955573 0.433884 0 0.900969 0.56332 0 0.826239 0.433884 0 0.900969 0.149042 0 0.988831 0.294755 0 0.955573 0.294755 0 0.955573 0.781831 0 0.62349 0.781832 0 0.62349 0.866025 0 0.5 0.680173 0 0.733052 0.56332 0 0.826239 0.680173 0 0.733052 0.997204 0 0.0747303 0.974928 0 0.222521 0.974928 0 0.222521 0.930874 0 0.365341 0.930874 0 0.365341 0.866025 0 0.5 0.974928 0 -0.222521 0.997204 0 -0.0747303 0.997204 0 -0.0747303 0.997204 0 0.0747303 0.974928 0 -0.222521 0.930874 0 -0.365341 0.930874 0 -0.365341 0.866025 0 -0.5 0.781831 0 -0.62349 0.866025 0 -0.5 0.781831 0 -0.62349 0.680173 0 -0.733052 0.680173 0 -0.733052 0.56332 0 -0.826239 0.433884 0 -0.900969 0.56332 0 -0.826239 0.433884 0 -0.900969 0.294755 0 -0.955573 0.294755 0 -0.955573 0.149042 0 -0.988831 0.149042 0 -0.988831 -0.997204 -0 -0.0747301 -0.997204 -0 -0.0747301 -0.997204 0 0.0747302 0.149042 0 0.988831 8.74228e-08 0 1 8.74228e-08 0 1 -0.974928 -0 -0.222521 -0.974928 -0 -0.222521 -0.930874 -0 -0.365341 -0.930874 -0 -0.365341 -0.866025 -0 -0.5 -0.866025 -0 -0.5 -0.781832 -0 -0.62349 -0.781832 -0 -0.62349 -0.680173 -0 -0.733052 -0.680173 -0 -0.733052 -0.56332 -0 -0.826239 -0.56332 -0 -0.826239 -0.433884 -0 -0.900969 -0.433884 -0 -0.900969 -0.294755 -0 -0.955573 -0.294755 -0 -0.955573 -0.149042 -0 -0.988831 -0.149042 -0 -0.988831 1.37155e-11 0 -1 6.08389e-24 0 -1 -0.997204 0 0.0747301 -0.974928 0 0.222521 -0.974928 0 0.222521 -0.930874 0 0.365341 -0.930874 0 0.365341 -0.866026 0 0.5 -0.866025 0 0.5 -0.781832 0 0.62349 -0.781832 0 0.62349 -0.680173 0 0.733052 -0.680173 0 0.733052 -0.56332 0 0.826239 -0.56332 0 0.826239 -0.433884 0 0.900969 -0.433884 0 0.900969 -0.294755 0 0.955573 -0.294755 0 0.955573 -0.149042 0 0.988831 -0.149042 0 0.988831 0.56332 0 0.826239 0.433884 0 0.900969 0.433884 0 0.900969 0.294755 0 0.955573 0.149042 0 0.988831 0.294755 0 0.955573 0.781832 0 0.62349 0.866025 0 0.5 0.781831 0 0.62349 0.56332 0 0.826239 0.680173 0 0.733052 0.680173 0 0.733052 0.974928 0 0.222521 0.974928 0 0.222521 0.997204 0 0.0747303 0.930874 0 0.365341 0.866025 0 0.5 0.930874 0 0.365341 0.930874 0 -0.365341 0.974928 0 -0.222521 0.974928 0 -0.222521 0.997204 0 -0.0747303 0.997204 0 -0.0747303 0.997204 0 0.0747303 0.781831 0 -0.62349 0.680173 0 -0.733052 0.781831 0 -0.62349 0.930874 0 -0.365341 0.866025 0 -0.5 0.866025 0 -0.5 0.56332 0 -0.826239 0.56332 0 -0.826239 0.680173 0 -0.733052 0.433884 0 -0.900969 0.433884 0 -0.900969 0.294755 0 -0.955573 0.294755 0 -0.955573 0.149042 0 -0.988831 0.149042 0 -0.988831 -0.149042 -0 -0.988831 5.41667e-23 0 -1 1.37181e-11 0 -1 -0.56332 -0 -0.826239 -0.433884 -0 -0.900969 -0.433884 -0 -0.900969 -0.294755 -0 -0.955573 -0.149042 -0 -0.988831 -0.294755 -0 -0.955573 -0.781832 -0 -0.62349 -0.866025 -0 -0.5 -0.781832 -0 -0.62349 -0.56332 -0 -0.826239 -0.680173 -0 -0.733052 -0.680173 -0 -0.733052 -0.974928 -0 -0.222521 -0.974928 -0 -0.222521 -0.997204 -0 -0.0747301 -0.930874 -0 -0.365341 -0.866025 -0 -0.5 -0.930874 -0 -0.365341 -0.930874 0 0.365341 -0.974928 0 0.222521 -0.974928 0 0.222521 -0.997204 0 0.0747301 -0.997204 0 0.0747302 -0.997204 -0 -0.0747301 -0.781832 0 0.62349 -0.680173 0 0.733052 -0.781832 0 0.62349 -0.930874 0 0.365341 -0.866026 0 0.5 -0.866025 0 0.5 -0.433884 0 0.900969 -0.433884 0 0.900969 -0.294755 0 0.955573 -0.56332 0 0.826239 -0.680173 0 0.733052 -0.56332 0 0.826239 0.149042 0 0.988831 8.74228e-08 0 1 8.74228e-08 0 1 -0.149042 0 0.988831 -0.149042 0 0.988831 -0.294755 0 0.955573 0.433884 0 0.900969 0.56332 0 0.826239 0.433884 0 0.900969 0.149042 0 0.988831 0.294755 0 0.955573 0.294755 0 0.955573 0.781831 0 0.62349 0.781832 0 0.62349 0.866025 0 0.5 0.680173 0 0.733052 0.56332 0 0.826239 0.680173 0 0.733052 0.997204 0 0.0747303 0.974928 0 0.222521 0.974928 0 0.222521 0.930874 0 0.365341 0.930874 0 0.365341 0.866025 0 0.5 0.974928 0 -0.222521 0.997204 0 -0.0747303 0.997204 0 -0.0747303 0.997204 0 0.0747303 0.974928 0 -0.222521 0.930874 0 -0.365341 0.930874 0 -0.365341 0.866025 0 -0.5 0.781831 0 -0.62349 0.866025 0 -0.5 0.781831 0 -0.62349 0.680173 0 -0.733052 0.680173 0 -0.733052 0.56332 0 -0.826239 0.433884 0 -0.900969 0.56332 0 -0.826239 0.433884 0 -0.900969 0.294755 0 -0.955573 0.294755 0 -0.955573 0.149042 0 -0.988831 0.149042 0 -0.988831</float_array>
          <technique_common>
            <accessor count="864" source="#ID61" stride="3">
              <param name="X" type="float"/>
              <param name="Y" type="float"/>
              <param name="Z" type="float"/>
            </accessor>
          </technique_common>
        </source>
        <vertices id="ID62">
          <input semantic="POSITION" source="#ID58"/>
          <input semantic="NORMAL" source="#ID60"/>
        </vertices>
        <triangles count="860" material="ID63">
          <input offset="0" semantic="VERTEX" source="#ID62"/>
          <p>0 1 2 0 3 4 4 1 0 5 3 6 3 5 4 7 8 6 5 6 8 7 9 10 10 8 7 9 11 10 12 2 1 13 12 14 12 13 2 15 16 14 13 14 16 15 17 18 18 16 15 19 17 20 17 19 18 19 20 21 22 23 24 22 25 26 26 23 22 27 25 28 25 27 26 29 30 28 27 28 30 29 31 32 32 30 29 31 33 32 34 24 23 35 34 36 34 35 24 37 38 36 35 36 38 37 39 40 40 38 37 41 39 42 39 41 40 41 42 43 44 45 46 44 47 48 48 45 44 49 47 50 47 49 48 51 52 50 49 50 52 51 53 54 54 52 51 53 55 54 56 46 45 57 56 58 56 57 46 59 60 58 57 58 60 59 61 62 62 60 59 63 61 64 61 63 62 63 64 65 66 67 68 66 69 70 70 67 66 71 69 72 69 71 70 73 74 72 71 72 74 73 75 76 76 74 73 75 77 76 78 68 67 79 78 80 78 79 68 81 82 80 79 80 82 81 83 84 84 82 81 85 83 86 83 85 84 85 86 87 88 89 90 91 92 93 94 95 91 91 93 94 94 96 95 92 97 93 98 99 93 93 97 98 100 101 98 98 101 99 102 103 104 105 106 107 108 109 110 111 112 113 108 114 115 116 113 117 115 113 112 111 113 116 108 118 114 108 115 112 118 108 110 119 120 121 122 89 88 121 120 123 89 122 124 88 90 125 102 89 124 126 125 90 102 127 89 102 104 128 127 102 128 102 120 129 130 131 132 133 134 135 136 137 132 132 131 136 132 138 139 138 132 137 140 139 135 138 135 139 134 141 135 141 140 135 142 106 105 143 144 132 130 132 144 145 146 143 143 132 145 120 147 145 145 147 146 148 120 149 120 145 149 150 120 151 120 148 151 120 150 123 152 129 153 153 120 119 154 152 155 156 157 107 157 156 158 156 107 106 159 160 161 105 159 142 162 163 164 165 166 167 168 169 170 171 172 173 174 175 176 176 177 174 178 179 180 113 181 182 179 183 184 183 179 178 185 184 186 183 186 184 187 188 185 185 186 187 189 135 187 190 188 135 135 188 187 191 192 190 190 193 194 194 188 190 193 190 192 195 135 196 135 189 196 133 135 195 197 198 98 199 90 200 158 201 202 202 157 158 203 201 154 201 203 202 155 152 153 203 154 155 129 120 153 204 102 205 102 129 205 102 206 103 102 204 206 207 208 90 126 90 208 209 90 210 209 207 90 210 90 199 211 212 199 213 199 214 199 200 214 215 199 216 199 213 216 199 215 211 199 217 218 212 217 199 199 218 113 219 220 221 222 223 224 225 226 227 228 229 230 177 173 174 173 177 171 231 232 169 233 234 235 231 169 168 174 162 175 170 175 168 163 165 164 174 163 162 167 166 160 164 165 167 159 161 142 160 166 161 175 170 176 236 237 197 238 109 108 225 227 172 172 171 225 239 227 226 239 228 230 228 239 226 229 240 230 221 240 241 229 241 240 220 219 242 221 241 219 242 222 224 224 220 242 243 223 222 244 243 181 243 244 223 113 218 181 244 181 218 245 113 246 113 182 246 247 113 245 113 247 117 248 249 108 238 108 249 250 248 251 250 249 248 252 197 248 251 248 197 253 197 254 197 252 254 237 255 197 197 253 236 197 256 257 255 256 197 258 198 257 259 260 261 262 263 258 264 265 266 267 268 269 170 270 271 272 271 270 271 176 170 273 100 98 272 270 274 275 180 276 180 275 178 277 278 276 275 276 278 277 279 280 280 278 277 235 279 233 279 235 280 233 281 234 232 282 281 234 281 282 231 282 232 274 265 283 283 272 274 266 284 264 265 264 283 267 284 268 266 268 284 267 269 285 259 261 285 285 269 259 286 261 260 286 287 288 287 286 260 262 288 263 287 263 288 262 258 257 198 197 257 289 98 290 98 198 290 273 98 291 98 289 291 96 94 292 94 293 294 292 94 294 190 295 94 94 295 293 296 190 297 190 94 297 298 190 299 190 296 299 191 190 298 300 301 302 303 304 305 306 307 308 302 309 310 311 312 307 309 308 307 306 311 307 302 310 313 302 308 309 313 300 302 314 315 316 317 318 319 318 317 320 318 321 319 317 322 320 323 321 318 324 320 322 323 318 325 323 326 327 325 326 323 328 329 330 305 331 332 333 334 335 336 330 337 338 339 330 330 331 338 330 339 337 340 305 332 331 305 338 341 342 343 305 340 303 344 345 346 347 348 349 348 347 350 351 350 347 349 348 352 351 347 341 349 352 353 354 341 355 341 347 355 356 341 354 357 358 359 360 361 362 363 364 365 304 366 305 367 368 369 370 371 372 373 372 374 375 376 377 372 373 370 377 378 379 379 375 377 380 381 378 379 378 381 329 380 382 380 329 381 383 330 382 330 329 382 384 383 385 383 386 387 386 383 382 387 385 383 388 389 330 330 389 328 330 336 390 330 390 388 391 305 392 366 392 305 393 394 391 393 391 392 395 391 364 394 364 391 396 397 364 364 397 395 365 364 398 364 363 396 364 399 400 398 364 400 401 399 402 403 344 346 404 401 405 406 403 407 403 406 344 407 408 409 409 406 407 408 316 409 410 411 320 402 364 323 412 323 327 345 413 414 414 346 345 404 405 413 414 413 405 404 399 401 402 399 364 415 416 323 323 416 402 323 412 417 323 417 415 418 320 419 324 419 320 420 421 320 420 320 418 421 410 320 422 410 423 424 425 410 410 425 411 410 426 424 410 422 427 410 427 426 410 428 429 423 410 429 410 307 428 430 431 432 433 434 435 436 437 438 439 440 441 442 443 444 445 446 447 367 369 448 449 450 451 452 343 453 372 371 335 454 455 456 334 333 362 372 335 334 360 315 361 333 360 362 316 408 314 315 314 361 307 312 457 458 302 459 301 459 302 460 458 461 458 460 302 343 460 462 460 461 462 463 464 343 343 464 460 465 466 343 343 466 463 343 452 465 343 467 468 453 343 468 469 467 342 470 471 472 473 469 474 475 476 477 478 370 359 478 359 358 478 368 371 370 478 371 478 369 368 442 373 374 444 443 446 442 374 443 445 447 438 444 446 445 436 439 437 447 436 438 440 431 441 439 441 437 434 430 432 432 431 440 479 480 307 481 433 435 433 430 434 482 480 481 481 435 482 307 480 428 482 428 480 483 484 307 307 484 479 457 483 307 485 341 356 357 486 358 487 488 376 376 375 487 489 488 490 487 490 488 489 491 492 491 489 490 449 451 492 492 491 449 451 450 493 448 493 494 450 494 493 367 448 494 486 495 456 495 486 357 455 454 496 456 495 454 475 477 496 455 496 477 475 497 476 497 470 476 498 472 471 471 470 497 498 499 500 500 472 498 473 474 499 500 499 474 473 467 469 342 467 343 501 502 341 341 502 342 485 503 341 341 503 501 353 504 349 349 505 506 504 505 349 383 349 507 349 506 507 508 509 383 383 509 349 510 511 383 383 511 508 384 510 383 512 513 514 514 515 512 516 517 518 518 519 516 520 521 522 522 523 520 524 525 526 524 527 525 528 529 530 531 532 533 534 528 535 528 534 529 535 536 537 537 534 535 538 539 536 537 536 539 540 538 541 538 540 539 541 542 543 543 540 541 544 545 542 543 542 545 546 544 547 544 546 545 547 548 549 549 546 547 550 551 548 549 548 551 552 550 553 550 552 551 529 554 530 555 556 554 530 554 556 557 555 558 555 557 556 558 559 560 560 557 558 561 562 559 560 559 562 563 561 564 561 563 562 564 565 566 566 563 564 567 568 565 566 565 568 569 567 570 567 569 568 570 571 572 572 569 570 572 571 532 571 533 532 573 574 575 576 577 578 579 580 581 582 583 584 585 586 587 588 589 590 591 592 593 594 595 596 597 598 599 600 601 602 603 604 605 598 605 604 606 603 607 603 606 604 607 608 609 609 606 607 610 611 608 609 608 611 553 610 552 610 553 611 597 599 601 597 605 598 600 602 591 601 599 602 593 592 594 600 591 593 595 587 596 592 595 594 585 590 586 587 586 596 580 589 588 588 590 585 583 579 581 579 589 580 582 584 573 583 581 584 575 574 578 582 573 575 576 531 577 574 576 578 533 577 531 612 613 614 615 616 617 618 619 620 621 622 623 624 625 626 627 628 629 630 631 632 633 634 635 636 637 638 639 640 641 642 643 644 645 646 647 648 649 650 651 652 653 654 655 656 657 658 659 660 661 662 663 664 665 666 667 668 669 670 671 672 673 674 675 676 677 678 677 676 675 679 680 679 675 677 681 682 680 680 679 681 683 682 684 681 684 682 683 685 686 685 683 684 687 688 686 686 685 687 689 688 690 687 690 688 689 691 692 691 689 690 693 694 692 692 691 693 613 694 695 693 695 694 614 613 695 678 669 671 678 676 669 670 673 672 671 670 672 665 664 674 673 665 674 666 668 663 663 668 664 657 667 658 658 667 666 661 659 662 661 657 659 660 651 653 660 662 651 652 655 654 653 652 654 647 646 656 655 647 656 648 650 645 645 650 646 639 649 640 640 649 648 643 641 644 643 639 641 642 633 635 642 644 633 634 637 636 635 634 636 629 628 638 637 629 638 630 632 627 627 632 628 621 631 622 622 631 630 625 623 626 625 621 623 624 615 617 624 626 615 616 618 620 617 616 620 612 614 619 618 612 619 696 697 698 699 700 701 702 696 703 696 702 697 703 704 705 705 702 703 706 707 704 705 704 707 708 706 709 706 708 707 709 710 711 711 708 709 712 713 710 711 710 713 714 712 715 712 714 713 715 716 717 717 714 715 718 719 716 717 716 719 720 718 721 718 720 719 697 722 698 723 724 722 698 722 724 725 723 726 723 725 724 726 727 728 728 725 726 729 730 727 728 727 730 731 729 732 729 731 730 732 733 734 734 731 732 735 736 733 734 733 736 737 735 738 735 737 736 738 739 740 740 737 738 740 739 700 739 701 700 741 742 743 744 745 746 747 748 749 750 751 752 753 754 755 756 757 758 759 760 761 762 763 764 765 766 767 768 769 770 771 772 773 766 773 772 774 771 775 771 774 772 775 776 777 777 774 775 778 779 776 777 776 779 721 778 720 778 721 779 765 767 769 765 773 766 768 770 759 769 767 770 761 760 762 768 759 761 763 755 764 760 763 762 753 758 754 755 754 764 748 757 756 756 758 753 751 747 749 747 757 748 750 752 741 751 749 752 743 742 746 750 741 743 744 699 745 742 744 746 701 745 699 780 781 782 783 784 785 786 787 788 789 790 791 792 793 794 795 796 797 798 799 800 801 802 803 804 805 806 807 808 809 810 811 812 813 814 815 816 817 818 819 820 821 822 823 824 825 826 827 828 829 830 831 832 833 834 835 836 837 838 839 840 841 842 843 844 845 846 845 844 843 847 848 847 843 845 849 850 848 848 847 849 851 850 852 849 852 850 851 853 854 853 851 852 855 856 854 854 853 855 857 856 858 855 858 856 857 859 860 859 857 858 861 862 860 860 859 861 781 862 863 861 863 862 782 781 863 846 837 839 846 844 837 838 841 840 839 838 840 833 832 842 841 833 842 834 836 831 831 836 832 825 835 826 826 835 834 829 827 830 829 825 827 828 819 821 828 830 819 820 823 822 821 820 822 815 814 824 823 815 824 816 818 813 813 818 814 807 817 808 808 817 816 811 809 812 811 807 809 810 801 803 810 812 801 802 805 804 803 802 804 797 796 806 805 797 806 798 800 795 795 800 796 789 799 790 790 799 798 793 791 794 793 789 791 792 783 785 792 794 783 784 786 788 785 784 788 780 782 787 786 780 787</p>
        </triangles>
      </mesh>
    </geometry>
    <geometry id="ID65">
      <mesh>
        <source id="ID66">
          <float_array count="20712" id="ID67">-0.000183144 0.0051 0.00698309 -0.000137777 0.0051 0.00699045 0.000182548 0.0051 0.00698319 -0.000359808 0.0051 0.0069331 -6.25326e-05 0.0051 0.00684971 -0.000402147 0.0051 0.00691568 0.000272278 0.0051 0.00696226 0.000316045 0.0051 0.00694879 -0.000272516 0.0051 0.00696218 -0.000443615 0.0051 0.00689635 -0.000187598 0.0051 0.00684743 -0.000312663 0.0051 0.00684285 -0.000484212 0.0051 0.0068751 -0.000523939 0.0051 0.00685193 -0.000437729 0.0051 0.00683599 -0.000562794 0.0051 0.00682684 6.25326e-05 0.0051 0.00684971 -9.18778e-05 0.0051 0.00699577 0.000137258 0.0051 0.00699054 0.00022766 0.0051 0.00697375 -0.000227977 0.0051 0.0069737 -4.61382e-05 0.0051 0.00699893 -3.09356e-07 0.0051 0.00699998 4.56989e-05 0.0051 0.00699893 9.17876e-05 0.0051 0.00699578 -0.000316597 0.0051 0.0069486 0.00035928 0.0051 0.00693329 0.000401981 0.0051 0.00691574 0.000187598 0.0051 0.00684743 0.000443615 0.0051 0.00689635 0.000484212 0.0051 0.0068751 0.000312663 0.0051 0.00684285 0.000523939 0.0051 0.00685193 0.000437729 0.0051 0.00683599 0.000562794 0.0051 0.00682684 -0.00640044 0.0085 0.00113331 -0.00669114 0.0085 0.00202778 -0.00669815 0.0085 0.00198179 -0.00280229 0.0085 0.00602549 -0.00281617 0.0085 0.00598103 -0.00282791 0.0085 0.00593609 -0.00131291 0.0085 0.00654773 -0.00120132 0.0085 0.0064646 -0.00127443 0.0085 0.00652177 -0.00642602 0.0085 -0.00097792 -0.0064137 0.0085 -0.00105569 -0.00105569 0.0085 -0.0064137 -0.00554038 0.0085 -0.00425405 -0.00546955 0.0085 -0.00431495 -0.00557346 0.0085 -0.00422135 -0.00276834 0.0085 0.00611244 -0.00278627 0.0085 0.00606947 -0.00577707 0.0085 -0.00391166 -0.00514031 0.0085 -0.00448512 -0.00582179 0.0085 -0.00377915 -0.00472531 0.0085 -0.00451897 -0.00584751 0.0085 -0.00340942 -0.00585183 0.0085 -0.00345567 -0.00113331 0.0085 0.00640044 -0.00233377 0.0085 0.00658378 -0.00241357 0.0085 0.00653524 -0.00283759 0.0085 0.00589048 -0.0062747 0.0085 -0.00267716 -0.00634882 0.0085 -0.0026206 -0.00631225 0.0085 -0.0026499 -0.00611244 0.0085 -0.00276834 -0.00665747 0.0085 -0.00216281 -0.00660515 0.0085 -0.00229245 -0.00274849 0.0085 0.0061544 -0.00270271 0.0085 0.00623584 -0.00272654 0.0085 0.00619566 -0.00229245 0.0085 0.00660515 -0.00670467 0.0085 -0.00179516 -0.00584421 0.0085 -0.00284521 -0.00670089 0.0085 -0.0017489 -0.00687169 0.0085 -0.000490324 -0.0068479 0.0085 -0.000530442 -0.00679488 0.0085 -0.000607141 -0.00216281 0.0085 0.00665747 -0.00220684 0.0085 0.00664203 -0.00225028 0.0085 0.00662452 -0.00696122 0.0085 -0.000275945 -0.00643739 0.0085 -0.0009 -0.00698273 0.0085 -0.000185046 -0.00694717 0.0085 0.000320833 -0.00696113 0.0085 0.000276206 -0.00697297 0.0085 0.000231075 -0.00255753 0.0085 0.00641728 -0.00248815 0.0085 0.0064797 -0.0026499 0.0085 0.00631225 -0.00267716 0.0085 0.0062747 -0.0026206 0.0085 0.00634882 -0.00670578 0.0085 0.0018887 -0.00143557 0.0085 0.00661488 -0.00135266 0.0085 0.00657195 -0.00139369 0.0085 0.00659441 -0.00116668 0.0085 0.00643339 -0.00656028 0.0085 0.00237453 -0.0065835 0.0085 0.00233431 -0.00198118 0.0085 0.00669824 -0.00202724 0.0085 0.00669122 -0.00252367 0.0085 0.00644921 -0.00568946 0.0085 0.00407637 -0.00571431 0.0085 0.00403667 -0.00573697 0.0085 0.00305569 -0.00553993 0.0085 0.00425448 -0.00550543 0.0085 0.00428555 -0.00207318 0.0085 0.00668204 -0.00211829 0.0085 0.00667081 -0.00452711 0.0085 0.00486463 -0.00452385 0.0085 0.00477168 -0.00452547 0.0085 0.0049114 -0.00391166 0.0085 0.00577707 -0.00305569 0.0085 0.00573697 -0.00382389 0.0085 0.00580896 -0.00147822 0.0085 0.00663328 -0.00161117 0.0085 0.00667656 -0.00237425 0.0085 0.00656043 -0.003688 0.0085 0.00584111 -0.003734 0.0085 0.00583249 -0.00364177 0.0085 0.00584759 -0.001935 0.0085 0.00670309 -0.00184166 0.0085 0.0067063 -0.00188842 0.0085 0.00670578 -0.00165652 0.0085 0.00668676 -0.0017489 0.0085 0.00670089 -0.00170249 0.0085 0.00669488 -0.00152182 0.0085 0.00664974 -0.00156639 0.0085 0.00666427 -0.00123724 0.0085 0.00649406 -0.00179516 0.0085 0.00670467 -0.00245145 0.0085 0.00650838 -0.00258979 0.0085 0.00638385 -0.00284521 0.0085 0.00584421 0.00462395 0.0085 0.00456827 0.00456827 0.0085 0.00462395 0.00467895 0.0085 0.00451192 0.00451192 0.0085 0.00467895 -0.000490324 0.0085 0.00687169 -0.000530442 0.0085 0.0068479 0.0009 0.0085 0.00643739 0.00573697 0.0085 0.00305569 -0.000139143 0.0085 0.00699027 -0.000185046 0.0085 0.00698273 -0.000275945 0.0085 0.00696122 -0.000449304 0.0085 0.00689351 -0.000364029 0.0085 0.00693144 0.000774711 0.0085 0.00663297 0.00085515 0.0085 0.00651942 0.000803279 0.0085 0.00659639 0.000231075 0.0085 0.00697297 0.000185653 0.0085 0.00698262 -0.000643446 0.0085 0.00676582 -0.000678526 0.0085 0.00673496 0.000530855 0.0085 0.00684766 0.000643928 0.0085 0.00676542 0.000607546 0.0085 0.00679455 0.000449668 0.0085 0.00689331 0.000407383 0.0085 0.00691337 0.000490874 0.0085 0.00687138 0.000830092 0.0085 0.00655854 0.000364559 0.0085 0.00693125 0.000878452 0.0085 0.00647904 -0.000407243 0.0085 0.00691342 0.000320833 0.0085 0.00694717 0.000276206 0.0085 0.00696113 -0.000230764 0.0085 0.00697302 0.000139679 0.0085 0.00699018 4.67778e-05 0.0085 0.0069989 9.31528e-05 0.0085 0.00699565 0.000678798 0.0085 0.00673474 0.000744388 0.0085 0.00666829 0.000569651 0.0085 0.00682213 0.00071231 0.0085 0.00670233 -4.63303e-05 0.0085 0.0069989 3.16691e-07 0.0085 0.00699998 -9.30532e-05 0.0085 0.00699567 -0.000320263 0.0085 0.00694738 -0.000569611 0.0085 0.00682217 -0.000607141 0.0085 0.00679488 -0.000712156 0.0085 0.00670251 -0.000744 0.0085 0.00666874 -0.000803153 0.0085 0.00659654 -0.000774333 0.0085 0.00663341 -0.000830092 0.0085 0.00655854 -0.00085515 0.0085 0.00651942 -0.000878452 0.0085 0.00647904 -0.0009 0.0085 0.00643739 0.00305569 0.0085 0.00573697 0.00298596 0.0085 0.00577356 0.00580931 0.0085 0.00291581 0.00577356 0.0085 0.00298596 0.00272672 0.0085 0.00619536 0.00233431 0.0085 0.0065835 0.0027865 0.0085 0.00606893 0.00202778 0.0085 0.00669114 0.00198179 0.0085 0.00669815 0.00283759 0.0085 0.00589048 0.00220727 0.0085 0.0066419 0.00229293 0.0085 0.00660489 0.00225037 0.0085 0.00662447 0.00248859 0.0085 0.00647936 0.00270304 0.0085 0.00623531 0.00262092 0.0085 0.00634847 0.0018887 0.0085 0.00670578 0.00184227 0.0085 0.00670632 0.00284521 0.0085 0.00584421 0.00193531 0.0085 0.00670305 0.00207328 0.0085 0.00668203 0.00216341 0.0085 0.00665728 0.00282791 0.0085 0.00593609 0.00280236 0.0085 0.00602531 0.00179572 0.0085 0.00670469 0.00174905 0.0085 0.0067009 0.0017029 0.0085 0.00669496 0.00252379 0.0085 0.00644912 0.00259022 0.0085 0.00638338 0.00211872 0.0085 0.00667067 0.00245193 0.0085 0.00650801 0.00237453 0.0085 0.00656028 0.00241379 0.0085 0.00653507 0.00422173 0.0085 0.00557307 0.00415169 0.0085 0.00563473 0.00425448 0.0085 0.00553993 0.00255781 0.0085 0.00641697 0.00264993 0.0085 0.0063122 0.00267744 0.0085 0.00627426 0.00276857 0.0085 0.00611189 0.00274858 0.0085 0.00615418 0.00281617 0.0085 0.00598103 0.00165714 0.0085 0.00668688 0.00161164 0.0085 0.00667665 0.00152231 0.0085 0.00664994 0.00156643 0.0085 0.00666428 0.0014788 0.0085 0.00663351 0.0014359 0.0085 0.00661501 0.00139389 0.0085 0.00659454 0.00135317 0.0085 0.00657225 0.0012746 0.0085 0.00652187 0.0013134 0.0085 0.00654803 0.00123724 0.0085 0.00649406 0.00120132 0.0085 0.0064646 0.00116668 0.0085 0.00643339 0.00113331 0.0085 0.00640044 0.00291581 0.0085 0.00580931 0.00584421 0.0085 0.00284521 0.00640044 0.0085 0.00113331 0.00436902 0.0085 0.00539322 0.00386846 0.0085 0.00579394 0.00445443 0.0085 0.00522785 0.00399621 0.0085 0.00573704 0.00411474 0.0085 0.00566292 0.00345629 0.0085 0.00585187 0.00340977 0.0085 0.00584753 0.00336349 0.0085 0.00584104 0.00382447 0.0085 0.00580879 0.0037797 0.0085 0.00582163 0.00368841 0.0085 0.00584106 0.00449756 0.0085 0.00509485 0.00448525 0.0085 0.0051398 0.00403667 0.0085 0.00571431 0.00395464 0.0085 0.00575791 0.00354914 0.0085 0.00585406 0.00350274 0.0085 0.00585405 0.00359596 0.0085 0.00585185 0.00391195 0.0085 0.00577693 0.00373414 0.0085 0.00583244 0.00407637 0.0085 0.00568946 0.0041873 0.0085 0.00560485 0.00428555 0.0085 0.00550543 0.00434301 0.0085 0.0054318 0.0043151 0.0085 0.00546932 0.00443602 0.0085 0.00527053 0.00439316 0.0085 0.00535358 0.00441557 0.0085 0.00531249 0.00447081 0.0085 0.00518439 0.00450774 0.0085 0.00504953 0.00452174 0.0085 0.00495722 0.0045158 0.0085 0.00500362 0.0036424 0.0085 0.00584752 0.00452552 0.0085 0.00491082 0.00452657 0.0085 0.00481806 0.00452713 0.0085 0.00486444 0.00452385 0.0085 0.00477168 0.00539369 0.0085 0.00436871 0.0053537 0.0085 0.00439307 0.00531287 0.0085 0.0044154 0.00451897 0.0085 0.00472531 0.00331788 0.0085 0.00583243 0.00322758 0.0085 0.00580879 0.00327257 0.0085 0.00582168 0.00318345 0.0085 0.00579389 0.00314019 0.0085 0.00577697 0.0030976 0.0085 0.005758 0.0064137 0.0085 0.00105569 0.00105569 0.0085 0.0064137 0.00642602 0.0085 0.00097792 0.00568973 0.0085 0.00407601 0.00575818 0.0085 0.00395408 0.00573728 0.0085 0.00399572 0.00571435 0.0085 0.00403658 0.0054323 0.0085 0.00434266 0.00557346 0.0085 0.00422135 0.00566329 0.0085 0.00411423 0.00560492 0.0085 0.00418723 0.00509545 0.0085 0.00449741 0.00504987 0.0085 0.00450765 0.00500385 0.0085 0.00451578 0.00522828 0.0085 0.00445423 0.00514031 0.0085 0.00448512 0.00527111 0.0085 0.00443576 0.00518444 0.0085 0.00447079 0.00554038 0.0085 0.00425405 0.00546955 0.0085 0.00431495 0.00550565 0.0085 0.00428533 0.005635 0.0085 0.00415133 0.00577707 0.0085 0.00391166 0.00582179 0.0085 0.00377915 0.00580896 0.0085 0.00382389 0.00579402 0.0085 0.00386819 0.00583249 0.0085 0.003734 0.00584759 0.0085 0.00364177 0.00584111 0.0085 0.003688 0.00495781 0.0085 0.00452169 0.00585191 0.0085 0.00359549 0.00486463 0.0085 0.00452711 0.0049114 0.0085 0.00452547 0.00585405 0.0085 0.00354909 0.00585401 0.0085 0.00350222 0.00481806 0.0085 0.00452657 0.00585183 0.0085 0.00345567 0.00477168 0.0085 0.00452385 0.00584751 0.0085 0.00340942 0.0058323 0.0085 0.0033173 0.00584099 0.0085 0.00336326 0.00472531 0.0085 0.00451897 0.00582155 0.0085 0.00327201 0.00580875 0.0085 0.00322739 0.00579389 0.0085 0.00318345 0.00577697 0.0085 0.00314019 0.005758 0.0085 0.0030976 0.00097792 0.0085 0.00642602 0.00643739 0.0085 0.0009 0.00643739 0.0085 -0.0009 0.00634882 0.0085 0.0026206 0.00631225 0.0085 0.0026499 0.0062747 0.0085 0.00267716 0.00593609 0.0085 0.00282791 0.00606947 0.0085 0.00278627 0.00598103 0.0085 0.00281617 0.00602549 0.0085 0.00280229 0.00611244 0.0085 0.00276834 0.0061544 0.0085 0.00274849 0.00623584 0.0085 0.00270271 0.00619566 0.0085 0.00272654 0.00638385 0.0085 0.00258979 0.00641728 0.0085 0.00255753 0.00644921 0.0085 0.00252367 0.0064797 0.0085 0.00248815 0.00650838 0.0085 0.00245145 0.00660515 0.0085 0.00229245 0.00658378 0.0085 0.00233377 0.00653524 0.0085 0.00241357 0.00656043 0.0085 0.00237425 0.00665747 0.0085 0.00216281 0.00664203 0.0085 0.00220684 0.00662452 0.0085 0.00225028 0.00667081 0.0085 0.00211829 0.00589048 0.0085 0.00283759 0.00669824 0.0085 0.00198118 0.00669122 0.0085 0.00202724 0.00668204 0.0085 0.00207318 0.00670309 0.0085 0.001935 0.00670578 0.0085 0.00188842 0.0067063 0.0085 0.00184166 0.00670467 0.0085 0.00179516 0.00670089 0.0085 0.0017489 0.00669488 0.0085 0.00170249 0.00668676 0.0085 0.00165652 0.00667656 0.0085 0.00161117 0.00664974 0.0085 0.00152182 0.00666427 0.0085 0.00156639 0.00663328 0.0085 0.00147822 0.00661488 0.0085 0.00143557 0.00659441 0.0085 0.00139369 0.00657195 0.0085 0.00135266 0.00654773 0.0085 0.00131291 0.00652177 0.0085 0.00127443 0.00649406 0.0085 0.00123724 0.0064646 0.0085 0.00120132 -0.00097792 0.0085 0.00642602 0.00642602 0.0085 -0.00097792 0.00643339 0.0085 0.00116668 0.0064137 0.0085 -0.00105569 0.00655854 0.0085 0.000830092 0.00651942 0.0085 0.00085515 0.00663341 0.0085 0.000774333 0.00666874 0.0085 0.000744 0.00659654 0.0085 0.000803153 0.00679488 0.0085 0.000607141 0.00676582 0.0085 0.000643446 0.00670251 0.0085 0.000712156 0.00647904 0.0085 0.000878452 0.00673496 0.0085 0.000678526 0.0068479 0.0085 0.000530442 0.00682217 0.0085 0.000569611 0.00689351 0.0085 0.000449304 0.00687169 0.0085 0.000490324 0.00694738 0.0085 0.000320263 0.00693144 0.0085 0.000364029 0.00691342 0.0085 0.000407243 0.00696122 0.0085 0.000275945 0.00698273 0.0085 0.000185046 0.00697302 0.0085 0.000230764 0.0069989 0.0085 4.63303e-05 0.00699567 0.0085 9.30532e-05 0.00699998 0.0085 -3.16691e-07 0.00699027 0.0085 0.000139143 0.00699565 0.0085 -9.31528e-05 0.0069989 0.0085 -4.67778e-05 0.00699018 0.0085 -0.000139679 0.00698262 0.0085 -0.000185653 0.00696113 0.0085 -0.000276206 0.00697297 0.0085 -0.000231075 0.00694717 0.0085 -0.000320833 0.00693125 0.0085 -0.000364559 0.00691337 0.0085 -0.000407383 0.00689331 0.0085 -0.000449668 0.00687138 0.0085 -0.000490874 0.00684766 0.0085 -0.000530855 0.00679455 0.0085 -0.000607546 0.00682213 0.0085 -0.000569651 0.00676542 0.0085 -0.000643928 0.00673474 0.0085 -0.000678798 0.00640044 0.0085 -0.00113331 -0.00105569 0.0085 0.0064137 0.00670233 0.0085 -0.00071231 0.00666829 0.0085 -0.000744388 0.00663297 0.0085 -0.000774711 0.00659639 0.0085 -0.000803279 0.00651942 0.0085 -0.00085515 0.00655854 0.0085 -0.000830092 0.00647904 0.0085 -0.000878452 0.00584421 0.0085 -0.00284521 0.00652187 0.0085 -0.0012746 0.00649406 0.0085 -0.00123724 0.00654803 0.0085 -0.0013134 0.0064646 0.0085 -0.00120132 0.00657225 0.0085 -0.00135317 0.00663351 0.0085 -0.0014788 0.00659454 0.0085 -0.00139389 0.00643339 0.0085 -0.00116668 0.00664994 0.0085 -0.00152231 0.00661501 0.0085 -0.0014359 0.00668688 0.0085 -0.00165714 0.00667665 0.0085 -0.00161164 0.00666428 0.0085 -0.00156643 0.00669496 0.0085 -0.0017029 0.00670632 0.0085 -0.00184227 0.00670469 0.0085 -0.00179572 0.0067009 0.0085 -0.00174905 0.00670578 0.0085 -0.0018887 0.00669815 0.0085 -0.00198179 0.00670305 0.0085 -0.00193531 0.00669114 0.0085 -0.00202778 0.00668203 0.0085 -0.00207328 0.00667067 0.0085 -0.00211872 0.00665728 0.0085 -0.00216341 0.00662447 0.0085 -0.00225037 0.0066419 0.0085 -0.00220727 0.00660489 0.0085 -0.00229293 0.0065835 0.0085 -0.00233431 0.00653507 0.0085 -0.00241379 0.00656028 0.0085 -0.00237453 0.00650801 0.0085 -0.00245193 0.00647936 0.0085 -0.00248859 0.00644912 0.0085 -0.00252379 -0.00298596 0.0085 0.00577356 0.00577356 0.0085 -0.00298596 -0.00291581 0.0085 0.00580931 0.00638338 0.0085 -0.00259022 0.00641697 0.0085 -0.00255781 0.00634847 0.0085 -0.00262092 0.00627426 0.0085 -0.00267744 0.0063122 0.0085 -0.00264993 0.00623531 0.0085 -0.00270304 0.00619536 0.0085 -0.00272672 0.00611189 0.0085 -0.00276857 0.00615418 0.0085 -0.00274858 0.00606893 0.0085 -0.0027865 0.00602531 0.0085 -0.00280236 0.00593609 0.0085 -0.00282791 0.00598103 0.0085 -0.00281617 0.00589048 0.0085 -0.00283759 0.00580931 0.0085 -0.00291581 0.00573697 0.0085 -0.00305569 0.00579389 0.0085 -0.00318345 0.00577697 0.0085 -0.00314019 0.00580879 0.0085 -0.00322758 0.00583243 0.0085 -0.00331788 0.00582168 0.0085 -0.00327257 0.00585187 0.0085 -0.00345629 0.00584104 0.0085 -0.00336349 0.005758 0.0085 -0.0030976 0.00584753 0.0085 -0.00340977 0.00585405 0.0085 -0.00350274 0.00584752 0.0085 -0.0036424 0.00585185 0.0085 -0.00359596 0.00585406 0.0085 -0.00354914 0.00584106 0.0085 -0.00368841 0.00582163 0.0085 -0.0037797 0.00583244 0.0085 -0.00373414 0.00580879 0.0085 -0.00382447 0.00579394 0.0085 -0.00386846 0.00575791 0.0085 -0.00395464 0.00577693 0.0085 -0.00391195 0.00573704 0.0085 -0.00399621 0.00571431 0.0085 -0.00403667 0.00568946 0.0085 -0.00407637 0.00566292 0.0085 -0.00411474 0.00560485 0.0085 -0.0041873 0.00563473 0.0085 -0.00415169 0.00557307 0.0085 -0.00422173 0.00452547 0.0085 -0.0049114 0.00452657 0.0085 -0.00481806 0.00452385 0.0085 -0.00477168 0.00550543 0.0085 -0.00428555 0.00553993 0.0085 -0.00425448 0.0054318 0.0085 -0.00434301 0.00546932 0.0085 -0.0043151 0.00535358 0.0085 -0.00439316 0.00527053 0.0085 -0.00443602 0.00531249 0.0085 -0.00441557 0.00539322 0.0085 -0.00436902 0.00472531 0.0085 -0.00451897 0.00477168 0.0085 -0.00452385 0.00491082 0.0085 -0.00452552 0.00522785 0.0085 -0.00445443 0.0051398 0.0085 -0.00448525 0.00518439 0.0085 -0.00447081 0.00504953 0.0085 -0.00450774 0.00495722 0.0085 -0.00452174 0.00509485 0.0085 -0.00449756 0.00500362 0.0085 -0.0045158 0.00486444 0.0085 -0.00452713 0.00467895 0.0085 -0.00451192 0.00481806 0.0085 -0.00452657 -0.00451192 0.0085 0.00467895 -0.00456827 0.0085 0.00462395 0.00462395 0.0085 -0.00456827 0.00305569 0.0085 -0.00573697 -0.00467895 0.0085 0.00451192 -0.00462395 0.0085 0.00456827 0.00451192 0.0085 -0.00467895 0.00456827 0.0085 -0.00462395 0.00452711 0.0085 -0.00486463 -0.00577356 0.0085 0.00298596 0.00298596 0.0085 -0.00577356 0.00452169 0.0085 -0.00495781 0.00451897 0.0085 -0.00472531 0.00451578 0.0085 -0.00500385 0.00449741 0.0085 -0.00509545 0.00450765 0.0085 -0.00504987 0.00447079 0.0085 -0.00518444 0.00448512 0.0085 -0.00514031 0.00445423 0.0085 -0.00522828 0.00443576 0.0085 -0.00527111 0.00439307 0.0085 -0.0053537 0.0044154 0.0085 -0.00531287 0.00436871 0.0085 -0.00539369 0.00434266 0.0085 -0.0054323 0.00428533 0.0085 -0.00550565 0.00431495 0.0085 -0.00546955 0.00425405 0.0085 -0.00554038 0.00407601 0.0085 -0.00568973 0.00411423 0.0085 -0.00566329 0.00418723 0.0085 -0.00560492 0.00415133 0.0085 -0.005635 0.00395408 0.0085 -0.00575818 0.00399572 0.0085 -0.00573728 0.0030976 0.0085 -0.005758 0.00327201 0.0085 -0.00582155 0.00340942 0.0085 -0.00584751 0.00403658 0.0085 -0.00571435 0.0033173 0.0085 -0.0058323 0.00336326 0.0085 -0.00584099 0.00322739 0.0085 -0.00580875 0.00314019 0.0085 -0.00577697 0.00318345 0.0085 -0.00579389 0.00382389 0.0085 -0.00580896 0.00391166 0.0085 -0.00577707 0.00386819 0.0085 -0.00579402 0.003688 0.0085 -0.00584111 0.003734 0.0085 -0.00583249 0.00364177 0.0085 -0.00584759 0.00345567 0.0085 -0.00585183 0.00359549 0.0085 -0.00585191 0.00350222 0.0085 -0.00585401 0.00354909 0.0085 -0.00585405 0.00280229 0.0085 -0.00602549 0.00282791 0.0085 -0.00593609 0.00278627 0.0085 -0.00606947 0.00377915 0.0085 -0.00582179 0.00422135 0.0085 -0.00557346 -0.00584421 0.0085 0.00284521 0.00284521 0.0085 -0.00584421 -0.00580931 0.0085 0.00291581 0.00097792 0.0085 -0.00642602 -0.0064137 0.0085 0.00105569 -0.00642602 0.0085 0.00097792 0.00105569 0.0085 -0.0064137 0.00113331 0.0085 -0.00640044 0.00281617 0.0085 -0.00598103 -0.00643739 0.0085 0.0009 0.0009 0.0085 -0.00643739 0.00283759 0.0085 -0.00589048 0.00276834 0.0085 -0.00611244 0.00229245 0.0085 -0.00660515 0.00233377 0.0085 -0.00658378 0.00245145 0.0085 -0.00650838 0.00241357 0.0085 -0.00653524 0.00220684 0.0085 -0.00664203 0.00225028 0.0085 -0.00662452 0.00270271 0.0085 -0.00623584 0.00272654 0.0085 -0.00619566 0.00274849 0.0085 -0.0061544 0.0026499 0.0085 -0.00631225 0.00267716 0.0085 -0.0062747 0.0026206 0.0085 -0.00634882 0.00216281 0.0085 -0.00665747 0.00131291 0.0085 -0.00654773 0.00143557 0.0085 -0.00661488 0.00116668 0.0085 -0.00643339 0.00248815 0.0085 -0.0064797 0.00255753 0.0085 -0.00641728 0.00139369 0.0085 -0.00659441 0.00135266 0.0085 -0.00657195 0.00211829 0.0085 -0.00667081 0.00202724 0.0085 -0.00669122 0.00252367 0.0085 -0.00644921 0.00207318 0.0085 -0.00668204 0.00147822 0.0085 -0.00663328 0.00237425 0.0085 -0.00656043 0.00184166 0.0085 -0.0067063 0.001935 0.0085 -0.00670309 0.00188842 0.0085 -0.00670578 0.00161117 0.0085 -0.00667656 0.00165652 0.0085 -0.00668676 0.00170249 0.0085 -0.00669488 0.0017489 0.0085 -0.00670089 0.00127443 0.0085 -0.00652177 0.00120132 0.0085 -0.0064646 0.00152182 0.0085 -0.00664974 0.00179516 0.0085 -0.00670467 0.00156639 0.0085 -0.00666427 0.00123724 0.0085 -0.00649406 0.00198118 0.0085 -0.00669824 -0.00085515 0.0085 -0.00651942 -0.000830092 0.0085 -0.00655854 -0.000803279 0.0085 -0.00659639 0.000275945 0.0085 -0.00696122 0.000320263 0.0085 -0.00694738 -0.0009 0.0085 -0.00643739 0.00258979 0.0085 -0.00638385 -0.00097792 0.0085 -0.00642602 -0.00640044 0.0085 -0.00113331 -0.00284521 0.0085 -0.00584421 -0.00113331 0.0085 -0.00640044 0.000364029 0.0085 -0.00693144 -0.00291581 0.0085 -0.00580931 -0.00580931 0.0085 -0.00291581 -0.000185653 0.0085 -0.00698262 -0.000231075 0.0085 -0.00697297 -0.000607546 0.0085 -0.00679455 -0.000530855 0.0085 -0.00684766 -0.000643928 0.0085 -0.00676542 -0.000407383 0.0085 -0.00691337 -0.000490874 0.0085 -0.00687138 -0.000449668 0.0085 -0.00689331 0.000643446 0.0085 -0.00676582 0.000607141 0.0085 -0.00679488 -0.000878452 0.0085 -0.00647904 -0.000364559 0.0085 -0.00693125 -0.000744388 0.0085 -0.00666829 -0.00071231 0.0085 -0.00670233 -0.000678798 0.0085 -0.00673474 -0.000774711 0.0085 -0.00663297 0.000139143 0.0085 -0.00699027 0.000185046 0.0085 -0.00698273 0.000407243 0.0085 -0.00691342 0.000449304 0.0085 -0.00689351 -0.000276206 0.0085 -0.00696113 -0.000320833 0.0085 -0.00694717 0.000230764 0.0085 -0.00697302 -0.000139679 0.0085 -0.00699018 -4.67778e-05 0.0085 -0.0069989 -9.31528e-05 0.0085 -0.00699565 -0.000569651 0.0085 -0.00682213 -3.16691e-07 0.0085 -0.00699998 4.63303e-05 0.0085 -0.0069989 9.30532e-05 0.0085 -0.00699567 0.000490324 0.0085 -0.00687169 0.000530442 0.0085 -0.0068479 0.000569611 0.0085 -0.00682217 0.000678526 0.0085 -0.00673496 0.000712156 0.0085 -0.00670251 0.000744 0.0085 -0.00666874 0.000774333 0.0085 -0.00663341 0.000803153 0.0085 -0.00659654 0.00085515 0.0085 -0.00651942 0.000830092 0.0085 -0.00655854 0.000878452 0.0085 -0.00647904 -0.00577356 0.0085 -0.00298596 -0.00573697 0.0085 -0.00305569 -0.00305569 0.0085 -0.00573697 -0.00467895 0.0085 -0.00451192 -0.00462395 0.0085 -0.00456827 -0.00456827 0.0085 -0.00462395 -0.00451192 0.0085 -0.00467895 -0.00267744 0.0085 -0.00627426 -0.00262092 0.0085 -0.00634847 -0.00270304 0.0085 -0.00623531 -0.00272672 0.0085 -0.00619536 -0.00233431 0.0085 -0.0065835 -0.0027865 0.0085 -0.00606893 -0.00248859 0.0085 -0.00647936 -0.00220727 0.0085 -0.0066419 -0.00229293 0.0085 -0.00660489 -0.00225037 0.0085 -0.00662447 -0.00216341 0.0085 -0.00665728 -0.00207328 0.0085 -0.00668203 -0.00202778 0.0085 -0.00669114 -0.00198179 0.0085 -0.00669815 -0.0018887 0.0085 -0.00670578 -0.00193531 0.0085 -0.00670305 -0.00259022 0.0085 -0.00638338 -0.00252379 0.0085 -0.00644912 -0.00281617 0.0085 -0.00598103 -0.00280236 0.0085 -0.00602531 -0.00282791 0.0085 -0.00593609 -0.00179572 0.0085 -0.00670469 -0.00174905 0.0085 -0.0067009 -0.0017029 0.0085 -0.00669496 -0.00211872 0.0085 -0.00667067 -0.00237453 0.0085 -0.00656028 -0.00245193 0.0085 -0.00650801 -0.00255781 0.0085 -0.00641697 -0.00241379 0.0085 -0.00653507 -0.00264993 0.0085 -0.0063122 -0.00276857 0.0085 -0.00611189 -0.00274858 0.0085 -0.00615418 -0.00283759 0.0085 -0.00589048 -0.00184227 0.0085 -0.00670632 -0.00165714 0.0085 -0.00668688 -0.00156643 0.0085 -0.00666428 -0.00161164 0.0085 -0.00667665 -0.00152231 0.0085 -0.00664994 -0.0014788 0.0085 -0.00663351 -0.0014359 0.0085 -0.00661501 -0.00139389 0.0085 -0.00659454 -0.0013134 0.0085 -0.00654803 -0.00135317 0.0085 -0.00657225 -0.0012746 0.0085 -0.00652187 -0.00123724 0.0085 -0.00649406 -0.00120132 0.0085 -0.0064646 -0.00116668 0.0085 -0.00643339 -0.00298596 0.0085 -0.00577356 -0.00436902 0.0085 -0.00539322 -0.00434301 0.0085 -0.0054318 -0.00428555 0.0085 -0.00550543 -0.00425448 0.0085 -0.00553993 -0.00415169 0.0085 -0.00563473 -0.00368841 0.0085 -0.00584106 -0.00382447 0.0085 -0.00580879 -0.0037797 0.0085 -0.00582163 -0.00386846 0.0085 -0.00579394 -0.00395464 0.0085 -0.00575791 -0.00391195 0.0085 -0.00577693 -0.00422173 0.0085 -0.00557307 -0.00345629 0.0085 -0.00585187 -0.00340977 0.0085 -0.00584753 -0.00336349 0.0085 -0.00584104 -0.00359596 0.0085 -0.00585185 -0.00354914 0.0085 -0.00585406 -0.00350274 0.0085 -0.00585405 -0.00445443 0.0085 -0.00522785 -0.00373414 0.0085 -0.00583244 -0.00399621 0.0085 -0.00573704 -0.00403667 0.0085 -0.00571431 -0.00411474 0.0085 -0.00566292 -0.00407637 0.0085 -0.00568946 -0.0041873 0.0085 -0.00560485 -0.0043151 0.0085 -0.00546932 -0.00443602 0.0085 -0.00527053 -0.00439316 0.0085 -0.00535358 -0.00441557 0.0085 -0.00531249 -0.00449756 0.0085 -0.00509485 -0.00448525 0.0085 -0.0051398 -0.00447081 0.0085 -0.00518439 -0.00452174 0.0085 -0.00495722 -0.00450774 0.0085 -0.00504953 -0.0036424 0.0085 -0.00584752 -0.0045158 0.0085 -0.00500362 -0.00452552 0.0085 -0.00491082 -0.00452713 0.0085 -0.00486444 -0.00452385 0.0085 -0.00477168 -0.00452657 0.0085 -0.00481806 -0.00451897 0.0085 -0.00472531 -0.00331788 0.0085 -0.00583243 -0.00327257 0.0085 -0.00582168 -0.00322758 0.0085 -0.00580879 -0.00318345 0.0085 -0.00579389 -0.00314019 0.0085 -0.00577697 -0.0030976 0.0085 -0.005758 -0.00573728 0.0085 -0.00399572 -0.00571435 0.0085 -0.00403658 -0.00568973 0.0085 -0.00407601 -0.00531287 0.0085 -0.0044154 -0.00539369 0.0085 -0.00436871 -0.0053537 0.0085 -0.00439307 -0.00560492 0.0085 -0.00418723 -0.00566329 0.0085 -0.00411423 -0.00509545 0.0085 -0.00449741 -0.00504987 0.0085 -0.00450765 -0.00500385 0.0085 -0.00451578 -0.0054323 0.0085 -0.00434266 -0.00527111 0.0085 -0.00443576 -0.00522828 0.0085 -0.00445423 -0.00518444 0.0085 -0.00447079 -0.005635 0.0085 -0.00415133 -0.00550565 0.0085 -0.00428533 -0.00575818 0.0085 -0.00395408 -0.00580896 0.0085 -0.00382389 -0.00579402 0.0085 -0.00386819 -0.00583249 0.0085 -0.003734 -0.00584759 0.0085 -0.00364177 -0.00584111 0.0085 -0.003688 -0.00495781 0.0085 -0.00452169 -0.00585191 0.0085 -0.00359549 -0.0049114 0.0085 -0.00452547 -0.00486463 0.0085 -0.00452711 -0.00585401 0.0085 -0.00350222 -0.00585405 0.0085 -0.00354909 -0.00481806 0.0085 -0.00452657 -0.00477168 0.0085 -0.00452385 -0.0058323 0.0085 -0.0033173 -0.00584099 0.0085 -0.00336326 -0.00582155 0.0085 -0.00327201 -0.00580875 0.0085 -0.00322739 -0.00579389 0.0085 -0.00318345 -0.00606947 0.0085 -0.00278627 -0.00598103 0.0085 -0.00281617 -0.00593609 0.0085 -0.00282791 -0.00602549 0.0085 -0.00280229 -0.005758 0.0085 -0.0030976 -0.00577697 0.0085 -0.00314019 -0.0061544 0.0085 -0.00274849 -0.00623584 0.0085 -0.00270271 -0.00619566 0.0085 -0.00272654 -0.00641728 0.0085 -0.00255753 -0.00638385 0.0085 -0.00258979 -0.00650838 0.0085 -0.00245145 -0.0064797 0.0085 -0.00248815 -0.00644921 0.0085 -0.00252367 -0.00653524 0.0085 -0.00241357 -0.00658378 0.0085 -0.00233377 -0.00656043 0.0085 -0.00237425 -0.00664203 0.0085 -0.00220684 -0.00667081 0.0085 -0.00211829 -0.00662452 0.0085 -0.00225028 -0.00589048 0.0085 -0.00283759 -0.00669824 0.0085 -0.00198118 -0.00669122 0.0085 -0.00202724 -0.00668204 0.0085 -0.00207318 -0.00670309 0.0085 -0.001935 -0.0067063 0.0085 -0.00184166 -0.00670578 0.0085 -0.00188842 -0.00669488 0.0085 -0.00170249 -0.00668676 0.0085 -0.00165652 -0.00667656 0.0085 -0.00161117 -0.00664974 0.0085 -0.00152182 -0.00666427 0.0085 -0.00156639 -0.00663328 0.0085 -0.00147822 -0.00661488 0.0085 -0.00143557 -0.00657195 0.0085 -0.00135266 -0.00659441 0.0085 -0.00139369 -0.00663341 0.0085 -0.000774333 -0.00659654 0.0085 -0.000803153 -0.00655854 0.0085 -0.000830092 -0.00647904 0.0085 -0.000878452 -0.00666874 0.0085 -0.000744 -0.00651942 0.0085 -0.00085515 -0.00670251 0.0085 -0.000712156 -0.00676582 0.0085 -0.000643446 -0.00673496 0.0085 -0.000678526 -0.00652177 0.0085 -0.00127443 -0.00654773 0.0085 -0.00131291 -0.0064646 0.0085 -0.00120132 -0.00649406 0.0085 -0.00123724 -0.00643339 0.0085 -0.00116668 -0.00682217 0.0085 -0.000569611 -0.00689351 0.0085 -0.000449304 -0.00694738 0.0085 -0.000320263 -0.00693144 0.0085 -0.000364029 -0.00691342 0.0085 -0.000407243 -0.00699027 0.0085 -0.000139143 -0.00697302 0.0085 -0.000230764 -0.0069989 0.0085 -4.63303e-05 -0.00699567 0.0085 -9.30532e-05 -0.0069989 0.0085 4.67778e-05 -0.00699998 0.0085 3.16691e-07 -0.00699018 0.0085 0.000139679 -0.00699565 0.0085 9.31528e-05 -0.00698262 0.0085 0.000185653 -0.00693125 0.0085 0.000364559 -0.00691337 0.0085 0.000407383 -0.00689331 0.0085 0.000449668 -0.00687138 0.0085 0.000490874 -0.00682213 0.0085 0.000569651 -0.00684766 0.0085 0.000530855 -0.00679455 0.0085 0.000607546 -0.00676542 0.0085 0.000643928 0.00291581 0.0085 -0.00580931 -0.0064646 0.0085 0.00120132 -0.00654803 0.0085 0.0013134 -0.00649406 0.0085 0.00123724 -0.00652187 0.0085 0.0012746 -0.00643339 0.0085 0.00116668 -0.00657225 0.0085 0.00135317 -0.00664994 0.0085 0.00152231 -0.00663351 0.0085 0.0014788 -0.00659454 0.0085 0.00139389 -0.00668688 0.0085 0.00165714 -0.00667665 0.0085 0.00161164 -0.00666428 0.0085 0.00156643 -0.00666829 0.0085 0.000744388 -0.00670233 0.0085 0.00071231 -0.00673474 0.0085 0.000678798 -0.00661501 0.0085 0.0014359 -0.00663297 0.0085 0.000774711 -0.00651942 0.0085 0.00085515 -0.00655854 0.0085 0.000830092 -0.00659639 0.0085 0.000803279 -0.00647904 0.0085 0.000878452 -0.00670469 0.0085 0.00179572 -0.0067009 0.0085 0.00174905 -0.00669496 0.0085 0.0017029 -0.00670632 0.0085 0.00184227 -0.00670305 0.0085 0.00193531 -0.00667067 0.0085 0.00211872 -0.00668203 0.0085 0.00207328 -0.0066419 0.0085 0.00220727 -0.00665728 0.0085 0.00216341 -0.00660489 0.0085 0.00229293 -0.00662447 0.0085 0.00225037 -0.00650801 0.0085 0.00245193 -0.00653507 0.0085 0.00241379 -0.00647936 0.0085 0.00248859 -0.00644912 0.0085 0.00252379 -0.00641697 0.0085 0.00255781 -0.00634847 0.0085 0.00262092 -0.00638338 0.0085 0.00259022 -0.005758 0.0085 0.0030976 -0.00583243 0.0085 0.00331788 -0.00577697 0.0085 0.00314019 -0.00580879 0.0085 0.00322758 -0.00579389 0.0085 0.00318345 -0.00582168 0.0085 0.00327257 -0.00584753 0.0085 0.00340977 -0.00584104 0.0085 0.00336349 -0.00585187 0.0085 0.00345629 -0.00585185 0.0085 0.00359596 -0.00585406 0.0085 0.00354914 -0.00585405 0.0085 0.00350274 -0.00584106 0.0085 0.00368841 -0.00582163 0.0085 0.0037797 -0.00583244 0.0085 0.00373414 -0.00584752 0.0085 0.0036424 -0.00580879 0.0085 0.00382447 -0.00579394 0.0085 0.00386846 -0.00627426 0.0085 0.00267744 -0.0063122 0.0085 0.00264993 -0.00619536 0.0085 0.00272672 -0.00623531 0.0085 0.00270304 -0.00606893 0.0085 0.0027865 -0.00611189 0.0085 0.00276857 -0.00615418 0.0085 0.00274858 -0.00593609 0.0085 0.00282791 -0.00602531 0.0085 0.00280236 -0.00589048 0.0085 0.00283759 -0.00598103 0.0085 0.00281617 -0.00575791 0.0085 0.00395464 -0.00577693 0.0085 0.00391195 -0.00573704 0.0085 0.00399621 -0.00566292 0.0085 0.00411474 -0.00563473 0.0085 0.00415169 -0.00557307 0.0085 0.00422173 -0.00560485 0.0085 0.0041873 -0.0054318 0.0085 0.00434301 -0.00546932 0.0085 0.0043151 -0.00539322 0.0085 0.00436902 -0.00527053 0.0085 0.00443602 -0.00535358 0.0085 0.00439316 -0.00531249 0.0085 0.00441557 -0.00452657 0.0085 0.00481806 -0.00327201 0.0085 0.00582155 -0.00340942 0.0085 0.00584751 -0.0030976 0.0085 0.005758 -0.00451897 0.0085 0.00472531 -0.00449741 0.0085 0.00509545 -0.00452169 0.0085 0.00495781 -0.00443576 0.0085 0.00527111 -0.00445423 0.0085 0.00522828 -0.00448512 0.0085 0.00514031 -0.0044154 0.0085 0.00531287 -0.00436871 0.0085 0.00539369 -0.00439307 0.0085 0.0053537 -0.00431495 0.0085 0.00546955 -0.00425405 0.0085 0.00554038 -0.00428533 0.0085 0.00550565 -0.00434266 0.0085 0.0054323 -0.00411423 0.0085 0.00566329 -0.00418723 0.0085 0.00560492 -0.00395408 0.0085 0.00575818 -0.00399572 0.0085 0.00573728 -0.00407601 0.0085 0.00568973 -0.00403658 0.0085 0.00571435 -0.00314019 0.0085 0.00577697 -0.00451578 0.0085 0.00500385 -0.00415133 0.0085 0.005635 -0.00472531 0.0085 0.00451897 -0.00491082 0.0085 0.00452552 -0.00504953 0.0085 0.00450774 -0.00486444 0.0085 0.00452713 -0.00522785 0.0085 0.00445443 -0.00509485 0.0085 0.00449756 -0.0051398 0.0085 0.00448525 -0.00518439 0.0085 0.00447081 -0.00477168 0.0085 0.00452385 -0.00495722 0.0085 0.00452174 -0.00481806 0.0085 0.00452657 -0.00500362 0.0085 0.0045158 -0.00450765 0.0085 0.00504987 -0.00447079 0.0085 0.00518444 -0.0033173 0.0085 0.0058323 -0.00336326 0.0085 0.00584099 -0.00386819 0.0085 0.00579402 -0.00345567 0.0085 0.00585183 -0.00350222 0.0085 0.00585401 -0.00359549 0.0085 0.00585191 -0.00354909 0.0085 0.00585405 -0.00322739 0.0085 0.00580875 -0.00318345 0.0085 0.00579389 -0.00377915 0.0085 0.00582179 -0.00422135 0.0085 0.00557346 -0.00291581 0.0085 0.00580931 -0.00291581 0.0051 0.00580931 -0.00298596 0.0085 0.00577356 -0.00284521 0.0051 0.00584421 -0.00284521 0.0085 0.00584421 -0.00298596 0.0051 0.00577356 -0.00305569 0.0085 0.00573697 -0.00305569 0.0051 0.00573697 -0.00411423 0.0051 0.00566329 -0.00411423 0.0085 0.00566329 -0.00407601 0.0051 0.00568973 -0.00407601 0.0085 0.00568973 -0.00403658 0.0051 0.00571435 -0.00399572 0.0051 0.00573728 -0.00403658 0.0085 0.00571435 -0.00399572 0.0085 0.00573728 -0.00395408 0.0051 0.00575818 -0.00395408 0.0085 0.00575818 -0.00391166 0.0051 0.00577707 -0.00386819 0.0051 0.00579402 -0.00391166 0.0085 0.00577707 -0.00386819 0.0085 0.00579402 -0.00382389 0.0051 0.00580896 -0.00382389 0.0085 0.00580896 -0.00377915 0.0051 0.00582179 -0.003734 0.0051 0.00583249 -0.00377915 0.0085 0.00582179 -0.003734 0.0085 0.00583249 -0.003688 0.0051 0.00584111 -0.003688 0.0085 0.00584111 -0.00364177 0.0051 0.00584759 -0.00359549 0.0051 0.00585191 -0.00364177 0.0085 0.00584759 -0.00359549 0.0085 0.00585191 -0.00354909 0.0051 0.00585405 -0.00354909 0.0085 0.00585405 -0.00350222 0.0051 0.00585401 -0.00345567 0.0051 0.00585183 -0.00350222 0.0085 0.00585401 -0.00345567 0.0085 0.00585183 -0.00340942 0.0051 0.00584751 -0.00340942 0.0085 0.00584751 -0.00336326 0.0051 0.00584099 -0.0033173 0.0051 0.0058323 -0.00336326 0.0085 0.00584099 -0.0033173 0.0085 0.0058323 -0.00327201 0.0051 0.00582155 -0.00327201 0.0085 0.00582155 -0.00322739 0.0051 0.00580875 -0.00318345 0.0051 0.00579389 -0.00322739 0.0085 0.00580875 -0.00318345 0.0085 0.00579389 -0.00314019 0.0051 0.00577697 -0.00314019 0.0085 0.00577697 -0.0030976 0.0051 0.005758 -0.00305569 0.0051 0.00573697 -0.0030976 0.0085 0.005758 -0.00305569 0.0085 0.00573697 -0.00415133 0.0085 0.005635 -0.00415133 0.0051 0.005635 -0.00418723 0.0085 0.00560492 -0.00418723 0.0051 0.00560492 -0.00422135 0.0085 0.00557346 -0.00425405 0.0085 0.00554038 -0.00422135 0.0051 0.00557346 -0.00425405 0.0051 0.00554038 -0.00428533 0.0085 0.00550565 -0.00428533 0.0051 0.00550565 -0.00431495 0.0085 0.00546955 -0.00434266 0.0085 0.0054323 -0.00431495 0.0051 0.00546955 -0.00434266 0.0051 0.0054323 -0.00436871 0.0085 0.00539369 -0.00436871 0.0051 0.00539369 -0.00439307 0.0085 0.0053537 -0.0044154 0.0085 0.00531287 -0.00439307 0.0051 0.0053537 -0.0044154 0.0051 0.00531287 -0.00443576 0.0085 0.00527111 -0.00443576 0.0051 0.00527111 -0.00445423 0.0085 0.00522828 -0.00447079 0.0085 0.00518444 -0.00445423 0.0051 0.00522828 -0.00447079 0.0051 0.00518444 -0.00448512 0.0085 0.00514031 -0.00448512 0.0051 0.00514031 -0.00449741 0.0085 0.00509545 -0.00450765 0.0085 0.00504987 -0.00449741 0.0051 0.00509545 -0.00450765 0.0051 0.00504987 -0.00451578 0.0085 0.00500385 -0.00451578 0.0051 0.00500385 -0.00452169 0.0085 0.00495781 -0.00452547 0.0085 0.0049114 -0.00452169 0.0051 0.00495781 -0.00452547 0.0051 0.0049114 -0.00452711 0.0085 0.00486463 -0.00452711 0.0051 0.00486463 -0.00452657 0.0085 0.00481806 -0.00452385 0.0085 0.00477168 -0.00452657 0.0051 0.00481806 -0.00452385 0.0051 0.00477168 -0.00451897 0.0085 0.00472531 -0.00451897 0.0051 0.00472531 -0.00451192 0.0085 0.00467895 -0.00451192 0.0051 0.00467895 -0.00456827 0.0085 0.00462395 -0.00456827 0.0051 0.00462395 -0.00462395 0.0085 0.00456827 -0.00451192 0.0051 0.00467895 -0.00451192 0.0085 0.00467895 -0.00462395 0.0051 0.00456827 -0.00467895 0.0085 0.00451192 -0.00467895 0.0051 0.00451192 -0.00566292 0.0051 0.00411474 -0.00566292 0.0085 0.00411474 -0.00563473 0.0051 0.00415169 -0.00563473 0.0085 0.00415169 -0.00560485 0.0051 0.0041873 -0.00557307 0.0051 0.00422173 -0.00560485 0.0085 0.0041873 -0.00557307 0.0085 0.00422173 -0.00553993 0.0051 0.00425448 -0.00553993 0.0085 0.00425448 -0.00550543 0.0051 0.00428555 -0.00546932 0.0051 0.0043151 -0.00550543 0.0085 0.00428555 -0.00546932 0.0085 0.0043151 -0.0054318 0.0051 0.00434301 -0.0054318 0.0085 0.00434301 -0.00539322 0.0051 0.00436902 -0.00535358 0.0051 0.00439316 -0.00539322 0.0085 0.00436902 -0.00535358 0.0085 0.00439316 -0.00531249 0.0051 0.00441557 -0.00531249 0.0085 0.00441557 -0.00527053 0.0051 0.00443602 -0.00522785 0.0051 0.00445443 -0.00527053 0.0085 0.00443602 -0.00522785 0.0085 0.00445443 -0.00518439 0.0051 0.00447081 -0.00518439 0.0085 0.00447081 -0.0051398 0.0051 0.00448525 -0.00509485 0.0051 0.00449756 -0.0051398 0.0085 0.00448525 -0.00509485 0.0085 0.00449756 -0.00504953 0.0051 0.00450774 -0.00504953 0.0085 0.00450774 -0.00500362 0.0051 0.0045158 -0.00495722 0.0051 0.00452174 -0.00500362 0.0085 0.0045158 -0.00495722 0.0085 0.00452174 -0.00491082 0.0051 0.00452552 -0.00491082 0.0085 0.00452552 -0.00486444 0.0051 0.00452713 -0.00481806 0.0051 0.00452657 -0.00486444 0.0085 0.00452713 -0.00481806 0.0085 0.00452657 -0.00477168 0.0051 0.00452385 -0.00477168 0.0085 0.00452385 -0.00472531 0.0051 0.00451897 -0.00467895 0.0051 0.00451192 -0.00472531 0.0085 0.00451897 -0.00467895 0.0085 0.00451192 -0.00568946 0.0085 0.00407637 -0.00568946 0.0051 0.00407637 -0.00571431 0.0085 0.00403667 -0.00571431 0.0051 0.00403667 -0.00573704 0.0085 0.00399621 -0.00575791 0.0085 0.00395464 -0.00573704 0.0051 0.00399621 -0.00575791 0.0051 0.00395464 -0.00577693 0.0085 0.00391195 -0.00577693 0.0051 0.00391195 -0.00579394 0.0085 0.00386846 -0.00580879 0.0085 0.00382447 -0.00579394 0.0051 0.00386846 -0.00580879 0.0051 0.00382447 -0.00582163 0.0085 0.0037797 -0.00582163 0.0051 0.0037797 -0.00583244 0.0085 0.00373414 -0.00584106 0.0085 0.00368841 -0.00583244 0.0051 0.00373414 -0.00584106 0.0051 0.00368841 -0.00584752 0.0085 0.0036424 -0.00584752 0.0051 0.0036424 -0.00585185 0.0085 0.00359596 -0.00585406 0.0085 0.00354914 -0.00585185 0.0051 0.00359596 -0.00585406 0.0051 0.00354914 -0.00585405 0.0085 0.00350274 -0.00585405 0.0051 0.00350274 -0.00585187 0.0085 0.00345629 -0.00584753 0.0085 0.00340977 -0.00585187 0.0051 0.00345629 -0.00584753 0.0051 0.00340977 -0.00584104 0.0085 0.00336349 -0.00584104 0.0051 0.00336349 -0.00583243 0.0085 0.00331788 -0.00582168 0.0085 0.00327257 -0.00583243 0.0051 0.00331788 -0.00582168 0.0051 0.00327257 -0.00580879 0.0085 0.00322758 -0.00580879 0.0051 0.00322758 -0.00579389 0.0085 0.00318345 -0.00577697 0.0085 0.00314019 -0.00579389 0.0051 0.00318345 -0.00577697 0.0051 0.00314019 -0.005758 0.0085 0.0030976 -0.005758 0.0051 0.0030976 -0.00573697 0.0085 0.00305569 -0.00573697 0.0051 0.00305569 -0.00577356 0.0085 0.00298596 -0.00577356 0.0051 0.00298596 -0.00580931 0.0085 0.00291581 -0.00573697 0.0051 0.00305569 -0.00573697 0.0085 0.00305569 -0.00580931 0.0051 0.00291581 -0.00584421 0.0085 0.00284521 -0.00584421 0.0051 0.00284521 -0.00665728 0.0085 0.00216341 -0.0066419 0.0085 0.00220727 -0.0066541 0.0051 0.00217301 -0.00662447 0.0085 0.00225037 -0.00663865 0.0051 0.00221571 -0.00662132 0.0051 0.00225761 -0.00660489 0.0085 0.00229293 -0.0065835 0.0085 0.00233431 -0.00660219 0.0051 0.00229846 -0.00656028 0.0085 0.00237453 -0.00658117 0.0051 0.00233852 -0.00655826 0.0051 0.00237781 -0.00653507 0.0085 0.00241379 -0.00650801 0.0085 0.00245193 -0.00653374 0.0051 0.00241579 -0.00647936 0.0085 0.00248859 -0.00650755 0.0051 0.00245255 -0.00645 0.0051 0.00252281 -0.00647964 0.0051 0.00248823 -0.00644912 0.0085 0.00252379 -0.00641787 0.0051 0.00255692 -0.00641697 0.0085 0.00255781 -0.00638434 0.0051 0.00258936 -0.00634941 0.0051 0.00262014 -0.00638338 0.0085 0.00259022 -0.00634847 0.0085 0.00262092 -0.00631283 0.0051 0.00264944 -0.0063122 0.0085 0.00264993 -0.0062751 0.0051 0.00267689 -0.00623622 0.0051 0.00270249 -0.00627426 0.0085 0.00267744 -0.00623531 0.0085 0.00270304 -0.00619592 0.0051 0.0027264 -0.00619536 0.0085 0.00272672 -0.00615473 0.0051 0.00274832 -0.00615418 0.0085 0.00274858 -0.00611266 0.0051 0.00276826 -0.00611189 0.0085 0.00276857 -0.00606893 0.0085 0.0027865 -0.00606941 0.0051 0.00278631 -0.00602531 0.0085 0.00280236 -0.00602557 0.0051 0.00280227 -0.00598113 0.0051 0.00281614 -0.00598103 0.0085 0.00281617 -0.00593609 0.0085 0.00282791 -0.00593609 0.0051 0.00282792 -0.00589048 0.0085 0.00283759 -0.00589045 0.0051 0.00283761 -0.00584421 0.0051 0.00284521 -0.00584421 0.0085 0.00284521 -0.00666756 0.0051 0.00212986 -0.00667902 0.0051 0.00208625 -0.00667067 0.0085 0.00211872 -0.0066885 0.0051 0.00204219 -0.00668203 0.0085 0.00207328 -0.00669114 0.0085 0.00202778 -0.00669598 0.0051 0.00199769 -0.00670147 0.0051 0.00195272 -0.00669815 0.0085 0.00198179 -0.00670496 0.0051 0.00190731 -0.00670305 0.0085 0.00193531 -0.00670578 0.0085 0.0018887 -0.00670635 0.0051 0.0018594 -0.0067055 0.0051 0.00181175 -0.00670632 0.0085 0.00184227 -0.0067024 0.0051 0.00176436 -0.00670469 0.0085 0.00179572 -0.0067009 0.0085 0.00174905 -0.00669705 0.0051 0.00171725 -0.00668945 0.0051 0.00167039 -0.00669496 0.0085 0.0017029 -0.00667961 0.0051 0.00162381 -0.00668688 0.0085 0.00165714 -0.00667665 0.0085 0.00161164 -0.00666752 0.0051 0.00157749 -0.00665332 0.0051 0.0015321 -0.00666428 0.0085 0.00156643 -0.00663698 0.0051 0.00148749 -0.00664994 0.0085 0.00152231 -0.00663351 0.0085 0.0014788 -0.00661847 0.0051 0.00144352 -0.00659784 0.0051 0.00140034 -0.00661501 0.0085 0.0014359 -0.00657535 0.0051 0.00135856 -0.00659454 0.0085 0.00139389 -0.00657225 0.0085 0.00135317 -0.00655083 0.0051 0.00131779 -0.00652428 0.0051 0.00127803 -0.00654803 0.0085 0.0013134 -0.00649597 0.0051 0.00123969 -0.00652187 0.0085 0.0012746 -0.00649406 0.0085 0.00123724 -0.00646595 0.0051 0.00120289 -0.00643411 0.0051 0.00116743 -0.0064646 0.0085 0.00120132 -0.00640044 0.0051 0.00113331 -0.00643339 0.0085 0.00116668 -0.00640044 0.0085 0.00113331 -0.0064137 0.0085 0.00105569 -0.0064137 0.0051 0.00105569 -0.00642602 0.0085 0.00097792 -0.00640044 0.0051 0.00113331 -0.00640044 0.0085 0.00113331 -0.00642602 0.0051 0.00097792 -0.00643739 0.0085 0.0009 -0.00643739 0.0051 0.0009 -0.00699998 0.0051 3.16691e-07 -0.00699998 0.0085 3.16691e-07 -0.0069989 0.0051 4.67778e-05 -0.0069989 0.0085 4.67778e-05 -0.00699565 0.0051 9.31528e-05 -0.00699018 0.0051 0.000139679 -0.00699565 0.0085 9.31528e-05 -0.00699018 0.0085 0.000139679 -0.00698262 0.0051 0.000185653 -0.00698262 0.0085 0.000185653 -0.00697297 0.0051 0.000231075 -0.00696113 0.0051 0.000276206 -0.00697297 0.0085 0.000231075 -0.00696113 0.0085 0.000276206 -0.00694717 0.0051 0.000320833 -0.00694717 0.0085 0.000320833 -0.00693125 0.0051 0.000364559 -0.00691337 0.0051 0.000407383 -0.00693125 0.0085 0.000364559 -0.00691337 0.0085 0.000407383 -0.00689331 0.0051 0.000449668 -0.00689331 0.0085 0.000449668 -0.00687138 0.0051 0.000490874 -0.00684766 0.0051 0.000530855 -0.00687138 0.0085 0.000490874 -0.00684766 0.0085 0.000530855 -0.00682213 0.0051 0.000569651 -0.00682213 0.0085 0.000569651 -0.00679455 0.0051 0.000607546 -0.00676542 0.0051 0.000643928 -0.00679455 0.0085 0.000607546 -0.00676542 0.0085 0.000643928 -0.00673474 0.0051 0.000678798 -0.00673474 0.0085 0.000678798 -0.00670233 0.0051 0.00071231 -0.00666829 0.0051 0.000744388 -0.00670233 0.0085 0.00071231 -0.00666829 0.0085 0.000744388 -0.00663297 0.0051 0.000774711 -0.00663297 0.0085 0.000774711 -0.00659639 0.0051 0.000803279 -0.00655854 0.0051 0.000830092 -0.00659639 0.0085 0.000803279 -0.00655854 0.0085 0.000830092 -0.00651942 0.0051 0.00085515 -0.00651942 0.0085 0.00085515 -0.00647904 0.0051 0.000878452 -0.00643739 0.0051 0.0009 -0.00647904 0.0085 0.000878452 -0.00643739 0.0085 0.0009 -0.0069989 0.0085 -4.63303e-05 -0.0069989 0.0051 -4.63303e-05 -0.00699567 0.0085 -9.30532e-05 -0.00699567 0.0051 -9.30532e-05 -0.00699027 0.0085 -0.000139143 -0.00698273 0.0085 -0.000185046 -0.00699027 0.0051 -0.000139143 -0.00698273 0.0051 -0.000185046 -0.00697302 0.0085 -0.000230764 -0.00697302 0.0051 -0.000230764 -0.00696122 0.0085 -0.000275945 -0.00694738 0.0085 -0.000320263 -0.00696122 0.0051 -0.000275945 -0.00694738 0.0051 -0.000320263 -0.00693144 0.0085 -0.000364029 -0.00693144 0.0051 -0.000364029 -0.00691342 0.0085 -0.000407243 -0.00689351 0.0085 -0.000449304 -0.00691342 0.0051 -0.000407243 -0.00689351 0.0051 -0.000449304 -0.00687169 0.0085 -0.000490324 -0.00687169 0.0051 -0.000490324 -0.0068479 0.0085 -0.000530442 -0.00682217 0.0085 -0.000569611 -0.0068479 0.0051 -0.000530442 -0.00682217 0.0051 -0.000569611 -0.00679488 0.0085 -0.000607141 -0.00679488 0.0051 -0.000607141 -0.00676582 0.0085 -0.000643446 -0.00673496 0.0085 -0.000678526 -0.00676582 0.0051 -0.000643446 -0.00673496 0.0051 -0.000678526 -0.00670251 0.0085 -0.000712156 -0.00670251 0.0051 -0.000712156 -0.00666874 0.0085 -0.000744 -0.00663341 0.0085 -0.000774333 -0.00666874 0.0051 -0.000744 -0.00663341 0.0051 -0.000774333 -0.00659654 0.0085 -0.000803153 -0.00659654 0.0051 -0.000803153 -0.00655854 0.0085 -0.000830092 -0.00651942 0.0085 -0.00085515 -0.00655854 0.0051 -0.000830092 -0.00651942 0.0051 -0.00085515 -0.00647904 0.0085 -0.000878452 -0.00647904 0.0051 -0.000878452 -0.00643739 0.0085 -0.0009 -0.00643739 0.0051 -0.0009 -0.00642602 0.0085 -0.00097792 -0.00642602 0.0051 -0.00097792 -0.0064137 0.0085 -0.00105569 -0.00643739 0.0051 -0.0009 -0.00643739 0.0085 -0.0009 -0.0064137 0.0051 -0.00105569 -0.00640044 0.0085 -0.00113331 -0.00640044 0.0051 -0.00113331 -0.00665392 0.0051 -0.00217356 -0.00665747 0.0085 -0.00216281 -0.00666739 0.0051 -0.00213037 -0.00667081 0.0085 -0.00211829 -0.00667898 0.0051 -0.00208639 -0.0066885 0.0051 -0.00204219 -0.00668204 0.0085 -0.00207318 -0.00669122 0.0085 -0.00202724 -0.00669598 0.0051 -0.00199769 -0.00669824 0.0085 -0.00198118 -0.00670147 0.0051 -0.00195272 -0.00670496 0.0051 -0.00190731 -0.00670309 0.0085 -0.001935 -0.00670578 0.0085 -0.00188842 -0.00670635 0.0051 -0.0018594 -0.0067063 0.0085 -0.00184166 -0.0067055 0.0051 -0.00181175 -0.00670467 0.0085 -0.00179516 -0.0067024 0.0051 -0.00176436 -0.00670089 0.0085 -0.0017489 -0.00669488 0.0085 -0.00170249 -0.006697 0.0051 -0.001717 -0.00668676 0.0085 -0.00165652 -0.00668933 0.0051 -0.00166981 -0.00667949 0.0051 -0.00162326 -0.00667656 0.0085 -0.00161117 -0.00666427 0.0085 -0.00156639 -0.00666749 0.0051 -0.00157736 -0.00664974 0.0085 -0.00152182 -0.00665316 0.0051 -0.0015317 -0.00663675 0.0051 -0.00148691 -0.00663328 0.0085 -0.00147822 -0.00661831 0.0051 -0.00144312 -0.00661488 0.0085 -0.00143557 -0.00659777 0.0051 -0.00140023 -0.00657506 0.0051 -0.00135809 -0.00659441 0.0085 -0.00139369 -0.00657195 0.0085 -0.00135266 -0.00655052 0.0051 -0.00131728 -0.00654773 0.0085 -0.00131291 -0.00652416 0.0051 -0.00127782 -0.00649597 0.0051 -0.00123969 -0.00652177 0.0085 -0.00127443 -0.00649406 0.0085 -0.00123724 -0.00646595 0.0051 -0.00120289 -0.0064646 0.0085 -0.00120132 -0.00643411 0.0051 -0.00116743 -0.00640044 0.0051 -0.00113331 -0.00643339 0.0085 -0.00116668 -0.00640044 0.0085 -0.00113331 -0.00664203 0.0085 -0.00220684 -0.00663857 0.0051 -0.00221598 -0.00662452 0.0085 -0.00225028 -0.00662119 0.0051 -0.00225786 -0.00660515 0.0085 -0.00229245 -0.00658378 0.0085 -0.00233377 -0.00660192 0.0051 -0.00229897 -0.00658092 0.0051 -0.002339 -0.00656043 0.0085 -0.00237425 -0.00655819 0.0051 -0.00237794 -0.00653524 0.0085 -0.00241357 -0.00650838 0.0085 -0.00245145 -0.00653374 0.0051 -0.00241579 -0.00650755 0.0051 -0.00245255 -0.0064797 0.0085 -0.00248815 -0.00645 0.0051 -0.00252281 -0.00647964 0.0051 -0.00248823 -0.00644921 0.0085 -0.00252367 -0.00641787 0.0051 -0.00255692 -0.00638434 0.0051 -0.00258936 -0.00641728 0.0085 -0.00255753 -0.00634941 0.0051 -0.00262014 -0.00638385 0.0085 -0.00258979 -0.00634882 0.0085 -0.0026206 -0.00631308 0.0051 -0.00264926 -0.00627535 0.0051 -0.00267671 -0.00631225 0.0085 -0.0026499 -0.00623622 0.0051 -0.00270249 -0.0062747 0.0085 -0.00267716 -0.00623584 0.0085 -0.00270271 -0.00619619 0.0051 -0.00272626 -0.006155 0.0051 -0.00274818 -0.00619566 0.0085 -0.00272654 -0.00611266 0.0051 -0.00276826 -0.0061544 0.0085 -0.00274849 -0.00611244 0.0085 -0.00276834 -0.0060697 0.0051 -0.0027862 -0.00602586 0.0051 -0.00280217 -0.00606947 0.0085 -0.00278627 -0.00598103 0.0085 -0.00281617 -0.00602549 0.0085 -0.00280229 -0.00593609 0.0085 -0.00282791 -0.00598113 0.0051 -0.00281614 -0.00593609 0.0051 -0.00282792 -0.00589048 0.0085 -0.00283759 -0.00589045 0.0051 -0.00283761 -0.00584421 0.0085 -0.00284521 -0.00584421 0.0051 -0.00284521 -0.00580931 0.0085 -0.00291581 -0.00580931 0.0051 -0.00291581 -0.00577356 0.0085 -0.00298596 -0.00584421 0.0051 -0.00284521 -0.00584421 0.0085 -0.00284521 -0.00577356 0.0051 -0.00298596 -0.00573697 0.0085 -0.00305569 -0.00573697 0.0051 -0.00305569 -0.00462395 0.0085 -0.00456827 -0.00462395 0.0051 -0.00456827 -0.00456827 0.0085 -0.00462395 -0.00467895 0.0051 -0.00451192 -0.00467895 0.0085 -0.00451192 -0.00456827 0.0051 -0.00462395 -0.00451192 0.0085 -0.00467895 -0.00451192 0.0051 -0.00467895 -0.00298596 0.0085 -0.00577356 -0.00298596 0.0051 -0.00577356 -0.00291581 0.0085 -0.00580931 -0.00305569 0.0051 -0.00573697 -0.00305569 0.0085 -0.00573697 -0.00291581 0.0051 -0.00580931 -0.00284521 0.0085 -0.00584421 -0.00284521 0.0051 -0.00584421 -0.00105569 0.0085 -0.0064137 -0.00105569 0.0051 -0.0064137 -0.00097792 0.0085 -0.00642602 -0.00113331 0.0051 -0.00640044 -0.00113331 0.0085 -0.00640044 -0.00097792 0.0051 -0.00642602 -0.0009 0.0085 -0.00643739 -0.0009 0.0051 -0.00643739 0.00097792 0.0085 -0.00642602 0.00097792 0.0051 -0.00642602 0.00105569 0.0085 -0.0064137 0.0009 0.0051 -0.00643739 0.0009 0.0085 -0.00643739 0.00105569 0.0051 -0.0064137 0.00113331 0.0085 -0.00640044 0.00113331 0.0051 -0.00640044 0.00291581 0.0085 -0.00580931 0.00291581 0.0051 -0.00580931 0.00298596 0.0085 -0.00577356 0.00284521 0.0051 -0.00584421 0.00284521 0.0085 -0.00584421 0.00298596 0.0051 -0.00577356 0.00305569 0.0085 -0.00573697 0.00305569 0.0051 -0.00573697 0.00456827 0.0085 -0.00462395 0.00456827 0.0051 -0.00462395 0.00462395 0.0085 -0.00456827 0.00451192 0.0051 -0.00467895 0.00451192 0.0085 -0.00467895 0.00462395 0.0051 -0.00456827 0.00467895 0.0085 -0.00451192 0.00467895 0.0051 -0.00451192 0.00577356 0.0085 -0.00298596 0.00577356 0.0051 -0.00298596 0.00580931 0.0085 -0.00291581 0.00573697 0.0051 -0.00305569 0.00573697 0.0085 -0.00305569 0.00580931 0.0051 -0.00291581 0.00584421 0.0085 -0.00284521 0.00584421 0.0051 -0.00284521 0.00665728 0.0085 -0.00216341 0.0066419 0.0085 -0.00220727 0.0066541 0.0051 -0.00217301 0.00662447 0.0085 -0.00225037 0.00663865 0.0051 -0.00221571 0.00662132 0.0051 -0.00225761 0.00660489 0.0085 -0.00229293 0.0065835 0.0085 -0.00233431 0.00660219 0.0051 -0.00229846 0.00656028 0.0085 -0.00237453 0.00658117 0.0051 -0.00233852 0.00655826 0.0051 -0.00237781 0.00653507 0.0085 -0.00241379 0.00650801 0.0085 -0.00245193 0.00653374 0.0051 -0.00241579 0.00647936 0.0085 -0.00248859 0.00650755 0.0051 -0.00245255 0.00645 0.0051 -0.00252281 0.00647964 0.0051 -0.00248823 0.00644912 0.0085 -0.00252379 0.00641787 0.0051 -0.00255692 0.00641697 0.0085 -0.00255781 0.00638434 0.0051 -0.00258936 0.00634941 0.0051 -0.00262014 0.00638338 0.0085 -0.00259022 0.00634847 0.0085 -0.00262092 0.00631283 0.0051 -0.00264944 0.0063122 0.0085 -0.00264993 0.0062751 0.0051 -0.00267689 0.00623622 0.0051 -0.00270249 0.00627426 0.0085 -0.00267744 0.00623531 0.0085 -0.00270304 0.00619592 0.0051 -0.0027264 0.00619536 0.0085 -0.00272672 0.00615473 0.0051 -0.00274832 0.00615418 0.0085 -0.00274858 0.00611266 0.0051 -0.00276826 0.00611189 0.0085 -0.00276857 0.00606893 0.0085 -0.0027865 0.00606941 0.0051 -0.00278631 0.00602531 0.0085 -0.00280236 0.00602557 0.0051 -0.00280227 0.00598113 0.0051 -0.00281614 0.00598103 0.0085 -0.00281617 0.00593609 0.0085 -0.00282791 0.00593609 0.0051 -0.00282792 0.00589048 0.0085 -0.00283759 0.00589045 0.0051 -0.00283761 0.00584421 0.0051 -0.00284521 0.00584421 0.0085 -0.00284521 0.00666756 0.0051 -0.00212986 0.00667902 0.0051 -0.00208625 0.00667067 0.0085 -0.00211872 0.0066885 0.0051 -0.00204219 0.00668203 0.0085 -0.00207328 0.00669114 0.0085 -0.00202778 0.00669598 0.0051 -0.00199769 0.00670147 0.0051 -0.00195272 0.00669815 0.0085 -0.00198179 0.00670496 0.0051 -0.00190731 0.00670305 0.0085 -0.00193531 0.00670578 0.0085 -0.0018887 0.00670635 0.0051 -0.0018594 0.0067055 0.0051 -0.00181175 0.00670632 0.0085 -0.00184227 0.0067024 0.0051 -0.00176436 0.00670469 0.0085 -0.00179572 0.0067009 0.0085 -0.00174905 0.00669705 0.0051 -0.00171725 0.00668945 0.0051 -0.00167039 0.00669496 0.0085 -0.0017029 0.00667961 0.0051 -0.00162381 0.00668688 0.0085 -0.00165714 0.00667665 0.0085 -0.00161164 0.00666752 0.0051 -0.00157749 0.00665332 0.0051 -0.0015321 0.00666428 0.0085 -0.00156643 0.00663698 0.0051 -0.00148749 0.00664994 0.0085 -0.00152231 0.00663351 0.0085 -0.0014788 0.00661847 0.0051 -0.00144352 0.00659784 0.0051 -0.00140034 0.00661501 0.0085 -0.0014359 0.00657535 0.0051 -0.00135856 0.00659454 0.0085 -0.00139389 0.00657225 0.0085 -0.00135317 0.00655083 0.0051 -0.00131779 0.00652428 0.0051 -0.00127803 0.00654803 0.0085 -0.0013134 0.00649597 0.0051 -0.00123969 0.00652187 0.0085 -0.0012746 0.00649406 0.0085 -0.00123724 0.00646595 0.0051 -0.00120289 0.00643411 0.0051 -0.00116743 0.0064646 0.0085 -0.00120132 0.00640044 0.0051 -0.00113331 0.00643339 0.0085 -0.00116668 0.00640044 0.0085 -0.00113331 0.0064137 0.0085 -0.00105569 0.0064137 0.0051 -0.00105569 0.00642602 0.0085 -0.00097792 0.00640044 0.0051 -0.00113331 0.00640044 0.0085 -0.00113331 0.00642602 0.0051 -0.00097792 0.00643739 0.0085 -0.0009 0.00643739 0.0051 -0.0009 0.00699998 0.0051 -3.16691e-07 0.00699998 0.0085 -3.16691e-07 0.0069989 0.0051 -4.67778e-05 0.0069989 0.0085 -4.67778e-05 0.00699565 0.0051 -9.31528e-05 0.00699018 0.0051 -0.000139679 0.00699565 0.0085 -9.31528e-05 0.00699018 0.0085 -0.000139679 0.00698262 0.0051 -0.000185653 0.00698262 0.0085 -0.000185653 0.00697297 0.0051 -0.000231075 0.00696113 0.0051 -0.000276206 0.00697297 0.0085 -0.000231075 0.00696113 0.0085 -0.000276206 0.00694717 0.0051 -0.000320833 0.00694717 0.0085 -0.000320833 0.00693125 0.0051 -0.000364559 0.00691337 0.0051 -0.000407383 0.00693125 0.0085 -0.000364559 0.00691337 0.0085 -0.000407383 0.00689331 0.0051 -0.000449668 0.00689331 0.0085 -0.000449668 0.00687138 0.0051 -0.000490874 0.00684766 0.0051 -0.000530855 0.00687138 0.0085 -0.000490874 0.00684766 0.0085 -0.000530855 0.00682213 0.0051 -0.000569651 0.00682213 0.0085 -0.000569651 0.00679455 0.0051 -0.000607546 0.00676542 0.0051 -0.000643928 0.00679455 0.0085 -0.000607546 0.00676542 0.0085 -0.000643928 0.00673474 0.0051 -0.000678798 0.00673474 0.0085 -0.000678798 0.00670233 0.0051 -0.00071231 0.00666829 0.0051 -0.000744388 0.00670233 0.0085 -0.00071231 0.00666829 0.0085 -0.000744388 0.00663297 0.0051 -0.000774711 0.00663297 0.0085 -0.000774711 0.00659639 0.0051 -0.000803279 0.00655854 0.0051 -0.000830092 0.00659639 0.0085 -0.000803279 0.00655854 0.0085 -0.000830092 0.00651942 0.0051 -0.00085515 0.00651942 0.0085 -0.00085515 0.00647904 0.0051 -0.000878452 0.00643739 0.0051 -0.0009 0.00647904 0.0085 -0.000878452 0.00643739 0.0085 -0.0009 0.0069989 0.0085 4.63303e-05 0.0069989 0.0051 4.63303e-05 0.00699567 0.0085 9.30532e-05 0.00699567 0.0051 9.30532e-05 0.00699027 0.0085 0.000139143 0.00698273 0.0085 0.000185046 0.00699027 0.0051 0.000139143 0.00698273 0.0051 0.000185046 0.00697302 0.0085 0.000230764 0.00697302 0.0051 0.000230764 0.00696122 0.0085 0.000275945 0.00694738 0.0085 0.000320263 0.00696122 0.0051 0.000275945 0.00694738 0.0051 0.000320263 0.00693144 0.0085 0.000364029 0.00693144 0.0051 0.000364029 0.00691342 0.0085 0.000407243 0.00689351 0.0085 0.000449304 0.00691342 0.0051 0.000407243 0.00689351 0.0051 0.000449304 0.00687169 0.0085 0.000490324 0.00687169 0.0051 0.000490324 0.0068479 0.0085 0.000530442 0.00682217 0.0085 0.000569611 0.0068479 0.0051 0.000530442 0.00682217 0.0051 0.000569611 0.00679488 0.0085 0.000607141 0.00679488 0.0051 0.000607141 0.00676582 0.0085 0.000643446 0.00673496 0.0085 0.000678526 0.00676582 0.0051 0.000643446 0.00673496 0.0051 0.000678526 0.00670251 0.0085 0.000712156 0.00670251 0.0051 0.000712156 0.00666874 0.0085 0.000744 0.00663341 0.0085 0.000774333 0.00666874 0.0051 0.000744 0.00663341 0.0051 0.000774333 0.00659654 0.0085 0.000803153 0.00659654 0.0051 0.000803153 0.00655854 0.0085 0.000830092 0.00651942 0.0085 0.00085515 0.00655854 0.0051 0.000830092 0.00651942 0.0051 0.00085515 0.00647904 0.0085 0.000878452 0.00647904 0.0051 0.000878452 0.00643739 0.0085 0.0009 0.00643739 0.0051 0.0009 0.00642602 0.0085 0.00097792 0.00642602 0.0051 0.00097792 0.0064137 0.0085 0.00105569 0.00643739 0.0051 0.0009 0.00643739 0.0085 0.0009 0.0064137 0.0051 0.00105569 0.00640044 0.0085 0.00113331 0.00640044 0.0051 0.00113331 0.00665392 0.0051 0.00217356 0.00665747 0.0085 0.00216281 0.00666739 0.0051 0.00213037 0.00667081 0.0085 0.00211829 0.00667898 0.0051 0.00208639 0.0066885 0.0051 0.00204219 0.00668204 0.0085 0.00207318 0.00669122 0.0085 0.00202724 0.00669598 0.0051 0.00199769 0.00669824 0.0085 0.00198118 0.00670147 0.0051 0.00195272 0.00670496 0.0051 0.00190731 0.00670309 0.0085 0.001935 0.00670578 0.0085 0.00188842 0.00670635 0.0051 0.0018594 0.0067063 0.0085 0.00184166 0.0067055 0.0051 0.00181175 0.00670467 0.0085 0.00179516 0.0067024 0.0051 0.00176436 0.00670089 0.0085 0.0017489 0.00669488 0.0085 0.00170249 0.006697 0.0051 0.001717 0.00668676 0.0085 0.00165652 0.00668933 0.0051 0.00166981 0.00667949 0.0051 0.00162326 0.00667656 0.0085 0.00161117 0.00666427 0.0085 0.00156639 0.00666749 0.0051 0.00157736 0.00664974 0.0085 0.00152182 0.00665316 0.0051 0.0015317 0.00663675 0.0051 0.00148691 0.00663328 0.0085 0.00147822 0.00661831 0.0051 0.00144312 0.00661488 0.0085 0.00143557 0.00659777 0.0051 0.00140023 0.00657506 0.0051 0.00135809 0.00659441 0.0085 0.00139369 0.00657195 0.0085 0.00135266 0.00655052 0.0051 0.00131728 0.00654773 0.0085 0.00131291 0.00652416 0.0051 0.00127782 0.00649597 0.0051 0.00123969 0.00652177 0.0085 0.00127443 0.00649406 0.0085 0.00123724 0.00646595 0.0051 0.00120289 0.0064646 0.0085 0.00120132 0.00643411 0.0051 0.00116743 0.00640044 0.0051 0.00113331 0.00643339 0.0085 0.00116668 0.00640044 0.0085 0.00113331 0.00664203 0.0085 0.00220684 0.00663857 0.0051 0.00221598 0.00662452 0.0085 0.00225028 0.00662119 0.0051 0.00225786 0.00660515 0.0085 0.00229245 0.00658378 0.0085 0.00233377 0.00660192 0.0051 0.00229897 0.00658092 0.0051 0.002339 0.00656043 0.0085 0.00237425 0.00655819 0.0051 0.00237794 0.00653524 0.0085 0.00241357 0.00650838 0.0085 0.00245145 0.00653374 0.0051 0.00241579 0.00650755 0.0051 0.00245255 0.0064797 0.0085 0.00248815 0.00645 0.0051 0.00252281 0.00647964 0.0051 0.00248823 0.00644921 0.0085 0.00252367 0.00641787 0.0051 0.00255692 0.00638434 0.0051 0.00258936 0.00641728 0.0085 0.00255753 0.00634941 0.0051 0.00262014 0.00638385 0.0085 0.00258979 0.00634882 0.0085 0.0026206 0.00631308 0.0051 0.00264926 0.00627535 0.0051 0.00267671 0.00631225 0.0085 0.0026499 0.00623622 0.0051 0.00270249 0.0062747 0.0085 0.00267716 0.00623584 0.0085 0.00270271 0.00619619 0.0051 0.00272626 0.006155 0.0051 0.00274818 0.00619566 0.0085 0.00272654 0.00611266 0.0051 0.00276826 0.0061544 0.0085 0.00274849 0.00611244 0.0085 0.00276834 0.0060697 0.0051 0.0027862 0.00602586 0.0051 0.00280217 0.00606947 0.0085 0.00278627 0.00598103 0.0085 0.00281617 0.00602549 0.0085 0.00280229 0.00593609 0.0085 0.00282791 0.00598113 0.0051 0.00281614 0.00593609 0.0051 0.00282792 0.00589048 0.0085 0.00283759 0.00589045 0.0051 0.00283761 0.00584421 0.0085 0.00284521 0.00584421 0.0051 0.00284521 0.00580931 0.0085 0.00291581 0.00580931 0.0051 0.00291581 0.00577356 0.0085 0.00298596 0.00584421 0.0051 0.00284521 0.00584421 0.0085 0.00284521 0.00577356 0.0051 0.00298596 0.00573697 0.0085 0.00305569 0.00573697 0.0051 0.00305569 0.00566329 0.0051 0.00411423 0.00566329 0.0085 0.00411423 0.00568973 0.0051 0.00407601 0.00568973 0.0085 0.00407601 0.00571435 0.0051 0.00403658 0.00573728 0.0051 0.00399572 0.00571435 0.0085 0.00403658 0.00573728 0.0085 0.00399572 0.00575818 0.0051 0.00395408 0.00575818 0.0085 0.00395408 0.00577707 0.0051 0.00391166 0.00579402 0.0051 0.00386819 0.00577707 0.0085 0.00391166 0.00579402 0.0085 0.00386819 0.00580896 0.0051 0.00382389 0.00580896 0.0085 0.00382389 0.00582179 0.0051 0.00377915 0.00583249 0.0051 0.003734 0.00582179 0.0085 0.00377915 0.00583249 0.0085 0.003734 0.00584111 0.0051 0.003688 0.00584111 0.0085 0.003688 0.00584759 0.0051 0.00364177 0.00585191 0.0051 0.00359549 0.00584759 0.0085 0.00364177 0.00585191 0.0085 0.00359549 0.00585405 0.0051 0.00354909 0.00585405 0.0085 0.00354909 0.00585401 0.0051 0.00350222 0.00585183 0.0051 0.00345567 0.00585401 0.0085 0.00350222 0.00585183 0.0085 0.00345567 0.00584751 0.0051 0.00340942 0.00584751 0.0085 0.00340942 0.00584099 0.0051 0.00336326 0.0058323 0.0051 0.0033173 0.00584099 0.0085 0.00336326 0.0058323 0.0085 0.0033173 0.00582155 0.0051 0.00327201 0.00582155 0.0085 0.00327201 0.00580875 0.0051 0.00322739 0.00579389 0.0051 0.00318345 0.00580875 0.0085 0.00322739 0.00579389 0.0085 0.00318345 0.00577697 0.0051 0.00314019 0.00577697 0.0085 0.00314019 0.005758 0.0051 0.0030976 0.00573697 0.0051 0.00305569 0.005758 0.0085 0.0030976 0.00573697 0.0085 0.00305569 0.005635 0.0085 0.00415133 0.005635 0.0051 0.00415133 0.00560492 0.0085 0.00418723 0.00560492 0.0051 0.00418723 0.00557346 0.0085 0.00422135 0.00554038 0.0085 0.00425405 0.00557346 0.0051 0.00422135 0.00554038 0.0051 0.00425405 0.00550565 0.0085 0.00428533 0.00550565 0.0051 0.00428533 0.00546955 0.0085 0.00431495 0.0054323 0.0085 0.00434266 0.00546955 0.0051 0.00431495 0.0054323 0.0051 0.00434266 0.00539369 0.0085 0.00436871 0.00539369 0.0051 0.00436871 0.0053537 0.0085 0.00439307 0.00531287 0.0085 0.0044154 0.0053537 0.0051 0.00439307 0.00531287 0.0051 0.0044154 0.00527111 0.0085 0.00443576 0.00527111 0.0051 0.00443576 0.00522828 0.0085 0.00445423 0.00518444 0.0085 0.00447079 0.00522828 0.0051 0.00445423 0.00518444 0.0051 0.00447079 0.00514031 0.0085 0.00448512 0.00514031 0.0051 0.00448512 0.00509545 0.0085 0.00449741 0.00504987 0.0085 0.00450765 0.00509545 0.0051 0.00449741 0.00504987 0.0051 0.00450765 0.00500385 0.0085 0.00451578 0.00500385 0.0051 0.00451578 0.00495781 0.0085 0.00452169 0.0049114 0.0085 0.00452547 0.00495781 0.0051 0.00452169 0.0049114 0.0051 0.00452547 0.00486463 0.0085 0.00452711 0.00486463 0.0051 0.00452711 0.00481806 0.0085 0.00452657 0.00477168 0.0085 0.00452385 0.00481806 0.0051 0.00452657 0.00477168 0.0051 0.00452385 0.00472531 0.0085 0.00451897 0.00472531 0.0051 0.00451897 0.00467895 0.0085 0.00451192 0.00467895 0.0051 0.00451192 0.00462395 0.0085 0.00456827 0.00462395 0.0051 0.00456827 0.00456827 0.0085 0.00462395 0.00467895 0.0051 0.00451192 0.00467895 0.0085 0.00451192 0.00456827 0.0051 0.00462395 0.00451192 0.0085 0.00467895 0.00451192 0.0051 0.00467895 0.00411474 0.0051 0.00566292 0.00411474 0.0085 0.00566292 0.00415169 0.0051 0.00563473 0.00415169 0.0085 0.00563473 0.0041873 0.0051 0.00560485 0.00422173 0.0051 0.00557307 0.0041873 0.0085 0.00560485 0.00422173 0.0085 0.00557307 0.00425448 0.0051 0.00553993 0.00425448 0.0085 0.00553993 0.00428555 0.0051 0.00550543 0.0043151 0.0051 0.00546932 0.00428555 0.0085 0.00550543 0.0043151 0.0085 0.00546932 0.00434301 0.0051 0.0054318 0.00434301 0.0085 0.0054318 0.00436902 0.0051 0.00539322 0.00439316 0.0051 0.00535358 0.00436902 0.0085 0.00539322 0.00439316 0.0085 0.00535358 0.00441557 0.0051 0.00531249 0.00441557 0.0085 0.00531249 0.00443602 0.0051 0.00527053 0.00445443 0.0051 0.00522785 0.00443602 0.0085 0.00527053 0.00445443 0.0085 0.00522785 0.00447081 0.0051 0.00518439 0.00447081 0.0085 0.00518439 0.00448525 0.0051 0.0051398 0.00449756 0.0051 0.00509485 0.00448525 0.0085 0.0051398 0.00449756 0.0085 0.00509485 0.00450774 0.0051 0.00504953 0.00450774 0.0085 0.00504953 0.0045158 0.0051 0.00500362 0.00452174 0.0051 0.00495722 0.0045158 0.0085 0.00500362 0.00452174 0.0085 0.00495722 0.00452552 0.0051 0.00491082 0.00452552 0.0085 0.00491082 0.00452713 0.0051 0.00486444 0.00452657 0.0051 0.00481806 0.00452713 0.0085 0.00486444 0.00452657 0.0085 0.00481806 0.00452385 0.0051 0.00477168 0.00452385 0.0085 0.00477168 0.00451897 0.0051 0.00472531 0.00451192 0.0051 0.00467895 0.00451897 0.0085 0.00472531 0.00451192 0.0085 0.00467895 0.00407637 0.0085 0.00568946 0.00407637 0.0051 0.00568946 0.00403667 0.0085 0.00571431 0.00403667 0.0051 0.00571431 0.00399621 0.0085 0.00573704 0.00395464 0.0085 0.00575791 0.00399621 0.0051 0.00573704 0.00395464 0.0051 0.00575791 0.00391195 0.0085 0.00577693 0.00391195 0.0051 0.00577693 0.00386846 0.0085 0.00579394 0.00382447 0.0085 0.00580879 0.00386846 0.0051 0.00579394 0.00382447 0.0051 0.00580879 0.0037797 0.0085 0.00582163 0.0037797 0.0051 0.00582163 0.00373414 0.0085 0.00583244 0.00368841 0.0085 0.00584106 0.00373414 0.0051 0.00583244 0.00368841 0.0051 0.00584106 0.0036424 0.0085 0.00584752 0.0036424 0.0051 0.00584752 0.00359596 0.0085 0.00585185 0.00354914 0.0085 0.00585406 0.00359596 0.0051 0.00585185 0.00354914 0.0051 0.00585406 0.00350274 0.0085 0.00585405 0.00350274 0.0051 0.00585405 0.00345629 0.0085 0.00585187 0.00340977 0.0085 0.00584753 0.00345629 0.0051 0.00585187 0.00340977 0.0051 0.00584753 0.00336349 0.0085 0.00584104 0.00336349 0.0051 0.00584104 0.00331788 0.0085 0.00583243 0.00327257 0.0085 0.00582168 0.00331788 0.0051 0.00583243 0.00327257 0.0051 0.00582168 0.00322758 0.0085 0.00580879 0.00322758 0.0051 0.00580879 0.00318345 0.0085 0.00579389 0.00314019 0.0085 0.00577697 0.00318345 0.0051 0.00579389 0.00314019 0.0051 0.00577697 0.0030976 0.0085 0.005758 0.0030976 0.0051 0.005758 0.00305569 0.0085 0.00573697 0.00305569 0.0051 0.00573697 0.00298596 0.0085 0.00577356 0.00298596 0.0051 0.00577356 0.00291581 0.0085 0.00580931 0.00305569 0.0051 0.00573697 0.00305569 0.0085 0.00573697 0.00291581 0.0051 0.00580931 0.00284521 0.0085 0.00584421 0.00284521 0.0051 0.00584421 0.00216341 0.0085 0.00665728 0.00220727 0.0085 0.0066419 0.00216533 0.0051 0.00665665 0.00225037 0.0085 0.00662447 0.00220895 0.0051 0.00664124 0.00225187 0.0051 0.00662383 0.00229293 0.0085 0.00660489 0.00233431 0.0085 0.0065835 0.00229363 0.0051 0.00660457 0.00237453 0.0085 0.00656028 0.00233458 0.0051 0.00658334 0.00241357 0.0051 0.00653524 0.00237471 0.0051 0.00656015 0.00241379 0.0085 0.00653507 0.00245193 0.0085 0.00650801 0.00245112 0.0051 0.00650863 0.00248859 0.0085 0.00647936 0.00248753 0.0051 0.00648021 0.00252281 0.0051 0.00645 0.00252379 0.0085 0.00644912 0.00255781 0.0085 0.00641697 0.00255692 0.0051 0.00641787 0.00259022 0.0085 0.00638338 0.00258936 0.0051 0.00638434 0.00262014 0.0051 0.00634941 0.00262092 0.0085 0.00634847 0.00264993 0.0085 0.0063122 0.00264944 0.0051 0.00631283 0.00267744 0.0085 0.00627426 0.00267689 0.0051 0.0062751 0.00270249 0.0051 0.00623622 0.00270304 0.0085 0.00623531 0.00272672 0.0085 0.00619536 0.0027264 0.0051 0.00619592 0.00274858 0.0085 0.00615418 0.00274832 0.0051 0.00615473 0.00276826 0.0051 0.00611266 0.00276857 0.0085 0.00611189 0.0027865 0.0085 0.00606893 0.00278631 0.0051 0.00606941 0.00280236 0.0085 0.00602531 0.00280227 0.0051 0.00602557 0.00281614 0.0051 0.00598113 0.00281617 0.0085 0.00598103 0.00282791 0.0085 0.00593609 0.00282792 0.0051 0.00593609 0.00283759 0.0085 0.00589048 0.00283761 0.0051 0.00589045 0.00284521 0.0051 0.00584421 0.00284521 0.0085 0.00584421 0.00212123 0.0051 0.00666999 0.00207667 0.0051 0.00668126 0.00211872 0.0085 0.00667067 0.00203115 0.0051 0.00669053 0.00207328 0.0085 0.00668203 0.00202778 0.0085 0.00669114 0.00198552 0.0051 0.00669767 0.00193977 0.0051 0.00670269 0.00198179 0.0085 0.00669815 0.0018937 0.0051 0.00670558 0.00193531 0.0085 0.00670305 0.0018887 0.0085 0.00670578 0.00184736 0.0051 0.00670635 0.00180126 0.0051 0.00670501 0.00184227 0.0085 0.00670632 0.0017554 0.0051 0.00670155 0.00179572 0.0085 0.00670469 0.00174905 0.0085 0.0067009 0.00170978 0.0051 0.00669599 0.0016644 0.0051 0.00668831 0.0017029 0.0085 0.00669496 0.00161926 0.0051 0.00667852 0.00165714 0.0085 0.00668688 0.00161164 0.0085 0.00667665 0.00157436 0.0051 0.00666662 0.00152894 0.0051 0.00665221 0.00156643 0.0085 0.00666428 0.0014845 0.0051 0.0066358 0.00152231 0.0085 0.00664994 0.0014788 0.0085 0.00663351 0.00144104 0.0051 0.00661737 0.00139857 0.0051 0.00659694 0.0014359 0.0085 0.00661501 0.00135709 0.0051 0.00657451 0.00139389 0.0085 0.00659454 0.00135317 0.0085 0.00657225 0.00131659 0.0051 0.00655006 0.00127707 0.0051 0.00652361 0.0013134 0.0085 0.00654803 0.00123902 0.0051 0.00649544 0.0012746 0.0085 0.00652187 0.00123724 0.0085 0.00649406 0.00120247 0.0051 0.00646558 0.00116723 0.0051 0.00643391 0.00120132 0.0085 0.0064646 0.00113331 0.0051 0.00640044 0.00116668 0.0085 0.00643339 0.00113331 0.0085 0.00640044 0.00105569 0.0085 0.0064137 0.00105569 0.0051 0.0064137 0.00097792 0.0085 0.00642602 0.00113331 0.0051 0.00640044 0.00113331 0.0085 0.00640044 0.00097792 0.0051 0.00642602 0.0009 0.0085 0.00643739 0.0009 0.0051 0.00643739 -3.09356e-07 0.0051 0.00699998 3.16691e-07 0.0085 0.00699998 4.56989e-05 0.0051 0.00699893 4.67778e-05 0.0085 0.0069989 9.17876e-05 0.0051 0.00699578 0.000137258 0.0051 0.00699054 9.31528e-05 0.0085 0.00699565 0.000139679 0.0085 0.00699018 0.000182548 0.0051 0.00698319 0.000185653 0.0085 0.00698262 0.00022766 0.0051 0.00697375 0.000272278 0.0051 0.00696226 0.000231075 0.0085 0.00697297 0.000276206 0.0085 0.00696113 0.000320833 0.0085 0.00694717 0.000316045 0.0051 0.00694879 0.000364559 0.0085 0.00693125 0.00035928 0.0051 0.00693329 0.000401981 0.0051 0.00691574 0.000407383 0.0085 0.00691337 0.000449668 0.0085 0.00689331 0.000443615 0.0051 0.00689635 0.000490874 0.0085 0.00687138 0.000484212 0.0051 0.0068751 0.000523939 0.0051 0.00685193 0.000530855 0.0085 0.00684766 0.000569651 0.0085 0.00682213 0.000562794 0.0051 0.00682684 0.000607546 0.0085 0.00679455 0.000601542 0.0051 0.0067991 0.000638734 0.0051 0.00676975 0.000643928 0.0085 0.00676542 0.000678798 0.0085 0.00673474 0.000674369 0.0051 0.0067388 0.00071231 0.0085 0.00670233 0.000708588 0.0051 0.00670608 0.000741363 0.0051 0.00667163 0.000744388 0.0085 0.00666829 0.000774711 0.0085 0.00663297 0.000772328 0.0051 0.00663587 0.000803279 0.0085 0.00659639 0.000801483 0.0051 0.0065988 0.000828827 0.0051 0.00656041 0.000830092 0.0085 0.00655854 0.00085515 0.0085 0.00651942 0.000854362 0.0051 0.00652072 0.000878452 0.0085 0.00647904 0.000878086 0.0051 0.00647971 0.0009 0.0051 0.00643739 0.0009 0.0085 0.00643739 -4.63303e-05 0.0085 0.0069989 -4.61382e-05 0.0051 0.00699893 -9.18778e-05 0.0051 0.00699577 -0.000137777 0.0051 0.00699045 -9.30532e-05 0.0085 0.00699567 -0.000139143 0.0085 0.00699027 -0.000183144 0.0051 0.00698309 -0.000227977 0.0051 0.0069737 -0.000185046 0.0085 0.00698273 -0.000272516 0.0051 0.00696218 -0.000230764 0.0085 0.00697302 -0.000275945 0.0085 0.00696122 -0.000316597 0.0051 0.0069486 -0.000359808 0.0051 0.0069331 -0.000320263 0.0085 0.00694738 -0.000402147 0.0051 0.00691568 -0.000364029 0.0085 0.00693144 -0.000407243 0.0085 0.00691342 -0.000443615 0.0051 0.00689635 -0.000484212 0.0051 0.0068751 -0.000449304 0.0085 0.00689351 -0.000523939 0.0051 0.00685193 -0.000490324 0.0085 0.00687169 -0.000530442 0.0085 0.0068479 -0.000562794 0.0051 0.00682684 -0.000601542 0.0051 0.0067991 -0.000569611 0.0085 0.00682217 -0.000638734 0.0051 0.00676975 -0.000607141 0.0085 0.00679488 -0.000643446 0.0085 0.00676582 -0.000674369 0.0051 0.0067388 -0.000708447 0.0051 0.00670625 -0.000678526 0.0085 0.00673496 -0.000740969 0.0051 0.00667209 -0.000712156 0.0085 0.00670251 -0.000744 0.0085 0.00666874 -0.000771934 0.0051 0.00663633 -0.000801342 0.0051 0.00659896 -0.000774333 0.0085 0.00663341 -0.000828827 0.0051 0.00656041 -0.000803153 0.0085 0.00659654 -0.000830092 0.0085 0.00655854 -0.000854362 0.0051 0.00652072 -0.000878086 0.0051 0.00647971 -0.00085515 0.0085 0.00651942 -0.0009 0.0051 0.00643739 -0.000878452 0.0085 0.00647904 -0.0009 0.0085 0.00643739 -0.00097792 0.0085 0.00642602 -0.00097792 0.0051 0.00642602 -0.00105569 0.0085 0.0064137 -0.0009 0.0051 0.00643739 -0.0009 0.0085 0.00643739 -0.00105569 0.0051 0.0064137 -0.00113331 0.0085 0.00640044 -0.00113331 0.0051 0.00640044 -0.0021659 0.0051 0.00665647 -0.00216281 0.0085 0.00665747 -0.00212169 0.0051 0.00666985 -0.00211829 0.0085 0.00667081 -0.00207667 0.0051 0.00668126 -0.00203163 0.0051 0.00669046 -0.00207318 0.0085 0.00668204 -0.00202724 0.0085 0.00669122 -0.00198611 0.0051 0.00669758 -0.00198118 0.0085 0.00669824 -0.00194013 0.0051 0.00670264 -0.0018939 0.0051 0.00670559 -0.001935 0.0085 0.00670309 -0.00188842 0.0085 0.00670578 -0.00184792 0.0051 0.00670637 -0.00184166 0.0085 0.0067063 -0.00180182 0.0051 0.00670502 -0.00179516 0.0085 0.00670467 -0.0017556 0.0051 0.00670156 -0.0017489 0.0085 0.00670089 -0.00170249 0.0085 0.00669488 -0.00170978 0.0051 0.00669599 -0.00165652 0.0085 0.00668676 -0.0016644 0.0051 0.00668831 -0.00161926 0.0051 0.00667852 -0.00161117 0.0085 0.00667656 -0.00156639 0.0085 0.00666427 -0.00157436 0.0051 0.00666662 -0.00152182 0.0085 0.00664974 -0.00152894 0.0051 0.00665221 -0.0014845 0.0051 0.0066358 -0.00147822 0.0085 0.00663328 -0.00143557 0.0085 0.00661488 -0.00144104 0.0051 0.00661737 -0.00139369 0.0085 0.00659441 -0.00139839 0.0051 0.00659683 -0.00135657 0.0051 0.00657419 -0.00135266 0.0085 0.00657195 -0.00131291 0.0085 0.00654773 -0.00131607 0.0051 0.00654975 -0.00127443 0.0085 0.00652177 -0.00127689 0.0051 0.0065235 -0.00123902 0.0051 0.00649544 -0.00123724 0.0085 0.00649406 -0.00120132 0.0085 0.0064646 -0.00120247 0.0051 0.00646558 -0.00116668 0.0085 0.00643339 -0.00116723 0.0051 0.00643391 -0.00113331 0.0051 0.00640044 -0.00113331 0.0085 0.00640044 -0.00220684 0.0085 0.00664203 -0.00220929 0.0051 0.00664113 -0.00225028 0.0085 0.00662452 -0.00225205 0.0051 0.00662374 -0.00229245 0.0085 0.00660515 -0.00233377 0.0085 0.00658378 -0.00229413 0.0051 0.00660431 -0.00233507 0.0051 0.00658308 -0.00237425 0.0085 0.00656043 -0.00237489 0.0051 0.00656006 -0.00241357 0.0085 0.00653524 -0.00245145 0.0085 0.00650838 -0.00241357 0.0051 0.00653524 -0.00245112 0.0051 0.00650863 -0.00248753 0.0051 0.00648021 -0.00252281 0.0051 0.00645 -0.00248815 0.0085 0.0064797 -0.00252367 0.0085 0.00644921 -0.00255692 0.0051 0.00641787 -0.00258936 0.0051 0.00638434 -0.00255753 0.0085 0.00641728 -0.00262014 0.0051 0.00634941 -0.00258979 0.0085 0.00638385 -0.0026206 0.0085 0.00634882 -0.00264926 0.0051 0.00631308 -0.00267671 0.0051 0.00627535 -0.0026499 0.0085 0.00631225 -0.00270249 0.0051 0.00623622 -0.00267716 0.0085 0.0062747 -0.00270271 0.0085 0.00623584 -0.00272626 0.0051 0.00619619 -0.00274818 0.0051 0.006155 -0.00272654 0.0085 0.00619566 -0.00276826 0.0051 0.00611266 -0.00274849 0.0085 0.0061544 -0.00276834 0.0085 0.00611244 -0.0027862 0.0051 0.0060697 -0.00280217 0.0051 0.00602586 -0.00278627 0.0085 0.00606947 -0.00281617 0.0085 0.00598103 -0.00280229 0.0085 0.00602549 -0.00282791 0.0085 0.00593609 -0.00281614 0.0051 0.00598113 -0.00282792 0.0051 0.00593609 -0.00283759 0.0085 0.00589048 -0.00283761 0.0051 0.00589045 -0.00284521 0.0085 0.00584421 -0.00284521 0.0051 0.00584421 -0.00198611 0.0051 0.00669758 -0.0018211 0.0051 0.00660349 -0.00203163 0.0051 0.00669046 -0.00237489 0.0051 0.00656006 -0.00218617 0.0051 0.00649178 -0.00241357 0.0051 0.00653524 -0.00206515 0.0051 0.00653128 -0.00230651 0.0051 0.00645 -0.00245112 0.0051 0.00650863 -0.00252281 0.0051 0.00645 -0.00248753 0.0051 0.00648021 -0.00233507 0.0051 0.00658308 -0.00194346 0.0051 0.00656852 -0.00229413 0.0051 0.00660431 -0.00220929 0.0051 0.00664113 -0.00225205 0.0051 0.00662374 -0.0021659 0.0051 0.00665647 -0.00212169 0.0051 0.00666985 -0.00207667 0.0051 0.00668126 -0.00194013 0.0051 0.00670264 -0.0018939 0.0051 0.00670559 -0.00169806 0.0051 0.00663619 -0.00184792 0.0051 0.00670637 -0.00180182 0.0051 0.00670502 -0.0017556 0.0051 0.00670156 -0.00170978 0.0051 0.00669599 -0.0016644 0.0051 0.00668831 -0.00157436 0.0051 0.00666662 -0.00161926 0.0051 0.00667852 0.00198552 0.0051 0.00669767 0.0018211 0.0051 0.00660349 0.00193977 0.0051 0.00670269 0.00169806 0.0051 0.00663619 0.00203115 0.0051 0.00669053 0.0018937 0.0051 0.00670558 0.00207667 0.0051 0.00668126 0.00184736 0.0051 0.00670635 0.00180126 0.0051 0.00670501 0.0017554 0.0051 0.00670155 0.00212123 0.0051 0.00666999 0.00216533 0.0051 0.00665665 0.00194346 0.0051 0.00656852 0.00225187 0.0051 0.00662383 0.00220895 0.0051 0.00664124 0.00233458 0.0051 0.00658334 0.00206515 0.0051 0.00653128 0.00229363 0.0051 0.00660457 0.00241357 0.0051 0.00653524 0.00218617 0.0051 0.00649178 0.00237471 0.0051 0.00656015 0.00245112 0.0051 0.00650863 0.00230651 0.0051 0.00645 0.00248753 0.0051 0.00648021 0.00252281 0.0051 0.00645 0.00170978 0.0051 0.00669599 0.00161926 0.0051 0.00667852 0.0016644 0.0051 0.00668831 0.00157436 0.0051 0.00666662 0.00670147 0.0051 -0.00195272 0.00669598 0.0051 -0.00199769 0.00645 0.0051 -0.00190731 0.00667902 0.0051 -0.00208625 0.0066885 0.0051 -0.00204219 0.0066541 0.0051 -0.00217301 0.00666756 0.0051 -0.00212986 0.00663865 0.0051 -0.00221571 0.00662132 0.0051 -0.00225761 0.00660219 0.0051 -0.00229846 0.00658117 0.0051 -0.00233852 0.00655826 0.0051 -0.00237781 0.00653374 0.0051 -0.00241579 0.00650755 0.0051 -0.00245255 0.00647964 0.0051 -0.00248823 0.00645 0.0051 -0.00252281 0.00670496 0.0051 -0.00190731 0.00647964 0.0051 0.00248823 0.00645 0.0051 0.00190731 0.00645 0.0051 0.00252281 0.00650755 0.0051 0.00245255 0.00653374 0.0051 0.00241579 0.00655819 0.0051 0.00237794 0.00658092 0.0051 0.002339 0.00660192 0.0051 0.00229897 0.00662119 0.0051 0.00225786 0.00663857 0.0051 0.00221598 0.00665392 0.0051 0.00217356 0.00666739 0.0051 0.00213037 0.00667898 0.0051 0.00208639 0.0066885 0.0051 0.00204219 0.00669598 0.0051 0.00199769 0.00670496 0.0051 0.00190731 0.00670147 0.0051 0.00195272 -0.000182548 0.0051 -0.00698319 0.000137777 0.0051 -0.00699045 -0.000137258 0.0051 -0.00699054 0.000484212 0.0051 -0.0068751 0.000187598 0.0051 -0.00684743 0.000312663 0.0051 -0.00684285 -0.000316045 0.0051 -0.00694879 0.000272516 0.0051 -0.00696218 -0.000272278 0.0051 -0.00696226 0.000183144 0.0051 -0.00698309 6.25326e-05 0.0051 -0.00684971 0.000443615 0.0051 -0.00689635 0.000402147 0.0051 -0.00691568 0.000359808 0.0051 -0.0069331 0.000437729 0.0051 -0.00683599 0.000523939 0.0051 -0.00685193 0.000562794 0.0051 -0.00682684 -6.25326e-05 0.0051 -0.00684971 9.18778e-05 0.0051 -0.00699577 -0.00022766 0.0051 -0.00697375 0.000227977 0.0051 -0.0069737 4.61382e-05 0.0051 -0.00699893 3.09356e-07 0.0051 -0.00699998 -4.56989e-05 0.0051 -0.00699893 -9.17876e-05 0.0051 -0.00699578 0.000316597 0.0051 -0.0069486 -0.00035928 0.0051 -0.00693329 -0.000401981 0.0051 -0.00691574 -0.000187598 0.0051 -0.00684743 -0.000443615 0.0051 -0.00689635 -0.000484212 0.0051 -0.0068751 -0.000312663 0.0051 -0.00684285 -0.000523939 0.0051 -0.00685193 -0.000437729 0.0051 -0.00683599 -0.000562794 0.0051 -0.00682684 -0.00184736 0.0051 -0.00670635 -0.0018937 0.0051 -0.00670558 -0.00169806 0.0051 -0.00663619 -0.00193977 0.0051 -0.00670269 -0.00170978 0.0051 -0.00669599 -0.0017554 0.0051 -0.00670155 -0.00180126 0.0051 -0.00670501 -0.0016644 0.0051 -0.00668831 -0.00161926 0.0051 -0.00667852 -0.00157436 0.0051 -0.00666662 -0.0018211 0.0051 -0.00660349 -0.00198552 0.0051 -0.00669767 -0.00203115 0.0051 -0.00669053 -0.00207667 0.0051 -0.00668126 -0.00212123 0.0051 -0.00666999 -0.00216533 0.0051 -0.00665665 -0.00194346 0.0051 -0.00656852 -0.00220895 0.0051 -0.00664124 -0.00225187 0.0051 -0.00662383 -0.00229363 0.0051 -0.00660457 -0.00233458 0.0051 -0.00658334 -0.00206515 0.0051 -0.00653128 -0.00237471 0.0051 -0.00656015 -0.00218617 0.0051 -0.00649178 -0.00241357 0.0051 -0.00653524 -0.00245112 0.0051 -0.00650863 -0.00248753 0.0051 -0.00648021 -0.00230651 0.0051 -0.00645 -0.00252281 0.0051 -0.00645 0.00184792 0.0051 -0.00670637 0.00180182 0.0051 -0.00670502 0.00169806 0.0051 -0.00663619 0.0017556 0.0051 -0.00670156 0.0018939 0.0051 -0.00670559 0.00170978 0.0051 -0.00669599 0.00194013 0.0051 -0.00670264 0.0016644 0.0051 -0.00668831 0.0018211 0.0051 -0.00660349 0.00161926 0.0051 -0.00667852 0.00198611 0.0051 -0.00669758 0.00203163 0.0051 -0.00669046 0.00207667 0.0051 -0.00668126 0.00157436 0.0051 -0.00666662 0.00212169 0.0051 -0.00666985 0.0021659 0.0051 -0.00665647 0.00220929 0.0051 -0.00664113 0.00194346 0.0051 -0.00656852 0.00225205 0.0051 -0.00662374 0.00229413 0.0051 -0.00660431 0.00233507 0.0051 -0.00658308 0.00206515 0.0051 -0.00653128 0.00237489 0.0051 -0.00656006 0.00218617 0.0051 -0.00649178 0.00245112 0.0051 -0.00650863 0.00241357 0.0051 -0.00653524 0.00230651 0.0051 -0.00645 0.00248753 0.0051 -0.00648021 0.00252281 0.0051 -0.00645 -0.00670147 0.0051 -0.00195272 -0.00670496 0.0051 -0.00190731 -0.00645 0.0051 -0.00190731 -0.0066885 0.0051 -0.00204219 -0.00669598 0.0051 -0.00199769 -0.00666739 0.0051 -0.00213037 -0.00667898 0.0051 -0.00208639 -0.00665392 0.0051 -0.00217356 -0.00663857 0.0051 -0.00221598 -0.00660192 0.0051 -0.00229897 -0.00662119 0.0051 -0.00225786 -0.00658092 0.0051 -0.002339 -0.00655819 0.0051 -0.00237794 -0.00653374 0.0051 -0.00241579 -0.00647964 0.0051 -0.00248823 -0.00650755 0.0051 -0.00245255 -0.00645 0.0051 -0.00252281 -0.00645 0.0051 0.00190731 -0.00670147 0.0051 0.00195272 -0.00669598 0.0051 0.00199769 -0.0066885 0.0051 0.00204219 -0.00670496 0.0051 0.00190731 -0.00667902 0.0051 0.00208625 -0.00666756 0.0051 0.00212986 -0.0066541 0.0051 0.00217301 -0.00663865 0.0051 0.00221571 -0.00662132 0.0051 0.00225761 -0.00660219 0.0051 0.00229846 -0.00658117 0.0051 0.00233852 -0.00655826 0.0051 0.00237781 -0.00653374 0.0051 0.00241579 -0.00650755 0.0051 0.00245255 -0.00647964 0.0051 0.00248823 -0.00645 0.0051 0.00252281 -0.00637068 0.0015 -0.00635322 -0.00635313 0.0015 -0.00637076 -0.00635313 0.0051 -0.00637076 -0.00633423 0.0015 -0.00638677 -0.00633423 0.0051 -0.00638677 -0.00631402 0.0051 -0.00640118 -0.00631402 0.0015 -0.00640118 -0.00629276 0.0015 -0.00641386 -0.00629276 0.0051 -0.00641386 -0.00627044 0.0015 -0.00642476 -0.00627044 0.0051 -0.00642476 -0.00624739 0.0051 -0.00643375 -0.00624739 0.0015 -0.00643375 -0.00622357 0.0015 -0.00644083 -0.00622357 0.0051 -0.00644083 -0.00619937 0.0015 -0.00644591 -0.00619937 0.0051 -0.00644591 -0.00617484 0.0051 -0.00644897 -0.00617484 0.0015 -0.00644897 -0.00615 0.0051 -0.00645 -0.00615 0.0015 -0.00645 -0.00637068 0.0051 -0.00635322 -0.0063867 0.0015 -0.00633431 -0.0063867 0.0051 -0.00633431 -0.00640112 0.0051 -0.00631413 -0.00640112 0.0015 -0.00631413 -0.00641382 0.0051 -0.00629282 -0.00641382 0.0015 -0.00629282 -0.00642471 0.0015 -0.00627056 -0.00642471 0.0051 -0.00627056 -0.00643373 0.0051 -0.00624744 -0.00643373 0.0015 -0.00624744 -0.0064408 0.0051 -0.00622371 -0.0064408 0.0015 -0.00622371 -0.0064459 0.0015 -0.0061994 -0.0064459 0.0051 -0.0061994 -0.00644897 0.0051 -0.00617484 -0.00644897 0.0015 -0.00617484 -0.00645 0.0015 -0.00615 -0.00645 0.0051 -0.00615 -0.00637076 0.0051 0.00635313 -0.00635322 0.0015 0.00637068 -0.00637076 0.0015 0.00635313 -0.00638677 0.0015 0.00633423 -0.00638677 0.0051 0.00633423 -0.00640118 0.0015 0.00631402 -0.00640118 0.0051 0.00631402 -0.00641386 0.0051 0.00629276 -0.00641386 0.0015 0.00629276 -0.00642476 0.0015 0.00627044 -0.00642476 0.0051 0.00627044 -0.00643375 0.0015 0.00624739 -0.00643375 0.0051 0.00624739 -0.00644083 0.0051 0.00622357 -0.00644083 0.0015 0.00622357 -0.00644591 0.0015 0.00619937 -0.00644591 0.0051 0.00619937 -0.00644897 0.0015 0.00617484 -0.00644897 0.0051 0.00617484 -0.00645 0.0051 0.00615 -0.00645 0.0015 0.00615 -0.00635322 0.0051 0.00637068 -0.00633431 0.0015 0.0063867 -0.00633431 0.0051 0.0063867 -0.00631413 0.0051 0.00640112 -0.00631413 0.0015 0.00640112 -0.00629282 0.0051 0.00641382 -0.00629282 0.0015 0.00641382 -0.00627056 0.0015 0.00642471 -0.00627056 0.0051 0.00642471 -0.00624744 0.0051 0.00643373 -0.00624744 0.0015 0.00643373 -0.00622371 0.0051 0.0064408 -0.00622371 0.0015 0.0064408 -0.0061994 0.0015 0.0064459 -0.0061994 0.0051 0.0064459 -0.00617484 0.0051 0.00644897 -0.00617484 0.0015 0.00644897 -0.00615 0.0015 0.00645 -0.00615 0.0051 0.00645 0.00637076 0.0051 -0.00635313 0.00635322 0.0015 -0.00637068 0.00637076 0.0015 -0.00635313 0.00638677 0.0015 -0.00633423 0.00638677 0.0051 -0.00633423 0.00640118 0.0015 -0.00631402 0.00640118 0.0051 -0.00631402 0.00641386 0.0051 -0.00629276 0.00641386 0.0015 -0.00629276 0.00642476 0.0015 -0.00627044 0.00642476 0.0051 -0.00627044 0.00643375 0.0015 -0.00624739 0.00643375 0.0051 -0.00624739 0.00644083 0.0051 -0.00622357 0.00644083 0.0015 -0.00622357 0.00644591 0.0015 -0.00619937 0.00644591 0.0051 -0.00619937 0.00644897 0.0015 -0.00617484 0.00644897 0.0051 -0.00617484 0.00645 0.0051 -0.00615 0.00645 0.0015 -0.00615 0.00635322 0.0051 -0.00637068 0.00633431 0.0015 -0.0063867 0.00633431 0.0051 -0.0063867 0.00631413 0.0051 -0.00640112 0.00631413 0.0015 -0.00640112 0.00629282 0.0051 -0.00641382 0.00629282 0.0015 -0.00641382 0.00627056 0.0015 -0.00642471 0.00627056 0.0051 -0.00642471 0.00624744 0.0051 -0.00643373 0.00624744 0.0015 -0.00643373 0.00622371 0.0051 -0.0064408 0.00622371 0.0015 -0.0064408 0.0061994 0.0015 -0.0064459 0.0061994 0.0051 -0.0064459 0.00617484 0.0051 -0.00644897 0.00617484 0.0015 -0.00644897 0.00615 0.0015 -0.00645 0.00615 0.0051 -0.00645 0.00637068 0.0015 0.00635322 0.00635313 0.0015 0.00637076 0.00635313 0.0051 0.00637076 0.00633423 0.0015 0.00638677 0.00633423 0.0051 0.00638677 0.00631402 0.0051 0.00640118 0.00631402 0.0015 0.00640118 0.00629276 0.0015 0.00641386 0.00629276 0.0051 0.00641386 0.00627044 0.0015 0.00642476 0.00627044 0.0051 0.00642476 0.00624739 0.0051 0.00643375 0.00624739 0.0015 0.00643375 0.00622357 0.0015 0.00644083 0.00622357 0.0051 0.00644083 0.00619937 0.0015 0.00644591 0.00619937 0.0051 0.00644591 0.00617484 0.0051 0.00644897 0.00617484 0.0015 0.00644897 0.00615 0.0051 0.00645 0.00615 0.0015 0.00645 0.00637068 0.0051 0.00635322 0.0063867 0.0015 0.00633431 0.0063867 0.0051 0.00633431 0.00640112 0.0051 0.00631413 0.00640112 0.0015 0.00631413 0.00641382 0.0051 0.00629282 0.00641382 0.0015 0.00629282 0.00642471 0.0015 0.00627056 0.00642471 0.0051 0.00627056 0.00643373 0.0051 0.00624744 0.00643373 0.0015 0.00624744 0.0064408 0.0051 0.00622371 0.0064408 0.0015 0.00622371 0.0064459 0.0015 0.0061994 0.0064459 0.0051 0.0061994 0.00644897 0.0051 0.00617484 0.00644897 0.0015 0.00617484 0.00645 0.0015 0.00615 0.00645 0.0051 0.00615 0.00230651 0.0015 0.00645 0.00230651 0.0051 0.00645 0.00252281 0.0051 0.00645 0.00615 0.0051 0.00645 0.00615 0.0015 0.00645 6.00241e-05 0.0015 0.00684974 -6.08616e-05 0.0015 0.00684966 -6.25326e-05 0.0051 0.00684971 6.25326e-05 0.0051 0.00684971 0.000180072 0.0015 0.00684762 0.000187598 0.0051 0.00684743 0.000300121 0.0015 0.00684338 0.000420169 0.0015 0.00683702 0.000312663 0.0051 0.00684285 0.000437729 0.0051 0.00683599 0.000540217 0.0015 0.00682854 0.000562794 0.0051 0.00682684 0.000660265 0.0015 0.00681794 0.000780313 0.0015 0.00680523 0.000690552 0.0051 0.0068151 0.000817935 0.0051 0.00680099 0.000900362 0.0015 0.00679039 0.000944943 0.0051 0.00678451 0.00102041 0.0015 0.00677343 0.00114046 0.0015 0.00675436 0.00107158 0.0051 0.00676567 0.00119783 0.0051 0.00674446 0.00125908 0.0015 0.00673329 0.00132372 0.0051 0.00672088 0.00137691 0.0015 0.00671016 0.00149438 0.0015 0.00668495 0.00144923 0.0051 0.00669493 0.00157436 0.0051 0.00666662 0.00161148 0.0015 0.00665765 0.00169806 0.0051 0.00663619 0.00172823 0.0015 0.00662826 0.00184461 0.0015 0.00659679 0.0018211 0.0051 0.00660349 0.00194346 0.0051 0.00656852 0.00196063 0.0015 0.00656322 0.00206515 0.0051 0.00653128 0.00207628 0.0015 0.00652757 0.00219158 0.0015 0.00648983 0.00218617 0.0051 0.00649178 0.00230651 0.0051 0.00645 0.00230651 0.0015 0.00645 -0.000182313 0.0015 0.00684742 -0.000187598 0.0051 0.00684743 -0.000303403 0.0015 0.00684309 -0.00042413 0.0015 0.00683668 -0.000312663 0.0051 0.00684285 -0.000544495 0.0015 0.00682817 -0.000437729 0.0051 0.00683599 -0.000562794 0.0051 0.00682684 -0.000664498 0.0015 0.00681758 -0.000784139 0.0015 0.0068049 -0.000690552 0.0051 0.0068151 -0.000903417 0.0015 0.00679013 -0.000817935 0.0051 0.00680099 -0.000944943 0.0051 0.00678451 -0.00102233 0.0015 0.00677327 -0.00114089 0.0015 0.00675432 -0.00107158 0.0051 0.00676567 -0.00125908 0.0015 0.00673329 -0.00119783 0.0051 0.00674446 -0.00132372 0.0051 0.00672088 -0.00137691 0.0015 0.00671016 -0.00144923 0.0051 0.00669493 -0.00149438 0.0015 0.00668495 -0.00157436 0.0051 0.00666662 -0.00169806 0.0051 0.00663619 -0.00161148 0.0015 0.00665765 -0.00172823 0.0015 0.00662826 -0.0018211 0.0051 0.00660349 -0.00184461 0.0015 0.00659679 -0.00194346 0.0051 0.00656852 -0.00206515 0.0051 0.00653128 -0.00196063 0.0015 0.00656322 -0.00207628 0.0015 0.00652757 -0.00218617 0.0051 0.00649178 -0.00219158 0.0015 0.00648983 -0.00230651 0.0051 0.00645 -0.00230651 0.0015 0.00645 -0.00252281 0.0051 0.00645 -0.00230651 0.0051 0.00645 -0.00230651 0.0015 0.00645 -0.00615 0.0015 0.00645 -0.00615 0.0051 0.00645 0.00645 0.0015 -0.00190731 0.00645 0.0051 -0.00190731 0.00645 0.0051 -0.00252281 0.00645 0.0051 -0.00615 0.00645 0.0015 -0.00615 0.00670496 0.0051 -0.00190731 0.00645 0.0051 -0.00190731 0.00645 0.0015 -0.00190731 0.00911813 0.0015 -0.00190731 0.00911813 0.0051 -0.00190731 0.0110251 0.0051 -3.16637e-05 0.0110251 0.0015 -3.16637e-05 0.0110251 0.0051 3.2693e-05 0.011023 0.0015 -9.61997e-05 0.011023 0.0051 -9.61997e-05 0.0110186 0.0051 -0.000160868 0.0110186 0.0015 -0.000160868 0.0110122 0.0051 -0.000224687 0.0110122 0.0015 -0.000224687 0.0110035 0.0015 -0.000288326 0.0110035 0.0051 -0.000288326 0.0109927 0.0051 -0.000351787 0.0109927 0.0015 -0.000351787 0.0109797 0.0051 -0.000415067 0.0109797 0.0015 -0.000415067 0.0109646 0.0015 -0.000478028 0.0109646 0.0051 -0.000478028 0.0109474 0.0051 -0.000539851 0.0109474 0.0015 -0.000539851 0.0109282 0.0051 -0.000601142 0.0109282 0.0015 -0.000601142 0.0109069 0.0015 -0.000661899 0.0109069 0.0051 -0.000661899 0.0108834 0.0051 -0.000722124 0.0108834 0.0015 -0.000722124 0.0108579 0.0051 -0.000781585 0.0108579 0.0015 -0.000781585 0.0108307 0.0015 -0.000839654 0.0108307 0.0051 -0.000839654 0.0108014 0.0051 -0.000896851 0.0108014 0.0015 -0.000896851 0.0107701 0.0051 -0.000953175 0.0107701 0.0015 -0.000953175 0.0107369 0.0015 -0.00100863 0.0107369 0.0051 -0.00100863 0.0107018 0.0051 -0.0010629 0.0107018 0.0015 -0.0010629 0.0106652 0.0051 -0.00111556 0.0106652 0.0015 -0.00111556 0.0106267 0.0015 -0.00116704 0.0106267 0.0051 -0.00116704 0.0105864 0.0051 -0.00121732 0.0105864 0.0015 -0.00121732 0.0105443 0.0051 -0.00126642 0.0105443 0.0015 -0.00126642 0.0105006 0.0015 -0.00131397 0.0105006 0.0051 -0.00131397 0.0104556 0.0051 -0.00135973 0.0104556 0.0015 -0.00135973 0.010409 0.0051 -0.00140401 0.010409 0.0015 -0.00140401 0.0103609 0.0015 -0.00144683 0.0103609 0.0051 -0.00144683 0.0103111 0.0051 -0.00148817 0.0103111 0.0015 -0.00148817 0.0102601 0.0051 -0.00152766 0.0102601 0.0015 -0.00152766 0.010208 0.0015 -0.0015652 0.010208 0.0051 -0.0015652 0.0101547 0.0051 -0.00160103 0.0101547 0.0015 -0.00160103 0.0100999 0.0051 -0.00163515 0.0100999 0.0015 -0.00163515 0.0100439 0.0015 -0.00166755 0.0100439 0.0051 -0.00166755 0.00998708 0.0051 -0.00169787 0.00998708 0.0015 -0.00169787 0.00992945 0.0051 -0.00172613 0.00992945 0.0015 -0.00172613 0.00987078 0.0015 -0.00175249 0.00987078 0.0051 -0.00175249 0.00981108 0.0051 -0.00177693 0.00981108 0.0015 -0.00177693 0.00975035 0.0051 -0.00179947 0.00975035 0.0015 -0.00179947 0.00968933 0.0015 -0.00181977 0.00968933 0.0051 -0.00181977 0.00962775 0.0051 -0.00183795 0.00962775 0.0015 -0.00183795 0.00956548 0.0051 -0.00185407 0.00956548 0.0015 -0.00185407 0.0095025 0.0015 -0.00186814 0.0095025 0.0051 -0.00186814 0.00943881 0.0051 -0.00188015 0.00943881 0.0015 -0.00188015 0.00937532 0.0051 -0.00188989 0.00937532 0.0015 -0.00188989 0.00931156 0.0015 -0.00189746 0.00931156 0.0051 -0.00189746 0.00924744 0.0051 -0.00190288 0.00924744 0.0015 -0.00190288 0.00918297 0.0051 -0.00190617 0.00918297 0.0015 -0.00190617 0.00911813 0.0015 -0.00190731 0.00911813 0.0051 -0.00190731 0.0110251 0.0015 3.2693e-05 0.011023 0.0015 9.68703e-05 0.011023 0.0051 9.68703e-05 0.0110186 0.0051 0.000160913 0.0110186 0.0015 0.000160913 0.011012 0.0015 0.000225402 0.011012 0.0051 0.000225402 0.0110033 0.0015 0.000289358 0.0110033 0.0051 0.000289358 0.0109925 0.0051 0.000352781 0.0109925 0.0015 0.000352781 0.0109796 0.0015 0.000415671 0.0109796 0.0051 0.000415671 0.0109645 0.0015 0.000478154 0.0109645 0.0051 0.000478154 0.0109472 0.0051 0.000540585 0.0109472 0.0015 0.000540585 0.0109279 0.0015 0.000602143 0.0109279 0.0051 0.000602143 0.0109065 0.0015 0.000662829 0.0109065 0.0051 0.000662829 0.0108832 0.0051 0.000722643 0.0108832 0.0015 0.000722643 0.0108578 0.0015 0.000781777 0.0108578 0.0051 0.000781777 0.0108303 0.0015 0.000840377 0.0108303 0.0051 0.000840377 0.0108009 0.0051 0.00089779 0.0108009 0.0015 0.00089779 0.0107697 0.0015 0.000954015 0.0107697 0.0051 0.000954015 0.0107367 0.0015 0.00100905 0.0107367 0.0051 0.00100905 0.0107016 0.0051 0.00106314 0.0107016 0.0015 0.00106314 0.0106646 0.0015 0.00111625 0.0106646 0.0051 0.00111625 0.010626 0.0015 0.00116788 0.010626 0.0051 0.00116788 0.0105858 0.0051 0.00121805 0.0105858 0.0015 0.00121805 0.010544 0.0015 0.00126675 0.010544 0.0051 0.00126675 0.0105004 0.0015 0.00131423 0.0105004 0.0051 0.00131423 0.010455 0.0051 0.00136034 0.010455 0.0015 0.00136034 0.0104083 0.0015 0.00140474 0.0104083 0.0051 0.00140474 0.0103602 0.0015 0.00144743 0.0103602 0.0051 0.00144743 0.0103108 0.0051 0.0014884 0.0103108 0.0015 0.0014884 0.0102597 0.0015 0.0015279 0.0102597 0.0051 0.0015279 0.0102073 0.0015 0.00156571 0.0102073 0.0051 0.00156571 0.0101538 0.0051 0.00160162 0.0101538 0.0015 0.00160162 0.0100992 0.0015 0.00163561 0.0100992 0.0051 0.00163561 0.0100437 0.0015 0.0016677 0.0100437 0.0051 0.0016677 0.0099866 0.0051 0.00169808 0.0099866 0.0015 0.00169808 0.00992856 0.0015 0.00172652 0.00992856 0.0051 0.00172652 0.00986981 0.0015 0.00175292 0.00986981 0.0051 0.00175292 0.00981035 0.0051 0.00177725 0.00981035 0.0015 0.00177725 0.00975019 0.0015 0.00179954 0.00975019 0.0051 0.00179954 0.00968876 0.0015 0.00181991 0.00968876 0.0051 0.00181991 0.00962679 0.0051 0.00183819 0.00962679 0.0015 0.00183819 0.00956446 0.0015 0.00185433 0.00956446 0.0051 0.00185433 0.00950177 0.0015 0.00186832 0.00950177 0.0051 0.00186832 0.00943872 0.0051 0.00188018 0.00943872 0.0015 0.00188018 0.00937532 0.0015 0.00188989 0.00937532 0.0051 0.00188989 0.00931156 0.0015 0.00189746 0.00931156 0.0051 0.00189746 0.00924744 0.0051 0.00190288 0.00924744 0.0015 0.00190288 0.00918297 0.0015 0.00190617 0.00918297 0.0051 0.00190617 0.00911813 0.0051 0.00190731 0.00911813 0.0015 0.00190731 0.00645 0.0015 0.00190731 0.00645 0.0051 0.00190731 0.00670496 0.0051 0.00190731 0.00911813 0.0051 0.00190731 0.00911813 0.0015 0.00190731 0.00645 0.0051 0.00252281 0.00645 0.0051 0.00190731 0.00645 0.0015 0.00190731 0.00645 0.0015 0.00615 0.00645 0.0051 0.00615 0.00252281 0.0051 -0.00645 0.00230651 0.0015 -0.00645 0.00615 0.0015 -0.00645 0.00615 0.0051 -0.00645 0.00230651 0.0051 -0.00645 -0.00252281 0.0051 -0.00645 -0.00615 0.0051 -0.00645 -0.00615 0.0015 -0.00645 -0.00230651 0.0015 -0.00645 -0.00230651 0.0051 -0.00645 -0.00645 0.0051 -0.00252281 -0.00645 0.0015 -0.00190731 -0.00645 0.0015 -0.00615 -0.00645 0.0051 -0.00615 -0.00645 0.0051 -0.00190731 -0.00452547 0.0051 0.0049114 -0.00491082 0.0051 0.00452552 -0.00452711 0.0051 0.00486463 -0.00276826 0.0051 0.00611266 -0.00274818 0.0051 0.006155 -0.00336326 0.0051 0.00584099 -0.00262014 0.0051 0.00634941 -0.00258936 0.0051 0.00638434 -0.00364177 0.0051 0.00584759 -0.00350222 0.0051 0.00585401 -0.00345567 0.0051 0.00585183 -0.00270249 0.0051 0.00623622 -0.00264926 0.0051 0.00631308 -0.00354909 0.0051 0.00585405 -0.00267671 0.0051 0.00627535 -0.00272626 0.0051 0.00619619 -0.00340942 0.0051 0.00584751 -0.00280217 0.0051 0.00602586 -0.0027862 0.0051 0.0060697 -0.00327201 0.0051 0.00582155 -0.0033173 0.0051 0.0058323 -0.00282792 0.0051 0.00593609 -0.00281614 0.0051 0.00598113 -0.00318345 0.0051 0.00579389 -0.00322739 0.0051 0.00580875 -0.00291581 0.0051 0.00580931 -0.00314019 0.0051 0.00577697 -0.00298596 0.0051 0.00577356 -0.0030976 0.0051 0.005758 -0.00283761 0.0051 0.00589045 -0.00284521 0.0051 0.00584421 -0.00434266 0.0051 0.0054323 -0.00615 0.0051 0.00645 -0.00436871 0.0051 0.00539369 -0.00305569 0.0051 0.00573697 -0.00255692 0.0051 0.00641787 -0.003688 0.0051 0.00584111 -0.00359549 0.0051 0.00585191 -0.00252281 0.0051 0.00645 -0.003734 0.0051 0.00583249 -0.00377915 0.0051 0.00582179 -0.00386819 0.0051 0.00579402 -0.00382389 0.0051 0.00580896 -0.00395408 0.0051 0.00575818 -0.00391166 0.0051 0.00577707 -0.00403658 0.0051 0.00571435 -0.00399572 0.0051 0.00573728 -0.00411423 0.0051 0.00566329 -0.00407601 0.0051 0.00568973 -0.00418723 0.0051 0.00560492 -0.00415133 0.0051 0.005635 -0.00425405 0.0051 0.00554038 -0.00422135 0.0051 0.00557346 -0.00431495 0.0051 0.00546955 -0.00428533 0.0051 0.00550565 -0.0044154 0.0051 0.00531287 -0.00439307 0.0051 0.0053537 -0.00445423 0.0051 0.00522828 -0.00443576 0.0051 0.00527111 -0.00449741 0.0051 0.00509545 -0.00448512 0.0051 0.00514031 -0.0051398 0.0051 0.00448525 -0.00447079 0.0051 0.00518444 -0.00452169 0.0051 0.00495781 -0.00495722 0.0051 0.00452174 -0.00451578 0.0051 0.00500385 -0.00504953 0.0051 0.00450774 -0.00500362 0.0051 0.0045158 -0.00452657 0.0051 0.00481806 -0.00486444 0.0051 0.00452713 -0.00481806 0.0051 0.00452657 -0.00452385 0.0051 0.00477168 -0.00477168 0.0051 0.00452385 -0.00462395 0.0051 0.00456827 -0.00456827 0.0051 0.00462395 -0.00472531 0.0051 0.00451897 -0.00451897 0.0051 0.00472531 -0.00451192 0.0051 0.00467895 -0.00645 0.0051 0.00615 -0.00571431 0.0051 0.00403667 -0.00568946 0.0051 0.00407637 -0.00467895 0.0051 0.00451192 -0.00450765 0.0051 0.00504987 -0.00509485 0.0051 0.00449756 -0.00518439 0.0051 0.00447081 -0.00522785 0.0051 0.00445443 -0.00527053 0.0051 0.00443602 -0.00531249 0.0051 0.00441557 -0.00535358 0.0051 0.00439316 -0.00539322 0.0051 0.00436902 -0.0054318 0.0051 0.00434301 -0.00546932 0.0051 0.0043151 -0.00550543 0.0051 0.00428555 -0.00553993 0.0051 0.00425448 -0.00557307 0.0051 0.00422173 -0.00560485 0.0051 0.0041873 -0.00563473 0.0051 0.00415169 -0.00566292 0.0051 0.00411474 -0.00575791 0.0051 0.00395464 -0.00573704 0.0051 0.00399621 -0.00579394 0.0051 0.00386846 -0.00577693 0.0051 0.00391195 -0.00582163 0.0051 0.0037797 -0.00580879 0.0051 0.00382447 -0.0062751 0.0051 0.00267689 -0.00585406 0.0051 0.00354914 -0.00631283 0.0051 0.00264944 -0.00634941 0.0051 0.00262014 -0.00584752 0.0051 0.0036424 -0.00638434 0.0051 0.00258936 -0.00619592 0.0051 0.0027264 -0.00615473 0.0051 0.00274832 -0.00584753 0.0051 0.00340977 -0.00585405 0.0051 0.00350274 -0.00623622 0.0051 0.00270249 -0.00585187 0.0051 0.00345629 -0.00611266 0.0051 0.00276826 -0.00606941 0.0051 0.00278631 -0.00583243 0.0051 0.00331788 -0.00584104 0.0051 0.00336349 -0.00602557 0.0051 0.00280227 -0.00598113 0.0051 0.00281614 -0.00580879 0.0051 0.00322758 -0.00582168 0.0051 0.00327257 -0.00579389 0.0051 0.00318345 -0.00584421 0.0051 0.00284521 -0.00580931 0.0051 0.00291581 -0.00589045 0.0051 0.00283761 -0.00593609 0.0051 0.00282792 -0.00577697 0.0051 0.00314019 -0.00577356 0.0051 0.00298596 -0.005758 0.0051 0.0030976 -0.00573697 0.0051 0.00305569 -0.00585185 0.0051 0.00359596 -0.00584106 0.0051 0.00368841 -0.00641787 0.0051 0.00255692 -0.00645 0.0051 0.00252281 -0.00583244 0.0051 0.00373414 -0.00644897 0.0051 0.00617484 -0.00644083 0.0051 0.00622357 -0.00644591 0.0051 0.00619937 -0.00642476 0.0051 0.00627044 -0.00643375 0.0051 0.00624739 -0.00640118 0.0051 0.00631402 -0.00641386 0.0051 0.00629276 -0.00637076 0.0051 0.00635313 -0.00638677 0.0051 0.00633423 -0.00633431 0.0051 0.0063867 -0.00635322 0.0051 0.00637068 -0.00631413 0.0051 0.00640112 -0.00627056 0.0051 0.00642471 -0.00629282 0.0051 0.00641382 -0.00622371 0.0051 0.0064408 -0.00624744 0.0051 0.00643373 -0.00617484 0.0051 0.00644897 -0.0061994 0.0051 0.0064459 0.00911813 0.0015 -0.00190731 0.00878996 0.0015 -0.00136849 0.00884377 0.0015 -0.0013803 -0.00615 0.0015 0.00645 -0.00622371 0.0015 0.0064408 -0.0061994 0.0015 0.0064459 0.00922895 0.0015 0.00140292 0.00917372 0.0015 0.00140618 0.00931156 0.0015 0.00189746 -0.00617484 0.0015 0.00644897 0.00918297 0.0015 0.00190617 0.00924744 0.0015 0.00190288 0.00928382 0.0015 0.00139751 0.00937532 0.0015 0.00188989 -0.00624744 0.0015 0.00643373 -0.00627056 0.0015 0.00642471 0.00962679 0.0015 0.00183819 0.00933834 0.0015 0.00138998 0.00956446 0.0015 0.00185433 0.00950177 0.0015 0.00186832 0.00943872 0.0015 0.00188018 -0.00629282 0.0015 0.00641382 -0.00631413 0.0015 0.00640112 0.0094463 0.0015 0.00136849 0.0093925 0.0015 0.0013803 0.00975019 0.0015 0.00179954 0.00968876 0.0015 0.00181991 -0.00633431 0.0015 0.0063867 -0.00635322 0.0015 0.00637068 0.00949975 0.0015 0.00135455 0.00986981 0.0015 0.00175292 0.00992856 0.0015 0.00172652 0.00981035 0.0015 0.00177725 -0.00637076 0.0015 0.00635313 -0.000544495 0.0015 0.00682817 -0.00042413 0.0015 0.00683668 0.000780313 0.0015 0.00680523 0.00960509 0.0015 0.00132037 0.0099866 0.0015 0.00169808 0.0100437 0.0015 0.0016677 0.00955284 0.0015 0.00133847 -0.000664498 0.0015 0.00681758 0.000900362 0.0015 0.00679039 0.00965637 0.0015 0.0013003 0.0101538 0.0015 0.00160162 0.00970694 0.0015 0.00127818 0.0100992 0.0015 0.00163561 -0.00102233 0.0015 0.00677327 0.00102041 0.0015 0.00677343 0.00114046 0.0015 0.00675436 0.00161148 0.0015 0.00665765 -0.00137691 0.0015 0.00671016 0.00149438 0.0015 0.00668495 0.0102597 0.0015 0.0015279 0.0103108 0.0015 0.0014884 0.00980569 0.0015 0.00122792 0.00975681 0.0015 0.00125401 0.0102073 0.0015 0.00156571 0.00196063 0.0015 0.00656322 -0.00184461 0.0015 0.00659679 -0.00172823 0.0015 0.00662826 0.00230651 0.0015 0.00645 0.00645 0.0015 0.00190731 -0.00230651 0.0015 0.00645 0.0103602 0.0015 0.00144743 0.0104083 0.0015 0.00140474 0.00989964 0.0015 0.00117034 0.00985318 0.0015 0.00120008 0.00635313 0.0015 0.00637076 0.00637068 0.0015 0.00635322 0.00615 0.0015 0.00645 0.0105004 0.0015 0.00131423 0.0100319 0.0015 0.0010703 0.00998936 0.0015 0.00110521 0.010455 0.0015 0.00136034 0.00994507 0.0015 0.00113869 0.0105858 0.0015 0.00121805 0.010113 0.0015 0.000995341 0.0100731 0.0015 0.00103367 0.010544 0.0015 0.00126675 0.0107016 0.0015 0.00106314 0.0101515 0.0015 0.000955301 0.0106646 0.0015 0.00111625 0.010626 0.0015 0.00116788 0.0102564 0.0015 0.000827482 0.0102231 0.0015 0.000871546 0.0107697 0.0015 0.000954015 0.0101881 0.0015 0.000914144 0.0107367 0.0015 0.00100905 0.0103458 0.0015 0.000687949 0.010318 0.0015 0.000735469 0.0108303 0.0015 0.000840377 0.0108009 0.0015 0.00089779 0.0102882 0.0015 0.000781952 0.0103961 0.0015 0.000589356 0.0103718 0.0015 0.000639244 0.0108832 0.0015 0.000722643 0.0108578 0.0015 0.000781777 0.0104383 0.0015 0.000487402 0.0109279 0.0015 0.000602143 0.0109472 0.0015 0.000540585 0.0109065 0.0015 0.000662829 0.0104183 0.0015 0.000538674 0.0104725 0.0015 0.000382247 0.0109796 0.0015 0.000415671 0.0104865 0.0015 0.000328607 0.0109645 0.0015 0.000478154 0.0104564 0.0015 0.000435259 0.0110033 0.0015 0.000289358 0.011012 0.0015 0.000225402 0.010508 0.0015 0.000220548 0.0109925 0.0015 0.000352781 0.0104983 0.0015 0.000274843 0.0110186 0.0015 0.000160913 0.011023 0.0015 9.68703e-05 0.0105211 0.0015 0.000110443 0.0105156 0.0015 0.000165721 0.0110251 0.0015 -3.16637e-05 0.0105243 0.0015 -5.48952e-05 0.0105254 0.0015 3.96255e-07 0.0110251 0.0015 3.2693e-05 0.0105243 0.0015 5.55089e-05 0.0105211 0.0015 -0.000110365 0.0110186 0.0015 -0.000160868 0.0105157 0.0015 -0.000165198 0.011023 0.0015 -9.61997e-05 0.00911813 0.0015 0.00140731 0.00911813 0.0015 0.00190731 0.0110122 0.0015 -0.000224687 0.0105082 0.0015 -0.000219774 0.0104726 0.0015 -0.000381839 0.0109797 0.0015 -0.000415067 0.0109646 0.0015 -0.000478028 0.0104866 0.0015 -0.00032839 0.0109927 0.0015 -0.000351787 0.0104386 0.0015 -0.000486709 0.0109282 0.0015 -0.000601142 0.0104184 0.0015 -0.000538346 0.0104567 0.0015 -0.00043454 0.0109474 0.0015 -0.000539851 0.0108579 0.0015 -0.000781585 0.0103722 0.0015 -0.00063861 0.0108834 0.0015 -0.000722124 0.0109069 0.0015 -0.000661899 0.0103962 0.0015 -0.000589077 0.0102568 0.0015 -0.000826957 0.0107701 0.0015 -0.000953175 0.0107369 0.0015 -0.00100863 0.0103182 0.0015 -0.000735067 0.0108014 0.0015 -0.000896851 0.0102883 0.0015 -0.000781805 0.0100737 0.0015 -0.00103314 0.0105864 0.0015 -0.00121732 0.0105443 0.0015 -0.00126642 0.0101516 0.0015 -0.000955274 0.0106652 0.0015 -0.00111556 0.0106267 0.0015 -0.00116704 0.0103111 0.0015 -0.00148817 0.00980591 0.0015 -0.00122778 0.00985376 0.0015 -0.0011997 0.00994549 0.0015 -0.00113842 0.00998944 0.0015 -0.00110513 0.0104556 0.0015 -0.00135973 0.00960544 0.0015 -0.00132022 0.00965705 0.0015 -0.0013 0.0100439 0.0015 -0.00166755 0.010208 0.0015 -0.0015652 0.00975718 0.0015 -0.00125385 0.0102601 0.0015 -0.00152766 0.00939297 0.0015 -0.00138018 0.00968933 0.0015 -0.00181977 0.00962775 0.0015 -0.00183795 0.00950043 0.0015 -0.00135438 0.00987078 0.0015 -0.00175249 0.00981108 0.0015 -0.00177693 0.00931156 0.0015 -0.00189746 0.00924744 0.0015 -0.00190288 0.00917372 0.0015 -0.00140618 0.00928382 0.0015 -0.00139751 0.00956548 0.0015 -0.00185407 0.0095025 0.0015 -0.00186814 0.00868343 0.0015 -0.00133847 0.00873652 0.0015 -0.00135455 0.00906255 0.0015 -0.00140618 0.00900732 0.0015 -0.00140292 0.00645 0.0015 -0.00190731 0.0082912 0.0015 -0.00113869 0.00833663 0.0015 -0.00117034 0.00838308 0.0015 -0.00120008 0.00843057 0.0015 -0.00122792 0.00847946 0.0015 -0.00125401 0.00852933 0.0015 -0.00127818 0.00824691 0.0015 -0.00110521 0.00820437 0.0015 -0.0010703 0.0085799 0.0015 -0.0013003 0.00863117 0.0015 -0.00132037 0.00911813 0.0015 -0.00140731 0.00918297 0.0015 -0.00190617 0.00889793 0.0015 -0.00138998 0.00895245 0.0015 -0.00139751 0.00922895 0.0015 -0.00140292 0.00937532 0.0015 -0.00188989 0.00943881 0.0015 -0.00188015 0.00944705 0.0015 -0.0013683 0.00975035 0.0015 -0.00179947 0.00933834 0.0015 -0.00138998 0.0101547 0.0015 -0.00160103 0.0100999 0.0015 -0.00163515 0.00955311 0.0015 -0.0013384 0.00998708 0.0015 -0.00169787 0.00970763 0.0015 -0.00127788 0.00990029 0.0015 -0.00116991 0.010409 0.0015 -0.00140401 0.0103609 0.0015 -0.00144683 0.0100324 0.0015 -0.00106987 0.0105006 0.0015 -0.00131397 0.0107018 0.0015 -0.0010629 0.0101884 0.0015 -0.000913707 0.0101134 0.0015 -0.000994939 0.0102235 0.0015 -0.000870924 0.0103462 0.0015 -0.000687273 0.0108307 0.0015 -0.000839654 0.00786407 0.0015 0.00063861 0.00784004 0.0015 0.000589077 0.00900732 0.0015 0.00140292 0.00906255 0.0015 0.00140618 0.0061994 0.0015 -0.0064459 0.00617484 0.0015 -0.00644897 0.00615 0.0015 -0.00645 0.00622371 0.0015 -0.0064408 0.00624744 0.0015 -0.00643373 0.00629282 0.0015 -0.00641382 0.00627056 0.0015 -0.00642471 0.00633431 0.0015 -0.0063867 0.00631413 0.0015 -0.00640112 0.00635322 0.0015 -0.00637068 0.00637076 0.0015 -0.00635313 0.00640118 0.0015 -0.00631402 0.00638677 0.0015 -0.00633423 0.00642476 0.0015 -0.00627044 0.00641386 0.0015 -0.00629276 0.00643375 0.0015 -0.00624739 0.00644591 0.0015 -0.00619937 0.00644083 0.0015 -0.00622357 0.00645 0.0015 -0.00615 0.00644897 0.0015 -0.00617484 0.00230651 0.0015 -0.00645 0.000182313 0.0015 -0.00684742 -0.000180072 0.0015 -0.00684762 -0.000300121 0.0015 -0.00684338 6.08616e-05 0.0015 -0.00684966 -6.00241e-05 0.0015 -0.00684974 -0.000420169 0.0015 -0.00683702 -0.000540217 0.0015 -0.00682854 0.000303403 0.0015 -0.00684309 -0.000660265 0.0015 -0.00681794 0.00042413 0.0015 -0.00683668 0.000544495 0.0015 -0.00682817 -0.000780313 0.0015 -0.00680523 -0.000900362 0.0015 -0.00679039 0.000664498 0.0015 -0.00681758 0.000903417 0.0015 -0.00679013 0.000784139 0.0015 -0.0068049 -0.00102041 0.0015 -0.00677343 0.00102233 0.0015 -0.00677327 -0.00114046 0.0015 -0.00675436 0.00114089 0.0015 -0.00675432 -0.00125908 0.0015 -0.00673329 -0.00137691 0.0015 -0.00671016 -0.00149438 0.0015 -0.00668495 0.00125908 0.0015 -0.00673329 -0.00161148 0.0015 -0.00665765 0.00137691 0.0015 -0.00671016 0.00149438 0.0015 -0.00668495 -0.00172823 0.0015 -0.00662826 -0.00184461 0.0015 -0.00659679 0.00161148 0.0015 -0.00665765 -0.00196063 0.0015 -0.00656322 0.00172823 0.0015 -0.00662826 0.00184461 0.0015 -0.00659679 -0.00207628 0.0015 -0.00652757 -0.00219158 0.0015 -0.00648983 0.00196063 0.0015 -0.00656322 0.00207628 0.0015 -0.00652757 0.00219158 0.0015 -0.00648983 -0.00230651 0.0015 -0.00645 -0.00644897 0.0015 -0.00617484 -0.00615 0.0015 -0.00645 -0.0064459 0.0015 -0.0061994 -0.00645 0.0015 -0.00190731 -0.00622357 0.0015 -0.00644083 -0.00624739 0.0015 -0.00643375 -0.00617484 0.0015 -0.00644897 -0.00619937 0.0015 -0.00644591 -0.00627044 0.0015 -0.00642476 -0.00631402 0.0015 -0.00640118 -0.00629276 0.0015 -0.00641386 -0.00635313 0.0015 -0.00637076 -0.00633423 0.0015 -0.00638677 -0.00637068 0.0015 -0.00635322 -0.0063867 0.0015 -0.00633431 -0.00640112 0.0015 -0.00631413 -0.00641382 0.0015 -0.00629282 -0.00642471 0.0015 -0.00627056 -0.00643373 0.0015 -0.00624744 -0.0064408 0.0015 -0.00622371 -0.00645 0.0015 -0.00615 -0.00960509 0.0015 -0.00132037 -0.00955284 0.0015 -0.00133847 -0.0099866 0.0015 -0.00169808 -0.00645 0.0015 0.00190731 -0.0100437 0.0015 -0.0016677 -0.00965637 0.0015 -0.0013003 -0.0101538 0.0015 -0.00160162 -0.00970694 0.0015 -0.00127818 -0.0100992 0.0015 -0.00163561 -0.00975681 0.0015 -0.00125401 -0.0102073 0.0015 -0.00156571 -0.0102597 0.0015 -0.0015279 -0.00985318 0.0015 -0.00120008 -0.00980569 0.0015 -0.00122792 -0.0103108 0.0015 -0.0014884 -0.0104083 0.0015 -0.00140474 -0.00989964 0.0015 -0.00117034 -0.0103602 0.0015 -0.00144743 -0.010455 0.0015 -0.00136034 -0.00998936 0.0015 -0.00110521 -0.00994507 0.0015 -0.00113869 -0.010544 0.0015 -0.00126675 -0.0100731 0.0015 -0.00103367 -0.0100319 0.0015 -0.0010703 -0.0105004 0.0015 -0.00131423 -0.0105858 0.0015 -0.00121805 -0.010626 0.0015 -0.00116788 -0.010113 0.0015 -0.000995341 -0.0107016 0.0015 -0.00106314 -0.0101881 0.0015 -0.000914144 -0.0101515 0.0015 -0.000955301 -0.0106646 0.0015 -0.00111625 -0.0107697 0.0015 -0.000954015 -0.0102564 0.0015 -0.000827482 -0.0102231 0.0015 -0.000871546 -0.0107367 0.0015 -0.00100905 -0.0102882 0.0015 -0.000781952 -0.0108009 0.0015 -0.00089779 -0.0103458 0.0015 -0.000687949 -0.0108303 0.0015 -0.000840377 -0.0108578 0.0015 -0.000781777 -0.010318 0.0015 -0.000735469 -0.0103961 0.0015 -0.000589356 -0.0109065 0.0015 -0.000662829 -0.0104183 0.0015 -0.000538674 -0.0108832 0.0015 -0.000722643 -0.0103718 0.0015 -0.000639244 -0.0104383 0.0015 -0.000487402 -0.0109472 0.0015 -0.000540585 -0.0104564 0.0015 -0.000435259 -0.0109279 0.0015 -0.000602143 -0.0104865 0.0015 -0.000328607 -0.0109796 0.0015 -0.000415671 -0.0109925 0.0015 -0.000352781 -0.0109645 0.0015 -0.000478154 -0.0104725 0.0015 -0.000382247 -0.010508 0.0015 -0.000220548 -0.0104983 0.0015 -0.000274843 -0.0110033 0.0015 -0.000289358 -0.0105156 0.0015 -0.000165721 -0.0110186 0.0015 -0.000160913 -0.0105211 0.0015 -0.000110443 -0.011012 0.0015 -0.000225402 -0.0105254 0.0015 -3.96255e-07 -0.0105243 0.0015 -5.55089e-05 -0.0110251 0.0015 -3.2693e-05 -0.011023 0.0015 -9.68703e-05 -0.011023 0.0015 9.61997e-05 -0.0105211 0.0015 0.000110365 -0.0105243 0.0015 5.48952e-05 -0.0110251 0.0015 3.16637e-05 -0.0110122 0.0015 0.000224687 -0.0105157 0.0015 0.000165198 -0.0110186 0.0015 0.000160868 -0.0110035 0.0015 0.000288326 -0.0109927 0.0015 0.000351787 -0.0104984 0.0015 0.000274171 -0.0105082 0.0015 0.000219774 -0.0109797 0.0015 0.000415067 -0.0104866 0.0015 0.00032839 -0.0104567 0.0015 0.00043454 -0.0109646 0.0015 0.000478028 -0.0109474 0.0015 0.000539851 -0.0104726 0.0015 0.000381839 -0.0109282 0.0015 0.000601142 -0.0104184 0.0015 0.000538346 -0.0104386 0.0015 0.000486709 -0.0103722 0.0015 0.00063861 -0.0103962 0.0015 0.000589077 -0.0108834 0.0015 0.000722124 -0.0109069 0.0015 0.000661899 -0.0102568 0.0015 0.000826957 -0.0107701 0.0015 0.000953175 -0.0107369 0.0015 0.00100863 -0.0103182 0.0015 0.000735067 -0.0108014 0.0015 0.000896851 -0.0102883 0.0015 0.000781805 -0.0105864 0.0015 0.00121732 -0.0105443 0.0015 0.00126642 -0.0100737 0.0015 0.00103314 -0.0101516 0.0015 0.000955274 -0.0106652 0.0015 0.00111556 -0.0106267 0.0015 0.00116704 -0.00980591 0.0015 0.00122778 -0.00985376 0.0015 0.0011997 -0.0103111 0.0015 0.00148817 -0.0104556 0.0015 0.00135973 -0.00994549 0.0015 0.00113842 -0.00998944 0.0015 0.00110513 -0.0100439 0.0015 0.00166755 -0.00960544 0.0015 0.00132022 -0.00965705 0.0015 0.0013 -0.0102601 0.0015 0.00152766 -0.010208 0.0015 0.0015652 -0.00975718 0.0015 0.00125385 -0.00950043 0.0015 0.00135438 -0.00981108 0.0015 0.00177693 -0.00944705 0.0015 0.0013683 -0.00955311 0.0015 0.0013384 -0.00992945 0.0015 0.00172613 -0.00962775 0.0015 0.00183795 -0.00933834 0.0015 0.00138998 -0.00939297 0.0015 0.00138018 -0.00975035 0.0015 0.00179947 -0.00922895 0.0015 0.00140292 -0.00943881 0.0015 0.00188015 -0.00937532 0.0015 0.00188989 -0.00928382 0.0015 0.00139751 -0.00956548 0.0015 0.00185407 -0.0095025 0.0015 0.00186814 -0.00918297 0.0015 0.00190617 -0.00911813 0.0015 0.00140731 -0.00917372 0.0015 0.00140618 -0.00924744 0.0015 0.00190288 -0.00931156 0.0015 0.00189746 -0.00911813 0.0015 0.00190731 -0.00968933 0.0015 0.00181977 -0.00987078 0.0015 0.00175249 -0.00998708 0.0015 0.00169787 -0.0101547 0.0015 0.00160103 -0.0100999 0.0015 0.00163515 -0.00970763 0.0015 0.00127788 -0.010409 0.0015 0.00140401 -0.00990029 0.0015 0.00116991 -0.0103609 0.0015 0.00144683 -0.0100324 0.0015 0.00106987 -0.0105006 0.0015 0.00131397 -0.0101884 0.0015 0.000913707 -0.0107018 0.0015 0.0010629 -0.0101134 0.0015 0.000994939 -0.0102235 0.0015 0.000870924 -0.0108579 0.0015 0.000781585 -0.0103462 0.0015 0.000687273 -0.00949975 0.0015 -0.00135455 -0.00981035 0.0015 -0.00177725 -0.00986981 0.0015 -0.00175292 -0.00645 0.0015 0.00615 -0.00640118 0.0015 0.00631402 -0.00638677 0.0015 0.00633423 -0.00642476 0.0015 0.00627044 -0.00641386 0.0015 0.00629276 -0.00643375 0.0015 0.00624739 -0.00644083 0.0015 0.00622357 -0.00644897 0.0015 0.00617484 -0.00644591 0.0015 0.00619937 -0.000182313 0.0015 0.00684742 0.000180072 0.0015 0.00684762 0.000300121 0.0015 0.00684338 0.000420169 0.0015 0.00683702 -6.08616e-05 0.0015 0.00684966 0.000540217 0.0015 0.00682854 6.00241e-05 0.0015 0.00684974 0.000660265 0.0015 0.00681794 -0.000303403 0.0015 0.00684309 -0.000784139 0.0015 0.0068049 -0.000903417 0.0015 0.00679013 -0.00114089 0.0015 0.00675432 0.00137691 0.0015 0.00671016 0.00125908 0.0015 0.00673329 -0.00125908 0.0015 0.00673329 -0.00149438 0.0015 0.00668495 -0.00161148 0.0015 0.00665765 0.00172823 0.0015 0.00662826 0.00184461 0.0015 0.00659679 0.00207628 0.0015 0.00652757 -0.00196063 0.0015 0.00656322 0.00219158 0.0015 0.00648983 -0.00219158 0.0015 0.00648983 -0.00207628 0.0015 0.00652757 0.00633423 0.0015 0.00638677 0.00619937 0.0015 0.00644591 0.00622357 0.0015 0.00644083 0.00617484 0.0015 0.00644897 0.00624739 0.0015 0.00643375 0.00627044 0.0015 0.00642476 0.00629276 0.0015 0.00641386 0.00631402 0.0015 0.00640118 0.0063867 0.0015 0.00633431 0.00640112 0.0015 0.00631413 0.00641382 0.0015 0.00629282 0.00643373 0.0015 0.00624744 0.00642471 0.0015 0.00627056 0.0064408 0.0015 0.00622371 0.0064459 0.0015 0.0061994 0.00644897 0.0015 0.00617484 0.00645 0.0015 0.00615 -0.00900732 0.0015 -0.00140292 -0.00895245 0.0015 -0.00139751 -0.00911813 0.0015 -0.00190731 -0.0108307 0.0015 0.000839654 -0.00924744 0.0015 -0.00190288 -0.00917372 0.0015 -0.00140618 -0.00918297 0.0015 -0.00190617 -0.00992856 0.0015 -0.00172652 -0.0094463 0.0015 -0.00136849 -0.00975019 0.0015 -0.00179954 -0.00968876 0.0015 -0.00181991 -0.0093925 0.0015 -0.0013803 -0.00933834 0.0015 -0.00138998 -0.00962679 0.0015 -0.00183819 -0.00950177 0.0015 -0.00186832 -0.00956446 0.0015 -0.00185433 -0.00928382 0.0015 -0.00139751 -0.00943872 0.0015 -0.00188018 -0.00937532 0.0015 -0.00188989 -0.00922895 0.0015 -0.00140292 -0.00931156 0.0015 -0.00189746 -0.00911813 0.0015 -0.00140731 -0.00906255 0.0015 -0.00140618 -0.00786407 0.0015 -0.00063861 -0.00784004 0.0015 -0.000589077 -0.00889793 0.0015 -0.00138998 -0.0088433 0.0015 -0.00138018 -0.00878921 0.0015 -0.0013683 -0.00873583 0.0015 -0.00135438 -0.00868315 0.0015 -0.0013384 -0.00863083 0.0015 -0.00132022 -0.00857922 0.0015 -0.0013 -0.00847909 0.0015 -0.00125385 -0.00852864 0.0015 -0.00127788 -0.0083825 0.0015 -0.0011997 -0.00843036 0.0015 -0.00122778 -0.00829077 0.0015 -0.00113842 -0.00833597 0.0015 -0.00116991 -0.0082039 0.0015 -0.00106987 -0.00824682 0.0015 -0.00110513 -0.00812284 0.0015 -0.000994939 -0.00816258 0.0015 -0.00103314 -0.00804782 0.0015 -0.000913707 -0.0080847 0.0015 -0.000955274 -0.00797943 0.0015 -0.000826957 -0.00801272 0.0015 -0.000870924 -0.00791808 0.0015 -0.000735067 -0.00794796 0.0015 -0.000781805 -0.00789009 0.0015 -0.000687273 -0.00781789 0.0015 -0.000538346 -0.0077977 0.0015 -0.000486709 -0.00777961 0.0015 -0.00043454 -0.00776362 0.0015 -0.000381839 -0.00774969 0.0015 -0.00032839 -0.00773782 0.0015 -0.000274171 -0.00772811 0.0015 -0.000219774 -0.00772056 0.0015 -0.000165198 -0.00771516 0.0015 -0.000110365 -0.00771192 0.0015 -5.48952e-05 -0.00771085 0.0015 3.96255e-07 -0.00771516 0.0015 0.000110443 -0.00771192 0.0015 5.55089e-05 -0.00772824 0.0015 0.000220548 -0.00772064 0.0015 0.000165721 -0.00774972 0.0015 0.000328607 -0.00773793 0.0015 0.000274843 -0.00777985 0.0015 0.000435259 -0.00776376 0.0015 0.000382247 -0.007818 0.0015 0.000538674 -0.00779793 0.0015 0.000487402 -0.00786442 0.0015 0.000639244 -0.00784019 0.0015 0.000589356 -0.0079183 0.0015 0.000735469 -0.00789045 0.0015 0.000687949 -0.00797984 0.0015 0.000827482 -0.00794807 0.0015 0.000781952 -0.00820437 0.0015 0.0010703 -0.00824691 0.0015 0.00110521 -0.00804816 0.0015 0.000914144 -0.0080132 0.0015 0.000871546 -0.00812328 0.0015 0.000995341 -0.00808473 0.0015 0.000955301 -0.00816316 0.0015 0.00103367 -0.0082912 0.0015 0.00113869 -0.00833663 0.0015 0.00117034 -0.00838308 0.0015 0.00120008 -0.00843057 0.0015 0.00122792 -0.00847946 0.0015 0.00125401 -0.00852933 0.0015 0.00127818 -0.0085799 0.0015 0.0013003 -0.00868343 0.0015 0.00133847 -0.00863117 0.0015 0.00132037 -0.00878996 0.0015 0.00136849 -0.00873652 0.0015 0.00135455 -0.00889793 0.0015 0.00138998 -0.00884377 0.0015 0.0013803 -0.00900732 0.0015 0.00140292 -0.00895245 0.0015 0.00139751 -0.00906255 0.0015 0.00140618 0.0110035 0.0015 -0.000288326 0.0104984 0.0015 -0.000274171 0.00895245 0.0015 0.00139751 0.00889793 0.0015 0.00138998 0.0088433 0.0015 0.00138018 0.00878921 0.0015 0.0013683 0.00873583 0.0015 0.00135438 0.00868315 0.0015 0.0013384 0.00863083 0.0015 0.00132022 0.00857922 0.0015 0.0013 0.00852864 0.0015 0.00127788 0.00843036 0.0015 0.00122778 0.00847909 0.0015 0.00125385 0.00833597 0.0015 0.00116991 0.0083825 0.0015 0.0011997 0.00824682 0.0015 0.00110513 0.00829077 0.0015 0.00113842 0.00816258 0.0015 0.00103314 0.0082039 0.0015 0.00106987 0.0080847 0.0015 0.000955274 0.00812284 0.0015 0.000994939 0.00801272 0.0015 0.000870924 0.00804782 0.0015 0.000913707 0.00794796 0.0015 0.000781805 0.00797943 0.0015 0.000826957 0.00789009 0.0015 0.000687273 0.00791808 0.0015 0.000735067 0.00781789 0.0015 0.000538346 0.0077977 0.0015 0.000486709 0.00777961 0.0015 0.00043454 0.00776362 0.0015 0.000381839 0.00774969 0.0015 0.00032839 0.00773782 0.0015 0.000274171 0.00772811 0.0015 0.000219774 0.00772056 0.0015 0.000165198 0.00771516 0.0015 0.000110365 0.00771192 0.0015 5.48952e-05 0.00771085 0.0015 -3.96255e-07 0.00771516 0.0015 -0.000110443 0.00771192 0.0015 -5.55089e-05 0.00772824 0.0015 -0.000220548 0.00772064 0.0015 -0.000165721 0.00774972 0.0015 -0.000328607 0.00773793 0.0015 -0.000274843 0.00777985 0.0015 -0.000435259 0.00776376 0.0015 -0.000382247 0.007818 0.0015 -0.000538674 0.00779793 0.0015 -0.000487402 0.00786442 0.0015 -0.000639244 0.00784019 0.0015 -0.000589356 0.0079183 0.0015 -0.000735469 0.00789045 0.0015 -0.000687949 0.00797984 0.0015 -0.000827482 0.00794807 0.0015 -0.000781952 0.00804816 0.0015 -0.000914144 0.0080132 0.0015 -0.000871546 0.00812328 0.0015 -0.000995341 0.00808473 0.0015 -0.000955301 0.00816316 0.0015 -0.00103367 0.00992945 0.0015 -0.00172613 -0.00670496 0.0051 -0.00190731 -0.00911813 0.0051 -0.00190731 -0.00911813 0.0015 -0.00190731 -0.00645 0.0015 -0.00190731 -0.00645 0.0051 -0.00190731 -0.00911813 0.0015 0.00190731 -0.00911813 0.0051 0.00190731 -0.00670496 0.0051 0.00190731 -0.00645 0.0051 0.00190731 -0.00645 0.0015 0.00190731 -0.0110251 0.0051 3.16637e-05 -0.0110251 0.0015 3.16637e-05 -0.0110251 0.0051 -3.2693e-05 -0.011023 0.0015 9.61997e-05 -0.011023 0.0051 9.61997e-05 -0.0110186 0.0051 0.000160868 -0.0110186 0.0015 0.000160868 -0.0110122 0.0051 0.000224687 -0.0110122 0.0015 0.000224687 -0.0110035 0.0015 0.000288326 -0.0110035 0.0051 0.000288326 -0.0109927 0.0051 0.000351787 -0.0109927 0.0015 0.000351787 -0.0109797 0.0051 0.000415067 -0.0109797 0.0015 0.000415067 -0.0109646 0.0015 0.000478028 -0.0109646 0.0051 0.000478028 -0.0109474 0.0051 0.000539851 -0.0109474 0.0015 0.000539851 -0.0109282 0.0051 0.000601142 -0.0109282 0.0015 0.000601142 -0.0109069 0.0015 0.000661899 -0.0109069 0.0051 0.000661899 -0.0108834 0.0051 0.000722124 -0.0108834 0.0015 0.000722124 -0.0108579 0.0051 0.000781585 -0.0108579 0.0015 0.000781585 -0.0108307 0.0015 0.000839654 -0.0108307 0.0051 0.000839654 -0.0108014 0.0051 0.000896851 -0.0108014 0.0015 0.000896851 -0.0107701 0.0051 0.000953175 -0.0107701 0.0015 0.000953175 -0.0107369 0.0015 0.00100863 -0.0107369 0.0051 0.00100863 -0.0107018 0.0051 0.0010629 -0.0107018 0.0015 0.0010629 -0.0106652 0.0051 0.00111556 -0.0106652 0.0015 0.00111556 -0.0106267 0.0015 0.00116704 -0.0106267 0.0051 0.00116704 -0.0105864 0.0051 0.00121732 -0.0105864 0.0015 0.00121732 -0.0105443 0.0051 0.00126642 -0.0105443 0.0015 0.00126642 -0.0105006 0.0015 0.00131397 -0.0105006 0.0051 0.00131397 -0.0104556 0.0051 0.00135973 -0.0104556 0.0015 0.00135973 -0.010409 0.0051 0.00140401 -0.010409 0.0015 0.00140401 -0.0103609 0.0015 0.00144683 -0.0103609 0.0051 0.00144683 -0.0103111 0.0051 0.00148817 -0.0103111 0.0015 0.00148817 -0.0102601 0.0051 0.00152766 -0.0102601 0.0015 0.00152766 -0.010208 0.0015 0.0015652 -0.010208 0.0051 0.0015652 -0.0101547 0.0051 0.00160103 -0.0101547 0.0015 0.00160103 -0.0100999 0.0051 0.00163515 -0.0100999 0.0015 0.00163515 -0.0100439 0.0015 0.00166755 -0.0100439 0.0051 0.00166755 -0.00998708 0.0051 0.00169787 -0.00998708 0.0015 0.00169787 -0.00992945 0.0051 0.00172613 -0.00992945 0.0015 0.00172613 -0.00987078 0.0015 0.00175249 -0.00987078 0.0051 0.00175249 -0.00981108 0.0051 0.00177693 -0.00981108 0.0015 0.00177693 -0.00975035 0.0051 0.00179947 -0.00975035 0.0015 0.00179947 -0.00968933 0.0015 0.00181977 -0.00968933 0.0051 0.00181977 -0.00962775 0.0051 0.00183795 -0.00962775 0.0015 0.00183795 -0.00956548 0.0051 0.00185407 -0.00956548 0.0015 0.00185407 -0.0095025 0.0015 0.00186814 -0.0095025 0.0051 0.00186814 -0.00943881 0.0051 0.00188015 -0.00943881 0.0015 0.00188015 -0.00937532 0.0051 0.00188989 -0.00937532 0.0015 0.00188989 -0.00931156 0.0015 0.00189746 -0.00931156 0.0051 0.00189746 -0.00924744 0.0051 0.00190288 -0.00924744 0.0015 0.00190288 -0.00918297 0.0051 0.00190617 -0.00918297 0.0015 0.00190617 -0.00911813 0.0015 0.00190731 -0.00911813 0.0051 0.00190731 -0.0110251 0.0015 -3.2693e-05 -0.011023 0.0015 -9.68703e-05 -0.011023 0.0051 -9.68703e-05 -0.0110186 0.0051 -0.000160913 -0.0110186 0.0015 -0.000160913 -0.011012 0.0015 -0.000225402 -0.011012 0.0051 -0.000225402 -0.0110033 0.0015 -0.000289358 -0.0110033 0.0051 -0.000289358 -0.0109925 0.0051 -0.000352781 -0.0109925 0.0015 -0.000352781 -0.0109796 0.0015 -0.000415671 -0.0109796 0.0051 -0.000415671 -0.0109645 0.0015 -0.000478154 -0.0109645 0.0051 -0.000478154 -0.0109472 0.0051 -0.000540585 -0.0109472 0.0015 -0.000540585 -0.0109279 0.0015 -0.000602143 -0.0109279 0.0051 -0.000602143 -0.0109065 0.0015 -0.000662829 -0.0109065 0.0051 -0.000662829 -0.0108832 0.0051 -0.000722643 -0.0108832 0.0015 -0.000722643 -0.0108578 0.0015 -0.000781777 -0.0108578 0.0051 -0.000781777 -0.0108303 0.0015 -0.000840377 -0.0108303 0.0051 -0.000840377 -0.0108009 0.0051 -0.00089779 -0.0108009 0.0015 -0.00089779 -0.0107697 0.0015 -0.000954015 -0.0107697 0.0051 -0.000954015 -0.0107367 0.0015 -0.00100905 -0.0107367 0.0051 -0.00100905 -0.0107016 0.0051 -0.00106314 -0.0107016 0.0015 -0.00106314 -0.0106646 0.0015 -0.00111625 -0.0106646 0.0051 -0.00111625 -0.010626 0.0015 -0.00116788 -0.010626 0.0051 -0.00116788 -0.0105858 0.0051 -0.00121805 -0.0105858 0.0015 -0.00121805 -0.010544 0.0015 -0.00126675 -0.010544 0.0051 -0.00126675 -0.0105004 0.0015 -0.00131423 -0.0105004 0.0051 -0.00131423 -0.010455 0.0051 -0.00136034 -0.010455 0.0015 -0.00136034 -0.0104083 0.0015 -0.00140474 -0.0104083 0.0051 -0.00140474 -0.0103602 0.0015 -0.00144743 -0.0103602 0.0051 -0.00144743 -0.0103108 0.0051 -0.0014884 -0.0103108 0.0015 -0.0014884 -0.0102597 0.0015 -0.0015279 -0.0102597 0.0051 -0.0015279 -0.0102073 0.0015 -0.00156571 -0.0102073 0.0051 -0.00156571 -0.0101538 0.0051 -0.00160162 -0.0101538 0.0015 -0.00160162 -0.0100992 0.0015 -0.00163561 -0.0100992 0.0051 -0.00163561 -0.0100437 0.0015 -0.0016677 -0.0100437 0.0051 -0.0016677 -0.0099866 0.0051 -0.00169808 -0.0099866 0.0015 -0.00169808 -0.00992856 0.0015 -0.00172652 -0.00992856 0.0051 -0.00172652 -0.00986981 0.0015 -0.00175292 -0.00986981 0.0051 -0.00175292 -0.00981035 0.0051 -0.00177725 -0.00981035 0.0015 -0.00177725 -0.00975019 0.0015 -0.00179954 -0.00975019 0.0051 -0.00179954 -0.00968876 0.0015 -0.00181991 -0.00968876 0.0051 -0.00181991 -0.00962679 0.0051 -0.00183819 -0.00962679 0.0015 -0.00183819 -0.00956446 0.0015 -0.00185433 -0.00956446 0.0051 -0.00185433 -0.00950177 0.0015 -0.00186832 -0.00950177 0.0051 -0.00186832 -0.00943872 0.0051 -0.00188018 -0.00943872 0.0015 -0.00188018 -0.00937532 0.0015 -0.00188989 -0.00937532 0.0051 -0.00188989 -0.00931156 0.0015 -0.00189746 -0.00931156 0.0051 -0.00189746 -0.00924744 0.0051 -0.00190288 -0.00924744 0.0015 -0.00190288 -0.00918297 0.0015 -0.00190617 -0.00918297 0.0051 -0.00190617 -0.00911813 0.0051 -0.00190731 -0.00911813 0.0015 -0.00190731 -0.00645 0.0051 0.00252281 -0.00645 0.0051 0.00615 -0.00645 0.0015 0.00615 -0.00645 0.0015 0.00190731 -0.00645 0.0051 0.00190731 -0.00655854 0.0051 -0.000830092 -0.00649597 0.0051 -0.00123969 -0.00646595 0.0051 -0.00120289 -0.0109646 0.0051 0.000478028 -0.0109797 0.0051 0.000415067 -0.0104725 0.0051 0.000382247 -0.00797943 0.0051 0.000826957 -0.00794796 0.0051 0.000781805 -0.00670233 0.0051 0.00071231 -0.0064137 0.0051 -0.00105569 -0.00643411 0.0051 -0.00116743 -0.00640044 0.0051 -0.00113331 -0.00808473 0.0051 -0.000955301 -0.00665316 0.0051 -0.0015317 -0.00804816 0.0051 -0.000914144 -0.00659654 0.0051 -0.000803153 -0.00652416 0.0051 -0.00127782 -0.00931156 0.0051 -0.00189746 -0.00924744 0.0051 -0.00190288 -0.00922895 0.0051 -0.00140292 -0.00789045 0.0051 -0.000687949 -0.00676582 0.0051 -0.000643446 -0.00679488 0.0051 -0.000607141 -0.0110251 0.0051 -3.2693e-05 -0.0105243 0.0051 -5.48952e-05 -0.0105254 0.0051 3.96255e-07 -0.00933834 0.0051 -0.00138998 -0.00943872 0.0051 -0.00188018 -0.00928382 0.0051 -0.00139751 -0.00673496 0.0051 -0.000678526 -0.0079183 0.0051 -0.000735469 -0.00794807 0.0051 -0.000781952 -0.00937532 0.0051 -0.00188989 -0.00917372 0.0051 -0.00140618 -0.00918297 0.0051 -0.00190617 -0.00911813 0.0051 -0.00140731 -0.00911813 0.0051 -0.00190731 -0.00906255 0.0051 -0.00140618 -0.00895245 0.0051 -0.00139751 -0.00900732 0.0051 -0.00140292 -0.00889793 0.0051 -0.00138998 -0.0100437 0.0051 -0.0016677 -0.00975718 0.0051 -0.00125385 -0.0100992 0.0051 -0.00163561 -0.00980591 0.0051 -0.00122778 -0.0101538 0.0051 -0.00160162 -0.0099866 0.0051 -0.00169808 -0.00970763 0.0051 -0.00127788 -0.00985376 0.0051 -0.0011997 -0.0102073 0.0051 -0.00156571 -0.00992856 0.0051 -0.00172652 -0.00965705 0.0051 -0.0013 -0.00990029 0.0051 -0.00116991 -0.0102597 0.0051 -0.0015279 -0.00986981 0.0051 -0.00175292 -0.0103108 0.0051 -0.0014884 -0.00994549 0.0051 -0.00113842 -0.0103602 0.0051 -0.00144743 -0.010455 0.0051 -0.00136034 -0.0104083 0.0051 -0.00140474 -0.0100324 0.0051 -0.00106987 -0.00998944 0.0051 -0.00110513 -0.0105004 0.0051 -0.00131423 -0.0101134 0.0051 -0.000994939 -0.010544 0.0051 -0.00126675 -0.0100737 0.0051 -0.00103314 -0.0101516 0.0051 -0.000955274 -0.0101884 0.0051 -0.000913707 -0.010626 0.0051 -0.00116788 -0.0105858 0.0051 -0.00121805 -0.0106646 0.0051 -0.00111625 -0.0102235 0.0051 -0.000870924 -0.0107016 0.0051 -0.00106314 -0.0107367 0.0051 -0.00100905 -0.0102883 0.0051 -0.000781805 -0.0107697 0.0051 -0.000954015 -0.0102568 0.0051 -0.000826957 -0.0108009 0.0051 -0.00089779 -0.0103462 0.0051 -0.000687273 -0.0108303 0.0051 -0.000840377 -0.0103182 0.0051 -0.000735067 -0.0108832 0.0051 -0.000722643 -0.0108578 0.0051 -0.000781777 -0.0103962 0.0051 -0.000589077 -0.0103722 0.0051 -0.00063861 -0.0104184 0.0051 -0.000538346 -0.0104386 0.0051 -0.000486709 -0.0109472 0.0051 -0.000540585 -0.0109279 0.0051 -0.000602143 -0.0109065 0.0051 -0.000662829 -0.0104726 0.0051 -0.000381839 -0.0109796 0.0051 -0.000415671 -0.0109645 0.0051 -0.000478154 -0.0104567 0.0051 -0.00043454 -0.0105211 0.0051 -0.000110365 -0.0110186 0.0051 -0.000160913 -0.0105157 0.0051 -0.000165198 -0.0104866 0.0051 -0.00032839 -0.0109925 0.0051 -0.000352781 -0.00786442 0.0051 -0.000639244 -0.00682217 0.0051 -0.000569611 -0.0105243 0.0051 5.55089e-05 -0.0110251 0.0051 3.16637e-05 -0.00784019 0.0051 -0.000589356 -0.0104983 0.0051 0.000274843 -0.0109927 0.0051 0.000351787 -0.0110035 0.0051 0.000288326 -0.0103961 0.0051 0.000589356 -0.0108579 0.0051 0.000781585 -0.0108834 0.0051 0.000722124 -0.0109069 0.0051 0.000661899 -0.0109282 0.0051 0.000601142 -0.0104383 0.0051 0.000487402 -0.0108014 0.0051 0.000896851 -0.010318 0.0051 0.000735469 -0.0107701 0.0051 0.000953175 -0.0103458 0.0051 0.000687949 -0.0108307 0.0051 0.000839654 -0.0101881 0.0051 0.000914144 -0.0106652 0.0051 0.00111556 -0.0102231 0.0051 0.000871546 -0.0107369 0.0051 0.00100863 -0.0102882 0.0051 0.000781952 -0.0102564 0.0051 0.000827482 -0.0105443 0.0051 0.00126642 -0.010113 0.0051 0.000995341 -0.0105006 0.0051 0.00131397 -0.0101515 0.0051 0.000955301 -0.0105864 0.0051 0.00121732 -0.00994507 0.0051 0.00113869 -0.0103609 0.0051 0.00144683 -0.00998936 0.0051 0.00110521 -0.0104556 0.0051 0.00135973 -0.0100731 0.0051 0.00103367 -0.0100319 0.0051 0.0010703 -0.010208 0.0051 0.0015652 -0.00985318 0.0051 0.00120008 -0.0101547 0.0051 0.00160103 -0.00989964 0.0051 0.00117034 -0.0103111 0.0051 0.00148817 -0.00679455 0.0051 0.000607546 -0.00786407 0.0051 0.00063861 -0.00682213 0.0051 0.000569651 -0.00789009 0.0051 0.000687273 -0.00781789 0.0051 0.000538346 -0.00687138 0.0051 0.000490874 -0.00684766 0.0051 0.000530855 -0.00691337 0.0051 0.000407383 -0.00689331 0.0051 0.000449668 -0.0077977 0.0051 0.000486709 -0.00771192 0.0051 5.48952e-05 -0.00699998 0.0051 3.16691e-07 -0.0069989 0.0051 4.67778e-05 -0.00773782 0.0051 0.000274171 -0.00696113 0.0051 0.000276206 -0.00774969 0.0051 0.00032839 -0.00970694 0.0051 0.00127818 -0.0100439 0.0051 0.00166755 -0.00975681 0.0051 0.00125401 -0.00980569 0.0051 0.00122792 -0.0100999 0.0051 0.00163515 -0.00955284 0.0051 0.00133847 -0.00981108 0.0051 0.00177693 -0.00960509 0.0051 0.00132037 -0.00987078 0.0051 0.00175249 -0.00992945 0.0051 0.00172613 -0.00965637 0.0051 0.0013003 -0.0094463 0.0051 0.00136849 -0.00962775 0.0051 0.00183795 -0.00968933 0.0051 0.00181977 -0.00949975 0.0051 0.00135455 -0.00975035 0.0051 0.00179947 -0.0095025 0.0051 0.00186814 -0.00933834 0.0051 0.00138998 -0.00943881 0.0051 0.00188015 -0.00956548 0.0051 0.00185407 -0.0093925 0.0051 0.0013803 -0.00931156 0.0051 0.00189746 -0.00922895 0.0051 0.00140292 -0.00924744 0.0051 0.00190288 -0.00928382 0.0051 0.00139751 -0.00937532 0.0051 0.00188989 -0.00917372 0.0051 0.00140618 -0.00918297 0.0051 0.00190617 -0.00911813 0.0051 0.00140731 -0.00911813 0.0051 0.00190731 -0.00998708 0.0051 0.00169787 -0.00699018 0.0051 0.000139679 -0.00771516 0.0051 0.000110365 -0.00699565 0.0051 9.31528e-05 -0.00771516 0.0051 -0.000110443 -0.00699027 0.0051 -0.000139143 -0.00699567 0.0051 -9.30532e-05 -0.00772811 0.0051 0.000219774 -0.00697297 0.0051 0.000231075 -0.00772056 0.0051 0.000165198 -0.00698262 0.0051 0.000185653 -0.00693125 0.0051 0.000364559 -0.00777961 0.0051 0.00043454 -0.00776362 0.0051 0.000381839 -0.00694717 0.0051 0.000320833 -0.0069989 0.0051 -4.63303e-05 -0.00771085 0.0051 -3.96255e-07 -0.00771192 0.0051 -5.55089e-05 -0.00772064 0.0051 -0.000165721 -0.00772824 0.0051 -0.000220548 -0.00698273 0.0051 -0.000185046 -0.00777985 0.0051 -0.000435259 -0.00691342 0.0051 -0.000407243 -0.00693144 0.0051 -0.000364029 -0.00774972 0.0051 -0.000328607 -0.00696122 0.0051 -0.000275945 -0.00773793 0.0051 -0.000274843 -0.00669705 0.0051 0.00171725 -0.00824682 0.0051 0.00110513 -0.0082039 0.0051 0.00106987 -0.00784004 0.0051 0.000589077 -0.00661847 0.0051 0.00144352 -0.00801272 0.0051 0.000870924 -0.00659784 0.0051 0.00140034 -0.00666752 0.0051 0.00157749 -0.00812284 0.0051 0.000994939 -0.0080847 0.0051 0.000955274 -0.00667961 0.0051 0.00162381 -0.00668945 0.0051 0.00167039 -0.00816258 0.0051 0.00103314 -0.00804782 0.0051 0.000913707 -0.00663698 0.0051 0.00148749 -0.00665332 0.0051 0.0015321 -0.00676542 0.0051 0.000643928 -0.00673474 0.0051 0.000678798 -0.00791808 0.0051 0.000735067 -0.00652428 0.0051 0.00127803 -0.00655083 0.0051 0.00131779 -0.00663297 0.0051 0.000774711 -0.00666829 0.0051 0.000744388 -0.00657535 0.0051 0.00135856 -0.00646595 0.0051 0.00120289 -0.00655854 0.0051 0.000830092 -0.0064137 0.0051 0.00105569 -0.00659639 0.0051 0.000803279 -0.00649597 0.0051 0.00123969 -0.00651942 0.0051 0.00085515 -0.00647904 0.0051 0.000878452 -0.00642602 0.0051 0.00097792 -0.00643739 0.0051 0.0009 -0.00643411 0.0051 0.00116743 -0.00640044 0.0051 0.00113331 -0.0107018 0.0051 0.0010629 -0.0102601 0.0051 0.00152766 -0.010409 0.0051 0.00140401 -0.00779793 0.0051 -0.000487402 -0.007818 0.0051 -0.000538674 -0.00687169 0.0051 -0.000490324 -0.0106267 0.0051 0.00116704 -0.0068479 0.0051 -0.000530442 -0.0104183 0.0051 0.000538674 -0.0103718 0.0051 0.000639244 -0.0104564 0.0051 0.000435259 -0.0109474 0.0051 0.000539851 -0.0110122 0.0051 0.000224687 -0.010508 0.0051 0.000220548 -0.0104865 0.0051 0.000328607 -0.0105211 0.0051 0.000110443 -0.0110186 0.0051 0.000160868 -0.011023 0.0051 9.61997e-05 -0.0105156 0.0051 0.000165721 -0.011012 0.0051 -0.000225402 -0.0105082 0.0051 -0.000219774 -0.011023 0.0051 -9.68703e-05 -0.00944705 0.0051 -0.0013683 -0.00956446 0.0051 -0.00185433 -0.00939297 0.0051 -0.00138018 -0.0110033 0.0051 -0.000289358 -0.0104984 0.0051 -0.000274171 -0.00981035 0.0051 -0.00177725 -0.00960544 0.0051 -0.00132022 -0.00955311 0.0051 -0.0013384 -0.00975019 0.0051 -0.00179954 -0.00670251 0.0051 -0.000712156 -0.00659777 0.0051 -0.00140023 -0.00950177 0.0051 -0.00186832 -0.00863117 0.0051 -0.00132037 -0.00868343 0.0051 -0.00133847 -0.00820437 0.0051 -0.0010703 -0.00824691 0.0051 -0.00110521 -0.006697 0.0051 -0.001717 -0.00833663 0.0051 -0.00117034 -0.00670635 0.0051 -0.0018594 -0.0067055 0.0051 -0.00181175 -0.00663341 0.0051 -0.000774333 -0.00657506 0.0051 -0.00135809 -0.00667949 0.0051 -0.00162326 -0.00812328 0.0051 -0.000995341 -0.00816316 0.0051 -0.00103367 -0.00666874 0.0051 -0.000744 -0.00655052 0.0051 -0.00131728 -0.00642602 0.0051 -0.00097792 -0.00651942 0.0051 -0.00085515 -0.00643739 0.0051 -0.0009 -0.00647904 0.0051 -0.000878452 -0.00689351 0.0051 -0.000449304 -0.00968876 0.0051 -0.00181991 -0.00950043 0.0051 -0.00135438 -0.00661831 0.0051 -0.00144312 -0.00797984 0.0051 -0.000827482 -0.00962679 0.0051 -0.00183819 -0.0080132 0.0051 -0.000871546 -0.00663675 0.0051 -0.00148691 -0.00666749 0.0051 -0.00157736 -0.00668933 0.0051 -0.00166981 -0.00878996 0.0051 -0.00136849 -0.00873652 0.0051 -0.00135455 -0.00884377 0.0051 -0.0013803 -0.00852933 0.0051 -0.00127818 -0.0085799 0.0051 -0.0013003 -0.00847946 0.0051 -0.00125401 -0.00670496 0.0051 -0.00190731 -0.0067024 0.0051 -0.00176436 -0.00838308 0.0051 -0.00120008 -0.00843057 0.0051 -0.00122792 -0.0082912 0.0051 -0.00113869 -0.00776376 0.0051 -0.000382247 -0.00694738 0.0051 -0.000320263 -0.00697302 0.0051 -0.000230764 -0.0067055 0.0051 0.00181175 -0.00833597 0.0051 0.00116991 -0.00829077 0.0051 0.00113842 -0.0067024 0.0051 0.00176436 -0.00670635 0.0051 0.0018594 -0.0083825 0.0051 0.0011997 -0.00670496 0.0051 0.00190731 -0.00843036 0.0051 0.00122778 -0.00852864 0.0051 0.00127788 -0.00847909 0.0051 0.00125385 -0.00857922 0.0051 0.0013 -0.00868315 0.0051 0.0013384 -0.00863083 0.0051 0.00132022 -0.00878921 0.0051 0.0013683 -0.00873583 0.0051 0.00135438 -0.00889793 0.0051 0.00138998 -0.0088433 0.0051 0.00138018 -0.00900732 0.0051 0.00140292 -0.00895245 0.0051 0.00139751 -0.00906255 0.0051 0.00140618 -0.00354909 0.0051 -0.00585405 -0.00359549 0.0051 -0.00585191 -0.00262014 0.0051 -0.00634941 -0.00582168 0.0051 -0.00327257 -0.00580879 0.0051 -0.00322758 -0.0060697 0.0051 -0.0027862 -0.00623622 0.0051 -0.00270249 -0.00584753 0.0051 -0.00340977 -0.00619619 0.0051 -0.00272626 -0.00282792 0.0051 -0.00593609 -0.00283761 0.0051 -0.00589045 -0.00291581 0.0051 -0.00580931 -0.00298596 0.0051 -0.00577356 -0.00280217 0.0051 -0.00602586 -0.00281614 0.0051 -0.00598113 -0.00318345 0.0051 -0.00579389 -0.00284521 0.0051 -0.00584421 -0.0033173 0.0051 -0.0058323 -0.00274818 0.0051 -0.006155 -0.00276826 0.0051 -0.00611266 -0.00336326 0.0051 -0.00584099 -0.00264926 0.0051 -0.00631308 -0.00267671 0.0051 -0.00627535 -0.00345567 0.0051 -0.00585183 -0.00350222 0.0051 -0.00585401 -0.00364177 0.0051 -0.00584759 -0.00258936 0.0051 -0.00638434 -0.00411423 0.0051 -0.00566329 -0.00615 0.0051 -0.00645 -0.00407601 0.0051 -0.00568973 -0.00415133 0.0051 -0.005635 -0.00418723 0.0051 -0.00560492 -0.00391166 0.0051 -0.00577707 -0.00395408 0.0051 -0.00575818 -0.00627044 0.0051 -0.00642476 -0.00624739 0.0051 -0.00643375 -0.00622357 0.0051 -0.00644083 -0.00641382 0.0051 -0.00629282 -0.00640112 0.0051 -0.00631413 -0.0063867 0.0051 -0.00633431 -0.00633423 0.0051 -0.00638677 -0.00631402 0.0051 -0.00640118 -0.00635313 0.0051 -0.00637076 -0.00629276 0.0051 -0.00641386 -0.00637068 0.0051 -0.00635322 -0.00643373 0.0051 -0.00624744 -0.00642471 0.0051 -0.00627056 -0.0064459 0.0051 -0.0061994 -0.0064408 0.0051 -0.00622371 -0.00619937 0.0051 -0.00644591 -0.00617484 0.0051 -0.00644897 -0.00644897 0.0051 -0.00617484 -0.00645 0.0051 -0.00615 -0.00585405 0.0051 -0.00350274 -0.00627535 0.0051 -0.00267671 -0.00585406 0.0051 -0.00354914 -0.00583243 0.0051 -0.00331788 -0.006155 0.0051 -0.00274818 -0.00584104 0.0051 -0.00336349 -0.00631308 0.0051 -0.00264926 -0.00584752 0.0051 -0.0036424 -0.00634941 0.0051 -0.00262014 -0.00638434 0.0051 -0.00258936 -0.00585187 0.0051 -0.00345629 -0.00611266 0.0051 -0.00276826 -0.00577697 0.0051 -0.00314019 -0.00598113 0.0051 -0.00281614 -0.00579389 0.0051 -0.00318345 -0.00602586 0.0051 -0.00280217 -0.00577356 0.0051 -0.00298596 -0.00593609 0.0051 -0.00282792 -0.00580931 0.0051 -0.00291581 -0.005758 0.0051 -0.0030976 -0.00584421 0.0051 -0.00284521 -0.00589045 0.0051 -0.00283761 -0.00573697 0.0051 -0.00305569 -0.00585185 0.0051 -0.00359596 -0.00522785 0.0051 -0.00445443 -0.00527053 0.0051 -0.00443602 -0.00641787 0.0051 -0.00255692 -0.00584106 0.0051 -0.00368841 -0.00583244 0.0051 -0.00373414 -0.00645 0.0051 -0.00252281 -0.00582163 0.0051 -0.0037797 -0.00579394 0.0051 -0.00386846 -0.00580879 0.0051 -0.00382447 -0.00575791 0.0051 -0.00395464 -0.00577693 0.0051 -0.00391195 -0.00571431 0.0051 -0.00403667 -0.00573704 0.0051 -0.00399621 -0.00566292 0.0051 -0.00411474 -0.00568946 0.0051 -0.00407637 -0.00560485 0.0051 -0.0041873 -0.00563473 0.0051 -0.00415169 -0.00553993 0.0051 -0.00425448 -0.00557307 0.0051 -0.00422173 -0.00546932 0.0051 -0.0043151 -0.00550543 0.0051 -0.00428555 -0.00539322 0.0051 -0.00436902 -0.0054318 0.0051 -0.00434301 -0.00531249 0.0051 -0.00441557 -0.00535358 0.0051 -0.00439316 -0.00518439 0.0051 -0.00447081 -0.00450765 0.0051 -0.00504987 -0.00451578 0.0051 -0.00500385 -0.00500362 0.0051 -0.0045158 -0.00448512 0.0051 -0.00514031 -0.00449741 0.0051 -0.00509545 -0.00509485 0.0051 -0.00449756 -0.00491082 0.0051 -0.00452552 -0.00452547 0.0051 -0.0049114 -0.00486444 0.0051 -0.00452713 -0.00495722 0.0051 -0.00452174 -0.00452169 0.0051 -0.00495781 -0.00452385 0.0051 -0.00477168 -0.00477168 0.0051 -0.00452385 -0.00452657 0.0051 -0.00481806 -0.00481806 0.0051 -0.00452657 -0.00452711 0.0051 -0.00486463 -0.00451897 0.0051 -0.00472531 -0.00456827 0.0051 -0.00462395 -0.00462395 0.0051 -0.00456827 -0.00451192 0.0051 -0.00467895 -0.00472531 0.0051 -0.00451897 -0.00467895 0.0051 -0.00451192 -0.00504953 0.0051 -0.00450774 -0.0051398 0.0051 -0.00448525 -0.00447079 0.0051 -0.00518444 -0.00443576 0.0051 -0.00527111 -0.00445423 0.0051 -0.00522828 -0.003688 0.0051 -0.00584111 -0.00439307 0.0051 -0.0053537 -0.0044154 0.0051 -0.00531287 -0.00255692 0.0051 -0.00641787 -0.003734 0.0051 -0.00583249 -0.00434266 0.0051 -0.0054323 -0.00436871 0.0051 -0.00539369 -0.00252281 0.0051 -0.00645 -0.00428533 0.0051 -0.00550565 -0.00431495 0.0051 -0.00546955 -0.00422135 0.0051 -0.00557346 -0.00425405 0.0051 -0.00554038 -0.00377915 0.0051 -0.00582179 -0.00382389 0.0051 -0.00580896 -0.00386819 0.0051 -0.00579402 -0.00399572 0.0051 -0.00573728 -0.00403658 0.0051 -0.00571435 -0.00270249 0.0051 -0.00623622 -0.00272626 0.0051 -0.00619619 -0.00340942 0.0051 -0.00584751 -0.00322739 0.0051 -0.00580875 -0.0027862 0.0051 -0.0060697 -0.00327201 0.0051 -0.00582155 -0.00314019 0.0051 -0.00577697 -0.00305569 0.0051 -0.00573697 -0.0030976 0.0051 -0.005758 -0.000944943 0.0051 -0.00678451 -0.000740969 0.0051 -0.00667209 -0.00107158 0.0051 -0.00676567 -0.000878086 0.0051 -0.00647971 -0.00123902 0.0051 -0.00649544 -0.000854362 0.0051 -0.00652072 -0.00131607 0.0051 -0.00654975 -0.000828827 0.0051 -0.00656041 -0.00127689 0.0051 -0.0065235 -0.00144923 0.0051 -0.00669493 -0.0014845 0.0051 -0.0066358 -0.00152894 0.0051 -0.00665221 -0.00097792 0.0051 -0.00642602 -0.0009 0.0051 -0.00643739 -0.000771934 0.0051 -0.00663633 -0.00119783 0.0051 -0.00674446 -0.00135657 0.0051 -0.00657419 -0.00132372 0.0051 -0.00672088 -0.000817935 0.0051 -0.00680099 -0.000674369 0.0051 -0.0067388 -0.000708447 0.0051 -0.00670625 -0.000690552 0.0051 -0.0068151 -0.000638734 0.0051 -0.00676975 -0.000601542 0.0051 -0.0067991 -0.000562794 0.0051 -0.00682684 -0.000801342 0.0051 -0.00659896 -0.00144104 0.0051 -0.00661737 -0.00139839 0.0051 -0.00659683 -0.00157436 0.0051 -0.00666662 -0.00120247 0.0051 -0.00646558 -0.00116723 0.0051 -0.00643391 -0.00113331 0.0051 -0.00640044 -0.00105569 0.0051 -0.0064137 0.00107158 0.0051 -0.00676567 0.000741363 0.0051 -0.00667163 0.000944943 0.0051 -0.00678451 0.00097792 0.0051 -0.00642602 0.00116723 0.0051 -0.00643391 0.00105569 0.0051 -0.0064137 0.00120247 0.0051 -0.00646558 0.00113331 0.0051 -0.00640044 0.00127707 0.0051 -0.00652361 0.00123902 0.0051 -0.00649544 0.000854362 0.0051 -0.00652072 0.000878086 0.0051 -0.00647971 0.00135709 0.0051 -0.00657451 0.00131659 0.0051 -0.00655006 0.00119783 0.0051 -0.00674446 0.000801483 0.0051 -0.0065988 0.00144104 0.0051 -0.00661737 0.00139857 0.0051 -0.00659694 0.00132372 0.0051 -0.00672088 0.00144923 0.0051 -0.00669493 0.0014845 0.0051 -0.0066358 0.00152894 0.0051 -0.00665221 0.000772328 0.0051 -0.00663587 0.00157436 0.0051 -0.00666662 0.000817935 0.0051 -0.00680099 0.000674369 0.0051 -0.0067388 0.000638734 0.0051 -0.00676975 0.000708588 0.0051 -0.00670608 0.000601542 0.0051 -0.0067991 0.000690552 0.0051 -0.0068151 0.000562794 0.0051 -0.00682684 0.000828827 0.0051 -0.00656041 0.0009 0.0051 -0.00643739 0.00345629 0.0051 -0.00585187 0.00340977 0.0051 -0.00584753 0.0027264 0.0051 -0.00619592 0.00580931 0.0051 -0.00291581 0.00577697 0.0051 -0.00314019 0.00593609 0.0051 -0.00282792 0.00615473 0.0051 -0.00274832 0.00611266 0.0051 -0.00276826 0.00584099 0.0051 -0.00336326 0.00276826 0.0051 -0.00611266 0.00274832 0.0051 -0.00615473 0.00336349 0.0051 -0.00584104 0.00589045 0.0051 -0.00283761 0.00598113 0.0051 -0.00281614 0.00579389 0.0051 -0.00318345 0.00580875 0.0051 -0.00322739 0.00584421 0.0051 -0.00284521 0.00623622 0.0051 -0.00270249 0.00585401 0.0051 -0.00350222 0.0062751 0.0051 -0.00267689 0.00584751 0.0051 -0.00340942 0.00631283 0.0051 -0.00264944 0.00585191 0.0051 -0.00359549 0.00634941 0.0051 -0.00262014 0.00585405 0.0051 -0.00354909 0.00645 0.0051 -0.00615 0.0053537 0.0051 -0.00439307 0.00531287 0.0051 -0.0044154 0.00522828 0.0051 -0.00445423 0.00527111 0.0051 -0.00443576 0.00584759 0.0051 -0.00364177 0.00638434 0.0051 -0.00258936 0.00539369 0.0051 -0.00436871 0.0054323 0.0051 -0.00434266 0.00550565 0.0051 -0.00428533 0.00546955 0.0051 -0.00431495 0.005635 0.0051 -0.00415133 0.00560492 0.0051 -0.00418723 0.00557346 0.0051 -0.00422135 0.00554038 0.0051 -0.00425405 0.00577707 0.0051 -0.00391166 0.00575818 0.0051 -0.00395408 0.00644897 0.0051 -0.00617484 0.00644083 0.0051 -0.00622357 0.00644591 0.0051 -0.00619937 0.00643375 0.0051 -0.00624739 0.00642476 0.0051 -0.00627044 0.00641386 0.0051 -0.00629276 0.00640118 0.0051 -0.00631402 0.00638677 0.0051 -0.00633423 0.00637076 0.0051 -0.00635313 0.00633431 0.0051 -0.0063867 0.00615 0.0051 -0.00645 0.00635322 0.0051 -0.00637068 0.0061994 0.0051 -0.0064459 0.00622371 0.0051 -0.0064408 0.00617484 0.0051 -0.00644897 0.00627056 0.0051 -0.00642471 0.00629282 0.0051 -0.00641382 0.00624744 0.0051 -0.00643373 0.00631413 0.0051 -0.00640112 0.00267689 0.0051 -0.0062751 0.00354914 0.0051 -0.00585406 0.00350274 0.0051 -0.00585405 0.00278631 0.0051 -0.00606941 0.00327257 0.0051 -0.00582168 0.00280227 0.0051 -0.00602557 0.00264944 0.0051 -0.00631283 0.0036424 0.0051 -0.00584752 0.00262014 0.0051 -0.00634941 0.00258936 0.0051 -0.00638434 0.00270249 0.0051 -0.00623622 0.00331788 0.0051 -0.00583243 0.00318345 0.0051 -0.00579389 0.00282792 0.0051 -0.00593609 0.00281614 0.0051 -0.00598113 0.00322758 0.0051 -0.00580879 0.00314019 0.0051 -0.00577697 0.00291581 0.0051 -0.00580931 0.00298596 0.0051 -0.00577356 0.0030976 0.0051 -0.005758 0.00284521 0.0051 -0.00584421 0.00283761 0.0051 -0.00589045 0.00305569 0.0051 -0.00573697 0.00359596 0.0051 -0.00585185 0.00443602 0.0051 -0.00527053 0.00445443 0.0051 -0.00522785 0.00255692 0.0051 -0.00641787 0.00368841 0.0051 -0.00584106 0.00373414 0.0051 -0.00583244 0.00252281 0.0051 -0.00645 0.0037797 0.0051 -0.00582163 0.00386846 0.0051 -0.00579394 0.00382447 0.0051 -0.00580879 0.00395464 0.0051 -0.00575791 0.00391195 0.0051 -0.00577693 0.00403667 0.0051 -0.00571431 0.00399621 0.0051 -0.00573704 0.00411474 0.0051 -0.00566292 0.00407637 0.0051 -0.00568946 0.0041873 0.0051 -0.00560485 0.00415169 0.0051 -0.00563473 0.00425448 0.0051 -0.00553993 0.00422173 0.0051 -0.00557307 0.0043151 0.0051 -0.00546932 0.00428555 0.0051 -0.00550543 0.00436902 0.0051 -0.00539322 0.00434301 0.0051 -0.0054318 0.00441557 0.0051 -0.00531249 0.00439316 0.0051 -0.00535358 0.00447081 0.0051 -0.00518439 0.00518444 0.0051 -0.00447079 0.00504987 0.0051 -0.00450765 0.00500385 0.0051 -0.00451578 0.0045158 0.0051 -0.00500362 0.00514031 0.0051 -0.00448512 0.00449756 0.0051 -0.00509485 0.00448525 0.0051 -0.0051398 0.00452552 0.0051 -0.00491082 0.0049114 0.0051 -0.00452547 0.00452713 0.0051 -0.00486444 0.00452174 0.0051 -0.00495722 0.00495781 0.0051 -0.00452169 0.00452385 0.0051 -0.00477168 0.00452657 0.0051 -0.00481806 0.00477168 0.0051 -0.00452385 0.00486463 0.0051 -0.00452711 0.00472531 0.0051 -0.00451897 0.00462395 0.0051 -0.00456827 0.00467895 0.0051 -0.00451192 0.00456827 0.0051 -0.00462395 0.00451897 0.0051 -0.00472531 0.00451192 0.0051 -0.00467895 0.00481806 0.0051 -0.00452657 0.00450774 0.0051 -0.00504953 0.00509545 0.0051 -0.00449741 0.00584111 0.0051 -0.003688 0.00583249 0.0051 -0.003734 0.00641787 0.0051 -0.00255692 0.00645 0.0051 -0.00252281 0.00582179 0.0051 -0.00377915 0.00580896 0.0051 -0.00382389 0.00568973 0.0051 -0.00407601 0.00566329 0.0051 -0.00411423 0.00579402 0.0051 -0.00386819 0.00573728 0.0051 -0.00399572 0.00571435 0.0051 -0.00403658 0.00585183 0.0051 -0.00345567 0.00619592 0.0051 -0.0027264 0.00602557 0.0051 -0.00280227 0.00582155 0.0051 -0.00327201 0.0058323 0.0051 -0.0033173 0.00606941 0.0051 -0.00278631 0.00577356 0.0051 -0.00298596 0.00573697 0.0051 -0.00305569 0.005758 0.0051 -0.0030976 0.00649597 0.0051 0.00123969 0.00646595 0.0051 0.00120289 0.00655854 0.0051 0.000830092 0.00933834 0.0051 0.00138998 0.00939297 0.0051 0.00138018 0.00950177 0.0051 0.00186832 0.00794796 0.0051 -0.000781805 0.00673474 0.0051 -0.000678798 0.00670233 0.0051 -0.00071231 0.0064137 0.0051 0.00105569 0.00643411 0.0051 0.00116743 0.00652416 0.0051 0.00127782 0.00659654 0.0051 0.000803153 0.00640044 0.0051 0.00113331 0.00808473 0.0051 0.000955301 0.00665316 0.0051 0.0015317 0.00804816 0.0051 0.000914144 0.00668933 0.0051 0.00166981 0.00820437 0.0051 0.0010703 0.006697 0.0051 0.001717 0.00868343 0.0051 0.00133847 0.00911813 0.0051 0.00190731 0.00863117 0.0051 0.00132037 0.00786442 0.0051 0.000639244 0.00679488 0.0051 0.000607141 0.00682217 0.0051 0.000569611 0.0110251 0.0051 -3.16637e-05 0.0105254 0.0051 -3.96255e-07 0.0105243 0.0051 -5.55089e-05 0.00812328 0.0051 0.000995341 0.00666749 0.0051 0.00157736 0.00794807 0.0051 0.000781952 0.00673496 0.0051 0.000678526 0.0079183 0.0051 0.000735469 0.00667949 0.0051 0.00162326 0.00816316 0.0051 0.00103367 0.00873652 0.0051 0.00135455 0.00878996 0.0051 0.00136849 0.00889793 0.0051 0.00138998 0.00884377 0.0051 0.0013803 0.00900732 0.0051 0.00140292 0.00906255 0.0051 0.00140618 0.00911813 0.0051 0.00140731 0.00895245 0.0051 0.00139751 0.00928382 0.0051 0.00139751 0.00943872 0.0051 0.00188018 0.00931156 0.0051 0.00189746 0.00922895 0.0051 0.00140292 0.00962679 0.0051 0.00183819 0.00956446 0.0051 0.00185433 0.00944705 0.0051 0.0013683 0.00917372 0.0051 0.00140618 0.00924744 0.0051 0.00190288 0.00968876 0.0051 0.00181991 0.00950043 0.0051 0.00135438 0.00960544 0.0051 0.00132022 0.00986981 0.0051 0.00175292 0.00981035 0.0051 0.00177725 0.00975019 0.0051 0.00179954 0.00955311 0.0051 0.0013384 0.0099866 0.0051 0.00169808 0.00970763 0.0051 0.00127788 0.0100437 0.0051 0.0016677 0.00992856 0.0051 0.00172652 0.00965705 0.0051 0.0013 0.0101538 0.0051 0.00160162 0.00980591 0.0051 0.00122778 0.00985376 0.0051 0.0011997 0.0100992 0.0051 0.00163561 0.00975718 0.0051 0.00125385 0.00994549 0.0051 0.00113842 0.0103108 0.0051 0.0014884 0.00990029 0.0051 0.00116991 0.0102597 0.0051 0.0015279 0.0102073 0.0051 0.00156571 0.0100324 0.0051 0.00106987 0.0104083 0.0051 0.00140474 0.00998944 0.0051 0.00110513 0.0103602 0.0051 0.00144743 0.0101134 0.0051 0.000994939 0.010544 0.0051 0.00126675 0.0105004 0.0051 0.00131423 0.010455 0.0051 0.00136034 0.0100737 0.0051 0.00103314 0.010626 0.0051 0.00116788 0.0101884 0.0051 0.000913707 0.0106646 0.0051 0.00111625 0.0105858 0.0051 0.00121805 0.0101516 0.0051 0.000955274 0.0107016 0.0051 0.00106314 0.0102568 0.0051 0.000826957 0.0107367 0.0051 0.00100905 0.0102235 0.0051 0.000870924 0.0108009 0.0051 0.00089779 0.0103182 0.0051 0.000735067 0.0103462 0.0051 0.000687273 0.0107697 0.0051 0.000954015 0.0102883 0.0051 0.000781805 0.0108832 0.0051 0.000722643 0.0108578 0.0051 0.000781777 0.0103962 0.0051 0.000589077 0.0103722 0.0051 0.00063861 0.0108303 0.0051 0.000840377 0.0109279 0.0051 0.000602143 0.0109065 0.0051 0.000662829 0.0104386 0.0051 0.000486709 0.0104184 0.0051 0.000538346 0.011023 0.0051 9.68703e-05 0.0110186 0.0051 0.000160913 0.0105211 0.0051 0.000110365 0.0109472 0.0051 0.000540585 0.0104567 0.0051 0.00043454 0.0109645 0.0051 0.000478154 0.00784019 0.0051 0.000589356 0.0105211 0.0051 -0.000110443 0.011023 0.0051 -9.61997e-05 0.0104564 0.0051 -0.000435259 0.0109474 0.0051 -0.000539851 0.0104725 0.0051 -0.000382247 0.0109927 0.0051 -0.000351787 0.0104865 0.0051 -0.000328607 0.0109797 0.0051 -0.000415067 0.0108834 0.0051 -0.000722124 0.0109069 0.0051 -0.000661899 0.0104183 0.0051 -0.000538674 0.0068479 0.0051 0.000530442 0.007818 0.0051 0.000538674 0.010318 0.0051 -0.000735469 0.0107701 0.0051 -0.000953175 0.0108014 0.0051 -0.000896851 0.0103718 0.0051 -0.000639244 0.0108307 0.0051 -0.000839654 0.0108579 0.0051 -0.000781585 0.0107018 0.0051 -0.0010629 0.0102564 0.0051 -0.000827482 0.0102231 0.0051 -0.000871546 0.0102882 0.0051 -0.000781952 0.0105443 0.0051 -0.00126642 0.010113 0.0051 -0.000995341 0.0105006 0.0051 -0.00131397 0.0106267 0.0051 -0.00116704 0.0101881 0.0051 -0.000914144 0.0101515 0.0051 -0.000955301 0.010409 0.0051 -0.00140401 0.0100319 0.0051 -0.0010703 0.00998936 0.0051 -0.00110521 0.0100731 0.0051 -0.00103367 0.00989964 0.0051 -0.00117034 0.00985318 0.0051 -0.00120008 0.0102601 0.0051 -0.00152766 0.00994507 0.0051 -0.00113869 0.0103111 0.0051 -0.00148817 0.00786407 0.0051 -0.00063861 0.00679455 0.0051 -0.000607546 0.00789009 0.0051 -0.000687273 0.00980569 0.0051 -0.00122792 0.0101547 0.0051 -0.00160103 0.00689331 0.0051 -0.000449668 0.0077977 0.0051 -0.000486709 0.00691337 0.0051 -0.000407383 0.00682213 0.0051 -0.000569651 0.00696113 0.0051 -0.000276206 0.00773782 0.0051 -0.000274171 0.00697297 0.0051 -0.000231075 0.00777961 0.0051 -0.00043454 0.00693125 0.0051 -0.000364559 0.00975681 0.0051 -0.00125401 0.0100999 0.0051 -0.00163515 0.00699998 0.0051 -3.16691e-07 0.00771085 0.0051 3.96255e-07 0.0069989 0.0051 4.63303e-05 0.00992945 0.0051 -0.00172613 0.00965637 0.0051 -0.0013003 0.00987078 0.0051 -0.00175249 0.0100439 0.0051 -0.00166755 0.00970694 0.0051 -0.00127818 0.00956548 0.0051 -0.00185407 0.00962775 0.0051 -0.00183795 0.0094463 0.0051 -0.00136849 0.00949975 0.0051 -0.00135455 0.00968933 0.0051 -0.00181977 0.00975035 0.0051 -0.00179947 0.00924744 0.0051 -0.00190288 0.00917372 0.0051 -0.00140618 0.00918297 0.0051 -0.00190617 0.00943881 0.0051 -0.00188015 0.00928382 0.0051 -0.00139751 0.00937532 0.0051 -0.00188989 0.00868315 0.0051 -0.0013384 0.00911813 0.0051 -0.00190731 0.00873583 0.0051 -0.00135438 0.00906255 0.0051 -0.00140618 0.00900732 0.0051 -0.00140292 0.00857922 0.0051 -0.0013 0.00852864 0.0051 -0.00127788 0.0083825 0.0051 -0.0011997 0.00670496 0.0051 -0.00190731 0.00843036 0.0051 -0.00122778 0.00833597 0.0051 -0.00116991 0.00670635 0.0051 -0.0018594 0.00847909 0.0051 -0.00125385 0.00863083 0.0051 -0.00132022 0.0067055 0.0051 -0.00181175 0.00829077 0.0051 -0.00113842 0.00878921 0.0051 -0.0013683 0.0088433 0.0051 -0.00138018 0.00911813 0.0051 -0.00140731 0.00895245 0.0051 -0.00139751 0.00889793 0.0051 -0.00138998 0.00922895 0.0051 -0.00140292 0.00931156 0.0051 -0.00189746 0.0093925 0.0051 -0.0013803 0.0095025 0.0051 -0.00186814 0.00933834 0.0051 -0.00138998 0.00981108 0.0051 -0.00177693 0.00955284 0.0051 -0.00133847 0.00998708 0.0051 -0.00169787 0.00960509 0.0051 -0.00132037 0.00771192 0.0051 -5.48952e-05 0.0069989 0.0051 -4.67778e-05 0.00699565 0.0051 -9.31528e-05 0.00772824 0.0051 0.000220548 0.00698273 0.0051 0.000185046 0.00772064 0.0051 0.000165721 0.00772056 0.0051 -0.000165198 0.00698262 0.0051 -0.000185653 0.00772811 0.0051 -0.000219774 0.00699018 0.0051 -0.000139679 0.00771516 0.0051 -0.000110365 0.00776362 0.0051 -0.000381839 0.00774969 0.0051 -0.00032839 0.00694717 0.0051 -0.000320833 0.00771192 0.0051 5.55089e-05 0.00771516 0.0051 0.000110443 0.00699567 0.0051 9.30532e-05 0.00687138 0.0051 -0.000490874 0.00781789 0.0051 -0.000538346 0.00696122 0.0051 0.000275945 0.00774972 0.0051 0.000328607 0.00694738 0.0051 0.000320263 0.00777985 0.0051 0.000435259 0.00689351 0.0051 0.000449304 0.00691342 0.0051 0.000407243 0.00693144 0.0051 0.000364029 0.00776376 0.0051 0.000382247 0.00666829 0.0051 -0.000744388 0.00663297 0.0051 -0.000774711 0.00655083 0.0051 -0.00131779 0.00684766 0.0051 -0.000530855 0.00784004 0.0051 -0.000589077 0.00659784 0.0051 -0.00140034 0.00801272 0.0051 -0.000870924 0.00797943 0.0051 -0.000826957 0.00668945 0.0051 -0.00167039 0.00816258 0.0051 -0.00103314 0.00667961 0.0051 -0.00162381 0.00669705 0.0051 -0.00171725 0.00824682 0.0051 -0.00110513 0.0082039 0.0051 -0.00106987 0.00804782 0.0051 -0.000913707 0.00663698 0.0051 -0.00148749 0.00665332 0.0051 -0.0015321 0.0080847 0.0051 -0.000955274 0.00666752 0.0051 -0.00157749 0.00812284 0.0051 -0.000994939 0.00676542 0.0051 -0.000643928 0.00791808 0.0051 -0.000735067 0.00652428 0.0051 -0.00127803 0.00657535 0.0051 -0.00135856 0.00646595 0.0051 -0.00120289 0.00655854 0.0051 -0.000830092 0.0064137 0.0051 -0.00105569 0.00659639 0.0051 -0.000803279 0.00649597 0.0051 -0.00123969 0.00651942 0.0051 -0.00085515 0.00647904 0.0051 -0.000878452 0.00642602 0.0051 -0.00097792 0.00643739 0.0051 -0.0009 0.00643411 0.0051 -0.00116743 0.00640044 0.0051 -0.00113331 0.0106652 0.0051 -0.00111556 0.010208 0.0051 -0.0015652 0.0103609 0.0051 -0.00144683 0.0104556 0.0051 -0.00135973 0.00779793 0.0051 0.000487402 0.00687169 0.0051 0.000490324 0.0105864 0.0051 -0.00121732 0.0107369 0.0051 -0.00100863 0.0103961 0.0051 -0.000589356 0.0103458 0.0051 -0.000687949 0.0109282 0.0051 -0.000601142 0.0104383 0.0051 -0.000487402 0.0110035 0.0051 -0.000288326 0.0104983 0.0051 -0.000274843 0.0109646 0.0051 -0.000478028 0.0105156 0.0051 -0.000165721 0.0110122 0.0051 -0.000224687 0.0110186 0.0051 -0.000160868 0.010508 0.0051 -0.000220548 0.00670496 0.0051 0.00190731 0.00843057 0.0051 0.00122792 0.00847946 0.0051 0.00125401 0.011012 0.0051 0.000225402 0.0105157 0.0051 0.000165198 0.0110251 0.0051 3.2693e-05 0.0105243 0.0051 5.48952e-05 0.0080132 0.0051 0.000871546 0.00663675 0.0051 0.00148691 0.0104984 0.0051 0.000274171 0.0105082 0.0051 0.000219774 0.0110033 0.0051 0.000289358 0.0109796 0.0051 0.000415671 0.0104726 0.0051 0.000381839 0.0104866 0.0051 0.00032839 0.0109925 0.0051 0.000352781 0.00661831 0.0051 0.00144312 0.00797984 0.0051 0.000827482 0.00676582 0.0051 0.000643446 0.00659777 0.0051 0.00140023 0.00670251 0.0051 0.000712156 0.0085799 0.0051 0.0013003 0.00824691 0.0051 0.00110521 0.00833663 0.0051 0.00117034 0.00670635 0.0051 0.0018594 0.0067055 0.0051 0.00181175 0.00663341 0.0051 0.000774333 0.00657506 0.0051 0.00135809 0.00666874 0.0051 0.000744 0.00655052 0.0051 0.00131728 0.00642602 0.0051 0.00097792 0.00651942 0.0051 0.00085515 0.00643739 0.0051 0.0009 0.00647904 0.0051 0.000878452 0.00789045 0.0051 0.000687949 0.00918297 0.0051 0.00190617 0.00852933 0.0051 0.00127818 0.0067024 0.0051 0.00176436 0.00838308 0.0051 0.00120008 0.0082912 0.0051 0.00113869 0.00773793 0.0051 0.000274843 0.00697302 0.0051 0.000230764 0.00699027 0.0051 0.000139143 0.00661847 0.0051 -0.00144352 0.0067024 0.0051 -0.00176436 0.00937532 0.0051 0.00188989 0.00584751 0.0051 0.00340942 0.00619619 0.0051 0.00272626 0.00623622 0.0051 0.00270249 0.00291581 0.0051 0.00580931 0.00298596 0.0051 0.00577356 0.00282792 0.0051 0.00593609 0.0063867 0.0051 0.00633431 0.00641382 0.0051 0.00629282 0.00640112 0.0051 0.00631413 0.00283761 0.0051 0.00589045 0.00284521 0.0051 0.00584421 0.0041873 0.0051 0.00560485 0.00615 0.0051 0.00645 0.00415169 0.0051 0.00563473 0.00336349 0.0051 0.00584104 0.00274832 0.0051 0.00615473 0.00331788 0.0051 0.00583243 0.00318345 0.0051 0.00579389 0.00280227 0.0051 0.00602557 0.00281614 0.0051 0.00598113 0.00345629 0.0051 0.00585187 0.00350274 0.0051 0.00585405 0.00267689 0.0051 0.0062751 0.00276826 0.0051 0.00611266 0.00354914 0.0051 0.00585406 0.00359596 0.0051 0.00585185 0.00262014 0.0051 0.00634941 0.00264944 0.0051 0.00631283 0.00258936 0.0051 0.00638434 0.0036424 0.0051 0.00584752 0.00391195 0.0051 0.00577693 0.00395464 0.0051 0.00575791 0.00407637 0.0051 0.00568946 0.00411474 0.0051 0.00566292 0.00627044 0.0051 0.00642476 0.00631402 0.0051 0.00640118 0.00629276 0.0051 0.00641386 0.00622357 0.0051 0.00644083 0.00624739 0.0051 0.00643375 0.00635313 0.0051 0.00637076 0.00633423 0.0051 0.00638677 0.00637068 0.0051 0.00635322 0.00642471 0.0051 0.00627056 0.00643373 0.0051 0.00624744 0.0064408 0.0051 0.00622371 0.0064459 0.0051 0.0061994 0.00617484 0.0051 0.00644897 0.00619937 0.0051 0.00644591 0.00645 0.0051 0.00615 0.00644897 0.0051 0.00617484 0.00585401 0.0051 0.00350222 0.00627535 0.0051 0.00267671 0.00585405 0.0051 0.00354909 0.00584759 0.0051 0.00364177 0.00634941 0.0051 0.00262014 0.00638434 0.0051 0.00258936 0.00580875 0.0051 0.00322739 0.0060697 0.0051 0.0027862 0.00582155 0.0051 0.00327201 0.006155 0.0051 0.00274818 0.00584099 0.0051 0.00336326 0.0058323 0.0051 0.0033173 0.00585183 0.0051 0.00345567 0.00631308 0.0051 0.00264926 0.00611266 0.0051 0.00276826 0.00577697 0.0051 0.00314019 0.00598113 0.0051 0.00281614 0.00579389 0.0051 0.00318345 0.00602586 0.0051 0.00280217 0.00577356 0.0051 0.00298596 0.00593609 0.0051 0.00282792 0.00580931 0.0051 0.00291581 0.005758 0.0051 0.0030976 0.00584421 0.0051 0.00284521 0.00589045 0.0051 0.00283761 0.00573697 0.0051 0.00305569 0.00585191 0.0051 0.00359549 0.00522828 0.0051 0.00445423 0.00527111 0.0051 0.00443576 0.00641787 0.0051 0.00255692 0.00584111 0.0051 0.003688 0.00583249 0.0051 0.003734 0.00645 0.0051 0.00252281 0.00582179 0.0051 0.00377915 0.00579402 0.0051 0.00386819 0.00580896 0.0051 0.00382389 0.00575818 0.0051 0.00395408 0.00577707 0.0051 0.00391166 0.00571435 0.0051 0.00403658 0.00573728 0.0051 0.00399572 0.00566329 0.0051 0.00411423 0.00568973 0.0051 0.00407601 0.00560492 0.0051 0.00418723 0.005635 0.0051 0.00415133 0.00554038 0.0051 0.00425405 0.00557346 0.0051 0.00422135 0.00546955 0.0051 0.00431495 0.00550565 0.0051 0.00428533 0.00539369 0.0051 0.00436871 0.0054323 0.0051 0.00434266 0.00531287 0.0051 0.0044154 0.0053537 0.0051 0.00439307 0.00518444 0.0051 0.00447079 0.00450774 0.0051 0.00504953 0.0045158 0.0051 0.00500362 0.00500385 0.0051 0.00451578 0.00448525 0.0051 0.0051398 0.00449756 0.0051 0.00509485 0.00509545 0.0051 0.00449741 0.0049114 0.0051 0.00452547 0.00452552 0.0051 0.00491082 0.00486463 0.0051 0.00452711 0.00495781 0.0051 0.00452169 0.00452174 0.0051 0.00495722 0.00452385 0.0051 0.00477168 0.00477168 0.0051 0.00452385 0.00452657 0.0051 0.00481806 0.00481806 0.0051 0.00452657 0.00452713 0.0051 0.00486444 0.00451897 0.0051 0.00472531 0.00456827 0.0051 0.00462395 0.00462395 0.0051 0.00456827 0.00451192 0.0051 0.00467895 0.00472531 0.0051 0.00451897 0.00467895 0.0051 0.00451192 0.00504987 0.0051 0.00450765 0.00514031 0.0051 0.00448512 0.00447081 0.0051 0.00518439 0.00443602 0.0051 0.00527053 0.00445443 0.0051 0.00522785 0.00368841 0.0051 0.00584106 0.00439316 0.0051 0.00535358 0.00441557 0.0051 0.00531249 0.00255692 0.0051 0.00641787 0.00373414 0.0051 0.00583244 0.00434301 0.0051 0.0054318 0.00436902 0.0051 0.00539322 0.00252281 0.0051 0.00645 0.00428555 0.0051 0.00550543 0.0043151 0.0051 0.00546932 0.00422173 0.0051 0.00557307 0.00425448 0.0051 0.00553993 0.0037797 0.0051 0.00582163 0.00382447 0.0051 0.00580879 0.00386846 0.0051 0.00579394 0.00399621 0.0051 0.00573704 0.00403667 0.0051 0.00571431 0.00270249 0.0051 0.00623622 0.0027264 0.0051 0.00619592 0.00340977 0.0051 0.00584753 0.00322758 0.0051 0.00580879 0.00278631 0.0051 0.00606941 0.00327257 0.0051 0.00582168 0.00314019 0.0051 0.00577697 0.00305569 0.0051 0.00573697 0.0030976 0.0051 0.005758 0.00131659 0.0051 0.00655006 0.000828827 0.0051 0.00656041 0.00127707 0.0051 0.00652361 0.00097792 0.0051 0.00642602 0.000878086 0.0051 0.00647971 0.0009 0.0051 0.00643739 0.00123902 0.0051 0.00649544 0.000854362 0.0051 0.00652072 0.00135709 0.0051 0.00657451 0.00132372 0.0051 0.00672088 0.00119783 0.0051 0.00674446 0.00152894 0.0051 0.00665221 0.00144923 0.0051 0.00669493 0.0014845 0.0051 0.0066358 0.000944943 0.0051 0.00678451 0.000741363 0.0051 0.00667163 0.00107158 0.0051 0.00676567 0.000772328 0.0051 0.00663587 0.000674369 0.0051 0.0067388 0.000708588 0.0051 0.00670608 0.000817935 0.0051 0.00680099 0.000638734 0.0051 0.00676975 0.000690552 0.0051 0.0068151 0.000601542 0.0051 0.0067991 0.000562794 0.0051 0.00682684 0.00139857 0.0051 0.00659694 0.00144104 0.0051 0.00661737 0.000801483 0.0051 0.0065988 0.00157436 0.0051 0.00666662 0.00120247 0.0051 0.00646558 0.00116723 0.0051 0.00643391 0.00113331 0.0051 0.00640044 0.00105569 0.0051 0.0064137 -0.00127689 0.0051 0.0065235 -0.00123902 0.0051 0.00649544 -0.000854362 0.0051 0.00652072 -0.00116723 0.0051 0.00643391 -0.00105569 0.0051 0.0064137 -0.00097792 0.0051 0.00642602 -0.00120247 0.0051 0.00646558 -0.00144923 0.0051 0.00669493 -0.00152894 0.0051 0.00665221 -0.0014845 0.0051 0.0066358 -0.000878086 0.0051 0.00647971 -0.00113331 0.0051 0.00640044 -0.00131607 0.0051 0.00654975 -0.000801342 0.0051 0.00659896 -0.00119783 0.0051 0.00674446 -0.00139839 0.0051 0.00659683 -0.00135657 0.0051 0.00657419 -0.00132372 0.0051 0.00672088 -0.00144104 0.0051 0.00661737 -0.00157436 0.0051 0.00666662 -0.00107158 0.0051 0.00676567 -0.000740969 0.0051 0.00667209 -0.000944943 0.0051 0.00678451 -0.000771934 0.0051 0.00663633 -0.000817935 0.0051 0.00680099 -0.000708447 0.0051 0.00670625 -0.000690552 0.0051 0.0068151 -0.000638734 0.0051 0.00676975 -0.000601542 0.0051 0.0067991 -0.000674369 0.0051 0.0067388 -0.000562794 0.0051 0.00682684 -0.000828827 0.0051 0.00656041 -0.0009 0.0051 0.00643739 -0.00771192 0.0015 -5.48952e-05 -0.00771085 0.0051 -3.96255e-07 -0.00771085 0.0015 3.96255e-07 -0.00922895 0.0051 0.00140292 -0.00922895 0.0015 0.00140292 -0.00917372 0.0015 0.00140618 -0.00771516 0.0015 -0.000110365 -0.00771192 0.0051 -5.55089e-05 -0.00771516 0.0051 -0.000110443 -0.00772056 0.0015 -0.000165198 -0.00772811 0.0015 -0.000219774 -0.00772064 0.0051 -0.000165721 -0.00773782 0.0015 -0.000274171 -0.00772824 0.0051 -0.000220548 -0.00773793 0.0051 -0.000274843 -0.00774969 0.0015 -0.00032839 -0.00776362 0.0015 -0.000381839 -0.00774972 0.0051 -0.000328607 -0.00777961 0.0015 -0.00043454 -0.00776376 0.0051 -0.000382247 -0.00777985 0.0051 -0.000435259 -0.0077977 0.0015 -0.000486709 -0.00781789 0.0015 -0.000538346 -0.00779793 0.0051 -0.000487402 -0.00784004 0.0015 -0.000589077 -0.007818 0.0051 -0.000538674 -0.00784019 0.0051 -0.000589356 -0.00786407 0.0015 -0.00063861 -0.00789009 0.0015 -0.000687273 -0.00786442 0.0051 -0.000639244 -0.00791808 0.0015 -0.000735067 -0.00789045 0.0051 -0.000687949 -0.0079183 0.0051 -0.000735469 -0.00794796 0.0015 -0.000781805 -0.00797943 0.0015 -0.000826957 -0.00794807 0.0051 -0.000781952 -0.00801272 0.0015 -0.000870924 -0.00797984 0.0051 -0.000827482 -0.0080132 0.0051 -0.000871546 -0.00804782 0.0015 -0.000913707 -0.0080847 0.0015 -0.000955274 -0.00804816 0.0051 -0.000914144 -0.00812284 0.0015 -0.000994939 -0.00808473 0.0051 -0.000955301 -0.00812328 0.0051 -0.000995341 -0.00816258 0.0015 -0.00103314 -0.0082039 0.0015 -0.00106987 -0.00816316 0.0051 -0.00103367 -0.00824682 0.0015 -0.00110513 -0.00820437 0.0051 -0.0010703 -0.00824691 0.0051 -0.00110521 -0.00829077 0.0015 -0.00113842 -0.00833597 0.0015 -0.00116991 -0.0082912 0.0051 -0.00113869 -0.0083825 0.0015 -0.0011997 -0.00833663 0.0051 -0.00117034 -0.00838308 0.0051 -0.00120008 -0.00843036 0.0015 -0.00122778 -0.00847909 0.0015 -0.00125385 -0.00843057 0.0051 -0.00122792 -0.00852864 0.0015 -0.00127788 -0.00847946 0.0051 -0.00125401 -0.00852933 0.0051 -0.00127818 -0.00857922 0.0015 -0.0013 -0.00863083 0.0015 -0.00132022 -0.0085799 0.0051 -0.0013003 -0.00868315 0.0015 -0.0013384 -0.00863117 0.0051 -0.00132037 -0.00868343 0.0051 -0.00133847 -0.00873583 0.0015 -0.00135438 -0.00878921 0.0015 -0.0013683 -0.00873652 0.0051 -0.00135455 -0.0088433 0.0015 -0.00138018 -0.00878996 0.0051 -0.00136849 -0.00884377 0.0051 -0.0013803 -0.00889793 0.0015 -0.00138998 -0.00895245 0.0015 -0.00139751 -0.00889793 0.0051 -0.00138998 -0.00900732 0.0015 -0.00140292 -0.00895245 0.0051 -0.00139751 -0.00900732 0.0051 -0.00140292 -0.00906255 0.0015 -0.00140618 -0.00911813 0.0015 -0.00140731 -0.00906255 0.0051 -0.00140618 -0.00911813 0.0051 -0.00140731 -0.00771192 0.0051 5.48952e-05 -0.00771516 0.0051 0.000110365 -0.00771192 0.0015 5.55089e-05 -0.00772056 0.0051 0.000165198 -0.00771516 0.0015 0.000110443 -0.00772064 0.0015 0.000165721 -0.00772811 0.0051 0.000219774 -0.00773782 0.0051 0.000274171 -0.00772824 0.0015 0.000220548 -0.00774969 0.0051 0.00032839 -0.00773793 0.0015 0.000274843 -0.00774972 0.0015 0.000328607 -0.00776362 0.0051 0.000381839 -0.00777961 0.0051 0.00043454 -0.00776376 0.0015 0.000382247 -0.0077977 0.0051 0.000486709 -0.00777985 0.0015 0.000435259 -0.00779793 0.0015 0.000487402 -0.00781789 0.0051 0.000538346 -0.00784004 0.0051 0.000589077 -0.007818 0.0015 0.000538674 -0.00786407 0.0051 0.00063861 -0.00784019 0.0015 0.000589356 -0.00786442 0.0015 0.000639244 -0.00789009 0.0051 0.000687273 -0.00791808 0.0051 0.000735067 -0.00789045 0.0015 0.000687949 -0.00794796 0.0051 0.000781805 -0.0079183 0.0015 0.000735469 -0.00794807 0.0015 0.000781952 -0.00797943 0.0051 0.000826957 -0.00801272 0.0051 0.000870924 -0.00797984 0.0015 0.000827482 -0.00804782 0.0051 0.000913707 -0.0080132 0.0015 0.000871546 -0.00804816 0.0015 0.000914144 -0.0080847 0.0051 0.000955274 -0.00812284 0.0051 0.000994939 -0.00808473 0.0015 0.000955301 -0.00816258 0.0051 0.00103314 -0.00812328 0.0015 0.000995341 -0.00816316 0.0015 0.00103367 -0.0082039 0.0051 0.00106987 -0.00824682 0.0051 0.00110513 -0.00820437 0.0015 0.0010703 -0.00829077 0.0051 0.00113842 -0.00824691 0.0015 0.00110521 -0.0082912 0.0015 0.00113869 -0.00833597 0.0051 0.00116991 -0.0083825 0.0051 0.0011997 -0.00833663 0.0015 0.00117034 -0.00843036 0.0051 0.00122778 -0.00838308 0.0015 0.00120008 -0.00843057 0.0015 0.00122792 -0.00847909 0.0051 0.00125385 -0.00852864 0.0051 0.00127788 -0.00847946 0.0015 0.00125401 -0.00857922 0.0051 0.0013 -0.00852933 0.0015 0.00127818 -0.0085799 0.0015 0.0013003 -0.00863083 0.0051 0.00132022 -0.00868315 0.0051 0.0013384 -0.00863117 0.0015 0.00132037 -0.00873583 0.0051 0.00135438 -0.00868343 0.0015 0.00133847 -0.00873652 0.0015 0.00135455 -0.00878921 0.0051 0.0013683 -0.0088433 0.0051 0.00138018 -0.00878996 0.0015 0.00136849 -0.00889793 0.0051 0.00138998 -0.00884377 0.0015 0.0013803 -0.00889793 0.0015 0.00138998 -0.00895245 0.0051 0.00139751 -0.00900732 0.0051 0.00140292 -0.00895245 0.0015 0.00139751 -0.00906255 0.0051 0.00140618 -0.00900732 0.0015 0.00140292 -0.00906255 0.0015 0.00140618 -0.00911813 0.0051 0.00140731 -0.00917372 0.0051 0.00140618 -0.00911813 0.0015 0.00140731 -0.00928382 0.0015 0.00139751 -0.00928382 0.0051 0.00139751 -0.00933834 0.0051 0.00138998 -0.00944705 0.0015 0.0013683 -0.0094463 0.0051 0.00136849 -0.00949975 0.0051 0.00135455 -0.00933834 0.0015 0.00138998 -0.0093925 0.0051 0.0013803 -0.00939297 0.0015 0.00138018 -0.00960509 0.0051 0.00132037 -0.00965637 0.0051 0.0013003 -0.00960544 0.0015 0.00132022 -0.00955284 0.0051 0.00133847 -0.00955311 0.0015 0.0013384 -0.00950043 0.0015 0.00135438 -0.00980569 0.0051 0.00122792 -0.00975718 0.0015 0.00125385 -0.00975681 0.0051 0.00125401 -0.00970763 0.0015 0.00127788 -0.00965705 0.0015 0.0013 -0.00970694 0.0051 0.00127818 -0.00990029 0.0015 0.00116991 -0.00989964 0.0051 0.00117034 -0.00994507 0.0051 0.00113869 -0.00980591 0.0015 0.00122778 -0.00985318 0.0051 0.00120008 -0.00985376 0.0015 0.0011997 -0.0100319 0.0051 0.0010703 -0.0100731 0.0051 0.00103367 -0.0100324 0.0015 0.00106987 -0.00998936 0.0051 0.00110521 -0.00998944 0.0015 0.00110513 -0.00994549 0.0015 0.00113842 -0.0101881 0.0051 0.000914144 -0.0101516 0.0015 0.000955274 -0.0101515 0.0051 0.000955301 -0.0101134 0.0015 0.000994939 -0.0100737 0.0015 0.00103314 -0.010113 0.0051 0.000995341 -0.0102568 0.0015 0.000826957 -0.0102564 0.0051 0.000827482 -0.0102882 0.0051 0.000781952 -0.0101884 0.0015 0.000913707 -0.0102231 0.0051 0.000871546 -0.0102235 0.0015 0.000870924 -0.0103458 0.0051 0.000687949 -0.0103718 0.0051 0.000639244 -0.0103462 0.0015 0.000687273 -0.010318 0.0051 0.000735469 -0.0103182 0.0015 0.000735067 -0.0102883 0.0015 0.000781805 -0.0104383 0.0051 0.000487402 -0.0104184 0.0015 0.000538346 -0.0104183 0.0051 0.000538674 -0.0103962 0.0015 0.000589077 -0.0103722 0.0015 0.00063861 -0.0103961 0.0051 0.000589356 -0.0104726 0.0015 0.000381839 -0.0104725 0.0051 0.000382247 -0.0104865 0.0051 0.000328607 -0.0104386 0.0015 0.000486709 -0.0104564 0.0051 0.000435259 -0.0104567 0.0015 0.00043454 -0.010508 0.0051 0.000220548 -0.0105156 0.0051 0.000165721 -0.0105082 0.0015 0.000219774 -0.0104983 0.0051 0.000274843 -0.0104984 0.0015 0.000274171 -0.0104866 0.0015 0.00032839 -0.0105254 0.0051 3.96255e-07 -0.0105243 0.0015 5.48952e-05 -0.0105243 0.0051 5.55089e-05 -0.0105211 0.0015 0.000110365 -0.0105157 0.0015 0.000165198 -0.0105211 0.0051 0.000110443 -0.0105211 0.0015 -0.000110443 -0.0105211 0.0051 -0.000110365 -0.0105157 0.0051 -0.000165198 -0.0105254 0.0015 -3.96255e-07 -0.0105243 0.0051 -5.48952e-05 -0.0105243 0.0015 -5.55089e-05 -0.0104984 0.0051 -0.000274171 -0.0104866 0.0051 -0.00032839 -0.0104983 0.0015 -0.000274843 -0.0105082 0.0051 -0.000219774 -0.010508 0.0015 -0.000220548 -0.0105156 0.0015 -0.000165721 -0.0104386 0.0051 -0.000486709 -0.0104564 0.0015 -0.000435259 -0.0104567 0.0051 -0.00043454 -0.0104725 0.0015 -0.000382247 -0.0104865 0.0015 -0.000328607 -0.0104726 0.0051 -0.000381839 -0.0103961 0.0015 -0.000589356 -0.0103962 0.0051 -0.000589077 -0.0103722 0.0051 -0.00063861 -0.0104383 0.0015 -0.000487402 -0.0104184 0.0051 -0.000538346 -0.0104183 0.0015 -0.000538674 -0.0103182 0.0051 -0.000735067 -0.0102883 0.0051 -0.000781805 -0.010318 0.0015 -0.000735469 -0.0103462 0.0051 -0.000687273 -0.0103458 0.0015 -0.000687949 -0.0103718 0.0015 -0.000639244 -0.0101884 0.0051 -0.000913707 -0.0102231 0.0015 -0.000871546 -0.0102235 0.0051 -0.000870924 -0.0102564 0.0015 -0.000827482 -0.0102882 0.0015 -0.000781952 -0.0102568 0.0051 -0.000826957 -0.010113 0.0015 -0.000995341 -0.0101134 0.0051 -0.000994939 -0.0100737 0.0051 -0.00103314 -0.0101881 0.0015 -0.000914144 -0.0101516 0.0051 -0.000955274 -0.0101515 0.0015 -0.000955301 -0.0100324 0.0051 -0.00106987 -0.0100731 0.0015 -0.00103367 -0.00998944 0.0051 -0.00110513 -0.0100319 0.0015 -0.0010703 -0.00998936 0.0015 -0.00110521 -0.00994549 0.0051 -0.00113842 -0.00990029 0.0051 -0.00116991 -0.00994507 0.0015 -0.00113869 -0.00985376 0.0051 -0.0011997 -0.00989964 0.0015 -0.00117034 -0.00985318 0.0015 -0.00120008 -0.00980591 0.0051 -0.00122778 -0.00975718 0.0051 -0.00125385 -0.00980569 0.0015 -0.00122792 -0.00970763 0.0051 -0.00127788 -0.00975681 0.0015 -0.00125401 -0.00970694 0.0015 -0.00127818 -0.00965705 0.0051 -0.0013 -0.00960544 0.0051 -0.00132022 -0.00965637 0.0015 -0.0013003 -0.00955311 0.0051 -0.0013384 -0.00960509 0.0015 -0.00132037 -0.00955284 0.0015 -0.00133847 -0.00950043 0.0051 -0.00135438 -0.00944705 0.0051 -0.0013683 -0.00949975 0.0015 -0.00135455 -0.00939297 0.0051 -0.00138018 -0.0094463 0.0015 -0.00136849 -0.0093925 0.0015 -0.0013803 -0.00933834 0.0051 -0.00138998 -0.00928382 0.0051 -0.00139751 -0.00933834 0.0015 -0.00138998 -0.00922895 0.0051 -0.00140292 -0.00928382 0.0015 -0.00139751 -0.00922895 0.0015 -0.00140292 -0.00917372 0.0051 -0.00140618 -0.00917372 0.0015 -0.00140618 0.00102233 0.0015 -0.00677327 0.000944943 0.0051 -0.00678451 0.000903417 0.0015 -0.00679013 -0.000420169 0.0015 -0.00683702 -0.000437729 0.0051 -0.00683599 -0.000540217 0.0015 -0.00682854 0.00107158 0.0051 -0.00676567 0.00114089 0.0015 -0.00675432 0.00125908 0.0015 -0.00673329 0.00119783 0.0051 -0.00674446 0.00137691 0.0015 -0.00671016 0.00132372 0.0051 -0.00672088 0.00144923 0.0051 -0.00669493 0.00149438 0.0015 -0.00668495 0.00157436 0.0051 -0.00666662 0.00161148 0.0015 -0.00665765 0.00169806 0.0051 -0.00663619 0.0018211 0.0051 -0.00660349 0.00172823 0.0015 -0.00662826 0.00184461 0.0015 -0.00659679 0.00194346 0.0051 -0.00656852 0.00196063 0.0015 -0.00656322 0.00206515 0.0051 -0.00653128 0.00218617 0.0051 -0.00649178 0.00207628 0.0015 -0.00652757 0.00219158 0.0015 -0.00648983 0.00230651 0.0051 -0.00645 0.00230651 0.0015 -0.00645 0.000817935 0.0051 -0.00680099 0.000690552 0.0051 -0.0068151 0.000784139 0.0015 -0.0068049 0.000562794 0.0051 -0.00682684 0.000664498 0.0015 -0.00681758 0.000544495 0.0015 -0.00682817 0.000437729 0.0051 -0.00683599 0.000312663 0.0051 -0.00684285 0.00042413 0.0015 -0.00683668 0.000187598 0.0051 -0.00684743 0.000303403 0.0015 -0.00684309 0.000182313 0.0015 -0.00684742 6.25326e-05 0.0051 -0.00684971 6.08616e-05 0.0015 -0.00684966 -6.00241e-05 0.0015 -0.00684974 -6.25326e-05 0.0051 -0.00684971 -0.000180072 0.0015 -0.00684762 -0.000300121 0.0015 -0.00684338 -0.000187598 0.0051 -0.00684743 -0.000312663 0.0051 -0.00684285 -0.000562794 0.0051 -0.00682684 -0.000780313 0.0015 -0.00680523 -0.000690552 0.0051 -0.0068151 -0.000817935 0.0051 -0.00680099 -0.000660265 0.0015 -0.00681794 -0.00119783 0.0051 -0.00674446 -0.00114046 0.0015 -0.00675436 -0.00107158 0.0051 -0.00676567 -0.000944943 0.0051 -0.00678451 -0.00102041 0.0015 -0.00677343 -0.000900362 0.0015 -0.00679039 -0.00144923 0.0051 -0.00669493 -0.00157436 0.0051 -0.00666662 -0.00149438 0.0015 -0.00668495 -0.00125908 0.0015 -0.00673329 -0.00132372 0.0051 -0.00672088 -0.00137691 0.0015 -0.00671016 -0.00172823 0.0015 -0.00662826 -0.0018211 0.0051 -0.00660349 -0.00184461 0.0015 -0.00659679 -0.00161148 0.0015 -0.00665765 -0.00169806 0.0051 -0.00663619 -0.00194346 0.0051 -0.00656852 -0.00206515 0.0051 -0.00653128 -0.00196063 0.0015 -0.00656322 -0.00218617 0.0051 -0.00649178 -0.00207628 0.0015 -0.00652757 -0.00219158 0.0015 -0.00648983 -0.00230651 0.0051 -0.00645 -0.00230651 0.0015 -0.00645 0.0105243 0.0015 -5.48952e-05 0.0105254 0.0051 -3.96255e-07 0.0105254 0.0015 3.96255e-07 0.00900732 0.0051 0.00140292 0.00900732 0.0015 0.00140292 0.00906255 0.0015 0.00140618 0.0105211 0.0015 -0.000110365 0.0105243 0.0051 -5.55089e-05 0.0105211 0.0051 -0.000110443 0.0105157 0.0015 -0.000165198 0.0105082 0.0015 -0.000219774 0.0105156 0.0051 -0.000165721 0.0104984 0.0015 -0.000274171 0.010508 0.0051 -0.000220548 0.0104983 0.0051 -0.000274843 0.0104866 0.0015 -0.00032839 0.0104726 0.0015 -0.000381839 0.0104865 0.0051 -0.000328607 0.0104567 0.0015 -0.00043454 0.0104725 0.0051 -0.000382247 0.0104564 0.0051 -0.000435259 0.0104386 0.0015 -0.000486709 0.0104184 0.0015 -0.000538346 0.0104383 0.0051 -0.000487402 0.0103962 0.0015 -0.000589077 0.0104183 0.0051 -0.000538674 0.0103961 0.0051 -0.000589356 0.0103722 0.0015 -0.00063861 0.0103462 0.0015 -0.000687273 0.0103718 0.0051 -0.000639244 0.0103182 0.0015 -0.000735067 0.0103458 0.0051 -0.000687949 0.010318 0.0051 -0.000735469 0.0102883 0.0015 -0.000781805 0.0102568 0.0015 -0.000826957 0.0102882 0.0051 -0.000781952 0.0102235 0.0015 -0.000870924 0.0102564 0.0051 -0.000827482 0.0102231 0.0051 -0.000871546 0.0101884 0.0015 -0.000913707 0.0101516 0.0015 -0.000955274 0.0101881 0.0051 -0.000914144 0.0101134 0.0015 -0.000994939 0.0101515 0.0051 -0.000955301 0.010113 0.0051 -0.000995341 0.0100737 0.0015 -0.00103314 0.0100324 0.0015 -0.00106987 0.0100731 0.0051 -0.00103367 0.00998944 0.0015 -0.00110513 0.0100319 0.0051 -0.0010703 0.00998936 0.0051 -0.00110521 0.00994549 0.0015 -0.00113842 0.00990029 0.0015 -0.00116991 0.00994507 0.0051 -0.00113869 0.00985376 0.0015 -0.0011997 0.00989964 0.0051 -0.00117034 0.00985318 0.0051 -0.00120008 0.00980591 0.0015 -0.00122778 0.00975718 0.0015 -0.00125385 0.00980569 0.0051 -0.00122792 0.00970763 0.0015 -0.00127788 0.00975681 0.0051 -0.00125401 0.00970694 0.0051 -0.00127818 0.00965705 0.0015 -0.0013 0.00960544 0.0015 -0.00132022 0.00965637 0.0051 -0.0013003 0.00955311 0.0015 -0.0013384 0.00960509 0.0051 -0.00132037 0.00955284 0.0051 -0.00133847 0.00950043 0.0015 -0.00135438 0.00944705 0.0015 -0.0013683 0.00949975 0.0051 -0.00135455 0.00939297 0.0015 -0.00138018 0.0094463 0.0051 -0.00136849 0.0093925 0.0051 -0.0013803 0.00933834 0.0015 -0.00138998 0.00928382 0.0015 -0.00139751 0.00933834 0.0051 -0.00138998 0.00922895 0.0015 -0.00140292 0.00928382 0.0051 -0.00139751 0.00922895 0.0051 -0.00140292 0.00917372 0.0015 -0.00140618 0.00911813 0.0015 -0.00140731 0.00917372 0.0051 -0.00140618 0.00911813 0.0051 -0.00140731 0.0105243 0.0051 5.48952e-05 0.0105211 0.0051 0.000110365 0.0105243 0.0015 5.55089e-05 0.0105157 0.0051 0.000165198 0.0105211 0.0015 0.000110443 0.0105156 0.0015 0.000165721 0.0105082 0.0051 0.000219774 0.0104984 0.0051 0.000274171 0.010508 0.0015 0.000220548 0.0104866 0.0051 0.00032839 0.0104983 0.0015 0.000274843 0.0104865 0.0015 0.000328607 0.0104726 0.0051 0.000381839 0.0104567 0.0051 0.00043454 0.0104725 0.0015 0.000382247 0.0104386 0.0051 0.000486709 0.0104564 0.0015 0.000435259 0.0104383 0.0015 0.000487402 0.0104184 0.0051 0.000538346 0.0103962 0.0051 0.000589077 0.0104183 0.0015 0.000538674 0.0103722 0.0051 0.00063861 0.0103961 0.0015 0.000589356 0.0103718 0.0015 0.000639244 0.0103462 0.0051 0.000687273 0.0103182 0.0051 0.000735067 0.0103458 0.0015 0.000687949 0.0102883 0.0051 0.000781805 0.010318 0.0015 0.000735469 0.0102882 0.0015 0.000781952 0.0102568 0.0051 0.000826957 0.0102235 0.0051 0.000870924 0.0102564 0.0015 0.000827482 0.0101884 0.0051 0.000913707 0.0102231 0.0015 0.000871546 0.0101881 0.0015 0.000914144 0.0101516 0.0051 0.000955274 0.0101134 0.0051 0.000994939 0.0101515 0.0015 0.000955301 0.0100737 0.0051 0.00103314 0.010113 0.0015 0.000995341 0.0100731 0.0015 0.00103367 0.0100324 0.0051 0.00106987 0.00998944 0.0051 0.00110513 0.0100319 0.0015 0.0010703 0.00994549 0.0051 0.00113842 0.00998936 0.0015 0.00110521 0.00994507 0.0015 0.00113869 0.00990029 0.0051 0.00116991 0.00985376 0.0051 0.0011997 0.00989964 0.0015 0.00117034 0.00980591 0.0051 0.00122778 0.00985318 0.0015 0.00120008 0.00980569 0.0015 0.00122792 0.00975718 0.0051 0.00125385 0.00970763 0.0051 0.00127788 0.00975681 0.0015 0.00125401 0.00965705 0.0051 0.0013 0.00970694 0.0015 0.00127818 0.00965637 0.0015 0.0013003 0.00960544 0.0051 0.00132022 0.00955311 0.0051 0.0013384 0.00960509 0.0015 0.00132037 0.00950043 0.0051 0.00135438 0.00955284 0.0015 0.00133847 0.00949975 0.0015 0.00135455 0.00944705 0.0051 0.0013683 0.00939297 0.0051 0.00138018 0.0094463 0.0015 0.00136849 0.00933834 0.0051 0.00138998 0.0093925 0.0015 0.0013803 0.00933834 0.0015 0.00138998 0.00928382 0.0051 0.00139751 0.00922895 0.0051 0.00140292 0.00928382 0.0015 0.00139751 0.00917372 0.0051 0.00140618 0.00922895 0.0015 0.00140292 0.00917372 0.0015 0.00140618 0.00911813 0.0051 0.00140731 0.00906255 0.0051 0.00140618 0.00911813 0.0015 0.00140731 0.00895245 0.0015 0.00139751 0.00895245 0.0051 0.00139751 0.00889793 0.0051 0.00138998 0.00878921 0.0015 0.0013683 0.00878996 0.0051 0.00136849 0.00873652 0.0051 0.00135455 0.00889793 0.0015 0.00138998 0.00884377 0.0051 0.0013803 0.0088433 0.0015 0.00138018 0.00863117 0.0051 0.00132037 0.0085799 0.0051 0.0013003 0.00863083 0.0015 0.00132022 0.00868343 0.0051 0.00133847 0.00868315 0.0015 0.0013384 0.00873583 0.0015 0.00135438 0.00843057 0.0051 0.00122792 0.00847909 0.0015 0.00125385 0.00847946 0.0051 0.00125401 0.00852864 0.0015 0.00127788 0.00857922 0.0015 0.0013 0.00852933 0.0051 0.00127818 0.00833597 0.0015 0.00116991 0.00833663 0.0051 0.00117034 0.0082912 0.0051 0.00113869 0.00843036 0.0015 0.00122778 0.00838308 0.0051 0.00120008 0.0083825 0.0015 0.0011997 0.00820437 0.0051 0.0010703 0.00816316 0.0051 0.00103367 0.0082039 0.0015 0.00106987 0.00824691 0.0051 0.00110521 0.00824682 0.0015 0.00110513 0.00829077 0.0015 0.00113842 0.00804816 0.0051 0.000914144 0.0080847 0.0015 0.000955274 0.00808473 0.0051 0.000955301 0.00812284 0.0015 0.000994939 0.00816258 0.0015 0.00103314 0.00812328 0.0051 0.000995341 0.00797943 0.0015 0.000826957 0.00797984 0.0051 0.000827482 0.00794807 0.0051 0.000781952 0.00804782 0.0015 0.000913707 0.0080132 0.0051 0.000871546 0.00801272 0.0015 0.000870924 0.00789045 0.0051 0.000687949 0.00786442 0.0051 0.000639244 0.00789009 0.0015 0.000687273 0.0079183 0.0051 0.000735469 0.00791808 0.0015 0.000735067 0.00794796 0.0015 0.000781805 0.00779793 0.0051 0.000487402 0.00781789 0.0015 0.000538346 0.007818 0.0051 0.000538674 0.00784004 0.0015 0.000589077 0.00786407 0.0015 0.00063861 0.00784019 0.0051 0.000589356 0.00776362 0.0015 0.000381839 0.00776376 0.0051 0.000382247 0.00774972 0.0051 0.000328607 0.0077977 0.0015 0.000486709 0.00777985 0.0051 0.000435259 0.00777961 0.0015 0.00043454 0.00772824 0.0051 0.000220548 0.00772064 0.0051 0.000165721 0.00772811 0.0015 0.000219774 0.00773793 0.0051 0.000274843 0.00773782 0.0015 0.000274171 0.00774969 0.0015 0.00032839 0.00771085 0.0051 3.96255e-07 0.00771192 0.0015 5.48952e-05 0.00771192 0.0051 5.55089e-05 0.00771516 0.0015 0.000110365 0.00772056 0.0015 0.000165198 0.00771516 0.0051 0.000110443 0.00771516 0.0015 -0.000110443 0.00771516 0.0051 -0.000110365 0.00772056 0.0051 -0.000165198 0.00771085 0.0015 -3.96255e-07 0.00771192 0.0051 -5.48952e-05 0.00771192 0.0015 -5.55089e-05 0.00773782 0.0051 -0.000274171 0.00774969 0.0051 -0.00032839 0.00773793 0.0015 -0.000274843 0.00772811 0.0051 -0.000219774 0.00772824 0.0015 -0.000220548 0.00772064 0.0015 -0.000165721 0.0077977 0.0051 -0.000486709 0.00777985 0.0015 -0.000435259 0.00777961 0.0051 -0.00043454 0.00776376 0.0015 -0.000382247 0.00774972 0.0015 -0.000328607 0.00776362 0.0051 -0.000381839 0.00784019 0.0015 -0.000589356 0.00784004 0.0051 -0.000589077 0.00786407 0.0051 -0.00063861 0.00779793 0.0015 -0.000487402 0.00781789 0.0051 -0.000538346 0.007818 0.0015 -0.000538674 0.00791808 0.0051 -0.000735067 0.00794796 0.0051 -0.000781805 0.0079183 0.0015 -0.000735469 0.00789009 0.0051 -0.000687273 0.00789045 0.0015 -0.000687949 0.00786442 0.0015 -0.000639244 0.00804782 0.0051 -0.000913707 0.0080132 0.0015 -0.000871546 0.00801272 0.0051 -0.000870924 0.00797984 0.0015 -0.000827482 0.00794807 0.0015 -0.000781952 0.00797943 0.0051 -0.000826957 0.00812328 0.0015 -0.000995341 0.00812284 0.0051 -0.000994939 0.00816258 0.0051 -0.00103314 0.00804816 0.0015 -0.000914144 0.0080847 0.0051 -0.000955274 0.00808473 0.0015 -0.000955301 0.0082039 0.0051 -0.00106987 0.00816316 0.0015 -0.00103367 0.00824682 0.0051 -0.00110513 0.00820437 0.0015 -0.0010703 0.00824691 0.0015 -0.00110521 0.00829077 0.0051 -0.00113842 0.00833597 0.0051 -0.00116991 0.0082912 0.0015 -0.00113869 0.0083825 0.0051 -0.0011997 0.00833663 0.0015 -0.00117034 0.00838308 0.0015 -0.00120008 0.00843036 0.0051 -0.00122778 0.00847909 0.0051 -0.00125385 0.00843057 0.0015 -0.00122792 0.00852864 0.0051 -0.00127788 0.00847946 0.0015 -0.00125401 0.00852933 0.0015 -0.00127818 0.00857922 0.0051 -0.0013 0.00863083 0.0051 -0.00132022 0.0085799 0.0015 -0.0013003 0.00868315 0.0051 -0.0013384 0.00863117 0.0015 -0.00132037 0.00868343 0.0015 -0.00133847 0.00873583 0.0051 -0.00135438 0.00878921 0.0051 -0.0013683 0.00873652 0.0015 -0.00135455 0.0088433 0.0051 -0.00138018 0.00878996 0.0015 -0.00136849 0.00884377 0.0015 -0.0013803 0.00889793 0.0051 -0.00138998 0.00895245 0.0051 -0.00139751 0.00889793 0.0015 -0.00138998 0.00900732 0.0051 -0.00140292 0.00895245 0.0015 -0.00139751 0.00900732 0.0015 -0.00140292 0.00906255 0.0051 -0.00140618 0.00906255 0.0015 -0.00140618 0.00566329 0.0051 -0.00411423 0.00568946 0.0085 -0.00407637 0.00566292 0.0085 -0.00411474 0.00571431 0.0085 -0.00403667 0.00568973 0.0051 -0.00407601 0.00571435 0.0051 -0.00403658 0.00573704 0.0085 -0.00399621 0.00573728 0.0051 -0.00399572 0.00575791 0.0085 -0.00395464 0.00577693 0.0085 -0.00391195 0.00575818 0.0051 -0.00395408 0.00577707 0.0051 -0.00391166 0.00579394 0.0085 -0.00386846 0.00579402 0.0051 -0.00386819 0.00580879 0.0085 -0.00382447 0.00582163 0.0085 -0.0037797 0.00580896 0.0051 -0.00382389 0.00582179 0.0051 -0.00377915 0.00583244 0.0085 -0.00373414 0.00583249 0.0051 -0.003734 0.00584106 0.0085 -0.00368841 0.00584752 0.0085 -0.0036424 0.00584111 0.0051 -0.003688 0.00584759 0.0051 -0.00364177 0.00585185 0.0085 -0.00359596 0.00585191 0.0051 -0.00359549 0.00585406 0.0085 -0.00354914 0.00585405 0.0085 -0.00350274 0.00585405 0.0051 -0.00354909 0.00585401 0.0051 -0.00350222 0.00585187 0.0085 -0.00345629 0.00585183 0.0051 -0.00345567 0.00584753 0.0085 -0.00340977 0.00584104 0.0085 -0.00336349 0.00584751 0.0051 -0.00340942 0.00584099 0.0051 -0.00336326 0.00583243 0.0085 -0.00331788 0.0058323 0.0051 -0.0033173 0.00582168 0.0085 -0.00327257 0.00580879 0.0085 -0.00322758 0.00582155 0.0051 -0.00327201 0.00580875 0.0051 -0.00322739 0.00579389 0.0085 -0.00318345 0.00579389 0.0051 -0.00318345 0.00577697 0.0085 -0.00314019 0.005758 0.0085 -0.0030976 0.00577697 0.0051 -0.00314019 0.005758 0.0051 -0.0030976 0.00573697 0.0085 -0.00305569 0.00573697 0.0051 -0.00305569 0.005635 0.0051 -0.00415133 0.00563473 0.0085 -0.00415169 0.00560492 0.0051 -0.00418723 0.00560485 0.0085 -0.0041873 0.00557346 0.0051 -0.00422135 0.00554038 0.0051 -0.00425405 0.00557307 0.0085 -0.00422173 0.00553993 0.0085 -0.00425448 0.00550565 0.0051 -0.00428533 0.00550543 0.0085 -0.00428555 0.00546955 0.0051 -0.00431495 0.0054323 0.0051 -0.00434266 0.00546932 0.0085 -0.0043151 0.0054318 0.0085 -0.00434301 0.00539369 0.0051 -0.00436871 0.00539322 0.0085 -0.00436902 0.0053537 0.0051 -0.00439307 0.00531287 0.0051 -0.0044154 0.00535358 0.0085 -0.00439316 0.00531249 0.0085 -0.00441557 0.00527111 0.0051 -0.00443576 0.00527053 0.0085 -0.00443602 0.00522828 0.0051 -0.00445423 0.00518444 0.0051 -0.00447079 0.00522785 0.0085 -0.00445443 0.00518439 0.0085 -0.00447081 0.00514031 0.0051 -0.00448512 0.0051398 0.0085 -0.00448525 0.00509545 0.0051 -0.00449741 0.00504987 0.0051 -0.00450765 0.00509485 0.0085 -0.00449756 0.00504953 0.0085 -0.00450774 0.00500385 0.0051 -0.00451578 0.00500362 0.0085 -0.0045158 0.00495781 0.0051 -0.00452169 0.0049114 0.0051 -0.00452547 0.00495722 0.0085 -0.00452174 0.00491082 0.0085 -0.00452552 0.00486463 0.0051 -0.00452711 0.00486444 0.0085 -0.00452713 0.00481806 0.0051 -0.00452657 0.00477168 0.0051 -0.00452385 0.00481806 0.0085 -0.00452657 0.00477168 0.0085 -0.00452385 0.00472531 0.0051 -0.00451897 0.00472531 0.0085 -0.00451897 0.00467895 0.0051 -0.00451192 0.00467895 0.0085 -0.00451192 0.00411474 0.0051 -0.00566292 0.00415133 0.0085 -0.005635 0.00411423 0.0085 -0.00566329 0.00418723 0.0085 -0.00560492 0.00415169 0.0051 -0.00563473 0.0041873 0.0051 -0.00560485 0.00422135 0.0085 -0.00557346 0.00422173 0.0051 -0.00557307 0.00425405 0.0085 -0.00554038 0.00428533 0.0085 -0.00550565 0.00425448 0.0051 -0.00553993 0.00428555 0.0051 -0.00550543 0.00431495 0.0085 -0.00546955 0.0043151 0.0051 -0.00546932 0.00434266 0.0085 -0.0054323 0.00436871 0.0085 -0.00539369 0.00434301 0.0051 -0.0054318 0.00436902 0.0051 -0.00539322 0.00439307 0.0085 -0.0053537 0.00439316 0.0051 -0.00535358 0.0044154 0.0085 -0.00531287 0.00443576 0.0085 -0.00527111 0.00441557 0.0051 -0.00531249 0.00443602 0.0051 -0.00527053 0.00445423 0.0085 -0.00522828 0.00445443 0.0051 -0.00522785 0.00447079 0.0085 -0.00518444 0.00448512 0.0085 -0.00514031 0.00447081 0.0051 -0.00518439 0.00448525 0.0051 -0.0051398 0.00449741 0.0085 -0.00509545 0.00449756 0.0051 -0.00509485 0.00450765 0.0085 -0.00504987 0.00451578 0.0085 -0.00500385 0.00450774 0.0051 -0.00504953 0.0045158 0.0051 -0.00500362 0.00452169 0.0085 -0.00495781 0.00452174 0.0051 -0.00495722 0.00452547 0.0085 -0.0049114 0.00452711 0.0085 -0.00486463 0.00452552 0.0051 -0.00491082 0.00452713 0.0051 -0.00486444 0.00452657 0.0085 -0.00481806 0.00452657 0.0051 -0.00481806 0.00452385 0.0085 -0.00477168 0.00451897 0.0085 -0.00472531 0.00452385 0.0051 -0.00477168 0.00451897 0.0051 -0.00472531 0.00451192 0.0085 -0.00467895 0.00451192 0.0051 -0.00467895 0.00407637 0.0051 -0.00568946 0.00407601 0.0085 -0.00568973 0.00403667 0.0051 -0.00571431 0.00403658 0.0085 -0.00571435 0.00399621 0.0051 -0.00573704 0.00395464 0.0051 -0.00575791 0.00399572 0.0085 -0.00573728 0.00395408 0.0085 -0.00575818 0.00391195 0.0051 -0.00577693 0.00391166 0.0085 -0.00577707 0.00386846 0.0051 -0.00579394 0.00382447 0.0051 -0.00580879 0.00386819 0.0085 -0.00579402 0.00382389 0.0085 -0.00580896 0.0037797 0.0051 -0.00582163 0.00377915 0.0085 -0.00582179 0.00373414 0.0051 -0.00583244 0.00368841 0.0051 -0.00584106 0.003734 0.0085 -0.00583249 0.003688 0.0085 -0.00584111 0.0036424 0.0051 -0.00584752 0.00364177 0.0085 -0.00584759 0.00359596 0.0051 -0.00585185 0.00354914 0.0051 -0.00585406 0.00359549 0.0085 -0.00585191 0.00354909 0.0085 -0.00585405 0.00350274 0.0051 -0.00585405 0.00350222 0.0085 -0.00585401 0.00345629 0.0051 -0.00585187 0.00340977 0.0051 -0.00584753 0.00345567 0.0085 -0.00585183 0.00340942 0.0085 -0.00584751 0.00336349 0.0051 -0.00584104 0.00336326 0.0085 -0.00584099 0.00331788 0.0051 -0.00583243 0.00327257 0.0051 -0.00582168 0.0033173 0.0085 -0.0058323 0.00327201 0.0085 -0.00582155 0.00322758 0.0051 -0.00580879 0.00322739 0.0085 -0.00580875 0.00318345 0.0051 -0.00579389 0.00314019 0.0051 -0.00577697 0.00318345 0.0085 -0.00579389 0.00314019 0.0085 -0.00577697 0.0030976 0.0051 -0.005758 0.0030976 0.0085 -0.005758 0.00305569 0.0051 -0.00573697 0.00305569 0.0085 -0.00573697 0.0021659 0.0051 -0.00665647 0.00220684 0.0085 -0.00664203 0.00216281 0.0085 -0.00665747 0.00225028 0.0085 -0.00662452 0.00220929 0.0051 -0.00664113 0.00225205 0.0051 -0.00662374 0.00229245 0.0085 -0.00660515 0.00229413 0.0051 -0.00660431 0.00233377 0.0085 -0.00658378 0.00237425 0.0085 -0.00656043 0.00233507 0.0051 -0.00658308 0.00237489 0.0051 -0.00656006 0.00241357 0.0085 -0.00653524 0.00241357 0.0051 -0.00653524 0.00245145 0.0085 -0.00650838 0.00245112 0.0051 -0.00650863 0.00248753 0.0051 -0.00648021 0.00252281 0.0051 -0.00645 0.00248815 0.0085 -0.0064797 0.00255692 0.0051 -0.00641787 0.00252367 0.0085 -0.00644921 0.00255753 0.0085 -0.00641728 0.00258936 0.0051 -0.00638434 0.00262014 0.0051 -0.00634941 0.00258979 0.0085 -0.00638385 0.00264944 0.0051 -0.00631283 0.0026206 0.0085 -0.00634882 0.0026499 0.0085 -0.00631225 0.00267689 0.0051 -0.0062751 0.00270249 0.0051 -0.00623622 0.00267716 0.0085 -0.0062747 0.0027264 0.0051 -0.00619592 0.00270271 0.0085 -0.00623584 0.00272654 0.0085 -0.00619566 0.00274832 0.0051 -0.00615473 0.00276826 0.0051 -0.00611266 0.00274849 0.0085 -0.0061544 0.00278631 0.0051 -0.00606941 0.00276834 0.0085 -0.00611244 0.00278627 0.0085 -0.00606947 0.00280227 0.0051 -0.00602557 0.00280229 0.0085 -0.00602549 0.00281617 0.0085 -0.00598103 0.00281614 0.0051 -0.00598113 0.00282791 0.0085 -0.00593609 0.00283759 0.0085 -0.00589048 0.00282792 0.0051 -0.00593609 0.00283761 0.0051 -0.00589045 0.00284521 0.0085 -0.00584421 0.00284521 0.0051 -0.00584421 0.00212169 0.0051 -0.00666985 0.00211829 0.0085 -0.00667081 0.00207667 0.0051 -0.00668126 0.00207318 0.0085 -0.00668204 0.00203163 0.0051 -0.00669046 0.00198611 0.0051 -0.00669758 0.00202724 0.0085 -0.00669122 0.00198118 0.0085 -0.00669824 0.00194013 0.0051 -0.00670264 0.001935 0.0085 -0.00670309 0.0018939 0.0051 -0.00670559 0.00184792 0.0051 -0.00670637 0.00188842 0.0085 -0.00670578 0.00184166 0.0085 -0.0067063 0.00179516 0.0085 -0.00670467 0.00180182 0.0051 -0.00670502 0.0017489 0.0085 -0.00670089 0.0017556 0.0051 -0.00670156 0.00170978 0.0051 -0.00669599 0.00170249 0.0085 -0.00669488 0.00165652 0.0085 -0.00668676 0.0016644 0.0051 -0.00668831 0.00161117 0.0085 -0.00667656 0.00161926 0.0051 -0.00667852 0.00157436 0.0051 -0.00666662 0.00156639 0.0085 -0.00666427 0.00152182 0.0085 -0.00664974 0.00152894 0.0051 -0.00665221 0.00147822 0.0085 -0.00663328 0.0014845 0.0051 -0.0066358 0.00144104 0.0051 -0.00661737 0.00143557 0.0085 -0.00661488 0.00139369 0.0085 -0.00659441 0.00139857 0.0051 -0.00659694 0.00135266 0.0085 -0.00657195 0.00135709 0.0051 -0.00657451 0.00131659 0.0051 -0.00655006 0.00131291 0.0085 -0.00654773 0.00127443 0.0085 -0.00652177 0.00127707 0.0051 -0.00652361 0.00123724 0.0085 -0.00649406 0.00123902 0.0051 -0.00649544 0.00120247 0.0051 -0.00646558 0.00120132 0.0085 -0.0064646 0.00116668 0.0085 -0.00643339 0.00116723 0.0051 -0.00643391 0.00113331 0.0051 -0.00640044 0.00113331 0.0085 -0.00640044 3.09356e-07 0.0051 -0.00699998 4.63303e-05 0.0085 -0.0069989 -3.16691e-07 0.0085 -0.00699998 4.61382e-05 0.0051 -0.00699893 9.18778e-05 0.0051 -0.00699577 0.000137777 0.0051 -0.00699045 9.30532e-05 0.0085 -0.00699567 0.000183144 0.0051 -0.00698309 0.000139143 0.0085 -0.00699027 0.000185046 0.0085 -0.00698273 0.000227977 0.0051 -0.0069737 0.000272516 0.0051 -0.00696218 0.000230764 0.0085 -0.00697302 0.000316597 0.0051 -0.0069486 0.000275945 0.0085 -0.00696122 0.000320263 0.0085 -0.00694738 0.000359808 0.0051 -0.0069331 0.000402147 0.0051 -0.00691568 0.000364029 0.0085 -0.00693144 0.000443615 0.0051 -0.00689635 0.000407243 0.0085 -0.00691342 0.000449304 0.0085 -0.00689351 0.000484212 0.0051 -0.0068751 0.000523939 0.0051 -0.00685193 0.000490324 0.0085 -0.00687169 0.000562794 0.0051 -0.00682684 0.000530442 0.0085 -0.0068479 0.000569611 0.0085 -0.00682217 0.000601542 0.0051 -0.0067991 0.000638734 0.0051 -0.00676975 0.000607141 0.0085 -0.00679488 0.000674369 0.0051 -0.0067388 0.000643446 0.0085 -0.00676582 0.000678526 0.0085 -0.00673496 0.000708588 0.0051 -0.00670608 0.000741363 0.0051 -0.00667163 0.000712156 0.0085 -0.00670251 0.000772328 0.0051 -0.00663587 0.000744 0.0085 -0.00666874 0.000774333 0.0085 -0.00663341 0.000801483 0.0051 -0.0065988 0.000828827 0.0051 -0.00656041 0.000803153 0.0085 -0.00659654 0.000854362 0.0051 -0.00652072 0.000830092 0.0085 -0.00655854 0.00085515 0.0085 -0.00651942 0.000878086 0.0051 -0.00647971 0.0009 0.0051 -0.00643739 0.000878452 0.0085 -0.00647904 0.0009 0.0085 -0.00643739 -4.56989e-05 0.0051 -0.00699893 -4.67778e-05 0.0085 -0.0069989 -9.17876e-05 0.0051 -0.00699578 -9.31528e-05 0.0085 -0.00699565 -0.000137258 0.0051 -0.00699054 -0.000182548 0.0051 -0.00698319 -0.000139679 0.0085 -0.00699018 -0.000185653 0.0085 -0.00698262 -0.00022766 0.0051 -0.00697375 -0.000231075 0.0085 -0.00697297 -0.000276206 0.0085 -0.00696113 -0.000272278 0.0051 -0.00696226 -0.000316045 0.0051 -0.00694879 -0.000320833 0.0085 -0.00694717 -0.000364559 0.0085 -0.00693125 -0.00035928 0.0051 -0.00693329 -0.000407383 0.0085 -0.00691337 -0.000401981 0.0051 -0.00691574 -0.000443615 0.0051 -0.00689635 -0.000449668 0.0085 -0.00689331 -0.000490874 0.0085 -0.00687138 -0.000484212 0.0051 -0.0068751 -0.000530855 0.0085 -0.00684766 -0.000523939 0.0051 -0.00685193 -0.000562794 0.0051 -0.00682684 -0.000569651 0.0085 -0.00682213 -0.000607546 0.0085 -0.00679455 -0.000601542 0.0051 -0.0067991 -0.000643928 0.0085 -0.00676542 -0.000638734 0.0051 -0.00676975 -0.000674369 0.0051 -0.0067388 -0.000678798 0.0085 -0.00673474 -0.00071231 0.0085 -0.00670233 -0.000708447 0.0051 -0.00670625 -0.000744388 0.0085 -0.00666829 -0.000740969 0.0051 -0.00667209 -0.000771934 0.0051 -0.00663633 -0.000774711 0.0085 -0.00663297 -0.000803279 0.0085 -0.00659639 -0.000801342 0.0051 -0.00659896 -0.000830092 0.0085 -0.00655854 -0.000828827 0.0051 -0.00656041 -0.000854362 0.0051 -0.00652072 -0.00085515 0.0085 -0.00651942 -0.000878452 0.0085 -0.00647904 -0.000878086 0.0051 -0.00647971 -0.0009 0.0051 -0.00643739 -0.0009 0.0085 -0.00643739 -0.00212123 0.0051 -0.00666999 -0.00216341 0.0085 -0.00665728 -0.00216533 0.0051 -0.00665665 -0.00211872 0.0085 -0.00667067 -0.00207667 0.0051 -0.00668126 -0.00203115 0.0051 -0.00669053 -0.00207328 0.0085 -0.00668203 -0.00198552 0.0051 -0.00669767 -0.00202778 0.0085 -0.00669114 -0.00198179 0.0085 -0.00669815 -0.00193977 0.0051 -0.00670269 -0.0018937 0.0051 -0.00670558 -0.00193531 0.0085 -0.00670305 -0.00184736 0.0051 -0.00670635 -0.0018887 0.0085 -0.00670578 -0.00184227 0.0085 -0.00670632 -0.00180126 0.0051 -0.00670501 -0.0017554 0.0051 -0.00670155 -0.00179572 0.0085 -0.00670469 -0.00170978 0.0051 -0.00669599 -0.00174905 0.0085 -0.0067009 -0.0017029 0.0085 -0.00669496 -0.0016644 0.0051 -0.00668831 -0.00161926 0.0051 -0.00667852 -0.00165714 0.0085 -0.00668688 -0.00157436 0.0051 -0.00666662 -0.00161164 0.0085 -0.00667665 -0.00156643 0.0085 -0.00666428 -0.00152894 0.0051 -0.00665221 -0.0014845 0.0051 -0.0066358 -0.00152231 0.0085 -0.00664994 -0.00144104 0.0051 -0.00661737 -0.0014788 0.0085 -0.00663351 -0.0014359 0.0085 -0.00661501 -0.00139839 0.0051 -0.00659683 -0.00135657 0.0051 -0.00657419 -0.00139389 0.0085 -0.00659454 -0.00131607 0.0051 -0.00654975 -0.00135317 0.0085 -0.00657225 -0.0013134 0.0085 -0.00654803 -0.00127689 0.0051 -0.0065235 -0.00123902 0.0051 -0.00649544 -0.0012746 0.0085 -0.00652187 -0.00120247 0.0051 -0.00646558 -0.00123724 0.0085 -0.00649406 -0.00120132 0.0085 -0.0064646 -0.00116723 0.0051 -0.00643391 -0.00113331 0.0051 -0.00640044 -0.00116668 0.0085 -0.00643339 -0.00113331 0.0085 -0.00640044 -0.00220727 0.0085 -0.0066419 -0.00225037 0.0085 -0.00662447 -0.00220895 0.0051 -0.00664124 -0.00229293 0.0085 -0.00660489 -0.00225187 0.0051 -0.00662383 -0.00229363 0.0051 -0.00660457 -0.00233431 0.0085 -0.0065835 -0.00237453 0.0085 -0.00656028 -0.00233458 0.0051 -0.00658334 -0.00237471 0.0051 -0.00656015 -0.00241379 0.0085 -0.00653507 -0.00241357 0.0051 -0.00653524 -0.00245112 0.0051 -0.00650863 -0.00245193 0.0085 -0.00650801 -0.00248859 0.0085 -0.00647936 -0.00248753 0.0051 -0.00648021 -0.00252379 0.0085 -0.00644912 -0.00252281 0.0051 -0.00645 -0.00255692 0.0051 -0.00641787 -0.00255781 0.0085 -0.00641697 -0.00259022 0.0085 -0.00638338 -0.00258936 0.0051 -0.00638434 -0.00262092 0.0085 -0.00634847 -0.00262014 0.0051 -0.00634941 -0.00264926 0.0051 -0.00631308 -0.00264993 0.0085 -0.0063122 -0.00267744 0.0085 -0.00627426 -0.00267671 0.0051 -0.00627535 -0.00270304 0.0085 -0.00623531 -0.00270249 0.0051 -0.00623622 -0.00272626 0.0051 -0.00619619 -0.00272672 0.0085 -0.00619536 -0.00274858 0.0085 -0.00615418 -0.00274818 0.0051 -0.006155 -0.00276857 0.0085 -0.00611189 -0.00276826 0.0051 -0.00611266 -0.0027862 0.0051 -0.0060697 -0.0027865 0.0085 -0.00606893 -0.00280236 0.0085 -0.00602531 -0.00280217 0.0051 -0.00602586 -0.00281617 0.0085 -0.00598103 -0.00281614 0.0051 -0.00598113 -0.00282792 0.0051 -0.00593609 -0.00282791 0.0085 -0.00593609 -0.00283759 0.0085 -0.00589048 -0.00283761 0.0051 -0.00589045 -0.00284521 0.0051 -0.00584421 -0.00284521 0.0085 -0.00584421 -0.00411423 0.0051 -0.00566329 -0.00407637 0.0085 -0.00568946 -0.00411474 0.0085 -0.00566292 -0.00403667 0.0085 -0.00571431 -0.00407601 0.0051 -0.00568973 -0.00403658 0.0051 -0.00571435 -0.00399621 0.0085 -0.00573704 -0.00399572 0.0051 -0.00573728 -0.00395464 0.0085 -0.00575791 -0.00391195 0.0085 -0.00577693 -0.00395408 0.0051 -0.00575818 -0.00391166 0.0051 -0.00577707 -0.00386846 0.0085 -0.00579394 -0.00386819 0.0051 -0.00579402 -0.00382447 0.0085 -0.00580879 -0.0037797 0.0085 -0.00582163 -0.00382389 0.0051 -0.00580896 -0.00377915 0.0051 -0.00582179 -0.00373414 0.0085 -0.00583244 -0.003734 0.0051 -0.00583249 -0.00368841 0.0085 -0.00584106 -0.0036424 0.0085 -0.00584752 -0.003688 0.0051 -0.00584111 -0.00364177 0.0051 -0.00584759 -0.00359596 0.0085 -0.00585185 -0.00359549 0.0051 -0.00585191 -0.00354914 0.0085 -0.00585406 -0.00350274 0.0085 -0.00585405 -0.00354909 0.0051 -0.00585405 -0.00350222 0.0051 -0.00585401 -0.00345629 0.0085 -0.00585187 -0.00345567 0.0051 -0.00585183 -0.00340977 0.0085 -0.00584753 -0.00336349 0.0085 -0.00584104 -0.00340942 0.0051 -0.00584751 -0.00336326 0.0051 -0.00584099 -0.00331788 0.0085 -0.00583243 -0.0033173 0.0051 -0.0058323 -0.00327257 0.0085 -0.00582168 -0.00322758 0.0085 -0.00580879 -0.00327201 0.0051 -0.00582155 -0.00322739 0.0051 -0.00580875 -0.00318345 0.0085 -0.00579389 -0.00318345 0.0051 -0.00579389 -0.00314019 0.0085 -0.00577697 -0.0030976 0.0085 -0.005758 -0.00314019 0.0051 -0.00577697 -0.0030976 0.0051 -0.005758 -0.00305569 0.0085 -0.00573697 -0.00305569 0.0051 -0.00573697 -0.00415133 0.0051 -0.005635 -0.00415169 0.0085 -0.00563473 -0.00418723 0.0051 -0.00560492 -0.0041873 0.0085 -0.00560485 -0.00422135 0.0051 -0.00557346 -0.00425405 0.0051 -0.00554038 -0.00422173 0.0085 -0.00557307 -0.00425448 0.0085 -0.00553993 -0.00428533 0.0051 -0.00550565 -0.00428555 0.0085 -0.00550543 -0.00431495 0.0051 -0.00546955 -0.00434266 0.0051 -0.0054323 -0.0043151 0.0085 -0.00546932 -0.00434301 0.0085 -0.0054318 -0.00436871 0.0051 -0.00539369 -0.00436902 0.0085 -0.00539322 -0.00439307 0.0051 -0.0053537 -0.0044154 0.0051 -0.00531287 -0.00439316 0.0085 -0.00535358 -0.00441557 0.0085 -0.00531249 -0.00443576 0.0051 -0.00527111 -0.00443602 0.0085 -0.00527053 -0.00445423 0.0051 -0.00522828 -0.00447079 0.0051 -0.00518444 -0.00445443 0.0085 -0.00522785 -0.00447081 0.0085 -0.00518439 -0.00448512 0.0051 -0.00514031 -0.00448525 0.0085 -0.0051398 -0.00449741 0.0051 -0.00509545 -0.00450765 0.0051 -0.00504987 -0.00449756 0.0085 -0.00509485 -0.00450774 0.0085 -0.00504953 -0.00451578 0.0051 -0.00500385 -0.0045158 0.0085 -0.00500362 -0.00452169 0.0051 -0.00495781 -0.00452547 0.0051 -0.0049114 -0.00452174 0.0085 -0.00495722 -0.00452552 0.0085 -0.00491082 -0.00452711 0.0051 -0.00486463 -0.00452713 0.0085 -0.00486444 -0.00452657 0.0051 -0.00481806 -0.00452385 0.0051 -0.00477168 -0.00452657 0.0085 -0.00481806 -0.00452385 0.0085 -0.00477168 -0.00451897 0.0051 -0.00472531 -0.00451897 0.0085 -0.00472531 -0.00451192 0.0051 -0.00467895 -0.00451192 0.0085 -0.00467895 -0.00566292 0.0051 -0.00411474 -0.005635 0.0085 -0.00415133 -0.00566329 0.0085 -0.00411423 -0.00560492 0.0085 -0.00418723 -0.00563473 0.0051 -0.00415169 -0.00560485 0.0051 -0.0041873 -0.00557346 0.0085 -0.00422135 -0.00557307 0.0051 -0.00422173 -0.00554038 0.0085 -0.00425405 -0.00550565 0.0085 -0.00428533 -0.00553993 0.0051 -0.00425448 -0.00550543 0.0051 -0.00428555 -0.00546955 0.0085 -0.00431495 -0.00546932 0.0051 -0.0043151 -0.0054323 0.0085 -0.00434266 -0.00539369 0.0085 -0.00436871 -0.0054318 0.0051 -0.00434301 -0.00539322 0.0051 -0.00436902 -0.0053537 0.0085 -0.00439307 -0.00535358 0.0051 -0.00439316 -0.00531287 0.0085 -0.0044154 -0.00527111 0.0085 -0.00443576 -0.00531249 0.0051 -0.00441557 -0.00527053 0.0051 -0.00443602 -0.00522828 0.0085 -0.00445423 -0.00522785 0.0051 -0.00445443 -0.00518444 0.0085 -0.00447079 -0.00514031 0.0085 -0.00448512 -0.00518439 0.0051 -0.00447081 -0.0051398 0.0051 -0.00448525 -0.00509545 0.0085 -0.00449741 -0.00509485 0.0051 -0.00449756 -0.00504987 0.0085 -0.00450765 -0.00500385 0.0085 -0.00451578 -0.00504953 0.0051 -0.00450774 -0.00500362 0.0051 -0.0045158 -0.00495781 0.0085 -0.00452169 -0.00495722 0.0051 -0.00452174 -0.0049114 0.0085 -0.00452547 -0.00486463 0.0085 -0.00452711 -0.00491082 0.0051 -0.00452552 -0.00486444 0.0051 -0.00452713 -0.00481806 0.0085 -0.00452657 -0.00481806 0.0051 -0.00452657 -0.00477168 0.0085 -0.00452385 -0.00472531 0.0085 -0.00451897 -0.00477168 0.0051 -0.00452385 -0.00472531 0.0051 -0.00451897 -0.00467895 0.0085 -0.00451192 -0.00467895 0.0051 -0.00451192 -0.00568946 0.0051 -0.00407637 -0.00568973 0.0085 -0.00407601 -0.00571431 0.0051 -0.00403667 -0.00571435 0.0085 -0.00403658 -0.00573704 0.0051 -0.00399621 -0.00575791 0.0051 -0.00395464 -0.00573728 0.0085 -0.00399572 -0.00575818 0.0085 -0.00395408 -0.00577693 0.0051 -0.00391195 -0.00577707 0.0085 -0.00391166 -0.00579394 0.0051 -0.00386846 -0.00580879 0.0051 -0.00382447 -0.00579402 0.0085 -0.00386819 -0.00580896 0.0085 -0.00382389 -0.00582163 0.0051 -0.0037797 -0.00582179 0.0085 -0.00377915 -0.00583244 0.0051 -0.00373414 -0.00584106 0.0051 -0.00368841 -0.00583249 0.0085 -0.003734 -0.00584111 0.0085 -0.003688 -0.00584752 0.0051 -0.0036424 -0.00584759 0.0085 -0.00364177 -0.00585185 0.0051 -0.00359596 -0.00585406 0.0051 -0.00354914 -0.00585191 0.0085 -0.00359549 -0.00585405 0.0085 -0.00354909 -0.00585405 0.0051 -0.00350274 -0.00585401 0.0085 -0.00350222 -0.00585187 0.0051 -0.00345629 -0.00584753 0.0051 -0.00340977 -0.00585183 0.0085 -0.00345567 -0.00584751 0.0085 -0.00340942 -0.00584104 0.0051 -0.00336349 -0.00584099 0.0085 -0.00336326 -0.00583243 0.0051 -0.00331788 -0.00582168 0.0051 -0.00327257 -0.0058323 0.0085 -0.0033173 -0.00582155 0.0085 -0.00327201 -0.00580879 0.0051 -0.00322758 -0.00580875 0.0085 -0.00322739 -0.00579389 0.0051 -0.00318345 -0.00577697 0.0051 -0.00314019 -0.00579389 0.0085 -0.00318345 -0.00577697 0.0085 -0.00314019 -0.005758 0.0051 -0.0030976 -0.005758 0.0085 -0.0030976 -0.00573697 0.0051 -0.00305569 -0.00573697 0.0085 -0.00305569</float_array>
          <technique_common>
            <accessor count="6904" source="#ID67" stride="3">
              <param name="X" type="float"/>
              <param name="Y" type="float"/>
              <param name="Z" type="float"/>
            </accessor>
          </technique_common>
        </source>
        <source id="ID68">
          <float_array count="20712" id="ID69">-0 -1 -0 -0 -1 -0 -0 -1 -0 -0 -1 -0 -0 -1 -0 -0 -1 -0 -0 -1 -0 -0 -1 -0 -0 -1 -0 -0 -1 -0 -0 -1 -0 -0 -1 -0 -0 -1 -0 -0 -1 -0 -0 -1 -0 -0 -1 -0 -0 -1 -0 -0 -1 -0 -0 -1 -0 -0 -1 -0 -0 -1 -0 -0 -1 -0 -0 -1 -0 -0 -1 -0 -0 -1 -0 -0 -1 -0 -0 -1 -0 -0 -1 -0 -0 -1 -0 -0 -1 -0 -0 -1 -0 -0 -1 -0 -0 -1 -0 -0 -1 -0 -0 -1 -0 0 1 0 0 1 0 0 1 0 0 1 0 0 1 0 0 1 0 0 1 0 0 1 0 0 1 0 0 1 0 0 1 0 0 1 0 0 1 0 0 1 0 0 1 0 0 1 0 0 1 0 0 1 0 0 1 0 0 1 0 0 1 0 0 1 0 0 1 0 0 1 0 0 1 0 0 1 0 0 1 0 0 1 0 0 1 0 0 1 0 0 1 0 0 1 0 0 1 0 0 1 0 0 1 0 0 1 0 0 1 0 0 1 0 0 1 0 0 1 0 0 1 0 0 1 0 0 1 0 0 1 0 0 1 0 0 1 0 0 1 0 0 1 0 0 1 0 0 1 0 0 1 0 0 1 0 0 1 0 0 1 0 0 1 0 0 1 0 0 1 0 0 1 0 0 1 0 0 1 0 0 1 0 0 1 0 0 1 0 0 1 0 0 1 0 0 1 0 0 1 0 0 1 0 0 1 0 0 1 0 0 1 0 0 1 0 0 1 0 0 1 0 0 1 0 0 1 0 0 1 0 0 1 0 0 1 0 0 1 0 0 1 0 0 1 0 0 1 0 0 1 0 0 1 0 0 1 0 0 1 0 0 1 0 0 1 0 0 1 0 0 1 0 0 1 0 0 1 0 0 1 0 0 1 0 0 1 0 0 1 0 0 1 0 0 1 0 0 1 0 0 1 0 0 1 0 0 1 0 0 1 0 0 1 0 0 1 0 0 1 0 0 1 0 0 1 0 0 1 0 0 1 0 0 1 0 0 1 0 0 1 0 0 1 0 0 1 0 0 1 0 0 1 0 0 1 0 0 1 0 0 1 0 0 1 0 0 1 0 0 1 0 0 1 0 0 1 0 0 1 0 0 1 0 0 1 0 0 1 0 0 1 0 0 1 0 0 1 0 0 1 0 0 1 0 0 1 0 0 1 0 0 1 0 0 1 0 0 1 0 0 1 0 0 1 0 0 1 0 0 1 0 0 1 0 0 1 0 0 1 0 0 1 0 0 1 0 0 1 0 0 1 0 0 1 0 0 1 0 0 1 0 0 1 0 0 1 0 0 1 0 0 1 0 0 1 0 0 1 0 0 1 0 0 1 0 0 1 0 0 1 0 0 1 0 0 1 0 0 1 0 0 1 0 0 1 0 0 1 0 0 1 0 0 1 0 0 1 0 0 1 0 0 1 0 0 1 0 0 1 0 0 1 0 0 1 0 0 1 0 0 1 0 0 1 0 0 1 0 0 1 0 0 1 0 0 1 0 0 1 0 0 1 0 0 1 0 0 1 0 0 1 0 0 1 0 0 1 0 0 1 0 0 1 0 0 1 0 0 1 0 0 1 0 0 1 0 0 1 0 0 1 0 0 1 0 0 1 0 0 1 0 0 1 0 0 1 0 0 1 0 0 1 0 0 1 0 0 1 0 0 1 0 0 1 0 0 1 0 0 1 0 0 1 0 0 1 0 0 1 0 0 1 0 0 1 0 0 1 0 0 1 0 0 1 0 0 1 0 0 1 0 0 1 0 0 1 0 0 1 0 0 1 0 0 1 0 0 1 0 0 1 0 0 1 0 0 1 0 0 1 0 0 1 0 0 1 0 0 1 0 0 1 0 0 1 0 0 1 0 0 1 0 0 1 0 0 1 0 0 1 0 0 1 0 0 1 0 0 1 0 0 1 0 0 1 0 0 1 0 0 1 0 0 1 0 0 1 0 0 1 0 0 1 0 0 1 0 0 1 0 0 1 0 0 1 0 0 1 0 0 1 0 0 1 0 0 1 0 0 1 0 0 1 0 0 1 0 0 1 0 0 1 0 0 1 0 0 1 0 0 1 0 0 1 0 0 1 0 0 1 0 0 1 0 0 1 0 0 1 0 0 1 0 0 1 0 0 1 0 0 1 0 0 1 0 0 1 0 0 1 0 0 1 0 0 1 0 0 1 0 0 1 0 0 1 0 0 1 0 0 1 0 0 1 0 0 1 0 0 1 0 0 1 0 0 1 0 0 1 0 0 1 0 0 1 0 0 1 0 0 1 0 0 1 0 0 1 0 0 1 0 0 1 0 0 1 0 0 1 0 0 1 0 0 1 0 0 1 0 0 1 0 0 1 0 0 1 0 0 1 0 0 1 0 0 1 0 0 1 0 0 1 0 0 1 0 0 1 0 0 1 0 0 1 0 0 1 0 0 1 0 0 1 0 0 1 0 0 1 0 0 1 0 0 1 0 0 1 0 0 1 0 0 1 0 0 1 0 0 1 0 0 1 0 0 1 0 0 1 0 0 1 0 0 1 0 0 1 0 0 1 0 0 1 0 0 1 0 0 1 0 0 1 0 0 1 0 0 1 0 0 1 0 0 1 0 0 1 0 0 1 0 0 1 0 0 1 0 0 1 0 0 1 0 0 1 0 0 1 0 0 1 0 0 1 0 0 1 0 0 1 0 0 1 0 0 1 0 0 1 0 0 1 0 0 1 0 0 1 0 0 1 0 0 1 0 0 1 0 0 1 0 0 1 0 0 1 0 0 1 0 0 1 0 0 1 0 0 1 0 0 1 0 0 1 0 0 1 0 0 1 0 0 1 0 0 1 0 0 1 0 0 1 0 0 1 0 0 1 0 0 1 0 0 1 0 0 1 0 0 1 0 0 1 0 0 1 0 0 1 0 0 1 0 0 1 0 0 1 0 0 1 0 0 1 0 0 1 0 0 1 0 0 1 0 0 1 0 0 1 0 0 1 0 0 1 0 0 1 0 0 1 0 0 1 0 0 1 0 0 1 0 0 1 0 0 1 0 0 1 0 0 1 0 0 1 0 0 1 0 0 1 0 0 1 0 0 1 0 0 1 0 0 1 0 0 1 0 0 1 0 0 1 0 0 1 0 0 1 0 0 1 0 0 1 0 0 1 0 0 1 0 0 1 0 0 1 0 0 1 0 0 1 0 0 1 0 0 1 0 0 1 0 0 1 0 0 1 0 0 1 0 0 1 0 0 1 0 0 1 0 0 1 0 0 1 0 0 1 0 0 1 0 0 1 0 0 1 0 0 1 0 0 1 0 0 1 0 0 1 0 0 1 0 0 1 0 0 1 0 0 1 0 0 1 0 0 1 0 0 1 0 0 1 0 0 1 0 0 1 0 0 1 0 0 1 0 0 1 0 0 1 0 0 1 0 0 1 0 0 1 0 0 1 0 0 1 0 0 1 0 0 1 0 0 1 0 0 1 0 0 1 0 0 1 0 0 1 0 0 1 0 0 1 0 0 1 0 0 1 0 0 1 0 0 1 0 0 1 0 0 1 0 0 1 0 0 1 0 0 1 0 0 1 0 0 1 0 0 1 0 0 1 0 0 1 0 0 1 0 0 1 0 0 1 0 0 1 0 0 1 0 0 1 0 0 1 0 0 1 0 0 1 0 0 1 0 0 1 0 0 1 0 0 1 0 0 1 0 0 1 0 0 1 0 0 1 0 0 1 0 0 1 0 0 1 0 0 1 0 0 1 0 0 1 0 0 1 0 0 1 0 0 1 0 0 1 0 0 1 0 0 1 0 0 1 0 0 1 0 0 1 0 0 1 0 0 1 0 0 1 0 0 1 0 0 1 0 0 1 0 0 1 0 0 1 0 0 1 0 0 1 0 0 1 0 0 1 0 0 1 0 0 1 0 0 1 0 0 1 0 0 1 0 0 1 0 0 1 0 0 1 0 0 1 0 0 1 0 0 1 0 0 1 0 0 1 0 0 1 0 0 1 0 0 1 0 0 1 0 0 1 0 0 1 0 0 1 0 0 1 0 0 1 0 0 1 0 0 1 0 0 1 0 0 1 0 0 1 0 0 1 0 0 1 0 0 1 0 0 1 0 0 1 0 0 1 0 0 1 0 0 1 0 0 1 0 0 1 0 0 1 0 0 1 0 0 1 0 0 1 0 0 1 0 0 1 0 0 1 0 0 1 0 0 1 0 0 1 0 0 1 0 0 1 0 0 1 0 0 1 0 0 1 0 0 1 0 0 1 0 0 1 0 0 1 0 0 1 0 0 1 0 0 1 0 0 1 0 0 1 0 0 1 0 0 1 0 0 1 0 0 1 0 0 1 0 0 1 0 0 1 0 0 1 0 0 1 0 0 1 0 0 1 0 0 1 0 0 1 0 0 1 0 0 1 0 0 1 0 0 1 0 0 1 0 0 1 0 0 1 0 0 1 0 0 1 0 0 1 0 0 1 0 0 1 0 0 1 0 0 1 0 0 1 0 0 1 0 0 1 0 0 1 0 0 1 0 0 1 0 0 1 0 0 1 0 0 1 0 0 1 0 0 1 0 0 1 0 0 1 0 0 1 0 0 1 0 0 1 0 0 1 0 0 1 0 0 1 0 0 1 0 0 1 0 0 1 0 0 1 0 0 1 0 0 1 0 0 1 0 0 1 0 0 1 0 0 1 0 0 1 0 0 1 0 0 1 0 0 1 0 0 1 0 0 1 0 0 1 0 0 1 0 0 1 0 0 1 0 0 1 0 0 1 0 0 1 0 0 1 0 0 1 0 0 1 0 0 1 0 0 1 0 0 1 0 0 1 0 0 1 0 0 1 0 0 1 0 0 1 0 0 1 0 0 1 0 0 1 0 0 1 0 0 1 0 0 1 0 0 1 0 0 1 0 0 1 0 0 1 0 0 1 0 0 1 0 0 1 0 0 1 0 0 1 0 0 1 0 0 1 0 0 1 0 0 1 0 0 1 0 0 1 0 0 1 0 0 1 0 0 1 0 0 1 0 0 1 0 0 1 0 0 1 0 0 1 0 0 1 0 0 1 0 0 1 0 0 1 0 0 1 0 0 1 0 0 1 0 0 1 0 0 1 0 0 1 0 0 1 0 0 1 0 0 1 0 0 1 0 0 1 0 0 1 0 0 1 0 0 1 0 0 1 0 0 1 0 0 1 0 0 1 0 0 1 0 0 1 0 0 1 0 0 1 0 0 1 0 0 1 0 0 1 0 0 1 0 0 1 0 0 1 0 0 1 0 0 1 0 0 1 0 0 1 0 0 1 0 0 1 0 0 1 0 0 1 0 0 1 0 0 1 0 0 1 0 0 1 0 0 1 0 0 1 0 0 1 0 0 1 0 0 1 0 0 1 0 0 1 0 0 1 0 0 1 0 0 1 0 0 1 0 0 1 0 0 1 0 0 1 0 0 1 0 0 1 0 0 1 0 0 1 0 0 1 0 0 1 0 0 1 0 0 1 0 0 1 0 0 1 0 0 1 0 0 1 0 0 1 0 0 1 0 0 1 0 0 1 0 0 1 0 0 1 0 0 1 0 0 1 0 0 1 0 0 1 0 0 1 0 0 1 0 0 1 0 0 1 0 0 1 0 0 1 0 0 1 0 0 1 0 0 1 0 0 1 0 0 1 0 0 1 0 0 1 0 0 1 0 0 1 0 0 1 0 0 1 0 0 1 0 0 1 0 0 1 0 0 1 0 0 1 0 0 1 0 0 1 0 0 1 0 0 1 0 0 1 0 0 1 0 0 1 0 0 1 0 0 1 0 0 1 0 0 1 0 0 1 0 0 1 0 0 1 0 0 1 0 0 1 0 0 1 0 0 1 0 0 1 0 0 1 0 0 1 0 0 1 0 0 1 0 0 1 0 0 1 0 0 1 0 0 1 0 0 1 0 0 1 0 0 1 0 0 1 0 0 1 0 0 1 0 0 1 0 0 1 0 0 1 0 0 1 0 0 1 0 0 1 0 0 1 0 0 1 0 0 1 0 0 1 0 0 1 0 0 1 0 0 1 0 0 1 0 0 1 0 0 1 0 0 1 0 0 1 0 0 1 0 0 1 0 0 1 0 0 1 0 0 1 0 0 1 0 0 1 0 0 1 0 0 1 0 0 1 0 0 1 0 0 1 0 0 1 0 0 1 0 0 1 0 0 1 0 0 1 0 0 1 0 0 1 0 0 1 0 0 1 0 0 1 0 0 1 0 0 1 0 0 1 0 0 1 0 0 1 0 0 1 0 0 1 0 0 1 0 0 1 0 0 1 0 0 1 0 0 1 0 0 1 0 0 1 0 0 1 0 0 1 0 0 1 0 0 1 0 0 1 0 0 1 0 0 1 0 0 1 0 0 1 0 0 1 0 0 1 0 0 1 0 0 1 0 0 1 0 0 1 0 0 1 0 0 1 0 0 1 0 0 1 0 0 1 0 0 1 0 0 1 0 0 1 0 0 1 0 0 1 0 0 1 0 0 1 0 0 1 0 0 1 0 0 1 0 0 1 0 0 1 0 0 1 0 0 1 0 0 1 0 0 1 0 0 1 0 0 1 0 0 1 0 0 1 0 0 1 0 0 1 0 0 1 0 0 1 0 0 1 0 0 1 0 0 1 0 0 1 0 0 1 0 0 1 0 0 1 0 0 1 0 0 1 0 0 1 0 0 1 0 0 1 0 0 1 0 0 1 0 0 1 0 0 1 0 0 1 0 0 1 0 0 1 0 0 1 0 0 1 0 0 1 0 0 1 0 0 1 0 0 1 0 0 1 0 0 1 0 0 1 0 0 1 0 0 1 0 0 1 0 0 1 0 0 1 0 0 1 0 0 1 0 0 1 0 0 1 0 0 1 0 0 1 0 0 1 0 0 1 0 0 1 0 0 1 0 0 1 0 0 1 0 0 1 0 0 1 0 0 1 0 0 1 0 0 1 0 0 1 0 0 1 0 0 1 0 0 1 0 0 1 0 0 1 0 0 1 0 0 1 0 0 1 0 0 1 0 0 1 0 0 1 0 0 1 0 0 1 0 0 1 0 0 1 0 0 1 0 0 1 0 0 1 0 0 1 0 0 1 0 0 1 0 0 1 0 0 1 0 0 1 0 0 1 0 0 1 0 -0.448585 0 0.89374 -0.448585 0 0.89374 -0.459379 0 0.88824 -0.437725 0 0.899109 -0.437725 0 0.899109 -0.459379 0 0.88824 -0.470106 0 0.88261 -0.470106 0 0.88261 -0.587785 0 0.809017 -0.587785 0 0.809017 -0.549496 0 0.835496 -0.549496 0 0.835496 -0.510017 0 0.860165 -0.469431 0 0.882969 -0.510017 0 0.860165 -0.469431 0 0.882969 -0.427829 0 0.90386 -0.427829 0 0.90386 -0.3853 0 0.922792 -0.341935 0 0.939724 -0.3853 0 0.922792 -0.341935 0 0.939724 -0.297829 0 0.954619 -0.297829 0 0.954619 -0.253078 0 0.967446 -0.207779 0 0.978176 -0.253078 0 0.967446 -0.207779 0 0.978176 -0.162029 0 0.986786 -0.162029 0 0.986786 -0.115928 0 0.993258 -0.0695756 0 0.997577 -0.115928 0 0.993258 -0.0695756 0 0.997577 -0.0230726 0 0.999734 -0.0230726 0 0.999734 0.0234803 0 0.999724 0.0699824 0 0.997548 0.0234803 0 0.999724 0.0699824 0 0.997548 0.116333 0 0.99321 0.116333 0 0.99321 0.162431 0 0.98672 0.208177 0 0.978091 0.162431 0 0.98672 0.208177 0 0.978091 0.253473 0 0.967342 0.253473 0 0.967342 0.298219 0 0.954498 0.342318 0 0.939584 0.298219 0 0.954498 0.342318 0 0.939584 0.385676 0 0.922634 0.385676 0 0.922634 0.428198 0 0.903685 0.469792 0 0.882777 0.428198 0 0.903685 0.469792 0 0.882777 -0.6248 0 0.780785 -0.6248 0 0.780785 -0.660461 0 0.75086 -0.660461 0 0.75086 -0.694691 0 0.719308 -0.727415 0 0.686198 -0.694691 0 0.719308 -0.727415 0 0.686198 -0.758563 0 0.6516 -0.758563 0 0.6516 -0.788067 0 0.61559 -0.815862 0 0.578246 -0.788067 0 0.61559 -0.815862 0 0.578246 -0.84189 0 0.539649 -0.84189 0 0.539649 -0.866093 0 0.499882 -0.88842 0 0.459032 -0.866093 0 0.499882 -0.88842 0 0.459032 -0.90882 0 0.417187 -0.90882 0 0.417187 -0.927252 0 0.374439 -0.943673 0 0.330878 -0.927252 0 0.374439 -0.943673 0 0.330878 -0.95805 0 0.286601 -0.95805 0 0.286601 -0.970351 0 0.241702 -0.980548 0 0.19628 -0.970351 0 0.241702 -0.980548 0 0.19628 -0.98862 0 0.150432 -0.98862 0 0.150432 -0.99455 0 0.104258 -0.998325 0 0.0578583 -0.99455 0 0.104258 -0.998325 0 0.0578583 -0.999936 0 0.011333 -0.999936 0 0.011333 -0.99938 -0 -0.0352164 -0.996658 -0 -0.0816895 -0.99938 -0 -0.0352164 -0.996658 -0 -0.0816895 -0.991776 -0 -0.127986 -0.991776 -0 -0.127986 -0.984745 -0 -0.174005 -0.984745 -0 -0.174005 -0.702811 0 0.711377 -0.702811 0 0.711377 -0.711377 0 0.702811 -0.694141 0 0.719839 -0.694141 0 0.719839 -0.711377 0 0.702811 -0.719839 0 0.694141 -0.719839 0 0.694141 -0.809017 0 0.587785 -0.809017 0 0.587785 -0.780785 0 0.6248 -0.780785 0 0.6248 -0.75086 0 0.660461 -0.719308 0 0.694691 -0.75086 0 0.660461 -0.719308 0 0.694691 -0.686198 0 0.727415 -0.686198 0 0.727415 -0.6516 0 0.758563 -0.61559 0 0.788067 -0.6516 0 0.758563 -0.61559 0 0.788067 -0.578246 0 0.815862 -0.578246 0 0.815862 -0.539649 0 0.84189 -0.499882 0 0.866093 -0.539649 0 0.84189 -0.499882 0 0.866093 -0.459032 0 0.88842 -0.459032 0 0.88842 -0.417187 0 0.90882 -0.374438 0 0.927252 -0.417187 0 0.90882 -0.374438 0 0.927252 -0.330878 0 0.943673 -0.330878 0 0.943673 -0.286601 0 0.95805 -0.241702 0 0.970351 -0.286601 0 0.95805 -0.241702 0 0.970351 -0.19628 0 0.980548 -0.19628 0 0.980548 -0.150432 0 0.98862 -0.104258 0 0.99455 -0.150432 0 0.98862 -0.104258 0 0.99455 -0.0578585 0 0.998325 -0.0578585 0 0.998325 -0.0113332 0 0.999936 0.0352165 0 0.99938 -0.0113332 0 0.999936 0.0352165 0 0.99938 0.0816898 0 0.996658 0.0816898 0 0.996658 0.127986 0 0.991776 0.174005 0 0.984745 0.127986 0 0.991776 0.174005 0 0.984745 -0.835496 0 0.549496 -0.835496 0 0.549496 -0.860165 0 0.510017 -0.860165 0 0.510017 -0.882969 0 0.469432 -0.90386 0 0.427829 -0.882969 0 0.469432 -0.90386 0 0.427829 -0.922792 0 0.3853 -0.922792 0 0.3853 -0.939724 0 0.341935 -0.954619 0 0.297829 -0.939724 0 0.341935 -0.954619 0 0.297829 -0.967446 0 0.253078 -0.967446 0 0.253078 -0.978176 0 0.207779 -0.986786 0 0.162029 -0.978176 0 0.207779 -0.986786 0 0.162029 -0.993258 0 0.115928 -0.993258 0 0.115928 -0.997577 0 0.0695757 -0.999734 0 0.0230727 -0.997577 0 0.0695757 -0.999734 0 0.0230727 -0.999724 -0 -0.0234803 -0.999724 -0 -0.0234803 -0.997548 -0 -0.0699824 -0.99321 -0 -0.116333 -0.997548 -0 -0.0699824 -0.99321 -0 -0.116333 -0.98672 -0 -0.162431 -0.98672 -0 -0.162431 -0.978091 -0 -0.208178 -0.967342 -0 -0.253473 -0.978091 -0 -0.208178 -0.967342 -0 -0.253473 -0.954498 -0 -0.298219 -0.954498 -0 -0.298219 -0.939584 -0 -0.342318 -0.922634 -0 -0.385676 -0.939584 -0 -0.342318 -0.922634 -0 -0.385676 -0.903685 -0 -0.428198 -0.903685 -0 -0.428198 -0.882777 -0 -0.469792 -0.882777 -0 -0.469792 -0.88824 0 0.459379 -0.88824 0 0.459379 -0.89374 0 0.448585 -0.88261 0 0.470106 -0.88261 0 0.470106 -0.89374 0 0.448585 -0.899109 0 0.437725 -0.899109 0 0.437725 -0.951057 0 0.309017 -0.935644 0 0.352945 -0.947688 0 0.319197 -0.918204 0 0.396108 -0.932289 0 0.361715 -0.914983 0 0.403493 -0.898774 0 0.438412 -0.877396 0 0.479766 -0.895805 0 0.444447 -0.854117 0 0.520081 -0.874796 0 0.484491 -0.851998 0 0.523545 -0.828987 0 0.559268 -0.80206 0 0.597243 -0.827458 0 0.561528 -0.773395 0 0.633924 -0.801225 0 0.598363 -0.743902 0 0.668289 -0.773355 0 0.633974 -0.743054 0 0.669232 -0.711934 0 0.702246 -0.711102 0 0.703089 -0.678418 0 0.734676 -0.643426 0 0.765508 -0.67761 0 0.735422 -0.642649 0 0.766161 -0.607035 0 0.794675 -0.606295 0 0.79524 -0.569323 0 0.822114 -0.530373 0 0.847765 -0.568627 0 0.822595 -0.529727 0 0.848168 -0.490269 0 0.871571 -0.489679 0 0.871903 -0.449099 0 0.893482 -0.44857 0 0.893748 -0.406952 0 0.91345 -0.406488 0 0.913656 -0.363526 0 0.931584 -0.36392 0 0.93143 -0.319776 0 0.947493 -0.320096 0 0.947385 -0.275576 0 0.961279 -0.275332 0 0.961349 -0.230293 0 0.973121 -0.230457 0 0.973082 -0.184754 0 0.982785 -0.184837 0 0.982769 -0.138814 0 0.990318 -0.138814 0 0.990318 -0.96115 0 0.276026 -0.972646 0 0.232291 -0.964408 0 0.26442 -0.982154 0 0.18808 -0.975669 0 0.219249 -0.984816 0 0.173604 -0.989652 0 0.143485 -0.995127 0 0.0985971 -0.991828 0 0.127582 -0.998567 0 0.0535071 -0.996691 0 0.0812835 -0.999394 0 0.034809 -0.999982 0 0.00593566 -0.999132 -0 -0.0416494 -0.999931 -0 -0.0117409 -0.996019 -0 -0.0891399 -0.998301 -0 -0.0582655 -0.994508 -0 -0.104664 -0.99065 -0 -0.136429 -0.983037 -0 -0.183408 -0.988559 -0 -0.150835 -0.973197 -0 -0.229973 -0.980468 -0 -0.19668 -0.970252 -0 -0.242098 -0.961153 -0 -0.276016 -0.946932 -0 -0.321434 -0.957933 -0 -0.286991 -0.930566 -0 -0.366124 -0.943538 -0 -0.331263 -0.927099 -0 -0.374817 -0.912092 -0 -0.409985 -0.891553 -0 -0.452917 -0.90865 -0 -0.417558 -0.868993 -0 -0.494824 -0.888232 -0 -0.459395 -0.865889 -0 -0.500235 -0.844466 -0 -0.535609 -0.818026 -0 -0.575181 -0.84167 -0 -0.539992 -0.789733 -0 -0.613451 -0.815626 -0 -0.578579 -0.787815 -0 -0.615911 -0.759651 -0 -0.650331 -0.727849 -0 -0.685738 -0.758297 -0 -0.651909 -0.694398 -0 -0.719592 -0.727135 -0 -0.686494 -0.694398 -0 -0.719592 -0.986723 0 0.162414 -0.986723 0 0.162414 -0.988618 0 0.150449 -0.984683 0 0.174356 -0.984683 0 0.174356 -0.988618 0 0.150449 -0.990368 0 0.138461 -0.990368 0 0.138461 -1 -0 -8.74227e-08 -1 -0 -8.74227e-08 -0.998916 0 0.0465403 -0.998916 0 0.0465405 -0.995668 0 0.09298 -0.990262 0 0.139218 -0.995668 0 0.09298 -0.990262 0 0.139218 -0.982709 0 0.185154 -0.982709 0 0.185154 -0.973027 0 0.230689 -0.961237 0 0.275724 -0.973027 0 0.230689 -0.961237 0 0.275724 -0.947363 0 0.320162 -0.947363 0 0.320162 -0.931436 0 0.363906 -0.91349 0 0.406861 -0.931436 0 0.363906 -0.91349 0 0.406861 -0.893565 0 0.448934 -0.893565 0 0.448934 -0.871703 0 0.490035 -0.847952 0 0.530073 -0.871703 0 0.490035 -0.847952 0 0.530073 -0.822363 0 0.568963 -0.822363 0 0.568963 -0.794993 0 0.606619 -0.765899 0 0.642961 -0.794993 0 0.606619 -0.765899 0 0.642961 -0.735145 0 0.67791 -0.735145 0 0.67791 -0.702798 0 0.711389 -0.668929 0 0.743327 -0.702798 0 0.711389 -0.668929 0 0.743327 -0.633609 0 0.773653 -0.633609 0 0.773653 -0.596916 0 0.802304 -0.55893 0 0.829215 -0.596916 0 0.802304 -0.55893 0 0.829215 -0.519732 0 0.854329 -0.519732 0 0.854329 -0.479408 0 0.877592 -0.438045 0 0.898953 -0.479408 0 0.877592 -0.438045 0 0.898953 -0.998916 -0 -0.0465405 -0.998916 -0 -0.0465402 -0.995668 -0 -0.09298 -0.995668 -0 -0.09298 -0.990262 -0 -0.139218 -0.982709 -0 -0.185154 -0.990262 -0 -0.139218 -0.982709 -0 -0.185154 -0.973027 -0 -0.230689 -0.973027 -0 -0.230689 -0.961237 -0 -0.275724 -0.947363 -0 -0.320162 -0.961237 -0 -0.275724 -0.947363 -0 -0.320162 -0.931436 -0 -0.363906 -0.931436 -0 -0.363906 -0.91349 -0 -0.406861 -0.893565 -0 -0.448934 -0.91349 -0 -0.406861 -0.893565 -0 -0.448934 -0.871703 -0 -0.490035 -0.871703 -0 -0.490035 -0.847952 -0 -0.530073 -0.822363 -0 -0.568963 -0.847952 -0 -0.530073 -0.822363 -0 -0.568963 -0.794993 -0 -0.606619 -0.794993 -0 -0.606619 -0.765899 -0 -0.642961 -0.735145 -0 -0.67791 -0.765899 -0 -0.642961 -0.735145 -0 -0.67791 -0.702798 -0 -0.711389 -0.702798 -0 -0.711389 -0.668929 -0 -0.743327 -0.633609 -0 -0.773653 -0.668929 -0 -0.743327 -0.633609 -0 -0.773653 -0.596916 -0 -0.802304 -0.596916 -0 -0.802304 -0.55893 -0 -0.829215 -0.519733 -0 -0.854329 -0.55893 -0 -0.829215 -0.519733 -0 -0.854329 -0.479408 -0 -0.877592 -0.479408 -0 -0.877592 -0.438045 -0 -0.898953 -0.438045 -0 -0.898953 -0.988618 0 -0.150449 -0.988618 0 -0.150449 -0.986723 -0 -0.162414 -0.990368 0 -0.138462 -0.990368 0 -0.138462 -0.986723 -0 -0.162414 -0.984683 -0 -0.174356 -0.984683 -0 -0.174356 -0.947688 -0 -0.319197 -0.951056 -0 -0.309017 -0.96115 0 -0.276026 -0.964408 0 -0.264419 -0.972646 0 -0.232291 -0.982154 0 -0.18808 -0.975669 0 -0.219249 -0.984816 0 -0.173603 -0.989652 0 -0.143485 -0.991828 0 -0.127582 -0.995127 0 -0.098597 -0.998567 0 -0.053507 -0.996691 0 -0.0812834 -0.999394 0 -0.034809 -0.999982 0 -0.0059356 -0.999931 0 0.0117409 -0.999132 0 0.0416492 -0.998301 0 0.0582654 -0.996019 0 0.08914 -0.994508 0 0.104664 -0.988559 0 0.150835 -0.99065 0 0.136429 -0.980468 0 0.19668 -0.983037 0 0.183408 -0.973197 0 0.229973 -0.970252 0 0.242098 -0.957933 0 0.286991 -0.961153 0 0.276016 -0.943538 0 0.331263 -0.946932 0 0.321434 -0.930566 0 0.366124 -0.927099 0 0.374817 -0.912092 0 0.409985 -0.90865 0 0.417558 -0.891553 0 0.452917 -0.868993 0 0.494824 -0.888232 0 0.459394 -0.865889 0 0.500235 -0.844466 0 0.535609 -0.84167 0 0.539992 -0.818026 0 0.575181 -0.789733 0 0.613451 -0.815627 0 0.578579 -0.787815 0 0.615911 -0.759651 0 0.650331 -0.758297 0 0.651909 -0.727849 0 0.685738 -0.694398 0 0.719591 -0.727135 0 0.686494 -0.694398 0 0.719591 -0.935644 -0 -0.352945 -0.932289 -0 -0.361715 -0.918204 -0 -0.396108 -0.914983 -0 -0.403493 -0.898774 -0 -0.438412 -0.877396 -0 -0.479766 -0.895805 -0 -0.444447 -0.874796 -0 -0.484491 -0.854117 -0 -0.520081 -0.851998 -0 -0.523545 -0.828987 -0 -0.559268 -0.80206 -0 -0.597243 -0.827458 -0 -0.561528 -0.801225 -0 -0.598363 -0.773395 -0 -0.633924 -0.743902 -0 -0.668288 -0.773355 -0 -0.633974 -0.743054 -0 -0.669232 -0.711934 -0 -0.702246 -0.678418 -0 -0.734676 -0.711102 -0 -0.703089 -0.643426 -0 -0.765508 -0.67761 -0 -0.735422 -0.642649 -0 -0.766161 -0.607034 -0 -0.794676 -0.569323 -0 -0.822114 -0.606295 -0 -0.79524 -0.530373 -0 -0.847765 -0.568627 -0 -0.822595 -0.529727 -0 -0.848168 -0.490269 -0 -0.871571 -0.449099 -0 -0.893482 -0.489679 -0 -0.871903 -0.406952 -0 -0.91345 -0.44857 -0 -0.893748 -0.406488 -0 -0.913656 -0.36392 -0 -0.93143 -0.320096 -0 -0.947385 -0.363526 -0 -0.931584 -0.275332 -0 -0.961349 -0.319775 -0 -0.947493 -0.230293 -0 -0.973121 -0.275576 -0 -0.961279 -0.230457 -0 -0.973082 -0.184754 -0 -0.982785 -0.184837 -0 -0.982769 -0.138814 -0 -0.990318 -0.138814 -0 -0.990318 -0.89374 0 -0.448585 -0.89374 0 -0.448585 -0.88824 -0 -0.459379 -0.899109 0 -0.437725 -0.899109 0 -0.437725 -0.88824 -0 -0.459379 -0.88261 -0 -0.470106 -0.88261 -0 -0.470106 -0.711377 0 -0.702811 -0.711377 0 -0.702811 -0.702811 -0 -0.711377 -0.719839 0 -0.694141 -0.719839 0 -0.694141 -0.702811 -0 -0.711377 -0.694141 -0 -0.719839 -0.694141 -0 -0.719839 -0.459379 0 -0.88824 -0.459379 0 -0.88824 -0.448585 -0 -0.89374 -0.470106 0 -0.88261 -0.470106 0 -0.88261 -0.448585 -0 -0.89374 -0.437725 -0 -0.899109 -0.437725 -0 -0.899109 -0.162414 0 -0.986723 -0.162414 0 -0.986723 -0.150449 -0 -0.988618 -0.174356 0 -0.984683 -0.174356 0 -0.984683 -0.150449 -0 -0.988618 -0.138461 -0 -0.990368 -0.138461 -0 -0.990368 0.150449 0 -0.988618 0.150449 0 -0.988618 0.162414 0 -0.986723 0.138462 0 -0.990368 0.138462 0 -0.990368 0.162414 0 -0.986723 0.174356 0 -0.984683 0.174356 0 -0.984683 0.448585 0 -0.89374 0.448585 0 -0.89374 0.459379 0 -0.88824 0.437725 0 -0.899109 0.437725 0 -0.899109 0.459379 0 -0.88824 0.470106 0 -0.88261 0.470106 0 -0.88261 0.702811 0 -0.711377 0.702811 0 -0.711377 0.711377 0 -0.702811 0.694141 0 -0.719839 0.694141 0 -0.719839 0.711377 0 -0.702811 0.719839 0 -0.694141 0.719839 0 -0.694141 0.88824 0 -0.459379 0.88824 0 -0.459379 0.89374 0 -0.448585 0.88261 0 -0.470106 0.88261 0 -0.470106 0.89374 0 -0.448585 0.899109 0 -0.437725 0.899109 0 -0.437725 0.951057 0 -0.309017 0.935644 0 -0.352945 0.947688 0 -0.319197 0.918204 0 -0.396108 0.932289 0 -0.361715 0.914983 0 -0.403493 0.898774 0 -0.438412 0.877396 0 -0.479766 0.895805 0 -0.444447 0.854117 0 -0.520081 0.874796 0 -0.484491 0.851998 0 -0.523545 0.828987 0 -0.559268 0.80206 0 -0.597243 0.827458 0 -0.561528 0.773395 0 -0.633924 0.801225 0 -0.598363 0.743902 0 -0.668289 0.773355 0 -0.633974 0.743054 0 -0.669232 0.711934 0 -0.702246 0.711102 0 -0.703089 0.678418 0 -0.734676 0.643426 0 -0.765508 0.67761 0 -0.735422 0.642649 0 -0.766161 0.607035 0 -0.794675 0.606295 0 -0.79524 0.569323 0 -0.822114 0.530373 0 -0.847765 0.568627 0 -0.822595 0.529727 0 -0.848168 0.490269 0 -0.871571 0.489679 0 -0.871903 0.449099 0 -0.893482 0.44857 0 -0.893748 0.406952 0 -0.91345 0.406488 0 -0.913656 0.363526 0 -0.931584 0.36392 0 -0.93143 0.319776 0 -0.947493 0.320096 0 -0.947385 0.275576 0 -0.961279 0.275332 0 -0.961349 0.230293 0 -0.973121 0.230457 0 -0.973082 0.184754 0 -0.982785 0.184837 0 -0.982769 0.138814 0 -0.990318 0.138814 0 -0.990318 0.96115 0 -0.276026 0.972646 0 -0.232291 0.964408 0 -0.26442 0.982154 0 -0.18808 0.975669 0 -0.219249 0.984816 0 -0.173604 0.989652 0 -0.143485 0.995127 0 -0.0985971 0.991828 0 -0.127582 0.998567 0 -0.0535071 0.996691 0 -0.0812835 0.999394 0 -0.034809 0.999982 0 -0.00593566 0.999132 0 0.0416494 0.999931 0 0.0117409 0.996019 0 0.0891399 0.998301 0 0.0582655 0.994508 0 0.104664 0.99065 0 0.136429 0.983037 0 0.183408 0.988559 0 0.150835 0.973197 0 0.229973 0.980468 0 0.19668 0.970252 0 0.242098 0.961153 0 0.276016 0.946932 0 0.321434 0.957933 0 0.286991 0.930566 0 0.366124 0.943538 0 0.331263 0.927099 0 0.374817 0.912092 0 0.409985 0.891553 0 0.452917 0.90865 0 0.417558 0.868993 0 0.494824 0.888232 0 0.459395 0.865889 0 0.500235 0.844466 0 0.535609 0.818026 0 0.575181 0.84167 0 0.539992 0.789733 0 0.613451 0.815626 0 0.578579 0.787815 0 0.615911 0.759651 0 0.650331 0.727849 0 0.685738 0.758297 0 0.651909 0.694398 0 0.719592 0.727135 0 0.686494 0.694398 0 0.719592 0.986723 0 -0.162414 0.986723 0 -0.162414 0.988618 0 -0.150449 0.984683 0 -0.174356 0.984683 0 -0.174356 0.988618 0 -0.150449 0.990368 0 -0.138461 0.990368 0 -0.138461 1 0 8.74227e-08 1 0 8.74227e-08 0.998916 0 -0.0465403 0.998916 0 -0.0465405 0.995668 0 -0.09298 0.990262 0 -0.139218 0.995668 0 -0.09298 0.990262 0 -0.139218 0.982709 0 -0.185154 0.982709 0 -0.185154 0.973027 0 -0.230689 0.961237 0 -0.275724 0.973027 0 -0.230689 0.961237 0 -0.275724 0.947363 0 -0.320162 0.947363 0 -0.320162 0.931436 0 -0.363906 0.91349 0 -0.406861 0.931436 0 -0.363906 0.91349 0 -0.406861 0.893565 0 -0.448934 0.893565 0 -0.448934 0.871703 0 -0.490035 0.847952 0 -0.530073 0.871703 0 -0.490035 0.847952 0 -0.530073 0.822363 0 -0.568963 0.822363 0 -0.568963 0.794993 0 -0.606619 0.765899 0 -0.642961 0.794993 0 -0.606619 0.765899 0 -0.642961 0.735145 0 -0.67791 0.735145 0 -0.67791 0.702798 0 -0.711389 0.668929 0 -0.743327 0.702798 0 -0.711389 0.668929 0 -0.743327 0.633609 0 -0.773653 0.633609 0 -0.773653 0.596916 0 -0.802304 0.55893 0 -0.829215 0.596916 0 -0.802304 0.55893 0 -0.829215 0.519732 0 -0.854329 0.519732 0 -0.854329 0.479408 0 -0.877592 0.438045 0 -0.898953 0.479408 0 -0.877592 0.438045 0 -0.898953 0.998916 0 0.0465405 0.998916 0 0.0465402 0.995668 0 0.09298 0.995668 0 0.09298 0.990262 0 0.139218 0.982709 0 0.185154 0.990262 0 0.139218 0.982709 0 0.185154 0.973027 0 0.230689 0.973027 0 0.230689 0.961237 0 0.275724 0.947363 0 0.320162 0.961237 0 0.275724 0.947363 0 0.320162 0.931436 0 0.363906 0.931436 0 0.363906 0.91349 0 0.406861 0.893565 0 0.448934 0.91349 0 0.406861 0.893565 0 0.448934 0.871703 0 0.490035 0.871703 0 0.490035 0.847952 0 0.530073 0.822363 0 0.568963 0.847952 0 0.530073 0.822363 0 0.568963 0.794993 0 0.606619 0.794993 0 0.606619 0.765899 0 0.642961 0.735145 0 0.67791 0.765899 0 0.642961 0.735145 0 0.67791 0.702798 0 0.711389 0.702798 0 0.711389 0.668929 0 0.743327 0.633609 0 0.773653 0.668929 0 0.743327 0.633609 0 0.773653 0.596916 0 0.802304 0.596916 0 0.802304 0.55893 0 0.829215 0.519733 0 0.854329 0.55893 0 0.829215 0.519733 0 0.854329 0.479408 0 0.877592 0.479408 0 0.877592 0.438045 0 0.898953 0.438045 0 0.898953 0.988618 0 0.150449 0.988618 0 0.150449 0.986723 0 0.162414 0.990368 0 0.138462 0.990368 0 0.138462 0.986723 0 0.162414 0.984683 0 0.174356 0.984683 0 0.174356 0.947688 0 0.319197 0.951056 0 0.309017 0.96115 0 0.276026 0.964408 0 0.264419 0.972646 0 0.232291 0.982154 0 0.18808 0.975669 0 0.219249 0.984816 0 0.173603 0.989652 0 0.143485 0.991828 0 0.127582 0.995127 0 0.098597 0.998567 0 0.053507 0.996691 0 0.0812834 0.999394 0 0.034809 0.999982 0 0.0059356 0.999931 0 -0.0117409 0.999132 0 -0.0416492 0.998301 0 -0.0582654 0.996019 0 -0.08914 0.994508 0 -0.104664 0.988559 0 -0.150835 0.99065 0 -0.136429 0.980468 0 -0.19668 0.983037 0 -0.183408 0.973197 0 -0.229973 0.970252 0 -0.242098 0.957933 0 -0.286991 0.961153 0 -0.276016 0.943538 0 -0.331263 0.946932 0 -0.321434 0.930566 0 -0.366124 0.927099 0 -0.374817 0.912092 0 -0.409985 0.90865 0 -0.417558 0.891553 0 -0.452917 0.868993 0 -0.494824 0.888232 0 -0.459394 0.865889 0 -0.500235 0.844466 0 -0.535609 0.84167 0 -0.539992 0.818026 0 -0.575181 0.789733 0 -0.613451 0.815627 0 -0.578579 0.787815 0 -0.615911 0.759651 0 -0.650331 0.758297 0 -0.651909 0.727849 0 -0.685738 0.694398 0 -0.719591 0.727135 0 -0.686494 0.694398 0 -0.719591 0.935644 0 0.352945 0.932289 0 0.361715 0.918204 0 0.396108 0.914983 0 0.403493 0.898774 0 0.438412 0.877396 0 0.479766 0.895805 0 0.444447 0.874796 0 0.484491 0.854117 0 0.520081 0.851998 0 0.523545 0.828987 0 0.559268 0.80206 0 0.597243 0.827458 0 0.561528 0.801225 0 0.598363 0.773395 0 0.633924 0.743902 0 0.668288 0.773355 0 0.633974 0.743054 0 0.669232 0.711934 0 0.702246 0.678418 0 0.734676 0.711102 0 0.703089 0.643426 0 0.765508 0.67761 0 0.735422 0.642649 0 0.766161 0.607034 0 0.794676 0.569323 0 0.822114 0.606295 0 0.79524 0.530373 0 0.847765 0.568627 0 0.822595 0.529727 0 0.848168 0.490269 0 0.871571 0.449099 0 0.893482 0.489679 0 0.871903 0.406952 0 0.91345 0.44857 0 0.893748 0.406488 0 0.913656 0.36392 0 0.93143 0.320096 0 0.947385 0.363526 0 0.931584 0.275332 0 0.961349 0.319775 0 0.947493 0.230293 0 0.973121 0.275576 0 0.961279 0.230457 0 0.973082 0.184754 0 0.982785 0.184837 0 0.982769 0.138814 0 0.990318 0.138814 0 0.990318 0.89374 0 0.448585 0.89374 0 0.448585 0.88824 0 0.459379 0.899109 0 0.437725 0.899109 0 0.437725 0.88824 0 0.459379 0.88261 0 0.470106 0.88261 0 0.470106 0.809017 0 0.587785 0.809017 0 0.587785 0.835496 0 0.549496 0.835496 0 0.549496 0.860165 0 0.510017 0.882969 0 0.469431 0.860165 0 0.510017 0.882969 0 0.469431 0.90386 0 0.427829 0.90386 0 0.427829 0.922792 0 0.3853 0.939724 0 0.341935 0.922792 0 0.3853 0.939724 0 0.341935 0.954619 0 0.297829 0.954619 0 0.297829 0.967446 0 0.253078 0.978176 0 0.207779 0.967446 0 0.253078 0.978176 0 0.207779 0.986786 0 0.162029 0.986786 0 0.162029 0.993258 0 0.115928 0.997577 0 0.0695756 0.993258 0 0.115928 0.997577 0 0.0695756 0.999734 0 0.0230726 0.999734 0 0.0230726 0.999724 0 -0.0234803 0.997548 0 -0.0699824 0.999724 0 -0.0234803 0.997548 0 -0.0699824 0.99321 0 -0.116333 0.99321 0 -0.116333 0.98672 0 -0.162431 0.978091 0 -0.208177 0.98672 0 -0.162431 0.978091 0 -0.208177 0.967342 0 -0.253473 0.967342 0 -0.253473 0.954498 0 -0.298219 0.939584 0 -0.342318 0.954498 0 -0.298219 0.939584 0 -0.342318 0.922634 0 -0.385676 0.922634 0 -0.385676 0.903685 0 -0.428198 0.882777 0 -0.469792 0.903685 0 -0.428198 0.882777 0 -0.469792 0.780785 0 0.6248 0.780785 0 0.6248 0.75086 0 0.660461 0.75086 0 0.660461 0.719308 0 0.694691 0.686198 0 0.727415 0.719308 0 0.694691 0.686198 0 0.727415 0.6516 0 0.758563 0.6516 0 0.758563 0.61559 0 0.788067 0.578246 0 0.815862 0.61559 0 0.788067 0.578246 0 0.815862 0.539649 0 0.84189 0.539649 0 0.84189 0.499882 0 0.866093 0.459032 0 0.88842 0.499882 0 0.866093 0.459032 0 0.88842 0.417187 0 0.90882 0.417187 0 0.90882 0.374439 0 0.927252 0.330878 0 0.943673 0.374439 0 0.927252 0.330878 0 0.943673 0.286601 0 0.95805 0.286601 0 0.95805 0.241702 0 0.970351 0.19628 0 0.980548 0.241702 0 0.970351 0.19628 0 0.980548 0.150432 0 0.98862 0.150432 0 0.98862 0.104258 0 0.99455 0.0578583 0 0.998325 0.104258 0 0.99455 0.0578583 0 0.998325 0.011333 0 0.999936 0.011333 0 0.999936 -0.0352164 0 0.99938 -0.0816895 0 0.996658 -0.0352164 0 0.99938 -0.0816895 0 0.996658 -0.127986 0 0.991776 -0.127986 0 0.991776 -0.174005 0 0.984745 -0.174005 0 0.984745 0.711377 0 0.702811 0.711377 0 0.702811 0.702811 0 0.711377 0.719839 0 0.694141 0.719839 0 0.694141 0.702811 0 0.711377 0.694141 0 0.719839 0.694141 0 0.719839 0.587785 0 0.809017 0.587785 0 0.809017 0.6248 0 0.780785 0.6248 0 0.780785 0.660461 0 0.75086 0.694691 0 0.719308 0.660461 0 0.75086 0.694691 0 0.719308 0.727415 0 0.686198 0.727415 0 0.686198 0.758563 0 0.6516 0.788067 0 0.61559 0.758563 0 0.6516 0.788067 0 0.61559 0.815862 0 0.578246 0.815862 0 0.578246 0.84189 0 0.539649 0.866093 0 0.499882 0.84189 0 0.539649 0.866093 0 0.499882 0.88842 0 0.459032 0.88842 0 0.459032 0.90882 0 0.417187 0.927252 0 0.374438 0.90882 0 0.417187 0.927252 0 0.374438 0.943673 0 0.330878 0.943673 0 0.330878 0.95805 0 0.286601 0.970351 0 0.241702 0.95805 0 0.286601 0.970351 0 0.241702 0.980548 0 0.19628 0.980548 0 0.19628 0.98862 0 0.150432 0.99455 0 0.104258 0.98862 0 0.150432 0.99455 0 0.104258 0.998325 0 0.0578585 0.998325 0 0.0578585 0.999936 0 0.0113332 0.99938 0 -0.0352165 0.999936 0 0.0113332 0.99938 0 -0.0352165 0.996658 0 -0.0816898 0.996658 0 -0.0816898 0.991776 0 -0.127986 0.984745 0 -0.174005 0.991776 0 -0.127986 0.984745 0 -0.174005 0.549496 0 0.835496 0.549496 0 0.835496 0.510017 0 0.860165 0.510017 0 0.860165 0.469432 0 0.882969 0.427829 0 0.90386 0.469432 0 0.882969 0.427829 0 0.90386 0.3853 0 0.922792 0.3853 0 0.922792 0.341935 0 0.939724 0.297829 0 0.954619 0.341935 0 0.939724 0.297829 0 0.954619 0.253078 0 0.967446 0.253078 0 0.967446 0.207779 0 0.978176 0.162029 0 0.986786 0.207779 0 0.978176 0.162029 0 0.986786 0.115928 0 0.993258 0.115928 0 0.993258 0.0695757 0 0.997577 0.0230727 0 0.999734 0.0695757 0 0.997577 0.0230727 0 0.999734 -0.0234803 0 0.999724 -0.0234803 0 0.999724 -0.0699824 0 0.997548 -0.116333 0 0.99321 -0.0699824 0 0.997548 -0.116333 0 0.99321 -0.162431 0 0.98672 -0.162431 0 0.98672 -0.208178 0 0.978091 -0.253473 0 0.967342 -0.208178 0 0.978091 -0.253473 0 0.967342 -0.298219 0 0.954498 -0.298219 0 0.954498 -0.342318 0 0.939584 -0.385676 0 0.922634 -0.342318 0 0.939584 -0.385676 0 0.922634 -0.428198 0 0.903685 -0.428198 0 0.903685 -0.469792 0 0.882777 -0.469792 0 0.882777 0.459379 0 0.88824 0.459379 0 0.88824 0.448585 0 0.89374 0.470106 0 0.88261 0.470106 0 0.88261 0.448585 0 0.89374 0.437725 0 0.899109 0.437725 0 0.899109 0.309017 0 0.951057 0.352945 0 0.935644 0.311522 0 0.950239 0.396108 0 0.918204 0.355004 0 0.934865 0.39773 0 0.917503 0.438412 0 0.898774 0.479766 0 0.877396 0.43961 0 0.898189 0.520081 0 0.854117 0.480556 0 0.876964 0.559295 0 0.828969 0.520479 0 0.853874 0.559268 0 0.828987 0.597243 0 0.80206 0.596922 0 0.802299 0.633924 0 0.773395 0.633279 0 0.773924 0.668289 0 0.743902 0.669232 0 0.743054 0.703089 0 0.711102 0.702246 0 0.711934 0.735422 0 0.67761 0.734676 0 0.678418 0.765508 0 0.643426 0.766161 0 0.642649 0.79524 0 0.606295 0.794675 0 0.607035 0.822595 0 0.568627 0.822114 0 0.569323 0.847765 0 0.530373 0.848168 0 0.529727 0.871903 0 0.489679 0.871571 0 0.490269 0.893748 0 0.44857 0.893482 0 0.449099 0.91345 0 0.406952 0.913656 0 0.406488 0.931584 0 0.363526 0.93143 0 0.36392 0.947493 0 0.319776 0.947385 0 0.320096 0.961279 0 0.275576 0.961349 0 0.275332 0.973121 0 0.230293 0.973082 0 0.230457 0.982785 0 0.184754 0.982769 0 0.184837 0.990318 0 0.138814 0.990318 0 0.138814 0.267378 0 0.963592 0.222665 0 0.974895 0.26442 0 0.964408 0.177479 0 0.984125 0.219249 0 0.975669 0.173604 0 0.984816 0.131915 0 0.991261 0.0860705 0 0.996289 0.127582 0 0.991828 0.0400429 0 0.999198 0.0812835 0 0.996691 0.034809 0 0.999394 -0.00606959 0 0.999982 -0.0521694 0 0.998638 -0.0117409 0 0.999931 -0.0981583 0 0.995171 -0.0582655 0 0.998301 -0.104664 0 0.994508 -0.143938 0 0.989587 -0.189412 0 0.981898 -0.150835 0 0.988559 -0.234483 0 0.97212 -0.19668 0 0.980468 -0.242098 0 0.970252 -0.279056 0 0.960275 -0.324156 0 0.946003 -0.286991 0 0.957933 -0.368532 0 0.929615 -0.331263 0 0.943538 -0.374817 0 0.927099 -0.412083 0 0.911146 -0.454711 0 0.890639 -0.417558 0 0.90865 -0.496322 0 0.868138 -0.459395 0 0.888232 -0.500235 0 0.865889 -0.536823 0 0.843695 -0.576122 0 0.817364 -0.539992 0 0.84167 -0.614132 0 0.789203 -0.578579 0 0.815626 -0.615911 0 0.787815 -0.650768 0 0.759277 -0.685947 0 0.727651 -0.651909 0 0.758297 -0.719592 0 0.694398 -0.686494 0 0.727135 -0.719592 0 0.694398 0.162414 0 0.986723 0.162414 0 0.986723 0.150449 0 0.988618 0.174356 0 0.984683 0.174356 0 0.984683 0.150449 0 0.988618 0.138461 0 0.990368 0.138461 0 0.990368 -8.74228e-08 0 1 -8.74228e-08 0 1 0.0459046 0 0.998946 0.0465405 0 0.998916 0.0917123 0 0.995786 0.137327 0 0.990526 0.09298 0 0.995668 0.139218 0 0.990262 0.182652 0 0.983178 0.185154 0 0.982709 0.227592 0 0.973757 0.272052 0 0.962283 0.230689 0 0.973027 0.275724 0 0.961237 0.320162 0 0.947363 0.315938 0 0.94878 0.363906 0 0.931436 0.359158 0 0.933277 0.401622 0 0.915806 0.406861 0 0.91349 0.448934 0 0.893565 0.443238 0 0.896404 0.490035 0 0.871703 0.48392 0 0.875112 0.523581 0 0.851976 0.530073 0 0.847952 0.568963 0 0.822363 0.562139 0 0.827043 0.606619 0 0.794993 0.600622 0 0.799533 0.637762 0 0.770234 0.642961 0 0.765899 0.67791 0 0.735145 0.673474 0 0.739211 0.711389 0 0.702798 0.707679 0 0.706534 0.7403 0 0.672276 0.743327 0 0.668929 0.773653 0 0.633609 0.771265 0 0.636514 0.802304 0 0.596916 0.800504 0 0.599328 0.827951 0 0.5608 0.829215 0 0.55893 0.854329 0 0.519732 0.853546 0 0.521017 0.877592 0 0.479408 0.877231 0 0.480068 0.898953 0 0.438045 0.898953 0 0.438045 -0.0465405 0 0.998916 -0.0459046 0 0.998946 -0.0917125 0 0.995786 -0.137327 0 0.990526 -0.09298 0 0.995668 -0.139218 0 0.990262 -0.182652 0 0.983178 -0.227592 0 0.973757 -0.185154 0 0.982709 -0.272052 0 0.962283 -0.230689 0 0.973027 -0.275724 0 0.961237 -0.315938 0 0.94878 -0.359158 0 0.933277 -0.320162 0 0.947363 -0.401622 0 0.915806 -0.363906 0 0.931436 -0.406861 0 0.91349 -0.443238 0 0.896404 -0.48392 0 0.875112 -0.448934 0 0.893565 -0.523581 0 0.851976 -0.490035 0 0.871703 -0.530073 0 0.847952 -0.562139 0 0.827043 -0.600622 0 0.799533 -0.568963 0 0.822363 -0.637761 0 0.770234 -0.606619 0 0.794993 -0.642961 0 0.765899 -0.673474 0 0.739211 -0.707679 0 0.706534 -0.67791 0 0.735145 -0.7403 0 0.672276 -0.711389 0 0.702798 -0.743327 0 0.668929 -0.771265 0 0.636514 -0.800504 0 0.599327 -0.773653 0 0.633609 -0.827952 0 0.5608 -0.802304 0 0.596916 -0.829215 0 0.55893 -0.853546 0 0.521017 -0.877231 0 0.480068 -0.854329 0 0.519733 -0.898953 0 0.438045 -0.877592 0 0.479408 -0.898953 0 0.438045 -0.150449 0 0.988618 -0.150449 0 0.988618 -0.162414 0 0.986723 -0.138462 0 0.990368 -0.138462 0 0.990368 -0.162414 0 0.986723 -0.174356 0 0.984683 -0.174356 0 0.984683 -0.311522 0 0.950239 -0.309017 0 0.951056 -0.267378 0 0.963592 -0.264419 0 0.964408 -0.222665 0 0.974895 -0.177479 0 0.984125 -0.219249 0 0.975669 -0.173603 0 0.984816 -0.131915 0 0.991261 -0.127582 0 0.991828 -0.0860707 0 0.996289 -0.0400431 0 0.999198 -0.0812834 0 0.996691 -0.034809 0 0.999394 0.00606966 0 0.999982 0.0117409 0 0.999931 0.0521695 0 0.998638 0.0582654 0 0.998301 0.0981584 0 0.995171 0.104664 0 0.994508 0.150835 0 0.988559 0.143938 0 0.989587 0.19668 0 0.980468 0.189412 0 0.981898 0.234483 0 0.97212 0.242098 0 0.970252 0.286991 0 0.957933 0.279056 0 0.960275 0.331263 0 0.943538 0.324156 0 0.946003 0.368532 0 0.929615 0.374817 0 0.927099 0.417558 0 0.90865 0.412083 0 0.911146 0.459394 0 0.888232 0.454711 0 0.890639 0.496322 0 0.868138 0.500235 0 0.865889 0.539992 0 0.84167 0.536823 0 0.843695 0.578579 0 0.815627 0.576122 0 0.817364 0.614132 0 0.789203 0.615911 0 0.787815 0.651909 0 0.758297 0.650768 0 0.759277 0.686494 0 0.727135 0.685947 0 0.727651 0.719591 0 0.694398 0.719591 0 0.694398 -0.352945 0 0.935644 -0.355004 0 0.934865 -0.396108 0 0.918204 -0.39773 0 0.917503 -0.438412 0 0.898774 -0.479766 0 0.877396 -0.43961 0 0.898189 -0.480556 0 0.876964 -0.520081 0 0.854117 -0.520479 0 0.853874 -0.559268 0 0.828987 -0.597243 0 0.80206 -0.559295 0 0.828969 -0.596922 0 0.802299 -0.633279 0 0.773924 -0.668288 0 0.743902 -0.633924 0 0.773395 -0.669232 0 0.743054 -0.702246 0 0.711934 -0.734676 0 0.678418 -0.703089 0 0.711102 -0.765508 0 0.643426 -0.735422 0 0.67761 -0.766161 0 0.642649 -0.794676 0 0.607034 -0.822114 0 0.569323 -0.79524 0 0.606295 -0.847765 0 0.530373 -0.822595 0 0.568627 -0.848168 0 0.529727 -0.871571 0 0.490269 -0.893482 0 0.449099 -0.871903 0 0.489679 -0.91345 0 0.406952 -0.893748 0 0.44857 -0.913656 0 0.406488 -0.93143 0 0.36392 -0.947385 0 0.320096 -0.931584 0 0.363526 -0.961349 0 0.275332 -0.947493 0 0.319775 -0.973121 0 0.230293 -0.961279 0 0.275576 -0.973082 0 0.230457 -0.982785 0 0.184754 -0.982769 0 0.184837 -0.990318 0 0.138814 -0.990318 0 0.138814 -0 -1 -0 -0 -1 -0 -0 -1 -0 -0 -1 -0 -0 -1 -0 -0 -1 -0 -0 -1 -0 -0 -1 -0 -0 -1 -0 -0 -1 -0 -0 -1 -0 -0 -1 -0 -0 -1 -0 -0 -1 -0 -0 -1 -0 -0 -1 -0 -0 -1 -0 -0 -1 -0 -0 -1 -0 -0 -1 -0 -0 -1 -0 -0 -1 -0 -0 -1 -0 -0 -1 -0 -0 -1 -0 -0 -1 -0 -0 -1 -0 -0 -1 -0 -0 -1 -0 -0 -1 -0 -0 -1 -0 -0 -1 -0 -0 -1 -0 -0 -1 -0 -0 -1 -0 -0 -1 -0 -0 -1 -0 -0 -1 -0 -0 -1 -0 -0 -1 -0 -0 -1 -0 -0 -1 -0 -0 -1 -0 -0 -1 -0 -0 -1 -0 -0 -1 -0 -0 -1 -0 -0 -1 -0 -0 -1 -0 -0 -1 -0 -0 -1 -0 -0 -1 -0 -0 -1 -0 -0 -1 -0 -0 -1 -0 -0 -1 -0 -0 -1 -0 -0 -1 -0 -0 -1 -0 -0 -1 -0 -0 -1 -0 -0 -1 -0 -0 -1 -0 -0 -1 -0 -0 -1 -0 -0 -1 -0 -0 -1 -0 -0 -1 -0 -0 -1 -0 -0 -1 -0 -0 -1 -0 -0 -1 -0 -0 -1 -0 -0 -1 -0 -0 -1 -0 -0 -1 -0 -0 -1 -0 -0 -1 -0 -0 -1 -0 -0 -1 -0 -0 -1 -0 -0 -1 -0 -0 -1 -0 -0 -1 -0 -0 -1 -0 -0 -1 -0 -0 -1 -0 -0 -1 -0 -0 -1 -0 -0 -1 -0 -0 -1 -0 -0 -1 -0 -0 -1 -0 -0 -1 -0 -0 -1 -0 -0 -1 -0 -0 -1 -0 -0 -1 -0 -0 -1 -0 -0 -1 -0 -0 -1 -0 -0 -1 -0 -0 -1 -0 -0 -1 -0 -0 -1 -0 -0 -1 -0 -0 -1 -0 -0 -1 -0 -0 -1 -0 -0 -1 -0 -0 -1 -0 -0 -1 -0 -0 -1 -0 -0 -1 -0 -0 -1 -0 -0 -1 -0 -0 -1 -0 -0 -1 -0 -0 -1 -0 -0 -1 -0 -0 -1 -0 -0 -1 -0 -0 -1 -0 -0 -1 -0 -0 -1 -0 -0 -1 -0 -0 -1 -0 -0 -1 -0 -0 -1 -0 -0 -1 -0 -0 -1 -0 -0 -1 -0 -0 -1 -0 -0 -1 -0 -0 -1 -0 -0 -1 -0 -0 -1 -0 -0 -1 -0 -0 -1 -0 -0 -1 -0 -0 -1 -0 -0 -1 -0 -0 -1 -0 -0 -1 -0 -0 -1 -0 -0 -1 -0 -0 -1 -0 -0 -1 -0 -0 -1 -0 -0 -1 -0 -0 -1 -0 -0 -1 -0 -0 -1 -0 -0 -1 -0 -0 -1 -0 -0 -1 -0 -0 -1 -0 -0 -1 -0 -0 -1 -0 -0 -1 -0 -0 -1 -0 -0 -1 -0 -0 -1 -0 -0 -1 -0 -0 -1 -0 -0 -1 -0 -0 -1 -0 -0 -1 -0 -0 -1 -0 -0 -1 -0 -0 -1 -0 -0 -1 -0 -0 -1 -0 -0 -1 -0 -0 -1 -0 -0 -1 -0 -0 -1 -0 -0 -1 -0 -0 -1 -0 -0 -1 -0 -0 -1 -0 -0 -1 -0 -0 -1 -0 -0 -1 -0 -0 -1 -0 -0 -1 -0 -0 -1 -0 -0 -1 -0 -0 -1 -0 -0 -1 -0 -0 -1 -0 -0 -1 -0 -0 -1 -0 -0 -1 -0 -0 -1 -0 -0 -1 -0 -0 -1 -0 -0 -1 -0 -0 -1 -0 -0 -1 -0 -0 -1 -0 -0 -1 -0 -0 -1 -0 -0 -1 -0 -0 -1 -0 -0 -1 -0 -0 -1 -0 -0 -1 -0 -0 -1 -0 -0 -1 -0 -0 -1 -0 -0 -1 -0 -0 -1 -0 -0 -1 -0 -0 -1 -0 -0 -1 -0 -0 -1 -0 -0 -1 -0 -0 -1 -0 -0.735724 0 -0.677282 -0.677282 -0 -0.735724 -0.677281 -0 -0.735724 -0.614213 -0 -0.78914 -0.614213 -0 -0.78914 -0.546948 -0 -0.837166 -0.546948 -0 -0.837166 -0.475947 -0 -0.879474 -0.475947 -0 -0.879474 -0.401695 -0 -0.915773 -0.401696 -0 -0.915773 -0.3247 -0 -0.945817 -0.3247 -0 -0.945817 -0.245485 -0 -0.9694 -0.245485 -0 -0.9694 -0.164595 -0 -0.986361 -0.164595 -0 -0.986361 -0.0825792 -0 -0.996584 -0.0825792 -0 -0.996584 -6.95355e-08 -0 -1 1.68883e-07 0 -1 -0.735724 0 -0.677282 -0.789141 0 -0.614213 -0.789141 0 -0.614213 -0.837166 0 -0.546948 -0.837166 0 -0.546948 -0.879474 0 -0.475947 -0.879474 0 -0.475947 -0.915773 0 -0.401695 -0.915773 0 -0.401695 -0.945817 0 -0.324699 -0.945817 0 -0.324699 -0.9694 0 -0.245485 -0.9694 0 -0.245485 -0.986361 0 -0.164594 -0.986361 0 -0.164594 -0.996584 0 -0.0825794 -0.996584 0 -0.0825794 -1 0 -5.96244e-09 -1 0 -5.96244e-09 -0.735724 0 0.677282 -0.677281 0 0.735724 -0.735724 0 0.677282 -0.789141 0 0.614213 -0.789141 0 0.614213 -0.837166 0 0.546948 -0.837166 0 0.546948 -0.879474 0 0.475947 -0.879474 0 0.475947 -0.915773 0 0.401695 -0.915773 0 0.401695 -0.945817 0 0.324699 -0.945817 0 0.324699 -0.9694 0 0.245485 -0.9694 0 0.245485 -0.986361 0 0.164594 -0.986361 0 0.164594 -0.996584 0 0.0825794 -0.996584 0 0.0825794 -1 0 5.96244e-09 -1 0 5.96244e-09 -0.677282 0 0.735724 -0.614213 0 0.78914 -0.614213 0 0.78914 -0.546948 0 0.837166 -0.546948 0 0.837166 -0.475947 0 0.879474 -0.475947 0 0.879474 -0.401696 0 0.915773 -0.401695 0 0.915773 -0.3247 0 0.945817 -0.3247 0 0.945817 -0.245485 0 0.9694 -0.245485 0 0.9694 -0.164595 0 0.986361 -0.164595 0 0.986361 -0.0825792 0 0.996584 -0.0825792 0 0.996584 -6.95355e-08 0 1 1.68883e-07 0 1 0.735724 0 -0.677282 0.677281 0 -0.735724 0.735724 0 -0.677282 0.789141 0 -0.614213 0.789141 0 -0.614213 0.837166 0 -0.546948 0.837166 0 -0.546948 0.879474 0 -0.475947 0.879474 0 -0.475947 0.915773 0 -0.401695 0.915773 0 -0.401695 0.945817 0 -0.324699 0.945817 0 -0.324699 0.9694 0 -0.245485 0.9694 0 -0.245485 0.986361 0 -0.164594 0.986361 0 -0.164594 0.996584 0 -0.0825794 0.996584 0 -0.0825794 1 0 -5.96244e-09 1 0 -5.96244e-09 0.677282 0 -0.735724 0.614213 0 -0.78914 0.614213 0 -0.78914 0.546948 0 -0.837166 0.546948 0 -0.837166 0.475947 0 -0.879474 0.475947 0 -0.879474 0.401696 0 -0.915773 0.401695 0 -0.915773 0.3247 0 -0.945817 0.3247 0 -0.945817 0.245485 0 -0.9694 0.245485 0 -0.9694 0.164595 0 -0.986361 0.164595 0 -0.986361 0.0825792 0 -0.996584 0.0825792 0 -0.996584 6.95355e-08 0 -1 -1.68883e-07 0 -1 0.735724 0 0.677282 0.677282 0 0.735724 0.677281 0 0.735724 0.614213 0 0.78914 0.614213 0 0.78914 0.546948 0 0.837166 0.546948 0 0.837166 0.475947 0 0.879474 0.475947 0 0.879474 0.401695 0 0.915773 0.401696 0 0.915773 0.3247 0 0.945817 0.3247 0 0.945817 0.245485 0 0.9694 0.245485 0 0.9694 0.164595 0 0.986361 0.164595 0 0.986361 0.0825792 0 0.996584 0.0825792 0 0.996584 6.95355e-08 0 1 -1.68883e-07 0 1 0.735724 0 0.677282 0.789141 0 0.614213 0.789141 0 0.614213 0.837166 0 0.546948 0.837166 0 0.546948 0.879474 0 0.475947 0.879474 0 0.475947 0.915773 0 0.401695 0.915773 0 0.401695 0.945817 0 0.324699 0.945817 0 0.324699 0.9694 0 0.245485 0.9694 0 0.245485 0.986361 0 0.164594 0.986361 0 0.164594 0.996584 0 0.0825794 0.996584 0 0.0825794 1 0 5.96244e-09 1 0 5.96244e-09 0 0 1 0 0 1 0 0 1 0 0 1 0 0 1 0.00880579 0 0.999961 -0.00880573 0 0.999961 -0.00913902 0 0.999958 0.00913909 0 0.999958 0.0264146 0 0.999651 0.0274139 0 0.999624 0.0440152 0 0.999031 0.0616019 0 0.998101 0.0456798 0 0.998956 0.0639304 0 0.997954 0.0791697 0 0.996861 0.0821597 0 0.996619 0.096713 0 0.995312 0.114226 0 0.993455 0.100788 0 0.994908 0.119381 0 0.992849 0.131704 0 0.991289 0.137932 0 0.990442 0.149141 0 0.988816 0.166532 0 0.986036 0.156434 0 0.987688 0.174882 0 0.984589 0.183871 0 0.98295 0.193269 0 0.981146 0.201153 0 0.97956 0.218372 0 0.975865 0.211589 0 0.977359 0.229834 0 0.97323 0.235524 0 0.971868 0.247882 0 0.96879 0.252603 0 0.96757 0.269604 0 0.962971 0.265845 0 0.964016 0.283716 0 0.958908 0.28652 0 0.958074 0.30149 0 0.953469 0.303349 0 0.95288 0.320082 0 0.94739 0.319158 0 0.947701 0.336717 0 0.941606 0.336717 0 0.941606 -0.0264145 0 0.999651 -0.0274141 0 0.999624 -0.0440151 0 0.999031 -0.061602 0 0.998101 -0.04568 0 0.998956 -0.0791696 0 0.996861 -0.0639304 0 0.997954 -0.0821596 0 0.996619 -0.0967129 0 0.995312 -0.114226 0 0.993455 -0.100788 0 0.994908 -0.131704 0 0.991289 -0.119381 0 0.992849 -0.137932 0 0.990442 -0.149141 0 0.988816 -0.166532 0 0.986036 -0.156434 0 0.987688 -0.183871 0 0.98295 -0.174883 0 0.984589 -0.193269 0 0.981146 -0.201153 0 0.97956 -0.211589 0 0.977359 -0.218372 0 0.975866 -0.229834 0 0.97323 -0.247882 0 0.96879 -0.235524 0 0.971868 -0.252603 0 0.96757 -0.265845 0 0.964016 -0.269604 0 0.962971 -0.283716 0 0.958908 -0.30149 0 0.95347 -0.286521 0 0.958074 -0.303349 0 0.95288 -0.319158 0 0.947701 -0.320082 0 0.94739 -0.336717 0 0.941606 -0.336717 0 0.941606 0 0 1 0 0 1 0 0 1 0 0 1 0 0 1 1 0 0 1 0 0 1 0 0 1 0 0 1 0 0 -1.78359e-16 0 -1 -1.78359e-16 0 -1 -1.78359e-16 0 -1 -1.78359e-16 0 -1 -1.78359e-16 0 -1 0.999857 0 -0.0168894 0.999857 0 -0.0168894 0.999857 0 0.0168896 0.998717 0 -0.0506491 0.998716 0 -0.0506493 0.996436 0 -0.084351 0.996436 0 -0.084351 0.993019 0 -0.117957 0.993019 0 -0.117957 0.988468 0 -0.151428 0.988468 0 -0.151428 0.98279 0 -0.184726 0.98279 0 -0.184726 0.97599 0 -0.217814 0.97599 0 -0.217814 0.968077 0 -0.250653 0.968077 0 -0.250653 0.959059 0 -0.283205 0.959059 0 -0.283205 0.948947 0 -0.315435 0.948947 0 -0.315435 0.937752 0 -0.347305 0.937752 0 -0.347305 0.925487 0 -0.378779 0.925487 0 -0.378779 0.912166 0 -0.40982 0.912166 0 -0.40982 0.897804 0 -0.440394 0.897804 0 -0.440394 0.882418 0 -0.470466 0.882418 0 -0.470466 0.866025 0 -0.5 0.866025 0 -0.5 0.848644 0 -0.528964 0.848644 0 -0.528964 0.830295 0 -0.557325 0.830295 0 -0.557325 0.810998 0 -0.585049 0.810998 0 -0.585049 0.790776 0 -0.612106 0.790776 0 -0.612106 0.769651 0 -0.638465 0.769651 0 -0.638465 0.747649 0 -0.664095 0.747649 0 -0.664095 0.724793 0 -0.688967 0.724793 0 -0.688967 0.70111 0 -0.713053 0.70111 0 -0.713053 0.676627 0 -0.736326 0.676627 0 -0.736326 0.651373 0 -0.758758 0.651372 0 -0.758758 0.625375 0 -0.780325 0.625375 0 -0.780325 0.598663 0 -0.801001 0.598663 0 -0.801001 0.571268 0 -0.820763 0.571268 0 -0.820763 0.543222 0 -0.839589 0.543222 0 -0.839589 0.514555 0 -0.857457 0.514555 0 -0.857457 0.485302 0 -0.874347 0.485302 0 -0.874347 0.455495 0 -0.890238 0.455495 0 -0.890238 0.425168 0 -0.905114 0.425168 0 -0.905114 0.394356 0 -0.918958 0.394356 0 -0.918958 0.363094 0 -0.931753 0.363094 0 -0.931753 0.331418 0 -0.943484 0.331418 0 -0.943484 0.299363 0 -0.954139 0.299363 0 -0.954139 0.266967 0 -0.963706 0.266967 0 -0.963706 0.234266 0 -0.972172 0.234266 0 -0.972172 0.201298 0 -0.97953 0.201298 0 -0.97953 0.168101 0 -0.98577 0.168101 0 -0.98577 0.134711 0 -0.990885 0.134711 0 -0.990885 0.101168 0 -0.994869 0.101168 0 -0.994869 0.0675097 0 -0.997719 0.0675098 0 -0.997719 0.0337742 0 -0.999429 0.0337742 0 -0.999429 4.37114e-08 0 -1 4.37114e-08 0 -1 0.999857 0 0.0168896 0.998717 0 0.050649 0.998717 0 0.050649 0.996436 0 0.0843509 0.996436 0 0.0843509 0.993019 0 0.117957 0.993019 0 0.117957 0.988468 0 0.151428 0.988468 0 0.151428 0.98279 0 0.184726 0.98279 0 0.184726 0.97599 0 0.217813 0.97599 0 0.217813 0.968077 0 0.250652 0.968077 0 0.250652 0.959059 0 0.283205 0.959059 0 0.283205 0.948947 0 0.315435 0.948947 0 0.315435 0.937752 0 0.347305 0.937752 0 0.347305 0.925487 0 0.378779 0.925487 0 0.378779 0.912166 0 0.40982 0.912166 0 0.40982 0.897805 0 0.440394 0.897805 0 0.440394 0.882418 0 0.470465 0.882418 0 0.470465 0.866025 0 0.5 0.866025 0 0.5 0.848644 0 0.528964 0.848644 0 0.528964 0.830295 0 0.557324 0.830295 0 0.557324 0.810998 0 0.585049 0.810998 0 0.585049 0.790776 0 0.612106 0.790776 0 0.612106 0.769651 0 0.638465 0.769651 0 0.638465 0.747649 0 0.664095 0.747649 0 0.664095 0.724793 0 0.688967 0.724793 0 0.688967 0.70111 0 0.713053 0.70111 0 0.713053 0.676627 0 0.736326 0.676627 0 0.736326 0.651373 0 0.758758 0.651373 0 0.758758 0.625374 0 0.780325 0.625374 0 0.780325 0.598663 0 0.801001 0.598663 0 0.801001 0.571268 0 0.820763 0.571268 0 0.820763 0.543222 0 0.839589 0.543222 0 0.839589 0.514556 0 0.857457 0.514556 0 0.857457 0.485302 0 0.874347 0.485302 0 0.874347 0.455495 0 0.890238 0.455495 0 0.890238 0.425168 0 0.905114 0.425168 0 0.905114 0.394356 0 0.918958 0.394356 0 0.918958 0.363094 0 0.931753 0.363094 0 0.931753 0.331418 0 0.943484 0.331418 0 0.943484 0.299363 0 0.954139 0.299363 0 0.954139 0.266967 0 0.963706 0.266967 0 0.963706 0.234267 0 0.972172 0.234267 0 0.972172 0.201299 0 0.97953 0.201299 0 0.97953 0.168101 0 0.98577 0.168101 0 0.98577 0.134711 0 0.990885 0.134711 0 0.990885 0.101168 0 0.994869 0.101168 0 0.994869 0.0675098 0 0.997719 0.0675098 0 0.997719 0.0337741 0 0.999429 0.0337741 0 0.999429 -1.19249e-08 0 1 -1.19249e-08 0 1 1.78359e-16 0 1 1.78359e-16 0 1 1.78359e-16 0 1 1.78359e-16 0 1 1.78359e-16 0 1 1 0 0 1 0 0 1 0 0 1 0 0 1 0 0 0 0 -1 0 0 -1 0 0 -1 0 0 -1 0 0 -1 0 0 -1 0 0 -1 0 0 -1 0 0 -1 0 0 -1 -1 0 0 -1 0 0 -1 0 0 -1 0 0 -1 0 0 0 1 0 0 1 0 0 1 0 0 1 0 0 1 0 0 1 0 0 1 0 0 1 0 0 1 0 0 1 0 0 1 0 0 1 0 0 1 0 0 1 0 0 1 0 0 1 0 0 1 0 0 1 0 0 1 0 0 1 0 0 1 0 0 1 0 0 1 0 0 1 0 0 1 0 0 1 0 0 1 0 0 1 0 0 1 0 0 1 0 0 1 0 0 1 0 0 1 0 0 1 0 0 1 0 0 1 0 0 1 0 0 1 0 0 1 0 0 1 0 0 1 0 0 1 0 0 1 0 0 1 0 0 1 0 0 1 0 0 1 0 0 1 0 0 1 0 0 1 0 0 1 0 0 1 0 0 1 0 0 1 0 0 1 0 0 1 0 0 1 0 0 1 0 0 1 0 0 1 0 0 1 0 0 1 0 0 1 0 0 1 0 0 1 0 0 1 0 0 1 0 0 1 0 0 1 0 0 1 0 0 1 0 0 1 0 0 1 0 0 1 0 0 1 0 0 1 0 0 1 0 0 1 0 0 1 0 0 1 0 0 1 0 0 1 0 0 1 0 0 1 0 0 1 0 0 1 0 0 1 0 0 1 0 0 1 0 0 1 0 0 1 0 0 1 0 0 1 0 0 1 0 0 1 0 0 1 0 0 1 0 0 1 0 0 1 0 0 1 0 0 1 0 0 1 0 0 1 0 0 1 0 0 1 0 0 1 0 0 1 0 0 1 0 0 1 0 0 1 0 0 1 0 0 1 0 0 1 0 0 1 0 0 1 0 0 1 0 0 1 0 0 1 0 0 1 0 0 1 0 0 1 0 0 1 0 0 1 0 0 1 0 0 1 0 0 1 0 0 1 0 0 1 0 0 1 0 0 1 0 0 1 0 0 1 0 0 1 0 0 1 0 0 1 0 0 1 0 0 1 0 0 1 0 0 1 0 0 1 0 0 1 0 0 1 0 0 1 0 0 1 0 0 1 0 0 1 0 0 1 0 0 1 0 0 1 0 0 1 0 0 1 0 0 1 0 0 1 0 0 1 0 0 1 0 0 1 0 -0 -1 -0 -0 -1 -0 -0 -1 -0 -0 -1 -0 -0 -1 -0 -0 -1 -0 -0 -1 -0 -0 -1 -0 -0 -1 -0 -0 -1 -0 -0 -1 -0 -0 -1 -0 -0 -1 -0 -0 -1 -0 -0 -1 -0 -0 -1 -0 -0 -1 -0 -0 -1 -0 -0 -1 -0 -0 -1 -0 -0 -1 -0 -0 -1 -0 -0 -1 -0 -0 -1 -0 -0 -1 -0 -0 -1 -0 -0 -1 -0 -0 -1 -0 -0 -1 -0 -0 -1 -0 -0 -1 -0 -0 -1 -0 -0 -1 -0 -0 -1 -0 -0 -1 -0 -0 -1 -0 -0 -1 -0 -0 -1 -0 -0 -1 -0 -0 -1 -0 -0 -1 -0 -0 -1 -0 -0 -1 -0 -0 -1 -0 -0 -1 -0 -0 -1 -0 -0 -1 -0 -0 -1 -0 -0 -1 -0 -0 -1 -0 -0 -1 -0 -0 -1 -0 -0 -1 -0 -0 -1 -0 -0 -1 -0 -0 -1 -0 -0 -1 -0 -0 -1 -0 -0 -1 -0 -0 -1 -0 -0 -1 -0 -0 -1 -0 -0 -1 -0 -0 -1 -0 -0 -1 -0 -0 -1 -0 -0 -1 -0 -0 -1 -0 -0 -1 -0 -0 -1 -0 -0 -1 -0 -0 -1 -0 -0 -1 -0 -0 -1 -0 -0 -1 -0 -0 -1 -0 -0 -1 -0 -0 -1 -0 -0 -1 -0 -0 -1 -0 -0 -1 -0 -0 -1 -0 -0 -1 -0 -0 -1 -0 -0 -1 -0 -0 -1 -0 -0 -1 -0 -0 -1 -0 -0 -1 -0 -0 -1 -0 -0 -1 -0 -0 -1 -0 -0 -1 -0 -0 -1 -0 -0 -1 -0 -0 -1 -0 -0 -1 -0 -0 -1 -0 -0 -1 -0 -0 -1 -0 -0 -1 -0 -0 -1 -0 -0 -1 -0 -0 -1 -0 -0 -1 -0 -0 -1 -0 -0 -1 -0 -0 -1 -0 -0 -1 -0 -0 -1 -0 -0 -1 -0 -0 -1 -0 -0 -1 -0 -0 -1 -0 -0 -1 -0 -0 -1 -0 -0 -1 -0 -0 -1 -0 -0 -1 -0 -0 -1 -0 -0 -1 -0 -0 -1 -0 -0 -1 -0 -0 -1 -0 -0 -1 -0 -0 -1 -0 -0 -1 -0 -0 -1 -0 -0 -1 -0 -0 -1 -0 -0 -1 -0 -0 -1 -0 -0 -1 -0 -0 -1 -0 -0 -1 -0 -0 -1 -0 -0 -1 -0 -0 -1 -0 -0 -1 -0 -0 -1 -0 -0 -1 -0 -0 -1 -0 -0 -1 -0 -0 -1 -0 -0 -1 -0 -0 -1 -0 -0 -1 -0 -0 -1 -0 -0 -1 -0 -0 -1 -0 -0 -1 -0 -0 -1 -0 -0 -1 -0 -0 -1 -0 -0 -1 -0 -0 -1 -0 -0 -1 -0 -0 -1 -0 -0 -1 -0 -0 -1 -0 -0 -1 -0 -0 -1 -0 -0 -1 -0 -0 -1 -0 -0 -1 -0 -0 -1 -0 -0 -1 -0 -0 -1 -0 -0 -1 -0 -0 -1 -0 -0 -1 -0 -0 -1 -0 -0 -1 -0 -0 -1 -0 -0 -1 -0 -0 -1 -0 -0 -1 -0 -0 -1 -0 -0 -1 -0 -0 -1 -0 -0 -1 -0 -0 -1 -0 -0 -1 -0 -0 -1 -0 -0 -1 -0 -0 -1 -0 -0 -1 -0 -0 -1 -0 -0 -1 -0 -0 -1 -0 -0 -1 -0 -0 -1 -0 -0 -1 -0 -0 -1 -0 -0 -1 -0 -0 -1 -0 -0 -1 -0 -0 -1 -0 -0 -1 -0 -0 -1 -0 -0 -1 -0 -0 -1 -0 -0 -1 -0 -0 -1 -0 -0 -1 -0 -0 -1 -0 -0 -1 -0 -0 -1 -0 -0 -1 -0 -0 -1 -0 -0 -1 -0 -0 -1 -0 -0 -1 -0 -0 -1 -0 -0 -1 -0 -0 -1 -0 -0 -1 -0 -0 -1 -0 -0 -1 -0 -0 -1 -0 -0 -1 -0 -0 -1 -0 -0 -1 -0 -0 -1 -0 -0 -1 -0 -0 -1 -0 -0 -1 -0 -0 -1 -0 -0 -1 -0 -0 -1 -0 -0 -1 -0 -0 -1 -0 -0 -1 -0 -0 -1 -0 -0 -1 -0 -0 -1 -0 -0 -1 -0 -0 -1 -0 -0 -1 -0 -0 -1 -0 -0 -1 -0 -0 -1 -0 -0 -1 -0 -0 -1 -0 -0 -1 -0 -0 -1 -0 -0 -1 -0 -0 -1 -0 -0 -1 -0 -0 -1 -0 -0 -1 -0 -0 -1 -0 -0 -1 -0 -0 -1 -0 -0 -1 -0 -0 -1 -0 -0 -1 -0 -0 -1 -0 -0 -1 -0 -0 -1 -0 -0 -1 -0 -0 -1 -0 -0 -1 -0 -0 -1 -0 -0 -1 -0 -0 -1 -0 -0 -1 -0 -0 -1 -0 -0 -1 -0 -0 -1 -0 -0 -1 -0 -0 -1 -0 -0 -1 -0 -0 -1 -0 -0 -1 -0 -0 -1 -0 -0 -1 -0 -0 -1 -0 -0 -1 -0 -0 -1 -0 -0 -1 -0 -0 -1 -0 -0 -1 -0 -0 -1 -0 -0 -1 -0 -0 -1 -0 -0 -1 -0 -0 -1 -0 -0 -1 -0 -0 -1 -0 -0 -1 -0 -0 -1 -0 -0 -1 -0 -0 -1 -0 -0 -1 -0 -0 -1 -0 -0 -1 -0 -0 -1 -0 -0 -1 -0 -0 -1 -0 -0 -1 -0 -0 -1 -0 -0 -1 -0 -0 -1 -0 -0 -1 -0 -0 -1 -0 -0 -1 -0 -0 -1 -0 -0 -1 -0 -0 -1 -0 -0 -1 -0 -0 -1 -0 -0 -1 -0 -0 -1 -0 -0 -1 -0 -0 -1 -0 -0 -1 -0 -0 -1 -0 -0 -1 -0 -0 -1 -0 -0 -1 -0 -0 -1 -0 -0 -1 -0 -0 -1 -0 -0 -1 -0 -0 -1 -0 -0 -1 -0 -0 -1 -0 -0 -1 -0 -0 -1 -0 -0 -1 -0 -0 -1 -0 -0 -1 -0 -0 -1 -0 -0 -1 -0 -0 -1 -0 -0 -1 -0 -0 -1 -0 -0 -1 -0 -0 -1 -0 -0 -1 -0 -0 -1 -0 -0 -1 -0 -0 -1 -0 -0 -1 -0 -0 -1 -0 -0 -1 -0 -0 -1 -0 -0 -1 -0 -0 -1 -0 -0 -1 -0 -0 -1 -0 -0 -1 -0 -0 -1 -0 -0 -1 -0 -0 -1 -0 -0 -1 -0 -0 -1 -0 -0 -1 -0 -0 -1 -0 -0 -1 -0 -0 -1 -0 -0 -1 -0 -0 -1 -0 -0 -1 -0 -0 -1 -0 -0 -1 -0 -0 -1 -0 -0 -1 -0 -0 -1 -0 -0 -1 -0 -0 -1 -0 -0 -1 -0 -0 -1 -0 -0 -1 -0 -0 -1 -0 -0 -1 -0 -0 -1 -0 -0 -1 -0 -0 -1 -0 -0 -1 -0 -0 -1 -0 -0 -1 -0 -0 -1 -0 -0 -1 -0 -0 -1 -0 -0 -1 -0 -0 -1 -0 -0 -1 -0 -0 -1 -0 -0 -1 -0 -0 -1 -0 -0 -1 -0 -0 -1 -0 -0 -1 -0 -0 -1 -0 -0 -1 -0 -0 -1 -0 -0 -1 -0 -0 -1 -0 -0 -1 -0 -0 -1 -0 -0 -1 -0 -0 -1 -0 -0 -1 -0 -0 -1 -0 -0 -1 -0 -0 -1 -0 -0 -1 -0 -0 -1 -0 -0 -1 -0 -0 -1 -0 -0 -1 -0 -0 -1 -0 -0 -1 -0 -0 -1 -0 -0 -1 -0 -0 -1 -0 -0 -1 -0 -0 -1 -0 -0 -1 -0 -0 -1 -0 -0 -1 -0 -0 -1 -0 -0 -1 -0 -0 -1 -0 -0 -1 -0 -0 -1 -0 -0 -1 -0 -0 -1 -0 -0 -1 -0 -0 -1 -0 -0 -1 -0 -0 -1 -0 -0 -1 -0 -0 -1 -0 -0 -1 -0 -0 -1 -0 -0 -1 -0 -0 -1 -0 -0 -1 -0 -0 -1 -0 -0 -1 -0 -0 -1 -0 -0 -1 -0 -0 -1 -0 -0 -1 -0 -0 -1 -0 -0 -1 -0 -0 -1 -0 -0 -1 -0 -0 -1 -0 -0 -1 -0 -0 -1 -0 -0 -1 -0 -0 -1 -0 -0 -1 -0 -0 -1 -0 -0 -1 -0 -0 -1 -0 -0 -1 -0 -0 -1 -0 -0 -1 -0 -0 -1 -0 -0 -1 -0 -0 -1 -0 -0 -1 -0 -0 -1 -0 -0 -1 -0 -0 -1 -0 -0 -1 -0 -0 -1 -0 -0 -1 -0 -0 -1 -0 -0 -1 -0 -0 -1 -0 -0 -1 -0 -0 -1 -0 -0 -1 -0 -0 -1 -0 -0 -1 -0 -0 -1 -0 -0 -1 -0 -0 -1 -0 -0 -1 -0 -0 -1 -0 -0 -1 -0 -0 -1 -0 -0 -1 -0 -0 -1 -0 -0 -1 -0 -0 -1 -0 -0 -1 -0 -0 -1 -0 -0 -1 -0 -0 -1 -0 -0 -1 -0 -0 -1 -0 -0 -1 -0 -0 -1 -0 -0 -1 -0 -0 -1 -0 -0 -1 -0 -0 -1 -0 -0 -1 -0 -0 -1 -0 -0 -1 -0 -0 -1 -0 -0 -1 -0 -0 -1 -0 -0 -1 -0 -0 -1 -0 -0 -1 -0 -0 -1 -0 -0 -1 -0 -0 -1 -0 -0 -1 -0 -0 -1 -0 -0 -1 -0 -0 -1 -0 -0 -1 -0 -0 -1 -0 -0 -1 -0 -0 -1 -0 -0 -1 -0 -0 -1 -0 -0 -1 -0 -0 -1 -0 -0 -1 -0 -0 -1 -0 -0 -1 -0 -0 -1 -0 -0 -1 -0 -0 -1 -0 -0 -1 -0 -0 -1 -0 -0 -1 -0 -0 -1 -0 -0 -1 -0 -0 -1 -0 -0 -1 -0 -0 -1 -0 -0 -1 -0 -0 -1 -0 -0 -1 -0 -0 -1 -0 -0 -1 -0 -0 -1 -0 -0 -1 -0 -0 -1 -0 -0 -1 -0 -0 -1 -0 -0 -1 -0 -0 -1 -0 -0 -1 -0 -0 -1 -0 -0 -1 -0 -0 -1 -0 -0 -1 -0 -0 -1 -0 -0 -1 -0 -0 -1 -0 -0 -1 -0 -0 -1 -0 -0 -1 -0 -0 -1 -0 -0 -1 -0 -0 -1 -0 -0 -1 -0 -0 -1 -0 -0 -1 -0 -0 -1 -0 -0 -1 -0 -0 -1 -0 -0 -1 -0 -0 -1 -0 -0 -1 -0 -0 -1 -0 -0 -1 -0 -0 -1 -0 -0 -1 -0 -0 -1 -0 -0 -1 -0 -0 -1 -0 -0 -1 -0 -0 -1 -0 -0 -1 -0 -0 -1 -0 -0 -1 -0 -0 -1 -0 -0 -1 -0 -0 -1 -0 -0 -1 -0 -0 -1 -0 -0 -1 -0 -0 -1 -0 -0 -1 -0 -0 -1 -0 -0 -1 -0 -0 -1 -0 -0 -1 -0 -0 -1 -0 -0 -1 -0 -0 -1 -0 -0 -1 -0 -0 -1 -0 -0 -1 -0 -0 -1 -0 -0 -1 -0 -0 -1 -0 -0 -1 -0 -0 -1 -0 -0 -1 -0 -0 -1 -0 -0 -1 -0 -0 -1 -0 -0 -1 -0 -0 -1 -0 -0 -1 -0 -0 -1 -0 -0 -1 -0 -0 -1 -0 -0 -1 -0 -0 -1 -0 -0 -1 -0 -0 -1 -0 -0 -1 -0 -0 -1 -0 -0 -1 -0 -0 -1 -0 -0 -1 -0 -0 -1 -0 -0 -1 -0 -0 -1 -0 -0 -1 -0 -0 -1 -0 -0 -1 -0 -0 -1 -0 -0 -1 -0 -0 -1 -0 -0 -1 -0 -0 -1 -0 -0 -1 -0 -0 -1 -0 -0 -1 -0 -0 -1 -0 -0 -1 -0 -0 -1 -0 -0 -1 -0 -0 -1 -0 -0 -1 -0 -0 -1 -0 -0 -1 -0 -0 -1 -0 -0 -1 -0 -0 -1 -0 -0 -1 -0 -0 -1 -0 -0 -1 -0 -0 -1 -0 -0 -1 -0 -0 -1 -0 -0 -1 -0 -0 -1 -0 -0 -1 -0 -0 -1 -0 -0 -1 -0 -0 -1 -0 -0 -1 -0 -0 -1 -0 -0 -1 -0 -0 -1 -0 -1.78359e-16 0 -1 -1.78359e-16 0 -1 -1.78359e-16 0 -1 -1.78359e-16 0 -1 -1.78359e-16 0 -1 1.78359e-16 0 1 1.78359e-16 0 1 1.78359e-16 0 1 1.78359e-16 0 1 1.78359e-16 0 1 -0.999857 0 0.0168894 -0.999857 0 0.0168894 -0.999857 -0 -0.0168896 -0.998717 0 0.0506491 -0.998716 0 0.0506493 -0.996436 0 0.084351 -0.996436 0 0.084351 -0.993019 0 0.117957 -0.993019 0 0.117957 -0.988468 0 0.151428 -0.988468 0 0.151428 -0.98279 0 0.184726 -0.98279 0 0.184726 -0.97599 0 0.217814 -0.97599 0 0.217814 -0.968077 0 0.250653 -0.968077 0 0.250653 -0.959059 0 0.283205 -0.959059 0 0.283205 -0.948947 0 0.315435 -0.948947 0 0.315435 -0.937752 0 0.347305 -0.937752 0 0.347305 -0.925487 0 0.378779 -0.925487 0 0.378779 -0.912166 0 0.40982 -0.912166 0 0.40982 -0.897804 0 0.440394 -0.897804 0 0.440394 -0.882418 0 0.470466 -0.882418 0 0.470466 -0.866025 0 0.5 -0.866025 0 0.5 -0.848644 0 0.528964 -0.848644 0 0.528964 -0.830295 0 0.557325 -0.830295 0 0.557325 -0.810998 0 0.585049 -0.810998 0 0.585049 -0.790776 0 0.612106 -0.790776 0 0.612106 -0.769651 0 0.638465 -0.769651 0 0.638465 -0.747649 0 0.664095 -0.747649 0 0.664095 -0.724793 0 0.688967 -0.724793 0 0.688967 -0.70111 0 0.713053 -0.70111 0 0.713053 -0.676627 0 0.736326 -0.676627 0 0.736326 -0.651373 0 0.758758 -0.651372 0 0.758758 -0.625375 0 0.780325 -0.625375 0 0.780325 -0.598663 0 0.801001 -0.598663 0 0.801001 -0.571268 0 0.820763 -0.571268 0 0.820763 -0.543222 0 0.839589 -0.543222 0 0.839589 -0.514555 0 0.857457 -0.514555 0 0.857457 -0.485302 0 0.874347 -0.485302 0 0.874347 -0.455495 0 0.890238 -0.455495 0 0.890238 -0.425168 0 0.905114 -0.425168 0 0.905114 -0.394356 0 0.918958 -0.394356 0 0.918958 -0.363094 0 0.931753 -0.363094 0 0.931753 -0.331418 0 0.943484 -0.331418 0 0.943484 -0.299363 0 0.954139 -0.299363 0 0.954139 -0.266967 0 0.963706 -0.266967 0 0.963706 -0.234266 0 0.972172 -0.234266 0 0.972172 -0.201298 0 0.97953 -0.201298 0 0.97953 -0.168101 0 0.98577 -0.168101 0 0.98577 -0.134711 0 0.990885 -0.134711 0 0.990885 -0.101168 0 0.994869 -0.101168 0 0.994869 -0.0675097 0 0.997719 -0.0675098 0 0.997719 -0.0337742 0 0.999429 -0.0337742 0 0.999429 -4.37114e-08 0 1 -4.37114e-08 0 1 -0.999857 -0 -0.0168896 -0.998717 -0 -0.050649 -0.998717 -0 -0.050649 -0.996436 -0 -0.0843509 -0.996436 -0 -0.0843509 -0.993019 -0 -0.117957 -0.993019 -0 -0.117957 -0.988468 -0 -0.151428 -0.988468 -0 -0.151428 -0.98279 -0 -0.184726 -0.98279 -0 -0.184726 -0.97599 -0 -0.217813 -0.97599 -0 -0.217813 -0.968077 -0 -0.250652 -0.968077 -0 -0.250652 -0.959059 -0 -0.283205 -0.959059 -0 -0.283205 -0.948947 -0 -0.315435 -0.948947 -0 -0.315435 -0.937752 -0 -0.347305 -0.937752 -0 -0.347305 -0.925487 -0 -0.378779 -0.925487 -0 -0.378779 -0.912166 -0 -0.40982 -0.912166 -0 -0.40982 -0.897805 -0 -0.440394 -0.897805 -0 -0.440394 -0.882418 -0 -0.470465 -0.882418 -0 -0.470465 -0.866025 -0 -0.5 -0.866025 -0 -0.5 -0.848644 -0 -0.528964 -0.848644 -0 -0.528964 -0.830295 -0 -0.557324 -0.830295 -0 -0.557324 -0.810998 -0 -0.585049 -0.810998 -0 -0.585049 -0.790776 -0 -0.612106 -0.790776 -0 -0.612106 -0.769651 -0 -0.638465 -0.769651 -0 -0.638465 -0.747649 -0 -0.664095 -0.747649 -0 -0.664095 -0.724793 -0 -0.688967 -0.724793 -0 -0.688967 -0.70111 -0 -0.713053 -0.70111 -0 -0.713053 -0.676627 -0 -0.736326 -0.676627 -0 -0.736326 -0.651373 -0 -0.758758 -0.651373 -0 -0.758758 -0.625374 -0 -0.780325 -0.625374 -0 -0.780325 -0.598663 -0 -0.801001 -0.598663 -0 -0.801001 -0.571268 -0 -0.820763 -0.571268 -0 -0.820763 -0.543222 -0 -0.839589 -0.543222 -0 -0.839589 -0.514556 -0 -0.857457 -0.514556 -0 -0.857457 -0.485302 -0 -0.874347 -0.485302 -0 -0.874347 -0.455495 -0 -0.890238 -0.455495 -0 -0.890238 -0.425168 -0 -0.905114 -0.425168 -0 -0.905114 -0.394356 -0 -0.918958 -0.394356 -0 -0.918958 -0.363094 -0 -0.931753 -0.363094 -0 -0.931753 -0.331418 -0 -0.943484 -0.331418 -0 -0.943484 -0.299363 -0 -0.954139 -0.299363 -0 -0.954139 -0.266967 -0 -0.963706 -0.266967 -0 -0.963706 -0.234267 -0 -0.972172 -0.234267 -0 -0.972172 -0.201299 -0 -0.97953 -0.201299 -0 -0.97953 -0.168101 -0 -0.98577 -0.168101 -0 -0.98577 -0.134711 -0 -0.990885 -0.134711 -0 -0.990885 -0.101168 -0 -0.994869 -0.101168 -0 -0.994869 -0.0675098 -0 -0.997719 -0.0675098 -0 -0.997719 -0.0337741 -0 -0.999429 -0.0337741 -0 -0.999429 1.19249e-08 0 -1 1.19249e-08 0 -1 -1 0 0 -1 0 0 -1 0 0 -1 0 0 -1 0 0 0 1 0 0 1 0 0 1 0 0 1 0 0 1 0 0 1 0 0 1 0 0 1 0 0 1 0 0 1 0 0 1 0 0 1 0 0 1 0 0 1 0 0 1 0 0 1 0 0 1 0 0 1 0 0 1 0 0 1 0 0 1 0 0 1 0 0 1 0 0 1 0 0 1 0 0 1 0 0 1 0 0 1 0 0 1 0 0 1 0 0 1 0 0 1 0 0 1 0 0 1 0 0 1 0 0 1 0 0 1 0 0 1 0 0 1 0 0 1 0 0 1 0 0 1 0 0 1 0 0 1 0 0 1 0 0 1 0 0 1 0 0 1 0 0 1 0 0 1 0 0 1 0 0 1 0 0 1 0 0 1 0 0 1 0 0 1 0 0 1 0 0 1 0 0 1 0 0 1 0 0 1 0 0 1 0 0 1 0 0 1 0 0 1 0 0 1 0 0 1 0 0 1 0 0 1 0 0 1 0 0 1 0 0 1 0 0 1 0 0 1 0 0 1 0 0 1 0 0 1 0 0 1 0 0 1 0 0 1 0 0 1 0 0 1 0 0 1 0 0 1 0 0 1 0 0 1 0 0 1 0 0 1 0 0 1 0 0 1 0 0 1 0 0 1 0 0 1 0 0 1 0 0 1 0 0 1 0 0 1 0 0 1 0 0 1 0 0 1 0 0 1 0 0 1 0 0 1 0 0 1 0 0 1 0 0 1 0 0 1 0 0 1 0 0 1 0 0 1 0 0 1 0 0 1 0 0 1 0 0 1 0 0 1 0 0 1 0 0 1 0 0 1 0 0 1 0 0 1 0 0 1 0 0 1 0 0 1 0 0 1 0 0 1 0 0 1 0 0 1 0 0 1 0 0 1 0 0 1 0 0 1 0 0 1 0 0 1 0 0 1 0 0 1 0 0 1 0 0 1 0 0 1 0 0 1 0 0 1 0 0 1 0 0 1 0 0 1 0 0 1 0 0 1 0 0 1 0 0 1 0 0 1 0 0 1 0 0 1 0 0 1 0 0 1 0 0 1 0 0 1 0 0 1 0 0 1 0 0 1 0 0 1 0 0 1 0 0 1 0 0 1 0 0 1 0 0 1 0 0 1 0 0 1 0 0 1 0 0 1 0 0 1 0 0 1 0 0 1 0 0 1 0 0 1 0 0 1 0 0 1 0 0 1 0 0 1 0 0 1 0 0 1 0 0 1 0 0 1 0 0 1 0 0 1 0 0 1 0 0 1 0 0 1 0 0 1 0 0 1 0 0 1 0 0 1 0 0 1 0 0 1 0 0 1 0 0 1 0 0 1 0 0 1 0 0 1 0 0 1 0 0 1 0 0 1 0 0 1 0 0 1 0 0 1 0 0 1 0 0 1 0 0 1 0 0 1 0 0 1 0 0 1 0 0 1 0 0 1 0 0 1 0 0 1 0 0 1 0 0 1 0 0 1 0 0 1 0 0 1 0 0 1 0 0 1 0 0 1 0 0 1 0 0 1 0 0 1 0 0 1 0 0 1 0 0 1 0 0 1 0 0 1 0 0 1 0 0 1 0 0 1 0 0 1 0 0 1 0 0 1 0 0 1 0 0 1 0 0 1 0 0 1 0 0 1 0 0 1 0 0 1 0 0 1 0 0 1 0 0 1 0 0 1 0 0 1 0 0 1 0 0 1 0 0 1 0 0 1 0 0 1 0 0 1 0 0 1 0 0 1 0 0 1 0 0 1 0 0 1 0 0 1 0 0 1 0 0 1 0 0 1 0 0 1 0 0 1 0 0 1 0 0 1 0 0 1 0 0 1 0 0 1 0 0 1 0 0 1 0 0 1 0 0 1 0 0 1 0 0 1 0 0 1 0 0 1 0 0 1 0 0 1 0 0 1 0 0 1 0 0 1 0 0 1 0 0 1 0 0 1 0 0 1 0 0 1 0 0 1 0 0 1 0 0 1 0 0 1 0 0 1 0 0 1 0 0 1 0 0 1 0 0 1 0 0 1 0 0 1 0 0 1 0 0 1 0 0 1 0 0 1 0 0 1 0 0 1 0 0 1 0 0 1 0 0 1 0 0 1 0 0 1 0 0 1 0 0 1 0 0 1 0 0 1 0 0 1 0 0 1 0 0 1 0 0 1 0 0 1 0 0 1 0 0 1 0 0 1 0 0 1 0 0 1 0 0 1 0 0 1 0 0 1 0 0 1 0 0 1 0 0 1 0 0 1 0 0 1 0 0 1 0 0 1 0 0 1 0 0 1 0 0 1 0 0 1 0 0 1 0 0 1 0 0 1 0 0 1 0 0 1 0 0 1 0 0 1 0 0 1 0 0 1 0 0 1 0 0 1 0 0 1 0 0 1 0 0 1 0 0 1 0 0 1 0 0 1 0 0 1 0 0 1 0 0 1 0 0 1 0 0 1 0 0 1 0 0 1 0 0 1 0 0 1 0 0 1 0 0 1 0 0 1 0 0 1 0 0 1 0 0 1 0 0 1 0 0 1 0 0 1 0 0 1 0 0 1 0 0 1 0 0 1 0 0 1 0 0 1 0 0 1 0 0 1 0 0 1 0 0 1 0 0 1 0 0 1 0 0 1 0 0 1 0 0 1 0 0 1 0 0 1 0 0 1 0 0 1 0 0 1 0 0 1 0 0 1 0 0 1 0 0 1 0 0 1 0 0 1 0 0 1 0 0 1 0 0 1 0 0 1 0 0 1 0 0 1 0 0 1 0 0 1 0 0 1 0 0 1 0 0 1 0 0 1 0 0 1 0 0 1 0 0 1 0 0 1 0 0 1 0 0 1 0 0 1 0 0 1 0 0 1 0 0 1 0 0 1 0 0 1 0 0 1 0 0 1 0 0 1 0 0 1 0 0 1 0 0 1 0 0 1 0 0 1 0 0 1 0 0 1 0 0 1 0 0 1 0 0 1 0 0 1 0 0 1 0 0 1 0 0 1 0 0 1 0 0 1 0 0 1 0 0 1 0 0 1 0 0 1 0 0 1 0 0 1 0 0 1 0 0 1 0 0 1 0 0 1 0 0 1 0 0 1 0 0 1 0 0 1 0 0 1 0 0 1 0 0 1 0 0 1 0 0 1 0 0 1 0 0 1 0 0 1 0 0 1 0 0 1 0 0 1 0 0 1 0 0 1 0 0 1 0 0 1 0 0 1 0 0 1 0 0 1 0 0 1 0 0 1 0 0 1 0 0 1 0 0 1 0 0 1 0 0 1 0 0 1 0 0 1 0 0 1 0 0 1 0 0 1 0 0 1 0 0 1 0 0 1 0 0 1 0 0 1 0 0 1 0 0 1 0 0 1 0 0 1 0 0 1 0 0 1 0 0 1 0 0 1 0 0 1 0 0 1 0 0 1 0 0 1 0 0 1 0 0 1 0 0 1 0 0 1 0 0 1 0 0 1 0 0 1 0 0 1 0 0 1 0 0 1 0 0 1 0 0 1 0 0 1 0 0 1 0 0 1 0 0 1 0 0 1 0 0 1 0 0 1 0 0 1 0 0 1 0 0 1 0 0 1 0 0 1 0 0 1 0 0 1 0 0 1 0 0 1 0 0 1 0 0 1 0 0 1 0 0 1 0 0 1 0 0 1 0 0 1 0 0 1 0 0 1 0 0 1 0 0 1 0 0 1 0 0 1 0 0 1 0 0 1 0 0 1 0 0 1 0 0 1 0 0 1 0 0 1 0 0 1 0 0 1 0 0 1 0 0 1 0 0 1 0 0 1 0 0 1 0 0 1 0 0 1 0 0 1 0 0 1 0 0 1 0 0 1 0 0 1 0 0 1 0 0 1 0 0 1 0 0 1 0 0 1 0 0 1 0 0 1 0 0 1 0 0 1 0 0 1 0 0 1 0 0 1 0 0 1 0 0 1 0 0 1 0 0 1 0 0 1 0 0 1 0 0 1 0 0 1 0 0 1 0 0 1 0 0 1 0 0 1 0 0 1 0 0 1 0 0 1 0 0 1 0 0 1 0 0 1 0 0 1 0 0 1 0 0 1 0 0 1 0 0 1 0 0 1 0 0 1 0 0 1 0 0 1 0 0 1 0 0 1 0 0 1 0 0 1 0 0 1 0 0 1 0 0 1 0 0 1 0 0 1 0 0 1 0 0 1 0 0 1 0 0 1 0 0 1 0 0 1 0 0 1 0 0 1 0 0 1 0 0 1 0 0 1 0 0 1 0 0 1 0 0 1 0 0 1 0 0 1 0 0 1 0 0 1 0 0 1 0 0 1 0 0 1 0 0 1 0 0 1 0 0 1 0 0 1 0 0 1 0 0 1 0 0 1 0 0 1 0 0 1 0 0 1 0 0 1 0 0 1 0 0 1 0 0 1 0 0 1 0 0 1 0 0 1 0 0 1 0 0 1 0 0 1 0 0 1 0 0 1 0 0 1 0 0 1 0 0 1 0 0 1 0 0 1 0 0 1 0 0 1 0 0 1 0 0 1 0 0 1 0 0 1 0 0 1 0 0 1 0 0 1 0 0 1 0 0 1 0 0 1 0 0 1 0 0 1 0 0 1 0 0 1 0 0 1 0 0 1 0 0 1 0 0 1 0 0 1 0 0 1 0 0 1 0 0 1 0 0 1 0 0 1 0 0 1 0 0 1 0 0 1 0 0 1 0 0 1 0 0 1 0 0 1 0 0 1 0 0 1 0 0 1 0 0 1 0 0 1 0 0 1 0 0 1 0 0 1 0 0 1 0 0 1 0 0 1 0 0 1 0 0 1 0 0 1 0 0 1 0 0 1 0 0 1 0 0 1 0 0 1 0 0 1 0 0 1 0 0 1 0 0 1 0 0 1 0 0 1 0 0 1 0 0 1 0 0 1 0 0 1 0 0 1 0 0 1 0 0 1 0 0 1 0 0 1 0 0 1 0 0 1 0 0 1 0 0 1 0 0 1 0 0 1 0 0 1 0 0 1 0 0 1 0 0 1 0 0 1 0 0 1 0 0 1 0 0 1 0 0 1 0 0 1 0 0 1 0 0 1 0 0 1 0 0 1 0 0 1 0 0 1 0 0 1 0 0 1 0 0 1 0 0 1 0 0 1 0 0 1 0 0 1 0 0 1 0 0 1 0 0 1 0 0 1 0 0 1 0 0 1 0 0 1 0 0 1 0 0 1 0 0 1 0 0 1 0 0 1 0 0 1 0 0 1 0 0 1 0 0 1 0 0 1 0 0 1 0 0 1 0 0 1 0 0 1 0 0 1 0 0 1 0 0 1 0 0 1 0 0 1 0 0 1 0 0 1 0 0 1 0 0 1 0 0 1 0 0 1 0 0 1 0 0 1 0 0 1 0 0 1 0 0 1 0 0 1 0 0 1 0 0 1 0 0 1 0 0 1 0 0 1 0 0 1 0 0 1 0 0 1 0 0 1 0 0 1 0 0 1 0 0 1 0 0 1 0 0 1 0 0 1 0 0 1 0 0 1 0 0 1 0 0 1 0 0 1 0 0 1 0 0 1 0 0 1 0 0 1 0 0 1 0 0 1 0 0 1 0 0 1 0 0 1 0 0 1 0 0 1 0 0 1 0 0 1 0 0 1 0 0 1 0 0 1 0 0 1 0 0 1 0 0 1 0 0 1 0 0 1 0 0 1 0 0 1 0 0 1 0 0 1 0 0 1 0 0 1 0 0 1 0 0 1 0 0 1 0 0 1 0 0 1 0 0 1 0 0 1 0 0 1 0 0 1 0 0 1 0 0 1 0 0 1 0 0 1 0 0 1 0 0 1 0 0 1 0 0 1 0 0 1 0 0 1 0 0 1 0 0 1 0 0 1 0 0 1 0 0 1 0 0 1 0 0 1 0 0 1 0 0 1 0 0 1 0 0 1 0 0 1 0 0 1 0 0 1 0 0 1 0 0 1 0 0 1 0 0 1 0 0 1 0 0 1 0 0 1 0 0 1 0 0 1 0 0 1 0 0 1 0 0 1 0 0 1 0 0 1 0 0 1 0 0 1 0 0 1 0 0 1 0 0 1 0 0 1 0 0 1 0 0 1 0 0 1 0 0 1 0 0 1 0 0 1 0 0 1 0 0 1 0 0 1 0 0 1 0 0 1 0 0 1 0 0 1 0 0 1 0 0 1 0 0 1 0 0 1 0 0 1 0 0 1 0 0 1 0 0 1 0 0 1 0 0 1 0 0 1 0 0 1 0 0 1 0 0 1 0 0 1 0 0 1 0 0 1 0 0 1 0 0 1 0 0 1 0 0 1 0 0 1 0 0 1 0 0 1 0 0 1 0 0 1 0 0 1 0 0 1 0 0 1 0 0 1 0 0 1 0 0 1 0 0 1 0 0 1 0 0 1 0 0 1 0 0 1 0 0 1 0 0 1 0 0 1 0 0 1 0 0 1 0 0 1 0 0 1 0 0 1 0 0 1 0 0 1 0 0 1 0 0 1 0 0 1 0 0 1 0 0 1 0 0 1 0 0 1 0 0 1 0 0 1 0 0 1 0 0 1 0 0 1 0 0 1 0 0 1 0 0 1 0 0 1 0 0 1 0 0 1 0 0 1 0 0 1 0 0 1 0 0 1 0 0 1 0 0 1 0 0 1 0 0 1 0 0 1 0 0 1 0 0 1 0 0 1 0 0 1 0 0 1 0 0 1 0 0 1 0 0 1 0 0 1 0 0 1 0 0 1 0 0 1 0 0 1 0 0 1 0 0 1 0 0 1 0 0 1 0 0 1 0 0 1 0 0 1 0 0 1 0 0 1 0 0 1 0 0 1 0 0 1 0 0 1 0 0 1 0 0 1 0 0 1 0 0 1 0 0 1 0 0 1 0 0 1 0 0 1 0 0 1 0 0 1 0 0 1 0 0 1 0 0 1 0 0 1 0 0 1 0 0 1 0 0 1 0 0 1 0 0 1 0 0 1 0 0 1 0 0 1 0 0 1 0 0 1 0 0 1 0 0 1 0 0 1 0 0 1 0 0 1 0 0 1 0 0 1 0 0 1 0 0 1 0 0 1 0 0 1 0 0 1 0 0 1 0 0 1 0 0 1 0 0 1 0 0 1 0 0 1 0 0 1 0 0 1 0 0 1 0 0 1 0 0 1 0 0 1 0 0 1 0 0 1 0 0 1 0 0 1 0 0 1 0 0 1 0 0 1 0 0 1 0 0 1 0 0 1 0 0 1 0 0 1 0 0 1 0 0 1 0 0 1 0 0 1 0 0 1 0 0 1 0 0 1 0 0 1 0 0 1 0 0 1 0 0 1 0 0 1 0 0 1 0 0 1 0 0 1 0 0 1 0 0 1 0 0 1 0 0 1 0 0 1 0 0 1 0 0 1 0 0 1 0 0 1 0 0 1 0 0 1 0 0 1 0 0 1 0 0 1 0 0 1 0 0 1 0 0 1 0 0 1 0 0 1 0 0 1 0 0 1 0 0 1 0 0 1 0 0 1 0 0 1 0 0 1 0 0 1 0 0 1 0 0 1 0 0 1 0 0 1 0 0 1 0 0 1 0 0 1 0 0 1 0 0 1 0 0 1 0 0 1 0 0 1 0 0 1 0 0 1 0 0 1 0 0 1 0 0 1 0 0 1 0 0 1 0 0 1 0 0 1 0 0 1 0 0 1 0 0 1 0 0 1 0 0 1 0 0 1 0 0 1 0 0 1 0 0 1 0 0 1 0 0 1 0 0 1 0 0 1 0 0 1 0 0 1 0 0 1 0 0 1 0 0 1 0 0 1 0 0 1 0 0 1 0 0 1 0 0 1 0 0 1 0 0 1 0 0 1 0 0 1 0 0 1 0 0 1 0 0 1 0 0 1 0 0 1 0 0 1 0 0 1 0 0 1 0 0 1 0 0 1 0 0 1 0 0 1 0 0 1 0 0 1 0 0 1 0 0 1 0 0 1 0 0 1 0 0 1 0 0 1 0 0 1 0 0 1 0 0 1 0 0 1 0 0 1 0 0 1 0 0 1 0 0 1 0 0 1 0 0 1 0 0 1 0 0 1 0 0 1 0 0 1 0 0 1 0 0 1 0 0 1 0 0 1 0 0 1 0 0 1 0 0 1 0 0 1 0 0 1 0 0 1 0 0 1 0 0 1 0 0 1 0 0 1 0 0 1 0 0 1 0 0 1 0 0 1 0 0 1 0 0 1 0 0 1 0 0 1 0 0 1 0 0 1 0 0 1 0 0 1 0 0 1 0 0 1 0 0 1 0 0 1 0 0 1 0 0 1 0 0 1 0 0 1 0 0 1 0 0 1 0 0 1 0 0 1 0 0 1 0 0 1 0 0 1 0 0 1 0 0 1 0 0 1 0 0 1 0 0 1 0 0 1 0 0 1 0 0 1 0 0 1 0 0 1 0 0 1 0 0 1 0 0 1 0 0 1 0 0 1 0 0 1 0 0 1 0 0 1 0 0 1 0 0 1 0 0 1 0 0 1 0 0 1 0 0 1 0 0 1 0 0 1 0 0 1 0 0 1 0 0 1 0 0 1 0 0 1 0 0 1 0 0 1 0 0 1 0 0 1 0 0 1 0 0 1 0 0 1 0 0 1 0 0 1 0 0 1 0 0 1 0 0 1 0 0 1 0 0 1 0 0 1 0 0 1 0 0 1 0 0 1 0 0 1 0 0 1 0 0 1 0 0 1 0 0 1 0 0 1 0 0 1 0 0 1 0 0 1 0 0 1 0 -0.999229 0 0.0392598 -1 -0 -4.37114e-08 -1 -0 -4.37114e-08 0.078459 0 -0.996917 0.078459 0 -0.996917 0.0392597 0 -0.999229 -0.996917 0 0.0784591 -0.999229 0 0.0392598 -0.996917 0 0.0784591 -0.993068 0 0.117537 -0.987688 0 0.156434 -0.993068 0 0.117537 -0.980785 0 0.19509 -0.987688 0 0.156434 -0.980785 0 0.19509 -0.97237 0 0.233445 -0.962455 0 0.27144 -0.97237 0 0.233445 -0.951056 0 0.309017 -0.962455 0 0.271441 -0.951057 0 0.309017 -0.938191 0 0.346117 -0.92388 0 0.382683 -0.938191 0 0.346117 -0.908143 0 0.41866 -0.92388 0 0.382683 -0.908143 0 0.41866 -0.891007 0 0.453991 -0.872496 0 0.488621 -0.891007 0 0.453991 -0.85264 0 0.522498 -0.872496 0 0.488621 -0.85264 0 0.522499 -0.83147 0 0.55557 -0.809017 0 0.587785 -0.83147 0 0.55557 -0.785317 0 0.619094 -0.809017 0 0.587785 -0.785317 0 0.619094 -0.760406 0 0.649448 -0.734323 0 0.678801 -0.760406 0 0.649448 -0.707107 0 0.707107 -0.734322 0 0.678801 -0.707107 0 0.707107 -0.678801 0 0.734322 -0.649448 0 0.760406 -0.678801 0 0.734322 -0.619094 0 0.785317 -0.649448 0 0.760406 -0.619094 0 0.785317 -0.587785 0 0.809017 -0.55557 0 0.83147 -0.587785 0 0.809017 -0.522499 0 0.85264 -0.55557 0 0.83147 -0.522499 0 0.85264 -0.488621 0 0.872496 -0.453991 0 0.891007 -0.488621 0 0.872496 -0.41866 0 0.908143 -0.453991 0 0.891007 -0.41866 0 0.908143 -0.382683 0 0.92388 -0.346117 0 0.938191 -0.382683 0 0.92388 -0.309017 0 0.951057 -0.346117 0 0.938191 -0.309017 0 0.951057 -0.27144 0 0.962455 -0.233445 0 0.97237 -0.27144 0 0.962455 -0.19509 0 0.980785 -0.233445 0 0.97237 -0.19509 0 0.980785 -0.156434 0 0.987688 -0.117537 0 0.993068 -0.156434 0 0.987688 -0.0784591 0 0.996917 -0.117537 0 0.993068 -0.0784591 0 0.996917 -0.0392598 0 0.999229 1.37149e-11 0 1 -0.0392598 0 0.999229 -3.24833e-27 0 1 -0.999229 -0 -0.0392598 -0.996917 -0 -0.0784591 -0.999229 -0 -0.0392599 -0.993068 -0 -0.117537 -0.996917 -0 -0.0784591 -0.993068 -0 -0.117537 -0.987688 -0 -0.156434 -0.980785 -0 -0.19509 -0.987688 -0 -0.156435 -0.97237 -0 -0.233445 -0.980785 -0 -0.19509 -0.97237 -0 -0.233445 -0.962455 -0 -0.27144 -0.951056 -0 -0.309017 -0.962455 -0 -0.27144 -0.938191 -0 -0.346117 -0.951057 -0 -0.309017 -0.938191 -0 -0.346117 -0.92388 -0 -0.382683 -0.908143 -0 -0.41866 -0.92388 -0 -0.382684 -0.891007 -0 -0.45399 -0.908143 -0 -0.41866 -0.891007 -0 -0.45399 -0.872496 -0 -0.488621 -0.85264 -0 -0.522499 -0.872496 -0 -0.488621 -0.83147 -0 -0.55557 -0.85264 -0 -0.522499 -0.83147 -0 -0.55557 -0.809017 -0 -0.587785 -0.785317 -0 -0.619094 -0.809017 -0 -0.587785 -0.760406 -0 -0.649448 -0.785317 -0 -0.619094 -0.760406 -0 -0.649448 -0.734322 -0 -0.678801 -0.707107 -0 -0.707107 -0.734322 -0 -0.678801 -0.678801 -0 -0.734323 -0.707107 -0 -0.707107 -0.678801 -0 -0.734323 -0.649448 -0 -0.760406 -0.619094 -0 -0.785317 -0.649448 -0 -0.760406 -0.587785 -0 -0.809017 -0.619094 -0 -0.785317 -0.587785 -0 -0.809017 -0.55557 -0 -0.83147 -0.522499 -0 -0.85264 -0.55557 -0 -0.83147 -0.488621 -0 -0.872496 -0.522498 -0 -0.85264 -0.488621 -0 -0.872496 -0.45399 -0 -0.891007 -0.41866 -0 -0.908143 -0.453991 -0 -0.891006 -0.382683 -0 -0.92388 -0.41866 -0 -0.908143 -0.382683 -0 -0.92388 -0.346117 -0 -0.938191 -0.309017 -0 -0.951056 -0.346117 -0 -0.938191 -0.27144 -0 -0.962455 -0.309017 -0 -0.951056 -0.27144 -0 -0.962455 -0.233445 -0 -0.97237 -0.19509 -0 -0.980785 -0.233445 -0 -0.97237 -0.156434 -0 -0.987688 -0.19509 -0 -0.980785 -0.156434 -0 -0.987688 -0.117537 -0 -0.993068 -0.078459 -0 -0.996917 -0.117537 -0 -0.993068 -0.0392597 -0 -0.999229 -0.0784593 -0 -0.996917 -0.0392597 -0 -0.999229 8.74228e-08 0 -1 0.0392599 0 -0.999229 8.74228e-08 0 -1 0.117538 0 -0.993068 0.117538 0 -0.993068 0.156434 0 -0.987688 0.233445 0 -0.97237 0.233446 0 -0.97237 0.27144 0 -0.962455 0.156434 0 -0.987688 0.19509 0 -0.980785 0.19509 0 -0.980785 0.346117 0 -0.938191 0.382683 0 -0.92388 0.346117 0 -0.938191 0.309017 0 -0.951057 0.309017 0 -0.951056 0.27144 0 -0.962455 0.488621 0 -0.872496 0.453991 0 -0.891007 0.453991 0 -0.891007 0.41866 0 -0.908143 0.382683 0 -0.92388 0.41866 0 -0.908143 0.55557 0 -0.83147 0.55557 0 -0.83147 0.587785 0 -0.809017 0.488621 0 -0.872496 0.522498 0 -0.85264 0.522498 0 -0.85264 0.649448 0 -0.760406 0.678801 0 -0.734323 0.649448 0 -0.760406 0.619094 0 -0.785317 0.619094 0 -0.785317 0.587785 0 -0.809017 0.760406 0 -0.649448 0.734322 0 -0.678801 0.734323 0 -0.678801 0.707107 0 -0.707107 0.678801 0 -0.734323 0.707107 0 -0.707107 0.809017 0 -0.587785 0.809017 0 -0.587785 0.831469 0 -0.55557 0.760406 0 -0.649448 0.785317 0 -0.619094 0.785317 0 -0.619094 0.872496 0 -0.488621 0.891007 0 -0.45399 0.872496 0 -0.488621 0.85264 0 -0.522498 0.85264 0 -0.522499 0.83147 0 -0.55557 0.938191 0 -0.346117 0.92388 0 -0.382684 0.92388 0 -0.382684 0.908143 0 -0.41866 0.891007 0 -0.45399 0.908143 0 -0.41866 0.962455 0 -0.271441 0.962455 0 -0.271441 0.97237 0 -0.233445 0.938191 0 -0.346117 0.951056 0 -0.309017 0.951056 0 -0.309017 0.987688 0 -0.156435 0.993068 0 -0.117537 0.987688 0 -0.156435 0.980785 0 -0.19509 0.980785 0 -0.19509 0.97237 0 -0.233445 1 0 1.19249e-08 0.999229 0 -0.0392598 0.999229 0 -0.0392598 0.996917 0 -0.0784591 0.993068 0 -0.117537 0.996917 0 -0.0784591 0.996917 0 0.0784591 0.996917 0 0.0784591 0.993068 0 0.117537 1 0 1.19249e-08 0.999229 0 0.0392598 0.999229 0 0.0392598 0.980785 0 0.19509 0.97237 0 0.233445 0.980785 0 0.19509 0.987688 0 0.156435 0.987688 0 0.156435 0.993068 0 0.117537 0.938191 0 0.346117 0.951056 0 0.309017 0.951056 0 0.309017 0.962455 0 0.271441 0.97237 0 0.233445 0.962455 0 0.271441 0.908143 0 0.418659 0.908143 0 0.41866 0.891007 0 0.45399 0.938191 0 0.346117 0.923879 0 0.382684 0.923879 0 0.382684 0.85264 0 0.522498 0.83147 0 0.55557 0.85264 0 0.522498 0.872496 0 0.488621 0.872496 0 0.488621 0.891006 0 0.453991 0.760406 0 0.649448 0.785317 0 0.619094 0.785317 0 0.619094 0.809017 0 0.587785 0.831469 0 0.55557 0.809017 0 0.587785 0.707107 0 0.707107 0.707107 0 0.707107 0.6788 0 0.734323 0.760406 0 0.649448 0.734323 0 0.678801 0.734323 0 0.678801 0.649448 0 0.760406 0.678801 0 0.734322 0.619094 0 0.785317 0.649448 0 0.760406 0.619094 0 0.785317 0.587785 0 0.809017 0.55557 0 0.83147 0.587785 0 0.809017 0.522499 0 0.85264 0.55557 0 0.83147 0.522499 0 0.85264 0.488621 0 0.872496 0.453991 0 0.891007 0.488621 0 0.872496 0.41866 0 0.908143 0.453991 0 0.891007 0.41866 0 0.908143 0.382683 0 0.92388 0.346117 0 0.938191 0.382683 0 0.92388 0.309017 0 0.951057 0.346117 0 0.938191 0.309017 0 0.951057 0.27144 0 0.962455 0.233445 0 0.97237 0.27144 0 0.962455 0.19509 0 0.980785 0.233445 0 0.97237 0.19509 0 0.980785 0.156434 0 0.987688 0.117537 0 0.993068 0.156435 0 0.987688 0.0784589 0 0.996917 0.117537 0 0.993068 0.0784589 0 0.996917 0.0392601 0 0.999229 0.0392601 0 0.999229 0.149141 0 -0.988816 0.137932 0 -0.990442 0.131704 0 -0.991289 -0.0616019 -0 -0.998101 -0.0639304 -0 -0.997954 -0.0791697 -0 -0.996861 0.156434 0 -0.987688 0.166532 0 -0.986036 0.183871 0 -0.98295 0.174883 0 -0.984589 0.201153 0 -0.97956 0.193269 0 -0.981146 0.211589 0 -0.977359 0.218372 0 -0.975866 0.229834 0 -0.97323 0.235524 0 -0.971868 0.247882 0 -0.96879 0.265845 0 -0.964016 0.252603 0 -0.96757 0.269604 0 -0.962971 0.283716 0 -0.958908 0.286521 0 -0.958074 0.30149 0 -0.95347 0.319158 0 -0.947701 0.303349 0 -0.95288 0.320082 0 -0.94739 0.336717 0 -0.941606 0.336717 0 -0.941606 0.119381 0 -0.992849 0.100788 0 -0.994908 0.114226 0 -0.993455 0.0821596 0 -0.996619 0.0967129 0 -0.995312 0.0791696 0 -0.996861 0.0639304 0 -0.997954 0.04568 0 -0.998956 0.061602 0 -0.998101 0.0274141 0 -0.999624 0.0440151 0 -0.999031 0.0264145 0 -0.999651 0.00913902 0 -0.999958 0.00880573 0 -0.999961 -0.00880579 -0 -0.999961 -0.00913909 -0 -0.999958 -0.0264146 -0 -0.999651 -0.0440152 -0 -0.999031 -0.0274139 -0 -0.999624 -0.0456798 -0 -0.998956 -0.0821597 -0 -0.996619 -0.114226 -0 -0.993455 -0.100788 -0 -0.994908 -0.119381 -0 -0.992849 -0.096713 -0 -0.995312 -0.174882 -0 -0.984589 -0.166532 -0 -0.986036 -0.156434 -0 -0.987688 -0.137932 -0 -0.990442 -0.149141 -0 -0.988816 -0.131704 -0 -0.991289 -0.211589 -0 -0.977359 -0.229834 -0 -0.97323 -0.218372 -0 -0.975865 -0.183871 -0 -0.98295 -0.193269 -0 -0.981146 -0.201153 -0 -0.97956 -0.252603 -0 -0.96757 -0.265845 -0 -0.964016 -0.269604 -0 -0.962971 -0.235524 -0 -0.971868 -0.247882 -0 -0.96879 -0.283716 -0 -0.958908 -0.30149 -0 -0.953469 -0.28652 -0 -0.958074 -0.319158 -0 -0.947701 -0.303349 -0 -0.95288 -0.320082 -0 -0.94739 -0.336717 -0 -0.941606 -0.336717 -0 -0.941606 -0.999229 0 0.0392598 -1 -0 -4.37114e-08 -1 -0 -4.37114e-08 0.078459 0 -0.996917 0.078459 0 -0.996917 0.0392597 0 -0.999229 -0.996917 0 0.0784591 -0.999229 0 0.0392598 -0.996917 0 0.0784591 -0.993068 0 0.117537 -0.987688 0 0.156434 -0.993068 0 0.117537 -0.980785 0 0.19509 -0.987688 0 0.156434 -0.980785 0 0.19509 -0.97237 0 0.233445 -0.962455 0 0.27144 -0.97237 0 0.233445 -0.951056 0 0.309017 -0.962455 0 0.271441 -0.951057 0 0.309017 -0.938191 0 0.346117 -0.92388 0 0.382683 -0.938191 0 0.346117 -0.908143 0 0.41866 -0.92388 0 0.382683 -0.908143 0 0.41866 -0.891007 0 0.453991 -0.872496 0 0.488621 -0.891007 0 0.453991 -0.85264 0 0.522498 -0.872496 0 0.488621 -0.85264 0 0.522499 -0.83147 0 0.55557 -0.809017 0 0.587785 -0.83147 0 0.55557 -0.785317 0 0.619094 -0.809017 0 0.587785 -0.785317 0 0.619094 -0.760406 0 0.649448 -0.734323 0 0.678801 -0.760406 0 0.649448 -0.707107 0 0.707107 -0.734322 0 0.678801 -0.707107 0 0.707107 -0.678801 0 0.734322 -0.649448 0 0.760406 -0.678801 0 0.734322 -0.619094 0 0.785317 -0.649448 0 0.760406 -0.619094 0 0.785317 -0.587785 0 0.809017 -0.55557 0 0.83147 -0.587785 0 0.809017 -0.522499 0 0.85264 -0.55557 0 0.83147 -0.522499 0 0.85264 -0.488621 0 0.872496 -0.453991 0 0.891007 -0.488621 0 0.872496 -0.41866 0 0.908143 -0.453991 0 0.891007 -0.41866 0 0.908143 -0.382683 0 0.92388 -0.346117 0 0.938191 -0.382683 0 0.92388 -0.309017 0 0.951057 -0.346117 0 0.938191 -0.309017 0 0.951057 -0.27144 0 0.962455 -0.233445 0 0.97237 -0.27144 0 0.962455 -0.19509 0 0.980785 -0.233445 0 0.97237 -0.19509 0 0.980785 -0.156434 0 0.987688 -0.117537 0 0.993068 -0.156434 0 0.987688 -0.0784591 0 0.996917 -0.117537 0 0.993068 -0.0784591 0 0.996917 -0.0392598 0 0.999229 1.37155e-11 0 1 -0.0392598 0 0.999229 1.811e-24 0 1 -0.999229 -0 -0.0392598 -0.996917 -0 -0.0784591 -0.999229 -0 -0.0392599 -0.993068 -0 -0.117537 -0.996917 -0 -0.0784591 -0.993068 -0 -0.117537 -0.987688 -0 -0.156434 -0.980785 -0 -0.19509 -0.987688 -0 -0.156435 -0.97237 -0 -0.233445 -0.980785 -0 -0.19509 -0.97237 -0 -0.233445 -0.962455 -0 -0.27144 -0.951056 -0 -0.309017 -0.962455 -0 -0.27144 -0.938191 -0 -0.346117 -0.951057 -0 -0.309017 -0.938191 -0 -0.346117 -0.92388 -0 -0.382683 -0.908143 -0 -0.41866 -0.92388 -0 -0.382684 -0.891007 -0 -0.45399 -0.908143 -0 -0.41866 -0.891007 -0 -0.45399 -0.872496 -0 -0.488621 -0.85264 -0 -0.522499 -0.872496 -0 -0.488621 -0.83147 -0 -0.55557 -0.85264 -0 -0.522499 -0.83147 -0 -0.55557 -0.809017 -0 -0.587785 -0.785317 -0 -0.619094 -0.809017 -0 -0.587785 -0.760406 -0 -0.649448 -0.785317 -0 -0.619094 -0.760406 -0 -0.649448 -0.734322 -0 -0.678801 -0.707107 -0 -0.707107 -0.734322 -0 -0.678801 -0.678801 -0 -0.734323 -0.707107 -0 -0.707107 -0.678801 -0 -0.734323 -0.649448 -0 -0.760406 -0.619094 -0 -0.785317 -0.649448 -0 -0.760406 -0.587785 -0 -0.809017 -0.619094 -0 -0.785317 -0.587785 -0 -0.809017 -0.55557 -0 -0.83147 -0.522499 -0 -0.85264 -0.55557 -0 -0.83147 -0.488621 -0 -0.872496 -0.522498 -0 -0.85264 -0.488621 -0 -0.872496 -0.45399 -0 -0.891007 -0.41866 -0 -0.908143 -0.453991 -0 -0.891006 -0.382683 -0 -0.92388 -0.41866 -0 -0.908143 -0.382683 -0 -0.92388 -0.346117 -0 -0.938191 -0.309017 -0 -0.951056 -0.346117 -0 -0.938191 -0.27144 -0 -0.962455 -0.309017 -0 -0.951056 -0.27144 -0 -0.962455 -0.233445 -0 -0.97237 -0.19509 -0 -0.980785 -0.233445 -0 -0.97237 -0.156434 -0 -0.987688 -0.19509 -0 -0.980785 -0.156434 -0 -0.987688 -0.117537 -0 -0.993068 -0.078459 -0 -0.996917 -0.117537 -0 -0.993068 -0.0392597 -0 -0.999229 -0.0784593 -0 -0.996917 -0.0392597 -0 -0.999229 8.74228e-08 0 -1 0.0392599 0 -0.999229 8.74228e-08 0 -1 0.117538 0 -0.993068 0.117538 0 -0.993068 0.156434 0 -0.987688 0.233445 0 -0.97237 0.233446 0 -0.97237 0.27144 0 -0.962455 0.156434 0 -0.987688 0.19509 0 -0.980785 0.19509 0 -0.980785 0.346117 0 -0.938191 0.382683 0 -0.92388 0.346117 0 -0.938191 0.309017 0 -0.951057 0.309017 0 -0.951056 0.27144 0 -0.962455 0.488621 0 -0.872496 0.453991 0 -0.891007 0.453991 0 -0.891007 0.41866 0 -0.908143 0.382683 0 -0.92388 0.41866 0 -0.908143 0.55557 0 -0.83147 0.55557 0 -0.83147 0.587785 0 -0.809017 0.488621 0 -0.872496 0.522498 0 -0.85264 0.522498 0 -0.85264 0.649448 0 -0.760406 0.678801 0 -0.734323 0.649448 0 -0.760406 0.619094 0 -0.785317 0.619094 0 -0.785317 0.587785 0 -0.809017 0.760406 0 -0.649448 0.734322 0 -0.678801 0.734323 0 -0.678801 0.707107 0 -0.707107 0.678801 0 -0.734323 0.707107 0 -0.707107 0.809017 0 -0.587785 0.809017 0 -0.587785 0.831469 0 -0.55557 0.760406 0 -0.649448 0.785317 0 -0.619094 0.785317 0 -0.619094 0.872496 0 -0.488621 0.891007 0 -0.45399 0.872496 0 -0.488621 0.85264 0 -0.522498 0.85264 0 -0.522499 0.83147 0 -0.55557 0.938191 0 -0.346117 0.92388 0 -0.382684 0.92388 0 -0.382684 0.908143 0 -0.41866 0.891007 0 -0.45399 0.908143 0 -0.41866 0.962455 0 -0.271441 0.962455 0 -0.271441 0.97237 0 -0.233445 0.938191 0 -0.346117 0.951056 0 -0.309017 0.951056 0 -0.309017 0.987688 0 -0.156435 0.993068 0 -0.117537 0.987688 0 -0.156435 0.980785 0 -0.19509 0.980785 0 -0.19509 0.97237 0 -0.233445 1 0 1.19249e-08 0.999229 0 -0.0392598 0.999229 0 -0.0392598 0.996917 0 -0.0784591 0.993068 0 -0.117537 0.996917 0 -0.0784591 0.996917 0 0.0784591 0.996917 0 0.0784591 0.993068 0 0.117537 1 0 1.19249e-08 0.999229 0 0.0392598 0.999229 0 0.0392598 0.980785 0 0.19509 0.97237 0 0.233445 0.980785 0 0.19509 0.987688 0 0.156435 0.987688 0 0.156435 0.993068 0 0.117537 0.938191 0 0.346117 0.951056 0 0.309017 0.951056 0 0.309017 0.962455 0 0.271441 0.97237 0 0.233445 0.962455 0 0.271441 0.908143 0 0.418659 0.908143 0 0.41866 0.891007 0 0.45399 0.938191 0 0.346117 0.923879 0 0.382684 0.923879 0 0.382684 0.85264 0 0.522498 0.83147 0 0.55557 0.85264 0 0.522498 0.872496 0 0.488621 0.872496 0 0.488621 0.891006 0 0.453991 0.760406 0 0.649448 0.785317 0 0.619094 0.785317 0 0.619094 0.809017 0 0.587785 0.831469 0 0.55557 0.809017 0 0.587785 0.707107 0 0.707107 0.707107 0 0.707107 0.6788 0 0.734323 0.760406 0 0.649448 0.734323 0 0.678801 0.734323 0 0.678801 0.649448 0 0.760406 0.678801 0 0.734322 0.619094 0 0.785317 0.649448 0 0.760406 0.619094 0 0.785317 0.587785 0 0.809017 0.55557 0 0.83147 0.587785 0 0.809017 0.522499 0 0.85264 0.55557 0 0.83147 0.522499 0 0.85264 0.488621 0 0.872496 0.453991 0 0.891007 0.488621 0 0.872496 0.41866 0 0.908143 0.453991 0 0.891007 0.41866 0 0.908143 0.382683 0 0.92388 0.346117 0 0.938191 0.382683 0 0.92388 0.309017 0 0.951057 0.346117 0 0.938191 0.309017 0 0.951057 0.27144 0 0.962455 0.233445 0 0.97237 0.27144 0 0.962455 0.19509 0 0.980785 0.233445 0 0.97237 0.19509 0 0.980785 0.156434 0 0.987688 0.117537 0 0.993068 0.156435 0 0.987688 0.0784589 0 0.996917 0.117537 0 0.993068 0.0784589 0 0.996917 0.0392601 0 0.999229 0.0392601 0 0.999229 0.809017 0 -0.587785 0.835496 0 -0.549496 0.809017 0 -0.587785 0.860165 0 -0.510017 0.835496 0 -0.549496 0.860165 0 -0.510017 0.882969 0 -0.469432 0.882969 0 -0.469432 0.90386 0 -0.427829 0.922792 0 -0.3853 0.90386 0 -0.427829 0.922792 0 -0.3853 0.939724 0 -0.341935 0.939724 0 -0.341935 0.954619 0 -0.297829 0.967446 0 -0.253078 0.954619 0 -0.297829 0.967446 0 -0.253078 0.978176 0 -0.207779 0.978176 0 -0.207779 0.986786 0 -0.162029 0.993258 0 -0.115928 0.986786 0 -0.162029 0.993258 0 -0.115928 0.997577 0 -0.0695757 0.997577 0 -0.0695757 0.999734 0 -0.0230727 0.999724 0 0.0234803 0.999734 0 -0.0230727 0.999724 0 0.0234803 0.997548 0 0.0699824 0.997548 0 0.0699824 0.99321 0 0.116333 0.98672 0 0.162431 0.99321 0 0.116333 0.98672 0 0.162431 0.978091 0 0.208178 0.978091 0 0.208178 0.967342 0 0.253473 0.954498 0 0.298219 0.967342 0 0.253473 0.954498 0 0.298219 0.939584 0 0.342318 0.939584 0 0.342318 0.922634 0 0.385676 0.903685 0 0.428198 0.922634 0 0.385676 0.903685 0 0.428198 0.882777 0 0.469792 0.882777 0 0.469792 0.780785 0 -0.6248 0.780785 0 -0.6248 0.75086 0 -0.660461 0.75086 0 -0.660461 0.719308 0 -0.694691 0.686198 0 -0.727415 0.719308 0 -0.694691 0.686198 0 -0.727415 0.6516 0 -0.758563 0.6516 0 -0.758563 0.61559 0 -0.788067 0.578246 0 -0.815862 0.61559 0 -0.788067 0.578246 0 -0.815862 0.539649 0 -0.84189 0.539649 0 -0.84189 0.499882 0 -0.866093 0.459032 0 -0.88842 0.499882 0 -0.866093 0.459032 0 -0.88842 0.417187 0 -0.90882 0.417187 0 -0.90882 0.374438 0 -0.927252 0.330878 0 -0.943673 0.374438 0 -0.927252 0.330878 0 -0.943673 0.286601 0 -0.95805 0.286601 0 -0.95805 0.241702 0 -0.970351 0.19628 0 -0.980548 0.241702 0 -0.970351 0.19628 0 -0.980548 0.150432 0 -0.98862 0.150432 0 -0.98862 0.104258 0 -0.99455 0.0578585 0 -0.998325 0.104258 0 -0.99455 0.0578585 0 -0.998325 0.0113332 0 -0.999936 0.0113332 0 -0.999936 -0.0352165 -0 -0.99938 -0.0816898 -0 -0.996658 -0.0352165 -0 -0.99938 -0.0816898 -0 -0.996658 -0.127986 -0 -0.991776 -0.127986 -0 -0.991776 -0.174005 -0 -0.984745 -0.174005 -0 -0.984745 0.587785 0 -0.809017 0.6248 0 -0.780785 0.587785 0 -0.809017 0.660461 0 -0.75086 0.6248 0 -0.780785 0.660461 0 -0.75086 0.694691 0 -0.719308 0.694691 0 -0.719308 0.727415 0 -0.686198 0.758563 0 -0.6516 0.727415 0 -0.686198 0.758563 0 -0.6516 0.788067 0 -0.61559 0.788067 0 -0.61559 0.815862 0 -0.578246 0.84189 0 -0.539649 0.815862 0 -0.578246 0.84189 0 -0.539649 0.866093 0 -0.499882 0.866093 0 -0.499882 0.88842 0 -0.459032 0.90882 0 -0.417187 0.88842 0 -0.459032 0.90882 0 -0.417187 0.927252 0 -0.374439 0.927252 0 -0.374439 0.943673 0 -0.330878 0.95805 0 -0.286601 0.943673 0 -0.330878 0.95805 0 -0.286601 0.970351 0 -0.241702 0.970351 0 -0.241702 0.980548 0 -0.19628 0.98862 0 -0.150432 0.980548 0 -0.19628 0.98862 0 -0.150432 0.99455 0 -0.104258 0.99455 0 -0.104258 0.998325 0 -0.0578583 0.999936 0 -0.011333 0.998325 0 -0.0578583 0.999936 0 -0.011333 0.99938 0 0.0352164 0.99938 0 0.0352164 0.996658 0 0.0816895 0.991776 0 0.127986 0.996658 0 0.0816895 0.991776 0 0.127986 0.984745 0 0.174005 0.984745 0 0.174005 0.549496 0 -0.835496 0.549496 0 -0.835496 0.510017 0 -0.860165 0.510017 0 -0.860165 0.469431 0 -0.882969 0.427829 0 -0.90386 0.469431 0 -0.882969 0.427829 0 -0.90386 0.3853 0 -0.922792 0.3853 0 -0.922792 0.341935 0 -0.939724 0.297829 0 -0.954619 0.341935 0 -0.939724 0.297829 0 -0.954619 0.253078 0 -0.967446 0.253078 0 -0.967446 0.207779 0 -0.978176 0.162029 0 -0.986786 0.207779 0 -0.978176 0.162029 0 -0.986786 0.115928 0 -0.993258 0.115928 0 -0.993258 0.0695756 0 -0.997577 0.0230726 0 -0.999734 0.0695756 0 -0.997577 0.0230726 0 -0.999734 -0.0234803 -0 -0.999724 -0.0234803 -0 -0.999724 -0.0699824 -0 -0.997548 -0.116333 -0 -0.99321 -0.0699824 -0 -0.997548 -0.116333 -0 -0.99321 -0.162431 -0 -0.98672 -0.162431 -0 -0.98672 -0.208177 -0 -0.978091 -0.253473 -0 -0.967342 -0.208177 -0 -0.978091 -0.253473 -0 -0.967342 -0.298219 -0 -0.954498 -0.298219 -0 -0.954498 -0.342318 -0 -0.939584 -0.385676 -0 -0.922634 -0.342318 -0 -0.939584 -0.385676 -0 -0.922634 -0.428198 -0 -0.903685 -0.428198 -0 -0.903685 -0.469792 -0 -0.882777 -0.469792 -0 -0.882777 0.311522 0 -0.950239 0.352945 0 -0.935644 0.309017 0 -0.951056 0.396108 0 -0.918204 0.355004 0 -0.934865 0.39773 0 -0.917503 0.438412 0 -0.898774 0.43961 0 -0.898189 0.479766 0 -0.877396 0.520081 0 -0.854117 0.480556 0 -0.876964 0.520479 0 -0.853874 0.559268 0 -0.828987 0.559295 0 -0.828969 0.597243 0 -0.80206 0.596922 0 -0.802299 0.633279 0 -0.773924 0.668288 0 -0.743902 0.633924 0 -0.773395 0.702246 0 -0.711934 0.669232 0 -0.743054 0.703089 0 -0.711102 0.734676 0 -0.678418 0.765508 0 -0.643426 0.735422 0 -0.67761 0.794676 0 -0.607034 0.766161 0 -0.642649 0.79524 0 -0.606295 0.822114 0 -0.569323 0.847765 0 -0.530373 0.822595 0 -0.568627 0.871571 0 -0.490269 0.848168 0 -0.529727 0.871903 0 -0.489679 0.893482 0 -0.449099 0.91345 0 -0.406952 0.893748 0 -0.44857 0.93143 0 -0.36392 0.913656 0 -0.406488 0.931584 0 -0.363526 0.947385 0 -0.320096 0.947493 0 -0.319775 0.961349 0 -0.275332 0.961279 0 -0.275576 0.973121 0 -0.230293 0.982785 0 -0.184754 0.973082 0 -0.230457 0.982769 0 -0.184837 0.990318 0 -0.138814 0.990318 0 -0.138814 0.267378 0 -0.963592 0.264419 0 -0.964408 0.222665 0 -0.974895 0.219249 0 -0.975669 0.177479 0 -0.984125 0.131915 0 -0.991261 0.173603 0 -0.984816 0.127582 0 -0.991828 0.0860707 0 -0.996289 0.0812834 0 -0.996691 0.0400431 0 -0.999198 -0.00606966 -0 -0.999982 0.034809 0 -0.999394 -0.0117409 -0 -0.999931 -0.0582654 -0 -0.998301 -0.0521695 -0 -0.998638 -0.104664 -0 -0.994508 -0.0981584 -0 -0.995171 -0.143938 -0 -0.989587 -0.150835 -0 -0.988559 -0.19668 -0 -0.980468 -0.189412 -0 -0.981898 -0.242098 -0 -0.970252 -0.234483 -0 -0.97212 -0.279056 -0 -0.960275 -0.286991 -0 -0.957933 -0.331263 -0 -0.943538 -0.324156 -0 -0.946003 -0.374817 -0 -0.927099 -0.368532 -0 -0.929615 -0.412083 -0 -0.911146 -0.417558 -0 -0.90865 -0.459394 -0 -0.888232 -0.454711 -0 -0.890639 -0.500235 -0 -0.865889 -0.496322 -0 -0.868138 -0.536823 -0 -0.843695 -0.539992 -0 -0.84167 -0.578579 -0 -0.815627 -0.576122 -0 -0.817364 -0.615911 -0 -0.787815 -0.614132 -0 -0.789203 -0.650768 -0 -0.759277 -0.651909 -0 -0.758297 -0.686494 -0 -0.727135 -0.685947 -0 -0.727651 -0.719591 -0 -0.694398 -0.719591 -0 -0.694398 8.74228e-08 0 -1 0.0465405 0 -0.998916 8.74228e-08 0 -1 0.0459046 0 -0.998946 0.0917125 0 -0.995786 0.137327 0 -0.990526 0.09298 0 -0.995668 0.182652 0 -0.983178 0.139218 0 -0.990262 0.185154 0 -0.982709 0.227592 0 -0.973757 0.272052 0 -0.962283 0.230689 0 -0.973027 0.315938 0 -0.94878 0.275724 0 -0.961237 0.320162 0 -0.947363 0.359158 0 -0.933277 0.401622 0 -0.915806 0.363906 0 -0.931436 0.443238 0 -0.896404 0.406861 0 -0.91349 0.448934 0 -0.893565 0.48392 0 -0.875112 0.523581 0 -0.851976 0.490035 0 -0.871703 0.562139 0 -0.827043 0.530073 0 -0.847952 0.568963 0 -0.822363 0.600622 0 -0.799533 0.637761 0 -0.770234 0.606619 0 -0.794993 0.673474 0 -0.739211 0.642961 0 -0.765899 0.67791 0 -0.735145 0.707679 0 -0.706534 0.7403 0 -0.672276 0.711389 0 -0.702798 0.771265 0 -0.636514 0.743327 0 -0.668929 0.773653 0 -0.633609 0.800504 0 -0.599327 0.827952 0 -0.5608 0.802304 0 -0.596916 0.853546 0 -0.521017 0.829215 0 -0.55893 0.854329 0 -0.519733 0.877231 0 -0.480068 0.898953 0 -0.438045 0.877592 0 -0.479408 0.898953 0 -0.438045 -0.0459046 -0 -0.998946 -0.0465405 -0 -0.998916 -0.0917123 -0 -0.995786 -0.09298 -0 -0.995668 -0.137327 -0 -0.990526 -0.182652 -0 -0.983178 -0.139218 -0 -0.990262 -0.185154 -0 -0.982709 -0.227592 -0 -0.973757 -0.230689 -0 -0.973027 -0.275724 -0 -0.961237 -0.272052 -0 -0.962283 -0.315938 -0 -0.94878 -0.320162 -0 -0.947363 -0.363906 -0 -0.931436 -0.359158 -0 -0.933277 -0.406861 -0 -0.91349 -0.401622 -0 -0.915806 -0.443238 -0 -0.896404 -0.448934 -0 -0.893565 -0.490035 -0 -0.871703 -0.48392 -0 -0.875112 -0.530073 -0 -0.847952 -0.523581 -0 -0.851976 -0.562139 -0 -0.827043 -0.568963 -0 -0.822363 -0.606619 -0 -0.794993 -0.600622 -0 -0.799533 -0.642961 -0 -0.765899 -0.637762 -0 -0.770234 -0.673474 -0 -0.739211 -0.67791 -0 -0.735145 -0.711389 -0 -0.702798 -0.707679 -0 -0.706534 -0.743327 -0 -0.668929 -0.7403 -0 -0.672276 -0.771265 -0 -0.636514 -0.773653 -0 -0.633609 -0.802304 -0 -0.596916 -0.800504 -0 -0.599328 -0.829215 -0 -0.55893 -0.827951 -0 -0.5608 -0.853546 -0 -0.521017 -0.854329 -0 -0.519732 -0.877592 -0 -0.479408 -0.877231 -0 -0.480068 -0.898953 -0 -0.438045 -0.898953 -0 -0.438045 -0.267378 -0 -0.963592 -0.309017 -0 -0.951057 -0.311522 0 -0.950239 -0.26442 -0 -0.964408 -0.222665 -0 -0.974895 -0.177479 -0 -0.984125 -0.219249 -0 -0.975669 -0.131915 -0 -0.991261 -0.173604 -0 -0.984816 -0.127582 -0 -0.991828 -0.0860705 -0 -0.996289 -0.0400429 -0 -0.999198 -0.0812835 -0 -0.996691 0.00606959 0 -0.999982 -0.034809 -0 -0.999394 0.0117409 0 -0.999931 0.0521694 0 -0.998638 0.0981583 0 -0.995171 0.0582655 0 -0.998301 0.143938 0 -0.989587 0.104664 0 -0.994508 0.150835 0 -0.988559 0.189412 0 -0.981898 0.234483 0 -0.97212 0.19668 0 -0.980468 0.279056 0 -0.960275 0.242098 0 -0.970252 0.286991 0 -0.957933 0.324156 0 -0.946003 0.368532 0 -0.929615 0.331263 0 -0.943538 0.412083 0 -0.911146 0.374817 0 -0.927099 0.417558 0 -0.90865 0.454711 0 -0.890639 0.496322 0 -0.868138 0.459395 0 -0.888232 0.536823 0 -0.843695 0.500235 0 -0.865889 0.539992 0 -0.84167 0.576122 0 -0.817364 0.614132 0 -0.789203 0.578579 0 -0.815626 0.650768 0 -0.759277 0.615911 0 -0.787815 0.651909 0 -0.758297 0.685947 0 -0.727651 0.719592 0 -0.694398 0.686494 0 -0.727135 0.719592 0 -0.694398 -0.352945 0 -0.935644 -0.396108 0 -0.918204 -0.355004 0 -0.934865 -0.438412 0 -0.898774 -0.39773 0 -0.917503 -0.43961 0 -0.898189 -0.479766 0 -0.877396 -0.520081 0 -0.854117 -0.480556 0 -0.876964 -0.520479 0 -0.853874 -0.559268 0 -0.828987 -0.559295 0 -0.828969 -0.596922 0 -0.802299 -0.597243 0 -0.80206 -0.633924 0 -0.773395 -0.633279 0 -0.773924 -0.669232 0 -0.743054 -0.668289 0 -0.743902 -0.702246 0 -0.711934 -0.703089 0 -0.711102 -0.735422 0 -0.67761 -0.734676 0 -0.678418 -0.766161 0 -0.642649 -0.765508 0 -0.643426 -0.794675 0 -0.607035 -0.79524 0 -0.606295 -0.822595 0 -0.568627 -0.822114 0 -0.569323 -0.848168 0 -0.529727 -0.847765 0 -0.530373 -0.871571 0 -0.490269 -0.871903 0 -0.489679 -0.893748 0 -0.44857 -0.893482 0 -0.449099 -0.913656 0 -0.406488 -0.91345 0 -0.406952 -0.93143 0 -0.36392 -0.931584 0 -0.363526 -0.947493 0 -0.319776 -0.947385 0 -0.320096 -0.961349 0 -0.275332 -0.961279 0 -0.275576 -0.973082 0 -0.230457 -0.973121 0 -0.230293 -0.982785 0 -0.184754 -0.982769 0 -0.184837 -0.990318 0 -0.138814 -0.990318 0 -0.138814 -0.587785 -0 -0.809017 -0.549496 -0 -0.835496 -0.587785 -0 -0.809017 -0.510017 -0 -0.860165 -0.549496 -0 -0.835496 -0.510017 -0 -0.860165 -0.469432 -0 -0.882969 -0.469432 -0 -0.882969 -0.427829 -0 -0.90386 -0.3853 -0 -0.922792 -0.427829 -0 -0.90386 -0.3853 -0 -0.922792 -0.341935 -0 -0.939724 -0.341935 -0 -0.939724 -0.297829 -0 -0.954619 -0.253078 -0 -0.967446 -0.297829 -0 -0.954619 -0.253078 -0 -0.967446 -0.207779 -0 -0.978176 -0.207779 -0 -0.978176 -0.162029 -0 -0.986786 -0.115928 -0 -0.993258 -0.162029 -0 -0.986786 -0.115928 -0 -0.993258 -0.0695757 -0 -0.997577 -0.0695757 -0 -0.997577 -0.0230727 -0 -0.999734 0.0234803 0 -0.999724 -0.0230727 -0 -0.999734 0.0234803 0 -0.999724 0.0699824 0 -0.997548 0.0699824 0 -0.997548 0.116333 0 -0.99321 0.162431 0 -0.98672 0.116333 0 -0.99321 0.162431 0 -0.98672 0.208178 0 -0.978091 0.208178 0 -0.978091 0.253473 0 -0.967342 0.298219 0 -0.954498 0.253473 0 -0.967342 0.298219 0 -0.954498 0.342318 0 -0.939584 0.342318 0 -0.939584 0.385676 0 -0.922634 0.428198 0 -0.903685 0.385676 0 -0.922634 0.428198 0 -0.903685 0.469792 0 -0.882777 0.469792 0 -0.882777 -0.6248 0 -0.780785 -0.6248 0 -0.780785 -0.660461 0 -0.75086 -0.660461 0 -0.75086 -0.694691 0 -0.719308 -0.727415 0 -0.686198 -0.694691 0 -0.719308 -0.727415 0 -0.686198 -0.758563 0 -0.6516 -0.758563 0 -0.6516 -0.788067 0 -0.61559 -0.815862 0 -0.578246 -0.788067 0 -0.61559 -0.815862 0 -0.578246 -0.84189 0 -0.539649 -0.84189 0 -0.539649 -0.866093 0 -0.499882 -0.88842 0 -0.459032 -0.866093 0 -0.499882 -0.88842 0 -0.459032 -0.90882 0 -0.417187 -0.90882 0 -0.417187 -0.927252 0 -0.374438 -0.943673 0 -0.330878 -0.927252 0 -0.374438 -0.943673 0 -0.330878 -0.95805 0 -0.286601 -0.95805 0 -0.286601 -0.970351 0 -0.241702 -0.980548 0 -0.19628 -0.970351 0 -0.241702 -0.980548 0 -0.19628 -0.98862 0 -0.150432 -0.98862 0 -0.150432 -0.99455 0 -0.104258 -0.998325 0 -0.0578585 -0.99455 0 -0.104258 -0.998325 0 -0.0578585 -0.999936 0 -0.0113332 -0.999936 0 -0.0113332 -0.99938 0 0.0352165 -0.996658 0 0.0816898 -0.99938 0 0.0352165 -0.996658 0 0.0816898 -0.991776 0 0.127986 -0.991776 0 0.127986 -0.984745 0 0.174005 -0.984745 0 0.174005 -0.809017 -0 -0.587785 -0.780785 -0 -0.6248 -0.809017 -0 -0.587785 -0.75086 -0 -0.660461 -0.780785 -0 -0.6248 -0.75086 -0 -0.660461 -0.719308 -0 -0.694691 -0.719308 -0 -0.694691 -0.686198 -0 -0.727415 -0.6516 -0 -0.758563 -0.686198 -0 -0.727415 -0.6516 -0 -0.758563 -0.61559 -0 -0.788067 -0.61559 -0 -0.788067 -0.578246 -0 -0.815862 -0.539649 -0 -0.84189 -0.578246 -0 -0.815862 -0.539649 -0 -0.84189 -0.499882 -0 -0.866093 -0.499882 -0 -0.866093 -0.459032 -0 -0.88842 -0.417187 -0 -0.90882 -0.459032 -0 -0.88842 -0.417187 -0 -0.90882 -0.374439 -0 -0.927252 -0.374439 -0 -0.927252 -0.330878 -0 -0.943673 -0.286601 -0 -0.95805 -0.330878 -0 -0.943673 -0.286601 -0 -0.95805 -0.241702 -0 -0.970351 -0.241702 -0 -0.970351 -0.19628 -0 -0.980548 -0.150432 -0 -0.98862 -0.19628 -0 -0.980548 -0.150432 -0 -0.98862 -0.104258 -0 -0.99455 -0.104258 -0 -0.99455 -0.0578583 -0 -0.998325 -0.011333 -0 -0.999936 -0.0578583 -0 -0.998325 -0.011333 -0 -0.999936 0.0352164 0 -0.99938 0.0352164 0 -0.99938 0.0816895 0 -0.996658 0.127986 0 -0.991776 0.0816895 0 -0.996658 0.127986 0 -0.991776 0.174005 0 -0.984745 0.174005 0 -0.984745 -0.835496 0 -0.549496 -0.835496 0 -0.549496 -0.860165 0 -0.510017 -0.860165 0 -0.510017 -0.882969 0 -0.469431 -0.90386 0 -0.427829 -0.882969 0 -0.469431 -0.90386 0 -0.427829 -0.922792 0 -0.3853 -0.922792 0 -0.3853 -0.939724 0 -0.341935 -0.954619 0 -0.297829 -0.939724 0 -0.341935 -0.954619 0 -0.297829 -0.967446 0 -0.253078 -0.967446 0 -0.253078 -0.978176 0 -0.207779 -0.986786 0 -0.162029 -0.978176 0 -0.207779 -0.986786 0 -0.162029 -0.993258 0 -0.115928 -0.993258 0 -0.115928 -0.997577 0 -0.0695756 -0.999734 0 -0.0230726 -0.997577 0 -0.0695756 -0.999734 0 -0.0230726 -0.999724 0 0.0234803 -0.999724 0 0.0234803 -0.997548 0 0.0699824 -0.99321 0 0.116333 -0.997548 0 0.0699824 -0.99321 0 0.116333 -0.98672 0 0.162431 -0.98672 0 0.162431 -0.978091 0 0.208177 -0.967342 0 0.253473 -0.978091 0 0.208177 -0.967342 0 0.253473 -0.954498 0 0.298219 -0.954498 0 0.298219 -0.939584 0 0.342318 -0.922634 0 0.385676 -0.939584 0 0.342318 -0.922634 0 0.385676 -0.903685 0 0.428198 -0.903685 0 0.428198 -0.882777 0 0.469792 -0.882777 0 0.469792</float_array>
          <technique_common>
            <accessor count="6904" source="#ID69" stride="3">
              <param name="X" type="float"/>
              <param name="Y" type="float"/>
              <param name="Z" type="float"/>
            </accessor>
          </technique_common>
        </source>
        <vertices id="ID70">
          <input semantic="POSITION" source="#ID66"/>
          <input semantic="NORMAL" source="#ID68"/>
        </vertices>
        <triangles count="6748" material="ID71">
          <input offset="0" semantic="VERTEX" source="#ID70"/>
          <p>0 2 1 3 5 4 6 8 7 9 10 4 5 9 4 10 12 11 12 10 9 13 14 11 11 12 13 13 15 14 4 16 3 17 1 18 0 20 19 21 23 22 21 17 23 24 17 18 17 24 23 19 2 0 1 2 18 20 8 6 20 6 19 7 8 25 26 25 3 25 26 7 16 27 26 26 3 16 28 29 16 27 16 29 30 28 31 28 30 29 31 33 32 32 30 31 33 34 32 35 37 36 38 40 39 41 43 42 44 46 45 47 49 48 50 40 51 40 38 51 52 54 53 55 57 56 58 60 59 61 40 50 62 64 63 65 67 66 68 70 69 71 58 59 72 74 73 75 77 76 58 79 78 79 58 80 81 83 82 84 86 85 87 88 58 89 91 90 37 35 92 93 95 94 41 96 93 35 98 97 58 100 99 101 88 87 102 104 103 105 106 104 94 41 93 100 108 107 109 111 110 112 114 113 115 96 116 117 59 60 118 120 119 121 58 99 122 121 123 58 124 116 58 116 96 124 58 125 126 124 125 116 128 127 116 127 115 42 43 129 42 96 41 93 96 115 122 130 58 58 130 125 58 108 100 121 122 58 80 58 71 108 58 78 88 131 58 60 58 131 132 58 91 87 58 132 58 69 90 91 58 90 50 68 58 58 68 69 61 58 133 61 50 58 134 136 135 137 135 136 138 140 139 137 136 141 142 140 143 143 140 144 145 146 140 147 149 148 140 151 150 152 140 153 154 156 155 147 154 155 157 159 158 148 149 160 161 154 162 146 145 163 161 158 159 164 150 165 166 143 144 140 167 151 161 162 140 161 150 164 168 169 167 147 155 170 159 154 161 171 147 170 172 156 154 170 173 171 162 154 147 162 147 148 167 140 168 150 161 140 174 175 140 140 175 168 176 140 142 176 174 140 140 146 177 140 177 144 139 140 178 138 145 140 179 140 152 179 178 140 140 181 180 140 180 153 182 183 140 140 183 181 184 140 185 184 182 140 140 187 186 185 140 186 188 137 141 188 141 189 190 189 191 189 141 191 192 194 193 195 197 196 198 200 199 201 203 202 204 206 205 202 193 201 207 196 204 208 209 195 210 209 211 192 193 202 212 214 213 215 216 201 208 217 209 201 216 203 218 201 219 198 199 193 220 218 219 219 201 193 221 223 222 216 215 224 225 226 203 226 202 203 194 192 227 192 228 227 198 194 209 193 194 198 211 229 210 194 211 209 195 210 197 195 209 210 204 196 206 206 196 197 212 206 214 205 206 212 206 231 230 214 206 230 232 233 206 206 233 231 234 206 235 234 232 206 206 237 236 235 206 236 238 239 206 206 239 237 240 206 241 240 238 206 206 243 242 241 206 242 189 190 244 245 244 190 206 245 246 245 206 244 222 223 247 248 250 249 222 250 251 252 254 253 255 257 256 258 249 259 250 260 251 248 261 250 262 264 263 265 261 248 266 256 257 260 267 251 221 222 268 247 223 269 270 269 271 270 247 269 247 273 272 247 250 222 272 249 247 272 273 274 255 248 249 247 249 250 249 258 255 259 249 275 258 276 257 257 255 258 276 278 277 277 257 276 279 277 280 279 257 277 280 263 264 279 280 264 281 283 282 282 263 280 263 283 252 263 282 283 284 286 285 254 252 287 283 287 252 287 137 288 288 254 287 289 290 137 137 290 288 291 137 292 291 289 137 137 188 293 292 137 293 246 243 206 243 246 294 294 296 295 295 243 294 297 298 286 299 297 300 301 302 297 301 286 284 303 302 304 305 307 306 308 310 309 308 309 311 312 302 313 302 303 297 313 314 312 301 313 302 286 301 297 315 303 304 298 310 286 298 297 299 316 309 310 310 298 316 317 316 318 318 316 319 309 317 305 309 316 317 320 307 317 305 317 307 307 320 321 320 322 321 321 324 323 323 307 321 325 326 324 324 326 323 327 328 324 325 324 328 328 330 329 325 328 329 331 330 332 330 331 329 333 332 334 331 332 335 333 136 335 332 333 335 336 337 136 336 136 333 338 339 136 338 136 337 340 141 136 340 136 339 341 295 296 296 342 341 343 140 342 341 342 140 344 346 345 347 349 348 349 350 348 351 352 346 347 348 351 352 353 346 353 352 354 355 356 346 355 346 344 357 358 356 359 356 358 360 362 361 359 346 356 363 361 362 360 359 362 360 351 346 360 346 359 364 360 365 365 360 366 364 367 351 351 360 364 368 347 367 367 347 351 367 370 369 367 371 370 372 368 369 367 369 368 373 374 372 245 368 372 374 375 245 245 372 374 376 377 245 376 245 375 378 379 245 378 245 377 380 245 379 380 379 381 382 383 245 382 245 380 384 385 245 384 245 383 386 387 245 386 245 385 388 389 245 388 245 387 187 391 390 389 392 245 392 246 245 343 391 187 187 140 343 391 393 390 394 396 395 396 397 395 394 398 396 399 401 400 395 397 402 399 397 401 401 403 400 404 399 405 397 399 402 399 407 406 404 407 399 408 406 409 399 406 402 406 408 402 409 406 410 408 411 342 342 402 408 412 342 411 412 411 413 414 416 415 417 342 412 416 342 417 415 416 417 418 420 419 419 342 416 420 421 342 342 419 420 422 424 423 423 342 421 424 425 342 342 423 424 426 427 342 426 342 425 428 429 342 428 342 427 430 342 429 430 429 431 432 433 342 432 342 430 434 58 435 436 437 433 342 437 438 437 342 433 439 441 440 438 439 342 342 440 442 440 342 439 442 343 342 434 435 393 390 393 435 443 58 434 444 446 445 447 446 448 446 447 445 449 448 450 447 448 451 449 452 448 450 453 449 452 434 451 448 452 451 454 452 455 455 452 456 454 457 434 434 452 454 458 457 459 459 457 460 458 461 434 434 457 458 462 434 461 462 461 463 464 465 434 464 434 462 466 467 434 466 434 465 468 470 469 469 434 467 470 471 434 434 469 470 472 474 473 473 434 471 474 475 434 434 473 474 476 434 475 477 479 478 434 481 480 476 481 434 482 484 483 480 482 434 434 483 485 483 434 482 486 488 487 485 486 434 486 489 434 489 486 487 490 492 491 490 491 489 489 493 434 489 491 493 493 443 434 133 443 494 443 133 58 113 477 495 496 498 497 497 500 499 498 500 497 501 499 502 497 499 503 504 501 502 499 501 503 505 495 503 501 505 503 506 505 507 507 505 508 506 509 495 495 505 506 510 495 509 510 509 511 512 513 495 512 495 510 514 495 513 514 513 515 516 517 495 516 495 514 518 519 495 518 495 517 520 522 521 521 495 519 523 525 524 522 495 521 495 527 526 522 527 495 526 528 495 529 528 526 530 532 531 528 533 495 534 536 535 533 530 531 537 539 538 536 534 540 541 536 540 542 537 538 540 543 541 535 536 544 540 534 545 546 535 544 542 545 537 542 540 545 545 533 531 537 545 531 545 495 533 547 549 548 104 551 550 552 554 553 524 555 523 104 557 556 558 559 523 525 523 559 560 561 558 553 559 558 553 558 561 561 560 562 563 565 564 564 553 561 566 553 564 564 565 566 567 569 568 568 553 566 570 553 568 568 569 570 571 573 572 572 573 550 550 575 574 576 577 575 550 579 578 580 582 581 576 575 550 574 583 579 584 582 585 586 588 587 589 550 590 590 591 589 550 582 580 592 594 593 550 596 595 596 598 597 597 595 596 587 580 581 584 581 582 582 550 595 581 586 587 593 594 550 594 596 550 599 601 600 602 550 589 602 593 550 574 579 550 550 578 590 573 603 550 576 550 603 570 550 553 572 550 570 604 606 605 607 609 608 610 35 611 600 612 599 613 609 614 615 600 616 601 616 600 617 611 618 619 620 611 621 611 622 623 625 624 626 628 627 629 611 621 630 632 631 611 634 633 635 636 631 637 638 611 639 633 634 636 630 631 638 637 640 632 641 631 642 618 620 611 644 643 643 644 645 611 647 646 632 611 646 648 647 649 650 651 630 652 641 646 649 647 653 632 630 651 646 654 652 646 641 632 651 650 655 643 653 611 647 611 653 656 611 638 644 611 656 657 659 658 622 611 617 611 629 637 619 611 633 620 618 611 660 662 661 663 611 628 634 611 663 611 623 627 628 611 627 616 625 611 611 625 623 615 611 605 615 616 611 664 44 82 665 666 73 46 667 45 661 662 668 669 670 73 671 672 662 673 675 674 676 678 677 679 680 662 681 682 674 683 685 684 657 686 659 662 688 687 689 668 690 677 682 676 691 692 672 660 693 688 694 671 695 662 682 681 692 682 672 694 695 696 685 686 675 682 677 674 685 683 686 674 697 673 686 657 681 686 674 675 662 672 682 686 681 674 695 662 698 671 662 695 662 700 699 698 662 699 688 662 660 662 687 700 690 662 701 662 690 668 662 703 702 701 662 702 679 662 704 662 680 703 705 662 706 705 704 662 662 708 707 706 662 707 709 710 662 662 710 708 711 662 614 711 709 662 712 714 713 715 717 716 715 718 717 715 713 718 719 721 720 722 724 723 723 725 721 726 728 727 729 731 730 666 733 732 723 721 722 734 732 733 735 725 736 737 739 738 735 720 725 740 742 741 727 723 726 730 743 729 725 723 744 745 725 744 746 735 736 747 745 744 719 720 748 721 725 720 724 722 749 722 750 749 726 724 729 723 724 726 724 739 729 738 739 724 731 739 751 739 731 729 666 732 751 731 751 732 752 666 740 733 666 752 666 753 742 740 666 742 754 755 666 666 755 753 756 666 757 756 754 666 666 759 758 757 666 758 760 761 666 666 761 759 762 666 763 762 760 666 666 765 764 763 666 764 714 718 713 666 667 765 712 670 766 714 712 766 670 669 766 767 769 768 767 771 770 772 774 773 775 777 776 770 771 778 779 781 780 782 784 783 785 773 775 774 772 786 775 776 787 788 790 789 789 787 788 771 791 778 789 771 787 768 769 792 770 769 767 767 794 793 767 787 771 793 785 767 793 794 795 785 775 787 767 785 787 796 785 797 785 798 797 773 796 772 773 785 796 772 800 799 796 800 772 772 799 801 800 802 799 803 782 801 801 799 803 784 803 804 803 784 782 804 805 784 806 805 804 807 779 805 784 805 779 781 807 808 781 779 807 809 808 718 807 718 808 810 718 811 810 809 718 718 813 812 811 718 812 666 669 73 718 714 813 667 665 45 667 666 665 814 816 815 817 819 818 820 821 49 822 824 823 825 817 818 826 53 827 49 816 825 821 816 49 828 827 53 49 825 48 820 829 821 48 830 47 816 814 831 817 825 816 826 817 831 831 817 816 53 826 52 831 52 826 52 832 54 52 833 832 53 54 822 54 834 824 824 822 54 835 824 834 835 834 836 837 835 838 835 837 824 838 840 839 837 838 839 838 842 841 841 840 838 843 841 57 843 840 841 57 55 844 843 57 844 56 846 845 845 715 55 56 845 55 847 848 715 847 715 845 662 664 82 848 849 715 614 662 613 613 662 82 850 852 851 851 853 850 854 715 855 715 849 855 713 715 854 46 44 664 850 65 852 62 65 856 857 62 856 856 858 857 859 62 860 62 63 860 861 859 862 861 62 859 859 863 862 67 861 864 865 67 864 67 62 861 864 866 865 66 67 867 62 67 65 66 868 65 867 67 869 868 870 852 65 868 852 871 868 872 872 868 873 871 874 870 870 868 871 874 876 875 874 73 870 73 875 72 875 73 874 877 73 74 878 879 73 878 73 877 880 73 879 880 879 881 882 883 73 882 73 880 73 885 884 885 73 883 610 608 35 610 607 608 886 888 887 35 604 611 889 891 890 891 888 886 892 894 893 77 892 893 895 73 896 73 884 896 891 886 890 897 73 898 73 895 898 614 609 607 73 897 899 73 899 665 77 890 892 76 77 900 890 77 889 901 77 75 901 903 902 901 889 77 902 889 901 901 904 903 81 82 902 889 902 82 83 905 82 81 906 83 905 907 82 908 907 905 82 910 909 907 910 82 909 911 82 912 911 909 82 913 86 911 913 82 82 86 84 914 915 82 914 82 84 916 917 82 916 82 915 918 920 919 919 82 917 82 920 921 82 919 920 556 922 606 606 922 605 923 925 924 926 924 925 927 923 928 928 923 924 929 928 930 930 928 931 929 933 932 929 932 35 929 934 933 927 928 929 35 927 929 935 937 936 82 921 937 930 931 938 939 82 935 937 935 82 940 942 941 82 939 942 943 82 940 942 940 82 922 556 557 604 605 611 82 943 613 944 946 945 35 932 946 35 946 947 944 947 946 37 92 948 35 947 92 35 950 949 36 950 35 35 952 951 949 952 35 951 953 35 954 953 951 955 97 956 953 98 35 955 957 35 35 97 955 958 959 35 958 35 957 35 961 960 961 35 959 548 554 552 550 551 553 962 964 963 965 967 966 968 970 969 970 962 963 971 973 972 973 104 962 974 976 975 104 973 977 975 978 104 974 975 104 104 978 979 963 964 967 966 967 964 35 960 980 960 981 980 974 104 977 982 35 983 35 980 983 982 985 984 982 986 985 963 969 970 987 984 988 982 984 35 987 989 984 988 990 987 552 553 551 984 989 35 104 550 557 35 989 604 973 962 970 973 971 977 104 979 991 979 992 991 103 104 993 104 991 993 102 994 104 995 997 996 994 995 104 104 996 105 996 104 995 998 106 999 998 1000 104 104 106 998 1001 1000 1002 1001 1002 1003 109 110 1004 1005 1007 1006 111 1008 110 547 1010 1009 1010 547 1008 1011 1013 1012 547 1009 1013 1014 1016 1015 1014 547 1011 1017 1019 1018 547 1014 1020 1021 113 1022 113 1024 1023 1025 1026 1024 1007 1005 1027 1009 1010 1028 113 495 545 545 547 113 1029 1021 1022 1025 113 1021 1030 1032 1031 1031 1033 1030 1018 113 1017 1014 1015 1020 1034 1036 1035 1034 1037 1036 1011 547 1013 1033 1038 1030 1039 1031 1032 1038 1033 1040 1032 1041 1039 111 1010 1008 1032 551 1035 1032 1030 551 551 1001 1034 1035 551 1034 104 1000 551 551 1000 1001 545 549 547 549 554 548 1009 1028 1042 1043 1012 1013 1006 1045 1044 112 1046 114 113 1047 1006 1047 1049 1048 113 1049 1047 1044 1005 1006 1048 1049 1050 1027 1005 1051 1027 1051 1052 1006 1007 113 113 119 120 120 1049 113 114 1053 113 113 1053 119 113 1025 1024 112 113 1023 113 1018 1054 1054 1022 113 547 1020 113 1020 1017 113 479 494 478 478 495 477 494 479 133 1055 1057 1056 1058 1059 1055 1055 1056 1058 1056 1057 1060 1057 1061 1060 1060 1061 1062 1063 1065 1064 1066 1065 1067 1065 1066 1064 1068 1069 1067 1066 1067 1069 1068 1071 1070 1070 1069 1068 1072 1071 1073 1071 1072 1070 1074 1075 1073 1072 1073 1075 1074 1077 1076 1076 1075 1074 1078 1077 1079 1077 1078 1076 1080 1081 1079 1078 1079 1081 1080 1083 1082 1082 1081 1080 1084 1083 1085 1083 1084 1082 1086 1087 1085 1084 1085 1087 1086 1089 1088 1088 1087 1086 1090 1089 1091 1089 1090 1088 1092 1093 1091 1090 1091 1093 1092 1095 1094 1094 1093 1092 1096 1095 1097 1095 1096 1094 1098 1099 1097 1096 1097 1099 1098 1101 1100 1100 1099 1098 1102 1101 1103 1101 1102 1100 1104 1105 1103 1102 1103 1105 1104 1107 1106 1106 1105 1104 1108 1107 1109 1107 1108 1106 1110 1111 1109 1108 1109 1111 1112 1111 1110 1113 1063 1064 1113 1115 1114 1114 1063 1113 1116 1115 1117 1115 1116 1114 1118 1119 1117 1116 1117 1119 1118 1121 1120 1120 1119 1118 1122 1121 1123 1121 1122 1120 1124 1125 1123 1122 1123 1125 1124 1127 1126 1126 1125 1124 1128 1127 1129 1127 1128 1126 1130 1131 1129 1128 1129 1131 1130 1133 1132 1132 1131 1130 1134 1133 1135 1133 1134 1132 1136 1137 1135 1134 1135 1137 1136 1139 1138 1138 1137 1136 1140 1139 1141 1139 1140 1138 1142 1143 1141 1140 1141 1143 1142 1145 1144 1144 1143 1142 1146 1145 1147 1145 1146 1144 1148 1149 1147 1146 1147 1149 1148 1151 1150 1150 1149 1148 1152 1151 1153 1151 1152 1150 1154 1155 1153 1152 1153 1155 1154 1157 1156 1156 1155 1154 1158 1157 1159 1157 1158 1156 1158 1159 1160 1161 1163 1162 1164 1165 1161 1161 1162 1164 1162 1163 1166 1163 1167 1166 1166 1167 1168 1169 1171 1170 1172 1171 1173 1171 1172 1170 1174 1175 1173 1172 1173 1175 1174 1177 1176 1176 1175 1174 1178 1177 1179 1177 1178 1176 1180 1181 1179 1178 1179 1181 1180 1183 1182 1182 1181 1180 1184 1183 1185 1183 1184 1182 1186 1187 1185 1184 1185 1187 1186 1189 1188 1188 1187 1186 1190 1189 1191 1189 1190 1188 1192 1193 1191 1190 1191 1193 1192 1195 1194 1194 1193 1192 1196 1195 1197 1195 1196 1194 1198 1199 1197 1196 1197 1199 1198 1201 1200 1200 1199 1198 1202 1201 1203 1201 1202 1200 1204 1205 1203 1202 1203 1205 1204 1207 1206 1206 1205 1204 1208 1207 1209 1207 1208 1206 1210 1211 1209 1208 1209 1211 1210 1213 1212 1212 1211 1210 1214 1213 1215 1213 1214 1212 1216 1217 1215 1214 1215 1217 1218 1217 1216 1219 1169 1170 1219 1221 1220 1220 1169 1219 1222 1221 1223 1221 1222 1220 1224 1225 1223 1222 1223 1225 1224 1227 1226 1226 1225 1224 1228 1227 1229 1227 1228 1226 1230 1231 1229 1228 1229 1231 1230 1233 1232 1232 1231 1230 1234 1233 1235 1233 1234 1232 1236 1237 1235 1234 1235 1237 1236 1239 1238 1238 1237 1236 1240 1239 1241 1239 1240 1238 1242 1243 1241 1240 1241 1243 1242 1245 1244 1244 1243 1242 1246 1245 1247 1245 1246 1244 1248 1249 1247 1246 1247 1249 1248 1251 1250 1250 1249 1248 1252 1251 1253 1251 1252 1250 1254 1255 1253 1252 1253 1255 1254 1257 1256 1256 1255 1254 1258 1257 1259 1257 1258 1256 1260 1261 1259 1258 1259 1261 1260 1263 1262 1262 1261 1260 1264 1263 1265 1263 1264 1262 1264 1265 1266 1267 1269 1268 1270 1271 1267 1267 1268 1270 1268 1269 1272 1269 1273 1272 1272 1273 1274 1275 1277 1276 1278 1276 1279 1277 1279 1276 1280 1281 1278 1278 1279 1280 1281 1283 1282 1283 1281 1280 1284 1282 1285 1283 1285 1282 1286 1287 1284 1284 1285 1286 1287 1289 1288 1289 1287 1286 1290 1288 1291 1289 1291 1288 1292 1290 1293 1290 1291 1293 1292 1295 1294 1294 1290 1292 1296 1295 1297 1295 1296 1294 1298 1299 1297 1296 1297 1299 1298 1301 1300 1300 1299 1298 1302 1301 1303 1301 1302 1300 1304 1305 1303 1302 1303 1305 1304 1307 1306 1306 1305 1304 1308 1307 1309 1307 1308 1306 1310 1308 1309 1311 1312 1310 1310 1309 1311 1312 1314 1313 1314 1312 1311 1315 1313 1316 1314 1316 1313 1317 1318 1315 1315 1316 1317 1318 1320 1319 1320 1318 1317 1321 1319 1322 1320 1322 1319 1323 1324 1321 1321 1322 1323 1275 1325 1277 1325 1327 1326 1327 1325 1275 1328 1326 1329 1327 1329 1326 1330 1331 1328 1328 1329 1330 1331 1333 1332 1333 1331 1330 1334 1332 1335 1333 1335 1332 1336 1337 1334 1334 1335 1336 1337 1339 1338 1339 1337 1336 1340 1338 1341 1339 1341 1338 1342 1343 1340 1340 1341 1342 1343 1345 1344 1345 1343 1342 1346 1344 1347 1345 1347 1344 1348 1349 1346 1346 1347 1348 1349 1351 1350 1351 1349 1348 1352 1350 1353 1351 1353 1350 1354 1355 1352 1352 1353 1354 1355 1357 1356 1357 1355 1354 1358 1356 1359 1357 1359 1356 1360 1361 1358 1358 1359 1360 1361 1363 1362 1363 1361 1360 1364 1362 1365 1363 1365 1362 1366 1367 1364 1364 1365 1366 1367 1369 1368 1369 1367 1366 1370 1368 1371 1369 1371 1368 1370 1371 1372 1373 1375 1374 1376 1377 1373 1373 1374 1376 1374 1375 1378 1375 1379 1378 1378 1379 1380 1381 1383 1382 1384 1383 1385 1383 1384 1382 1386 1387 1385 1384 1385 1387 1386 1389 1388 1388 1387 1386 1390 1389 1391 1389 1390 1388 1392 1393 1391 1390 1391 1393 1392 1395 1394 1394 1393 1392 1396 1395 1397 1395 1396 1394 1398 1399 1397 1396 1397 1399 1398 1401 1400 1400 1399 1398 1402 1401 1403 1401 1402 1400 1404 1405 1403 1402 1403 1405 1404 1407 1406 1406 1405 1404 1408 1407 1409 1407 1408 1406 1410 1411 1409 1408 1409 1411 1410 1413 1412 1412 1411 1410 1414 1413 1415 1413 1414 1412 1416 1417 1415 1414 1415 1417 1416 1419 1418 1418 1417 1416 1420 1419 1421 1419 1420 1418 1422 1423 1421 1420 1421 1423 1422 1425 1424 1424 1423 1422 1426 1425 1427 1425 1426 1424 1428 1429 1427 1426 1427 1429 1430 1429 1428 1431 1381 1382 1431 1433 1432 1432 1381 1431 1434 1433 1435 1433 1434 1432 1436 1437 1435 1434 1435 1437 1436 1439 1438 1438 1437 1436 1440 1439 1441 1439 1440 1438 1442 1443 1441 1440 1441 1443 1442 1445 1444 1444 1443 1442 1446 1445 1447 1445 1446 1444 1448 1449 1447 1446 1447 1449 1448 1451 1450 1450 1449 1448 1452 1451 1453 1451 1452 1450 1454 1455 1453 1452 1453 1455 1454 1457 1456 1456 1455 1454 1458 1457 1459 1457 1458 1456 1460 1461 1459 1458 1459 1461 1460 1463 1462 1462 1461 1460 1464 1463 1465 1463 1464 1462 1466 1467 1465 1464 1465 1467 1466 1469 1468 1468 1467 1466 1470 1469 1471 1469 1470 1468 1472 1473 1471 1470 1471 1473 1472 1475 1474 1474 1473 1472 1476 1475 1477 1475 1476 1474 1476 1477 1478 1479 1481 1480 1482 1483 1479 1479 1480 1482 1480 1481 1484 1481 1485 1484 1484 1485 1486 1487 1489 1488 1490 1489 1491 1489 1490 1488 1492 1493 1491 1490 1491 1493 1492 1495 1494 1494 1493 1492 1496 1495 1497 1495 1496 1494 1498 1499 1497 1496 1497 1499 1498 1501 1500 1500 1499 1498 1502 1501 1503 1501 1502 1500 1504 1502 1503 1505 1506 1504 1504 1503 1505 1506 1508 1507 1508 1506 1505 1509 1507 1510 1508 1510 1507 1511 1512 1509 1509 1510 1511 1512 1514 1513 1514 1512 1511 1515 1513 1516 1514 1516 1513 1517 1518 1515 1515 1516 1517 1517 1519 1518 1520 1519 1521 1519 1520 1518 1522 1523 1521 1520 1521 1523 1522 1525 1524 1524 1523 1522 1526 1525 1527 1525 1526 1524 1528 1529 1527 1526 1527 1529 1528 1531 1530 1530 1529 1528 1532 1531 1533 1531 1532 1530 1534 1535 1533 1532 1533 1535 1536 1535 1534 1537 1487 1488 1537 1539 1538 1538 1487 1537 1540 1539 1541 1539 1540 1538 1542 1543 1541 1540 1541 1543 1542 1545 1544 1544 1543 1542 1546 1545 1547 1545 1546 1544 1548 1549 1547 1546 1547 1549 1548 1551 1550 1550 1549 1548 1552 1553 1551 1551 1553 1550 1554 1555 1552 1552 1551 1554 1555 1557 1556 1557 1555 1554 1558 1556 1559 1557 1559 1556 1560 1561 1558 1558 1559 1560 1561 1563 1562 1563 1561 1560 1564 1562 1565 1563 1565 1562 1566 1567 1564 1564 1565 1566 1567 1569 1568 1569 1567 1566 1570 1568 1571 1569 1571 1568 1572 1573 1570 1570 1571 1572 1573 1575 1574 1575 1573 1572 1574 1577 1576 1575 1577 1574 1578 1579 1576 1574 1576 1579 1578 1581 1580 1580 1579 1578 1582 1581 1583 1581 1582 1580 1582 1583 1584 1585 1587 1586 1588 1589 1585 1585 1586 1588 1586 1587 1590 1587 1591 1590 1590 1591 1592 1593 1595 1594 1596 1597 1593 1593 1594 1596 1594 1595 1598 1595 1599 1598 1598 1599 1600 1601 1603 1602 1604 1605 1601 1601 1602 1604 1602 1603 1606 1603 1607 1606 1606 1607 1608 1609 1611 1610 1612 1613 1609 1609 1610 1612 1610 1611 1614 1611 1615 1614 1614 1615 1616 1617 1619 1618 1620 1621 1617 1617 1618 1620 1618 1619 1622 1619 1623 1622 1622 1623 1624 1625 1627 1626 1628 1629 1625 1625 1626 1628 1626 1627 1630 1627 1631 1630 1630 1631 1632 1633 1635 1634 1636 1637 1633 1633 1634 1636 1634 1635 1638 1635 1639 1638 1638 1639 1640 1641 1643 1642 1644 1645 1641 1641 1642 1644 1642 1643 1646 1643 1647 1646 1646 1647 1648 1649 1651 1650 1652 1650 1653 1651 1653 1650 1654 1655 1652 1652 1653 1654 1655 1657 1656 1657 1655 1654 1658 1656 1659 1657 1659 1656 1660 1661 1658 1658 1659 1660 1661 1663 1662 1663 1661 1660 1664 1662 1665 1663 1665 1662 1666 1664 1667 1664 1665 1667 1666 1669 1668 1668 1664 1666 1670 1669 1671 1669 1670 1668 1672 1673 1671 1670 1671 1673 1672 1675 1674 1674 1673 1672 1676 1675 1677 1675 1676 1674 1678 1679 1677 1676 1677 1679 1678 1681 1680 1680 1679 1678 1682 1681 1683 1681 1682 1680 1684 1682 1683 1685 1686 1684 1684 1683 1685 1686 1688 1687 1688 1686 1685 1689 1687 1690 1688 1690 1687 1691 1692 1689 1689 1690 1691 1692 1694 1693 1694 1692 1691 1695 1693 1696 1694 1696 1693 1697 1698 1695 1695 1696 1697 1649 1699 1651 1699 1701 1700 1701 1699 1649 1702 1700 1703 1701 1703 1700 1704 1705 1702 1702 1703 1704 1705 1707 1706 1707 1705 1704 1708 1706 1709 1707 1709 1706 1710 1711 1708 1708 1709 1710 1711 1713 1712 1713 1711 1710 1714 1712 1715 1713 1715 1712 1716 1717 1714 1714 1715 1716 1717 1719 1718 1719 1717 1716 1720 1718 1721 1719 1721 1718 1722 1723 1720 1720 1721 1722 1723 1725 1724 1725 1723 1722 1726 1724 1727 1725 1727 1724 1728 1729 1726 1726 1727 1728 1729 1731 1730 1731 1729 1728 1732 1730 1733 1731 1733 1730 1734 1735 1732 1732 1733 1734 1735 1737 1736 1737 1735 1734 1738 1736 1739 1737 1739 1736 1740 1741 1738 1738 1739 1740 1741 1743 1742 1743 1741 1740 1744 1742 1745 1743 1745 1742 1744 1745 1746 1747 1749 1748 1750 1751 1747 1747 1748 1750 1748 1749 1752 1749 1753 1752 1752 1753 1754 1755 1757 1756 1758 1757 1759 1757 1758 1756 1760 1761 1759 1758 1759 1761 1760 1763 1762 1762 1761 1760 1764 1763 1765 1763 1764 1762 1766 1767 1765 1764 1765 1767 1766 1769 1768 1768 1767 1766 1770 1769 1771 1769 1770 1768 1772 1773 1771 1770 1771 1773 1772 1775 1774 1774 1773 1772 1776 1775 1777 1775 1776 1774 1778 1779 1777 1776 1777 1779 1778 1781 1780 1780 1779 1778 1782 1781 1783 1781 1782 1780 1784 1785 1783 1782 1783 1785 1784 1787 1786 1786 1785 1784 1788 1787 1789 1787 1788 1786 1790 1791 1789 1788 1789 1791 1790 1793 1792 1792 1791 1790 1794 1793 1795 1793 1794 1792 1796 1797 1795 1794 1795 1797 1796 1799 1798 1798 1797 1796 1800 1799 1801 1799 1800 1798 1802 1803 1801 1800 1801 1803 1804 1803 1802 1805 1755 1756 1805 1807 1806 1806 1755 1805 1808 1807 1809 1807 1808 1806 1810 1811 1809 1808 1809 1811 1810 1813 1812 1812 1811 1810 1814 1813 1815 1813 1814 1812 1816 1817 1815 1814 1815 1817 1816 1819 1818 1818 1817 1816 1820 1819 1821 1819 1820 1818 1822 1823 1821 1820 1821 1823 1822 1825 1824 1824 1823 1822 1826 1825 1827 1825 1826 1824 1828 1829 1827 1826 1827 1829 1828 1831 1830 1830 1829 1828 1832 1831 1833 1831 1832 1830 1834 1835 1833 1832 1833 1835 1834 1837 1836 1836 1835 1834 1838 1837 1839 1837 1838 1836 1840 1841 1839 1838 1839 1841 1840 1843 1842 1842 1841 1840 1844 1843 1845 1843 1844 1842 1846 1847 1845 1844 1845 1847 1846 1849 1848 1848 1847 1846 1850 1849 1851 1849 1850 1848 1850 1851 1852 1853 1855 1854 1856 1857 1853 1853 1854 1856 1854 1855 1858 1855 1859 1858 1858 1859 1860 1861 1863 1862 1864 1863 1865 1863 1864 1862 1866 1867 1865 1864 1865 1867 1866 1869 1868 1868 1867 1866 1870 1869 1871 1869 1870 1868 1872 1873 1871 1870 1871 1873 1872 1875 1874 1874 1873 1872 1876 1875 1877 1875 1876 1874 1878 1876 1877 1879 1880 1878 1878 1877 1879 1880 1882 1881 1882 1880 1879 1883 1881 1884 1882 1884 1881 1885 1886 1883 1883 1884 1885 1886 1888 1887 1888 1886 1885 1889 1887 1890 1888 1890 1887 1891 1892 1889 1889 1890 1891 1891 1893 1892 1894 1893 1895 1893 1894 1892 1896 1897 1895 1894 1895 1897 1896 1899 1898 1898 1897 1896 1900 1899 1901 1899 1900 1898 1902 1903 1901 1900 1901 1903 1902 1905 1904 1904 1903 1902 1906 1905 1907 1905 1906 1904 1908 1909 1907 1906 1907 1909 1910 1909 1908 1911 1861 1862 1911 1913 1912 1912 1861 1911 1914 1913 1915 1913 1914 1912 1916 1917 1915 1914 1915 1917 1916 1919 1918 1918 1917 1916 1920 1919 1921 1919 1920 1918 1922 1923 1921 1920 1921 1923 1922 1925 1924 1924 1923 1922 1926 1927 1925 1925 1927 1924 1928 1929 1926 1926 1925 1928 1929 1931 1930 1931 1929 1928 1932 1930 1933 1931 1933 1930 1934 1935 1932 1932 1933 1934 1935 1937 1936 1937 1935 1934 1938 1936 1939 1937 1939 1936 1940 1941 1938 1938 1939 1940 1941 1943 1942 1943 1941 1940 1944 1942 1945 1943 1945 1942 1946 1947 1944 1944 1945 1946 1947 1949 1948 1949 1947 1946 1948 1951 1950 1949 1951 1948 1952 1953 1950 1948 1950 1953 1952 1955 1954 1954 1953 1952 1956 1955 1957 1955 1956 1954 1956 1957 1958 1959 1961 1960 1962 1963 1959 1959 1960 1962 1960 1961 1964 1961 1965 1964 1964 1965 1966 1967 1969 1968 1970 1969 1971 1969 1970 1968 1972 1973 1971 1970 1971 1973 1972 1975 1974 1974 1973 1972 1976 1975 1977 1975 1976 1974 1978 1979 1977 1976 1977 1979 1978 1981 1980 1980 1979 1978 1982 1981 1983 1981 1982 1980 1984 1985 1983 1982 1983 1985 1984 1987 1986 1986 1985 1984 1988 1987 1989 1987 1988 1986 1990 1991 1989 1988 1989 1991 1990 1993 1992 1992 1991 1990 1994 1993 1995 1993 1994 1992 1996 1997 1995 1994 1995 1997 1996 1999 1998 1998 1997 1996 2000 1999 2001 1999 2000 1998 2002 2003 2001 2000 2001 2003 2002 2005 2004 2004 2003 2002 2006 2005 2007 2005 2006 2004 2008 2009 2007 2006 2007 2009 2008 2011 2010 2010 2009 2008 2012 2011 2013 2011 2012 2010 2014 2015 2013 2012 2013 2015 2016 2015 2014 2017 1967 1968 2017 2019 2018 2018 1967 2017 2020 2019 2021 2019 2020 2018 2022 2023 2021 2020 2021 2023 2022 2025 2024 2024 2023 2022 2026 2025 2027 2025 2026 2024 2028 2029 2027 2026 2027 2029 2028 2031 2030 2030 2029 2028 2032 2031 2033 2031 2032 2030 2034 2035 2033 2032 2033 2035 2034 2037 2036 2036 2035 2034 2038 2037 2039 2037 2038 2036 2040 2041 2039 2038 2039 2041 2040 2043 2042 2042 2041 2040 2044 2043 2045 2043 2044 2042 2046 2047 2045 2044 2045 2047 2046 2049 2048 2048 2047 2046 2050 2049 2051 2049 2050 2048 2052 2053 2051 2050 2051 2053 2052 2055 2054 2054 2053 2052 2056 2055 2057 2055 2056 2054 2058 2059 2057 2056 2057 2059 2058 2061 2060 2060 2059 2058 2062 2061 2063 2061 2062 2060 2062 2063 2064 2065 2067 2066 2068 2069 2065 2065 2066 2068 2066 2067 2070 2067 2071 2070 2070 2071 2072 2073 2075 2074 2076 2075 2077 2075 2076 2074 2078 2079 2077 2076 2077 2079 2078 2081 2080 2080 2079 2078 2082 2081 2083 2081 2082 2080 2084 2085 2083 2082 2083 2085 2084 2087 2086 2086 2085 2084 2088 2087 2089 2087 2088 2086 2090 2091 2089 2088 2089 2091 2090 2093 2092 2092 2091 2090 2094 2093 2095 2093 2094 2092 2096 2097 2095 2094 2095 2097 2096 2099 2098 2098 2097 2096 2100 2099 2101 2099 2100 2098 2102 2103 2101 2100 2101 2103 2102 2105 2104 2104 2103 2102 2106 2105 2107 2105 2106 2104 2108 2109 2107 2106 2107 2109 2108 2111 2110 2110 2109 2108 2112 2111 2113 2111 2112 2110 2114 2115 2113 2112 2113 2115 2114 2117 2116 2116 2115 2114 2118 2117 2119 2117 2118 2116 2120 2121 2119 2118 2119 2121 2122 2121 2120 2123 2073 2074 2123 2125 2124 2124 2073 2123 2126 2125 2127 2125 2126 2124 2128 2129 2127 2126 2127 2129 2128 2131 2130 2130 2129 2128 2132 2131 2133 2131 2132 2130 2134 2135 2133 2132 2133 2135 2134 2137 2136 2136 2135 2134 2138 2137 2139 2137 2138 2136 2140 2141 2139 2138 2139 2141 2140 2143 2142 2142 2141 2140 2144 2143 2145 2143 2144 2142 2146 2147 2145 2144 2145 2147 2146 2149 2148 2148 2147 2146 2150 2149 2151 2149 2150 2148 2152 2153 2151 2150 2151 2153 2152 2155 2154 2154 2153 2152 2156 2155 2157 2155 2156 2154 2158 2159 2157 2156 2157 2159 2158 2161 2160 2160 2159 2158 2162 2161 2163 2161 2162 2160 2164 2165 2163 2162 2163 2165 2164 2167 2166 2166 2165 2164 2168 2167 2169 2167 2168 2166 2168 2169 2170 2171 2173 2172 2174 2175 2171 2171 2172 2174 2172 2173 2176 2173 2177 2176 2176 2177 2178 2179 2181 2180 2182 2180 2183 2181 2183 2180 2184 2185 2182 2182 2183 2184 2185 2187 2186 2187 2185 2184 2188 2186 2189 2187 2189 2186 2190 2188 2191 2188 2189 2191 2190 2192 2188 2192 2194 2193 2194 2192 2190 2195 2193 2196 2194 2196 2193 2197 2198 2195 2195 2196 2197 2198 2200 2199 2200 2198 2197 2201 2199 2202 2200 2202 2199 2203 2204 2201 2201 2202 2203 2204 2206 2205 2206 2204 2203 2207 2205 2208 2206 2208 2205 2209 2210 2207 2207 2208 2209 2210 2212 2211 2212 2210 2209 2213 2211 2214 2212 2214 2211 2215 2216 2213 2213 2214 2215 2216 2218 2217 2218 2216 2215 2219 2217 2220 2218 2220 2217 2221 2222 2219 2219 2220 2221 2222 2224 2223 2224 2222 2221 2225 2223 2226 2224 2226 2223 2227 2228 2225 2225 2226 2227 2179 2229 2181 2229 2231 2230 2231 2229 2179 2232 2230 2233 2231 2233 2230 2234 2235 2232 2232 2233 2234 2235 2237 2236 2237 2235 2234 2238 2236 2239 2237 2239 2236 2240 2241 2238 2238 2239 2240 2241 2243 2242 2243 2241 2240 2244 2242 2245 2243 2245 2242 2246 2247 2244 2244 2245 2246 2247 2249 2248 2249 2247 2246 2250 2248 2251 2249 2251 2248 2252 2253 2250 2250 2251 2252 2253 2255 2254 2255 2253 2252 2256 2254 2257 2255 2257 2254 2258 2259 2256 2256 2257 2258 2259 2261 2260 2261 2259 2258 2262 2260 2263 2261 2263 2260 2264 2265 2262 2262 2263 2264 2265 2267 2266 2267 2265 2264 2268 2266 2269 2267 2269 2266 2270 2271 2268 2268 2269 2270 2271 2273 2272 2273 2271 2270 2274 2272 2275 2273 2275 2272 2274 2275 2276 2277 2279 2278 2280 2281 2277 2277 2278 2280 2278 2279 2282 2279 2283 2282 2282 2283 2284 2285 2287 2286 2288 2287 2289 2287 2288 2286 2290 2291 2289 2288 2289 2291 2290 2293 2292 2292 2291 2290 2294 2293 2295 2293 2294 2292 2296 2297 2295 2294 2295 2297 2296 2298 2297 2298 2300 2299 2300 2298 2296 2301 2299 2302 2300 2302 2299 2303 2304 2301 2301 2302 2303 2304 2306 2305 2306 2304 2303 2307 2305 2308 2306 2308 2305 2309 2310 2307 2307 2308 2309 2310 2312 2311 2312 2310 2309 2313 2311 2314 2312 2314 2311 2315 2316 2313 2313 2314 2315 2316 2318 2317 2318 2316 2315 2319 2317 2320 2318 2320 2317 2321 2322 2319 2319 2320 2321 2322 2324 2323 2324 2322 2321 2325 2323 2326 2324 2326 2323 2327 2328 2325 2325 2326 2327 2328 2330 2329 2330 2328 2327 2331 2329 2332 2330 2332 2329 2333 2334 2331 2331 2332 2333 2335 2285 2286 2336 2335 2337 2336 2285 2335 2338 2337 2339 2335 2339 2337 2340 2341 2338 2338 2339 2340 2341 2343 2342 2343 2341 2340 2344 2342 2345 2343 2345 2342 2346 2347 2344 2344 2345 2346 2347 2349 2348 2349 2347 2346 2350 2348 2351 2349 2351 2348 2352 2353 2350 2350 2351 2352 2353 2355 2354 2355 2353 2352 2356 2354 2357 2355 2357 2354 2358 2359 2356 2356 2357 2358 2359 2361 2360 2361 2359 2358 2362 2360 2363 2361 2363 2360 2364 2365 2362 2362 2363 2364 2365 2367 2366 2367 2365 2364 2368 2366 2369 2367 2369 2366 2370 2371 2368 2368 2369 2370 2371 2373 2372 2373 2371 2370 2374 2372 2375 2373 2375 2372 2376 2377 2374 2374 2375 2376 2377 2379 2378 2379 2377 2376 2380 2378 2381 2379 2381 2378 2380 2381 2382 2383 2385 2384 2386 2387 2383 2383 2384 2386 2384 2385 2388 2385 2389 2388 2388 2389 2390 2391 2393 2392 2394 2393 2395 2393 2394 2392 2396 2397 2395 2394 2395 2397 2396 2399 2398 2398 2397 2396 2400 2399 2401 2399 2400 2398 2402 2403 2401 2400 2401 2403 2402 2405 2404 2404 2403 2402 2406 2405 2407 2405 2406 2404 2408 2406 2407 2409 2410 2408 2408 2407 2409 2410 2412 2411 2412 2410 2409 2413 2411 2414 2412 2414 2411 2415 2416 2413 2413 2414 2415 2416 2418 2417 2418 2416 2415 2419 2417 2420 2418 2420 2417 2421 2422 2419 2419 2420 2421 2422 2424 2423 2424 2422 2421 2425 2423 2426 2424 2426 2423 2427 2428 2425 2425 2426 2427 2428 2430 2429 2430 2428 2427 2431 2429 2432 2430 2432 2429 2433 2434 2431 2431 2432 2433 2434 2436 2435 2436 2434 2433 2437 2435 2438 2436 2438 2435 2439 2440 2437 2437 2438 2439 2441 2391 2392 2441 2443 2442 2442 2391 2441 2444 2443 2445 2443 2444 2442 2446 2447 2445 2444 2445 2447 2446 2449 2448 2448 2447 2446 2450 2449 2451 2449 2450 2448 2452 2453 2451 2450 2451 2453 2454 2452 2455 2454 2453 2452 2456 2455 2457 2452 2457 2455 2458 2459 2456 2456 2457 2458 2459 2461 2460 2461 2459 2458 2462 2460 2463 2461 2463 2460 2464 2465 2462 2462 2463 2464 2465 2467 2466 2467 2465 2464 2468 2466 2469 2467 2469 2466 2470 2471 2468 2468 2469 2470 2471 2473 2472 2473 2471 2470 2474 2472 2475 2473 2475 2472 2476 2477 2474 2474 2475 2476 2477 2479 2478 2479 2477 2476 2478 2481 2480 2479 2481 2478 2482 2483 2480 2478 2480 2483 2482 2485 2484 2484 2483 2482 2486 2485 2487 2485 2486 2484 2486 2487 2488 2489 2491 2490 2492 2494 2493 2493 2495 2492 2496 2493 2497 2494 2497 2493 2496 2499 2498 2499 2496 2497 2495 2500 2492 2501 2502 2495 2500 2495 2502 2503 2504 2501 2501 2504 2502 2505 2501 2490 2501 2505 2503 2506 2490 2507 2506 2505 2490 2490 2508 2489 2491 2507 2490 2508 2510 2509 2510 2508 2490 2511 2510 2512 2511 2509 2510 2512 2510 2513 2510 2515 2514 2513 2510 2514 2516 2517 2510 2515 2510 2517 2518 2520 2519 2519 2520 2521 2518 2519 2522 2521 2520 2523 2519 2524 2522 2523 2525 2521 2521 2525 2526 2527 2521 2526 2528 2524 2519 2529 2528 2519 2529 2519 2530 2531 2532 2530 2530 2532 2529 2533 2535 2534 2530 2534 2535 2536 2538 2537 2534 2537 2538 2539 2537 2540 2537 2539 2536 2541 2540 2542 2541 2539 2540 2538 2533 2534 2531 2530 2535 2543 2521 2527 2544 2521 2545 2521 2543 2545 2546 2521 2544 2547 2549 2548 2550 2551 2549 2549 2551 2548 2552 2553 2549 2549 2553 2550 2549 2554 2552 2555 2549 2556 2555 2554 2549 2557 2549 2558 2557 2556 2549 2559 2549 2560 2559 2558 2549 2561 2549 2562 2561 2560 2549 2549 2547 2563 2564 2566 2565 2565 2568 2567 2564 2565 2567 2565 2570 2569 2568 2565 2569 2565 2572 2571 2570 2565 2571 2565 2574 2573 2572 2565 2573 2565 2576 2575 2574 2565 2575 2565 2578 2577 2576 2565 2577 2579 2580 2565 2578 2565 2580 2581 2583 2582 2584 2586 2585 2587 2589 2588 2590 2581 2582 2591 2593 2592 2594 2593 2591 2584 2585 2592 2586 2596 2595 2596 2586 2584 2597 2595 2596 2594 2591 2598 2585 2591 2592 2599 2582 2583 2590 2601 2600 2602 2604 2603 2602 2599 2604 2605 2599 2583 2599 2605 2604 2581 2590 2600 2601 2588 2589 2601 2589 2600 2606 2607 2587 2606 2587 2588 2607 2594 2598 2606 2594 2607 2607 2598 2608 2609 2610 2598 2608 2598 2610 2611 2609 2612 2609 2611 2610 2612 2614 2613 2613 2611 2612 2614 2615 2613 2616 2618 2617 2617 2618 2619 2620 2618 2621 2618 2622 2621 2623 2624 2618 2623 2618 2620 2622 2618 2616 2618 2624 2625 2626 2619 2618 2627 2626 2628 2627 2619 2626 2629 2626 2630 2629 2628 2626 2626 2632 2631 2631 2630 2626 2632 2634 2633 2631 2632 2633 2634 2632 2635 2635 2637 2636 2637 2635 2632 2637 2639 2638 2638 2636 2637 2639 2641 2640 2638 2639 2640 2642 2641 2643 2639 2643 2641 2643 2644 2642 2645 2647 2646 2646 2647 2648 2649 2647 2645 2647 2650 2648 2651 2647 2649 2652 2650 2647 2653 2647 2651 2652 2647 2654 2653 2651 2655 2656 2653 2655 2656 2657 2653 2647 2658 2654 2659 2660 2653 2659 2653 2657 2661 2662 2660 2653 2660 2662 2663 2664 2662 2663 2662 2661 2665 2666 2664 2662 2664 2666 2667 2666 2665 2666 2667 2668 2668 2670 2669 2667 2670 2668 2669 2672 2671 2671 2668 2669 2672 2673 2671 2674 2676 2675 2676 2678 2677 2674 2678 2676 2679 2676 2680 2676 2677 2680 2681 2682 2676 2681 2676 2679 2676 2684 2683 2682 2684 2676 2683 2685 2676 2686 2687 2676 2686 2676 2685 2676 2689 2688 2687 2689 2676 2676 2688 2690 2691 2693 2692 2693 2691 2694 2691 2692 2695 2691 2697 2696 2694 2691 2696 2691 2699 2698 2697 2691 2698 2691 2701 2700 2699 2691 2700 2691 2703 2702 2701 2691 2702 2691 2705 2704 2703 2691 2704 2691 2707 2706 2705 2691 2706 2708 2710 2709 2711 2709 2712 2710 2712 2709 2713 2714 2711 2711 2712 2713 2714 2716 2715 2716 2714 2713 2717 2715 2718 2716 2718 2715 2719 2720 2717 2717 2718 2719 2720 2722 2721 2722 2720 2719 2723 2721 2724 2722 2724 2721 2725 2726 2723 2723 2724 2725 2727 2726 2725 2727 2728 2726 2710 2708 2729 2730 2731 2729 2729 2708 2730 2731 2733 2732 2733 2731 2730 2734 2732 2735 2733 2735 2732 2736 2737 2734 2734 2735 2736 2737 2739 2738 2739 2737 2736 2740 2738 2741 2739 2741 2738 2742 2743 2740 2740 2741 2742 2743 2745 2744 2745 2743 2742 2745 2746 2744 2744 2746 2747 2748 2750 2749 2750 2752 2751 2752 2750 2748 2753 2751 2754 2752 2754 2751 2755 2756 2753 2753 2754 2755 2756 2758 2757 2758 2756 2755 2759 2757 2760 2758 2760 2757 2761 2762 2759 2759 2760 2761 2762 2764 2763 2764 2762 2761 2765 2763 2766 2764 2766 2763 2767 2768 2765 2765 2766 2767 2748 2749 2769 2770 2771 2769 2769 2749 2770 2771 2773 2772 2773 2771 2770 2774 2772 2775 2773 2775 2772 2776 2777 2774 2774 2775 2776 2777 2779 2778 2779 2777 2776 2780 2778 2781 2779 2781 2778 2782 2783 2780 2780 2781 2782 2783 2785 2784 2785 2783 2782 2785 2786 2784 2784 2786 2787 2788 2790 2789 2790 2792 2791 2792 2790 2788 2793 2791 2794 2792 2794 2791 2795 2796 2793 2793 2794 2795 2796 2798 2797 2798 2796 2795 2799 2797 2800 2798 2800 2797 2801 2802 2799 2799 2800 2801 2802 2804 2803 2804 2802 2801 2805 2803 2806 2804 2806 2803 2807 2808 2805 2805 2806 2807 2788 2789 2809 2810 2811 2809 2809 2789 2810 2811 2813 2812 2813 2811 2810 2814 2812 2815 2813 2815 2812 2816 2817 2814 2814 2815 2816 2817 2819 2818 2819 2817 2816 2820 2818 2821 2819 2821 2818 2822 2823 2820 2820 2821 2822 2823 2825 2824 2825 2823 2822 2825 2826 2824 2824 2826 2827 2828 2830 2829 2831 2829 2832 2830 2832 2829 2833 2834 2831 2831 2832 2833 2834 2836 2835 2836 2834 2833 2837 2835 2838 2836 2838 2835 2839 2840 2837 2837 2838 2839 2840 2842 2841 2842 2840 2839 2843 2841 2844 2842 2844 2841 2845 2846 2843 2843 2844 2845 2847 2846 2845 2847 2848 2846 2830 2828 2849 2850 2851 2849 2849 2828 2850 2851 2853 2852 2853 2851 2850 2854 2852 2855 2853 2855 2852 2856 2857 2854 2854 2855 2856 2857 2859 2858 2859 2857 2856 2860 2858 2861 2859 2861 2858 2862 2863 2860 2860 2861 2862 2863 2865 2864 2865 2863 2862 2865 2866 2864 2864 2866 2867 2868 2870 2869 2871 2870 2872 2870 2868 2872 2873 2875 2874 2873 2877 2876 2876 2875 2873 2878 2877 2879 2877 2878 2876 2880 2881 2879 2878 2879 2881 2880 2883 2882 2882 2881 2880 2884 2883 2885 2883 2884 2882 2886 2887 2885 2884 2885 2887 2886 2889 2888 2888 2887 2886 2890 2889 2891 2889 2890 2888 2892 2893 2891 2890 2891 2893 2892 2895 2894 2894 2893 2892 2896 2895 2897 2895 2896 2894 2898 2899 2897 2896 2897 2899 2898 2901 2900 2900 2899 2898 2902 2901 2903 2901 2902 2900 2904 2905 2903 2902 2903 2905 2904 2907 2906 2906 2905 2904 2908 2907 2909 2907 2908 2906 2910 2911 2909 2908 2909 2911 2910 2913 2912 2912 2911 2910 2914 2874 2875 2915 2916 2914 2914 2875 2915 2916 2918 2917 2918 2916 2915 2919 2917 2920 2918 2920 2917 2921 2922 2919 2919 2920 2921 2922 2924 2923 2924 2922 2921 2925 2923 2926 2924 2926 2923 2927 2928 2925 2925 2926 2927 2928 2930 2929 2930 2928 2927 2931 2929 2932 2930 2932 2929 2933 2934 2931 2931 2932 2933 2935 2934 2933 2936 2935 2937 2935 2936 2934 2938 2939 2937 2936 2937 2939 2938 2941 2940 2940 2939 2938 2942 2941 2943 2941 2942 2940 2944 2945 2943 2942 2943 2945 2944 2947 2946 2946 2945 2944 2948 2947 2949 2947 2948 2946 2948 2949 2950 2951 2953 2952 2951 2955 2954 2951 2954 2953 2956 2958 2957 2959 2958 2960 2958 2956 2960 2961 2963 2962 2963 2961 2964 2961 2965 2964 2966 2968 2967 2969 2970 2966 2966 2967 2969 2970 2972 2971 2972 2970 2969 2973 2971 2974 2972 2974 2971 2975 2976 2973 2973 2974 2975 2976 2978 2977 2978 2976 2975 2979 2977 2980 2978 2980 2977 2981 2982 2979 2979 2980 2981 2982 2984 2983 2984 2982 2981 2985 2983 2986 2984 2986 2983 2987 2988 2985 2985 2986 2987 2988 2990 2989 2990 2988 2987 2991 2989 2992 2990 2992 2989 2993 2994 2991 2991 2992 2993 2994 2996 2995 2996 2994 2993 2997 2995 2998 2996 2998 2995 2999 3000 2997 2997 2998 2999 3000 3002 3001 3002 3000 2999 3003 3001 3004 3002 3004 3001 3005 3006 3003 3003 3004 3005 3006 3008 3007 3008 3006 3005 3009 3007 3010 3008 3010 3007 3011 3012 3009 3009 3010 3011 3012 3014 3013 3014 3012 3011 3015 3013 3016 3014 3016 3013 3017 3018 3015 3015 3016 3017 3018 3020 3019 3020 3018 3017 3021 3019 3022 3020 3022 3019 3023 3024 3021 3021 3022 3023 3024 3026 3025 3026 3024 3023 3027 3025 3028 3026 3028 3025 3029 3030 3027 3027 3028 3029 3030 3032 3031 3032 3030 3029 3033 3031 3034 3032 3034 3031 3035 3036 3033 3033 3034 3035 3036 3038 3037 3038 3036 3035 3039 3037 3040 3038 3040 3037 3041 3042 3039 3039 3040 3041 3042 3044 3043 3044 3042 3041 3045 3043 3046 3044 3046 3043 3047 3048 3045 3045 3046 3047 3048 3050 3049 3050 3048 3047 3051 3049 3052 3050 3052 3049 3053 3054 3051 3051 3052 3053 3054 3056 3055 3056 3054 3053 3057 3055 3058 3056 3058 3055 3059 3060 3057 3057 3058 3059 2967 2968 3061 3062 3061 3063 2968 3063 3061 3064 3065 3062 3062 3063 3064 3065 3067 3066 3067 3065 3064 3068 3066 3069 3067 3069 3066 3070 3071 3068 3068 3069 3070 3071 3073 3072 3073 3071 3070 3074 3072 3075 3073 3075 3072 3076 3077 3074 3074 3075 3076 3077 3079 3078 3079 3077 3076 3080 3078 3081 3079 3081 3078 3082 3083 3080 3080 3081 3082 3083 3085 3084 3085 3083 3082 3086 3084 3087 3085 3087 3084 3088 3089 3086 3086 3087 3088 3089 3091 3090 3091 3089 3088 3092 3090 3093 3091 3093 3090 3094 3095 3092 3092 3093 3094 3095 3097 3096 3097 3095 3094 3098 3096 3099 3097 3099 3096 3100 3101 3098 3098 3099 3100 3101 3103 3102 3103 3101 3100 3104 3102 3105 3103 3105 3102 3106 3107 3104 3104 3105 3106 3107 3109 3108 3109 3107 3106 3110 3108 3111 3109 3111 3108 3112 3113 3110 3110 3111 3112 3113 3115 3114 3115 3113 3112 3116 3114 3117 3115 3117 3114 3118 3119 3116 3116 3117 3118 3119 3121 3120 3121 3119 3118 3122 3120 3123 3121 3123 3120 3124 3125 3122 3122 3123 3124 3125 3127 3126 3127 3125 3124 3128 3126 3129 3127 3129 3126 3130 3131 3128 3128 3129 3130 3131 3133 3132 3133 3131 3130 3134 3132 3135 3133 3135 3132 3136 3137 3134 3134 3135 3136 3137 3139 3138 3139 3137 3136 3140 3138 3141 3139 3141 3138 3142 3143 3140 3140 3141 3142 3143 3145 3144 3145 3143 3142 3146 3144 3147 3145 3147 3144 3148 3149 3146 3146 3147 3148 3149 3151 3150 3151 3149 3148 3151 3152 3150 3150 3152 3153 3154 3156 3155 3157 3156 3158 3156 3154 3158 3159 3161 3160 3159 3163 3162 3159 3162 3161 3164 3166 3165 3167 3166 3164 3165 3168 3164 3169 3171 3170 3171 3169 3172 3169 3173 3172 3174 3176 3175 3177 3176 3174 3175 3178 3174 3179 3181 3180 3182 3184 3183 3185 3187 3186 3188 3190 3189 3191 3193 3192 3194 3195 3189 3196 3198 3197 3199 3182 3197 3200 3202 3201 3203 3198 3196 3204 3205 3200 3202 3200 3205 3204 3206 3205 3205 3206 3207 3208 3209 3204 3208 3204 3200 3210 3212 3211 3201 3202 3203 3206 3213 3207 3214 3186 3215 3201 3203 3196 3192 3193 3188 3199 3197 3198 3199 3184 3182 3184 3195 3183 3194 3189 3190 3183 3195 3194 3188 3193 3190 3185 3191 3216 3216 3191 3192 3186 3187 3215 3185 3216 3187 3214 3218 3217 3218 3214 3215 3219 3211 3218 3217 3218 3211 3220 3211 3221 3211 3219 3221 3222 3211 3223 3211 3220 3223 3224 3211 3225 3211 3222 3225 3226 3211 3227 3211 3224 3227 3228 3211 3229 3211 3226 3229 3230 3211 3231 3211 3228 3231 3232 3211 3233 3211 3230 3233 3211 3232 3210 3211 3235 3234 3212 3235 3211 3211 3237 3236 3234 3237 3211 3238 3240 3239 3236 3241 3211 3242 3179 3243 3244 3246 3245 3247 3249 3248 3248 3180 3181 3250 3252 3251 3251 3247 3250 3250 3253 3252 3251 3252 3254 3255 3256 3253 3255 3253 3250 3257 3259 3258 3251 3249 3247 3252 3260 3254 3243 3179 3180 3181 3247 3248 3242 3246 3244 3242 3243 3246 3261 3245 3262 3261 3244 3245 3240 3238 3262 3261 3262 3238 3263 3241 3239 3240 3263 3239 3263 3264 3257 3263 3211 3241 3265 3266 3257 3265 3257 3264 3267 3268 3257 3267 3257 3266 3269 3270 3257 3269 3257 3268 3271 3272 3257 3271 3257 3270 3273 3274 3257 3273 3257 3272 3275 3276 3257 3275 3257 3274 3259 3257 3276 3277 3257 3278 3257 3258 3278 3279 3257 3280 3257 3277 3280 3281 3257 3282 3257 3279 3282 3283 3285 3284 3286 3288 3287 3289 3291 3290 3292 3294 3293 3295 3297 3296 3298 3295 3290 3299 3301 3300 3302 3299 3296 3303 3300 3301 3299 3302 3301 3304 3306 3305 3303 3308 3307 3306 3307 3305 3305 3307 3308 3308 3310 3309 3309 3305 3308 3300 3303 3307 3311 3309 3310 3295 3298 3297 3296 3297 3302 3291 3289 3294 3290 3291 3298 3292 3293 3283 3294 3289 3293 3312 3284 3285 3284 3292 3283 3312 3286 3287 3286 3312 3285 3313 3288 3314 3313 3287 3288 3315 3316 3314 3313 3314 3316 3257 3281 3316 3316 3315 3257 3263 3257 3211 3317 3318 3257 3317 3319 3318 3318 3320 3257 3321 3320 3318 3320 3322 3257 3323 3322 3320 3322 3324 3257 3325 3324 3322 3326 3324 3327 3257 3324 3211 3328 3211 3326 3324 3326 3211 3329 3211 3330 3211 3328 3330 3331 3211 3332 3211 3329 3332 3211 3331 3333 3331 3334 3333 3335 3337 3336 3338 3340 3339 3341 3343 3342 3338 3344 3340 3342 3346 3345 3347 3348 3341 3339 3349 3338 3338 3349 3350 3351 3353 3352 3354 3355 3347 3350 3356 3338 3338 3356 3357 3358 3360 3359 3359 3361 3351 3357 3362 3338 3338 3362 3363 3364 3366 3365 3358 3364 3367 3363 3368 3338 3369 3371 3370 3372 3374 3373 3366 3375 3373 3371 3369 3376 3376 3377 3371 3378 3380 3379 3374 3378 3381 3382 3384 3383 3385 3387 3386 3388 3390 3389 3388 3392 3391 3393 3395 3394 3396 3398 3397 3399 3401 3400 3399 3389 3402 3403 3405 3404 3406 3408 3407 3409 3400 3410 3411 3413 3412 3413 3414 3407 3415 3417 3416 3412 3417 3418 3419 3421 3420 3422 3420 3423 3424 3426 3425 3419 3428 3427 3429 3431 3430 3424 3430 3432 3433 3435 3434 3436 3437 3434 3438 3440 3439 3435 3442 3441 3443 3445 3444 3446 3440 3447 3448 3450 3449 3448 3444 3451 3452 3454 3453 3449 3456 3455 3457 3459 3458 3457 3460 3453 3345 3462 3461 3459 3464 3463 3465 3467 3466 3466 3469 3468 3470 3472 3471 3470 3474 3473 3475 3477 3476 3478 3479 3477 3480 3482 3481 3483 3485 3484 3486 3488 3487 3489 3491 3490 3492 3494 3493 3495 3497 3496 3498 3500 3499 3501 3503 3502 3504 3506 3505 3507 3509 3508 3510 3512 3511 3513 3515 3514 3516 3335 3517 3518 3519 3335 3520 3522 3521 3523 3520 3524 3520 3526 3525 3527 3528 3520 3335 3530 3529 3529 3526 3335 3531 3335 3532 3533 3335 3534 3535 3510 3536 3532 3511 3512 3513 3535 3537 3504 3539 3538 3506 3540 3514 3539 3509 3538 3541 3499 3542 3543 3544 3498 3503 3493 3502 3545 3541 3501 3546 3547 3495 3494 3548 3546 3488 3486 3549 3496 3550 3549 3551 3552 3490 3491 3553 3487 3485 3481 3484 3551 3482 3554 3483 3556 3555 3557 3397 3558 3559 3560 3462 3561 3563 3562 3561 3564 3563 3565 3563 3564 3563 3567 3566 3565 3567 3563 3568 3563 3569 3563 3566 3569 3570 3571 3563 3570 3563 3568 3563 3573 3572 3571 3573 3563 3574 3563 3575 3563 3572 3575 3563 3574 3576 3563 3578 3577 3576 3578 3563 3579 3563 3580 3563 3577 3580 3581 3579 3520 3579 3581 3563 3582 3584 3583 3585 3582 3583 3586 3585 3583 3584 3582 3587 3588 3582 3589 3587 3582 3588 3589 3591 3590 3590 3588 3589 3592 3593 3591 3590 3591 3593 3593 3595 3594 3595 3593 3592 3596 3594 3597 3594 3595 3597 3598 3596 3599 3596 3598 3594 3599 3601 3600 3600 3598 3599 3601 3603 3602 3600 3601 3602 3604 3603 3605 3601 3605 3603 3604 3607 3606 3607 3604 3605 3608 3609 3606 3606 3607 3608 3610 3609 3611 3608 3611 3609 3610 3613 3612 3613 3610 3611 3614 3615 3612 3612 3613 3614 3616 3615 3617 3614 3617 3615 3618 3619 3616 3618 3616 3617 3581 3620 3619 3616 3619 3620 3621 3623 3622 3581 3624 3620 3625 3622 3626 3627 3622 3628 3622 3629 3626 3625 3628 3622 3630 3631 3622 3622 3631 3629 3632 3633 3622 3622 3633 3630 3622 3634 3632 3635 3622 3636 3635 3634 3622 3637 3622 3638 3637 3636 3622 3639 3622 3640 3639 3638 3622 3622 3641 3621 3623 3640 3622 3641 3620 3624 3620 3641 3622 3520 3624 3581 3642 3644 3643 3624 3520 3645 3644 3642 3646 3647 3649 3648 3646 3647 3650 3651 3653 3652 3648 3649 3652 3654 3656 3655 3651 3655 3653 3657 3659 3658 3654 3659 3656 3660 3662 3661 3662 3657 3658 3663 3665 3664 3665 3666 3661 3667 3669 3668 3667 3663 3664 3670 3672 3671 3672 3673 3669 3674 3676 3675 3676 3677 3671 3678 3679 3675 3680 3682 3681 3679 3683 3681 3684 3686 3685 3687 3688 3684 3689 3691 3690 3692 3686 3689 3693 3695 3694 3696 3697 3694 3698 3700 3699 3700 3695 3699 3701 3703 3702 3698 3701 3704 3705 3707 3706 3706 3708 3703 3709 3711 3710 3711 3712 3705 3713 3715 3714 3709 3710 3715 3716 3718 3717 3716 3713 3719 3696 3690 3691 3720 3717 3721 3722 3724 3723 3720 3725 3723 3726 3728 3727 3728 3724 3722 3729 3731 3730 3730 3732 3727 3733 3735 3734 3736 3738 3737 3739 3741 3740 3742 3744 3743 3745 3747 3746 3748 3750 3749 3751 3753 3752 3754 3756 3755 3757 3759 3758 3760 3757 3761 3762 3764 3763 3765 3759 3764 3766 3768 3767 3769 3771 3770 3772 3774 3773 3775 3774 3772 3776 3774 3775 3777 3772 3773 3776 3768 3766 3766 3774 3776 3771 3769 3767 3769 3766 3767 3763 3770 3762 3769 3770 3763 3778 3765 3764 3762 3778 3764 3757 3758 3779 3758 3759 3765 3761 3780 3760 3779 3761 3757 3781 3753 3782 3752 3760 3780 3754 3745 3756 3755 3783 3781 3784 3749 3785 3785 3746 3786 3741 3787 3740 3788 3787 3750 3743 3790 3789 3739 3744 3791 3737 3738 3734 3790 3735 3792 3793 3729 3794 3520 3397 3645 3795 3797 3796 3338 3798 3398 3338 3800 3799 3368 3800 3338 3801 3338 3802 3338 3799 3802 3803 3804 3338 3803 3338 3801 3338 3806 3805 3804 3806 3338 3398 3798 3645 3338 3805 3798 3807 3809 3808 3645 3397 3398 3809 3807 3810 3808 3811 3807 3810 3807 3812 3811 3808 3813 3814 3812 3815 3807 3815 3812 3370 3814 3815 3371 3814 3370 3816 3817 3377 3816 3377 3376 3382 3383 3817 3377 3817 3383 3382 3818 3384 3819 3820 3818 3818 3820 3384 3819 3821 3387 3821 3819 3818 3385 3386 3822 3387 3821 3386 3823 3824 3822 3385 3822 3824 3825 3823 3395 3823 3825 3824 3826 3393 3394 3393 3825 3395 3827 3828 3826 3826 3394 3827 3828 3830 3829 3827 3830 3828 3829 3398 3396 3396 3828 3829 3831 3405 3403 3832 3405 3833 3834 3405 3832 3835 3405 3836 3835 3833 3405 3837 3405 3838 3837 3836 3405 3404 3405 3839 3831 3838 3405 3405 3841 3840 3839 3405 3840 3842 3843 3405 3841 3405 3843 3844 3405 3845 3844 3842 3405 3846 3405 3847 3846 3845 3405 3847 3405 3396 3396 3397 3847 3848 3850 3849 3794 3736 3851 3852 3854 3853 3752 3780 3751 3753 3751 3782 3753 3781 3783 3783 3755 3756 3745 3754 3747 3746 3747 3786 3785 3786 3784 3749 3784 3748 3750 3748 3788 3787 3788 3740 3791 3741 3739 3742 3791 3744 3789 3742 3743 3792 3789 3790 3733 3792 3735 3738 3733 3734 3851 3736 3737 3793 3794 3851 3731 3729 3793 3732 3730 3731 3726 3727 3732 3724 3728 3726 3723 3725 3722 3720 3721 3725 3717 3718 3721 3716 3719 3718 3713 3714 3719 3715 3710 3714 3709 3712 3711 3712 3707 3705 3707 3708 3706 3708 3702 3703 3702 3704 3701 3704 3700 3698 3699 3695 3693 3693 3694 3697 3697 3696 3691 3689 3690 3692 3686 3692 3685 3684 3685 3687 3688 3687 3682 3680 3681 3683 3688 3682 3680 3683 3679 3678 3675 3679 3674 3676 3674 3677 3671 3677 3670 3672 3670 3673 3669 3673 3668 3669 3667 3664 3666 3665 3663 3661 3666 3660 3662 3660 3657 3659 3654 3658 3656 3653 3655 3651 3652 3649 3795 3643 3855 3650 3647 3648 3642 3647 3646 3855 3643 3644 3797 3795 3855 3796 3857 3856 3856 3795 3796 3858 3859 3857 3856 3857 3859 3859 3861 3860 3861 3859 3858 3862 3860 3863 3860 3861 3863 3864 3862 3865 3862 3864 3860 3866 3867 3864 3864 3865 3866 3853 3867 3868 3866 3868 3867 3852 3853 3868 3854 3850 3869 3869 3853 3854 3869 3850 3870 3624 3872 3871 3870 3850 3848 3850 3874 3873 3849 3850 3873 3850 3876 3875 3874 3850 3875 3850 3878 3877 3876 3850 3877 3624 3879 3850 3878 3850 3879 3880 3881 3624 3624 3881 3879 3882 3883 3624 3624 3883 3880 3884 3885 3624 3624 3885 3882 3886 3887 3624 3624 3887 3884 3888 3889 3624 3624 3889 3886 3890 3891 3624 3624 3891 3888 3892 3893 3624 3624 3893 3890 3894 3895 3624 3624 3895 3892 3624 3871 3896 3624 3896 3894 3624 3898 3897 3872 3624 3897 3624 3900 3899 3898 3624 3899 3624 3902 3901 3900 3624 3901 3624 3904 3903 3902 3624 3903 3624 3906 3905 3904 3624 3905 3645 3907 3624 3906 3624 3907 3908 3909 3645 3645 3909 3907 3910 3911 3645 3645 3911 3908 3912 3913 3645 3645 3913 3910 3914 3915 3645 3645 3915 3912 3916 3917 3645 3645 3917 3914 3918 3919 3645 3645 3919 3916 3920 3921 3645 3645 3921 3918 3922 3923 3645 3645 3923 3920 3645 3925 3924 3926 3927 3645 3645 3927 3922 3928 3929 3645 3645 3929 3926 3645 3924 3930 3645 3930 3928 3645 3932 3931 3925 3645 3931 3645 3934 3933 3932 3645 3933 3645 3936 3935 3934 3645 3935 3937 3936 3777 3645 3777 3936 3938 3939 3777 3777 3939 3937 3940 3941 3777 3777 3941 3938 3942 3943 3777 3777 3943 3940 3944 3945 3777 3777 3945 3942 3773 3946 3777 3777 3946 3944 3947 3948 3469 3462 3560 3461 3443 3447 3445 3462 3950 3949 3559 3462 3949 3462 3952 3951 3950 3462 3951 3462 3954 3953 3952 3462 3953 3462 3956 3955 3954 3462 3955 3957 3956 3397 3462 3397 3956 3958 3959 3397 3397 3959 3957 3960 3961 3397 3397 3961 3958 3962 3963 3397 3397 3963 3960 3964 3965 3397 3397 3965 3962 3966 3967 3397 3397 3967 3964 3968 3969 3397 3397 3969 3966 3451 3444 3445 3970 3971 3397 3397 3971 3968 3450 3448 3451 3972 3973 3397 3397 3973 3970 3456 3449 3450 3397 3557 3972 3397 3975 3974 3558 3397 3974 3454 3452 3455 3453 3460 3452 3397 3977 3976 3975 3397 3976 3458 3460 3457 3397 3979 3978 3977 3397 3978 3463 3458 3459 3397 3981 3980 3979 3397 3980 3948 3947 3464 3468 3469 3948 3397 3983 3982 3981 3397 3982 3466 3468 3465 3520 3984 3397 3983 3397 3984 3474 3467 3473 3470 3471 3474 3985 3986 3520 3520 3986 3984 3472 3479 3478 3987 3988 3520 3520 3988 3985 3477 3479 3476 3555 3475 3476 3989 3990 3520 3520 3990 3987 3991 3992 3520 3520 3992 3989 3993 3994 3520 3520 3994 3991 3995 3996 3520 3520 3996 3993 3997 3998 3520 3520 3998 3995 3999 4000 3520 3520 4000 3997 4001 4002 3520 3520 4002 3999 4003 4004 3520 3520 4004 4001 3520 3528 4005 3520 4005 4003 3527 3520 3521 3523 3522 3520 3520 3525 3524 3520 3335 3526 3516 3530 3335 3335 3336 3517 3337 3335 3533 3519 3534 3335 3335 3531 3518 3532 3512 3531 3510 3535 3512 3537 3535 3536 3515 3513 3537 3540 3513 3514 3504 3540 3506 3504 3505 3539 3507 3538 3509 3507 3508 4006 3543 4006 3544 3543 3507 4006 3498 3544 3500 3499 3500 3542 3499 3541 3545 3545 3501 3502 3493 3503 3492 3494 3492 3548 3546 3548 3547 3495 3547 3497 3496 3497 3550 3549 3550 3488 3553 3486 3487 3489 3553 3491 3552 3489 3490 3554 3552 3551 3480 3554 3482 3485 3480 3481 3556 3483 3484 3475 3555 3556 3471 3472 3478 3465 3473 3467 3464 3947 3463 3454 3455 3456 3446 3439 3440 3443 3446 3447 3439 3441 3438 3435 3433 3442 3441 3442 3438 3434 3437 3433 3436 3429 3437 3432 3430 3431 3431 3429 3436 3426 3424 3432 3427 3425 3426 3421 3419 3427 3428 3425 3427 3423 3420 3421 3415 3422 3423 3412 3416 3417 3416 3422 3415 3412 3418 3411 3413 3411 3414 3407 3414 3406 3408 3406 3409 3410 3400 3401 3408 3409 3410 3401 3399 3402 3402 3389 3390 3390 3388 3391 3391 3392 3380 3379 3381 3378 3392 3379 3380 3374 3372 3378 3373 3375 3372 3366 3364 3375 3367 3364 3365 3360 3358 3367 3361 3359 3360 3352 3359 3351 3352 3353 3354 3355 3348 3347 3352 3354 3347 3348 3343 3341 3343 3346 3342 3345 3461 3342 4007 4009 4008 4009 4007 4010 4007 4011 4010 4012 4014 4013 4015 4014 4016 4014 4012 4016 4017 4019 4018 4020 4021 4017 4017 4018 4020 4021 4023 4022 4023 4021 4020 4024 4022 4025 4023 4025 4022 4026 4027 4024 4024 4025 4026 4027 4029 4028 4029 4027 4026 4030 4028 4031 4029 4031 4028 4032 4033 4030 4030 4031 4032 4033 4035 4034 4035 4033 4032 4036 4034 4037 4035 4037 4034 4038 4039 4036 4036 4037 4038 4039 4041 4040 4041 4039 4038 4042 4040 4043 4041 4043 4040 4044 4045 4042 4042 4043 4044 4045 4047 4046 4047 4045 4044 4048 4046 4049 4047 4049 4046 4050 4051 4048 4048 4049 4050 4051 4053 4052 4053 4051 4050 4054 4052 4055 4053 4055 4052 4056 4057 4054 4054 4055 4056 4057 4059 4058 4059 4057 4056 4060 4058 4061 4059 4061 4058 4062 4063 4060 4060 4061 4062 4063 4065 4064 4065 4063 4062 4066 4064 4067 4065 4067 4064 4068 4069 4066 4066 4067 4068 4069 4071 4070 4071 4069 4068 4072 4070 4073 4071 4073 4070 4074 4075 4072 4072 4073 4074 4075 4077 4076 4077 4075 4074 4078 4076 4079 4077 4079 4076 4080 4081 4078 4078 4079 4080 4081 4083 4082 4083 4081 4080 4084 4082 4085 4083 4085 4082 4086 4087 4084 4084 4085 4086 4087 4089 4088 4089 4087 4086 4090 4088 4091 4089 4091 4088 4092 4093 4090 4090 4091 4092 4093 4095 4094 4095 4093 4092 4096 4094 4097 4095 4097 4094 4098 4099 4096 4096 4097 4098 4099 4101 4100 4101 4099 4098 4102 4100 4103 4101 4103 4100 4104 4105 4102 4102 4103 4104 4105 4107 4106 4107 4105 4104 4108 4106 4109 4107 4109 4106 4110 4111 4108 4108 4109 4110 4018 4019 4112 4113 4112 4114 4019 4114 4112 4115 4116 4113 4113 4114 4115 4116 4118 4117 4118 4116 4115 4119 4117 4120 4118 4120 4117 4121 4122 4119 4119 4120 4121 4122 4124 4123 4124 4122 4121 4125 4123 4126 4124 4126 4123 4127 4128 4125 4125 4126 4127 4128 4130 4129 4130 4128 4127 4131 4129 4132 4130 4132 4129 4133 4134 4131 4131 4132 4133 4134 4136 4135 4136 4134 4133 4137 4135 4138 4136 4138 4135 4139 4140 4137 4137 4138 4139 4140 4142 4141 4142 4140 4139 4143 4141 4144 4142 4144 4141 4145 4146 4143 4143 4144 4145 4146 4148 4147 4148 4146 4145 4149 4147 4150 4148 4150 4147 4151 4152 4149 4149 4150 4151 4152 4154 4153 4154 4152 4151 4155 4153 4156 4154 4156 4153 4157 4158 4155 4155 4156 4157 4158 4160 4159 4160 4158 4157 4161 4159 4162 4160 4162 4159 4163 4164 4161 4161 4162 4163 4164 4166 4165 4166 4164 4163 4167 4165 4168 4166 4168 4165 4169 4170 4167 4167 4168 4169 4170 4172 4171 4172 4170 4169 4173 4171 4174 4172 4174 4171 4175 4176 4173 4173 4174 4175 4176 4178 4177 4178 4176 4175 4179 4177 4180 4178 4180 4177 4181 4182 4179 4179 4180 4181 4182 4184 4183 4184 4182 4181 4185 4183 4186 4184 4186 4183 4187 4188 4185 4185 4186 4187 4188 4190 4189 4190 4188 4187 4191 4189 4192 4190 4192 4189 4193 4194 4191 4191 4192 4193 4194 4196 4195 4196 4194 4193 4197 4195 4198 4196 4198 4195 4199 4200 4197 4197 4198 4199 4200 4202 4201 4202 4200 4199 4202 4203 4201 4201 4203 4204 4205 4207 4206 4207 4205 4208 4205 4209 4208 4210 4212 4211 4213 4215 4214 4216 4218 4217 4219 4221 4220 4220 4212 4219 4222 4224 4223 4225 4211 4226 4227 4229 4228 4230 4232 4231 4233 4235 4234 4236 4238 4237 4239 4241 4240 4242 4238 4227 4243 4245 4244 4243 4244 4228 4246 4245 4247 4245 4246 4244 4246 4249 4248 4247 4249 4246 4248 4250 4246 4251 4253 4252 4254 4253 4255 4251 4257 4256 4255 4259 4258 4260 4256 4261 4258 4263 4262 4261 4264 4260 4265 4267 4266 4262 4265 4266 4268 4270 4269 4271 4267 4269 4272 4274 4273 4272 4275 4268 4276 4278 4277 4276 4273 4279 4280 4282 4281 4277 4278 4280 4283 4285 4284 4283 4286 4282 4287 4289 4288 4287 4290 4285 4291 4293 4292 4292 4294 4289 4291 4295 4293 4296 4298 4297 4295 4299 4296 4300 4302 4301 4302 4303 4297 4304 4306 4305 4307 4301 4308 4309 4310 4232 4311 4235 4312 4310 4309 4313 4314 4316 4315 4317 4319 4318 4320 4322 4321 4323 4325 4324 4326 4327 4323 4328 4330 4329 4331 4333 4332 4334 4336 4335 4337 4338 4334 4339 4341 4340 4342 4344 4343 4345 4347 4346 4348 4339 4349 4350 4352 4351 4353 4350 4351 4354 4356 4355 4357 4359 4358 4360 4362 4361 4363 4365 4364 4366 4368 4367 4369 4370 4368 4371 4373 4372 4374 4376 4375 4377 4379 4378 4371 4381 4380 4382 4384 4383 4382 4386 4385 4387 4389 4388 4390 4391 4387 4389 4392 4388 4389 4393 4392 4394 4393 4395 4394 4392 4393 4384 4391 4390 4390 4387 4388 4386 4382 4383 4383 4384 4390 4385 4377 4378 4385 4386 4377 4381 4379 4380 4380 4379 4377 4372 4373 4374 4371 4372 4381 4366 4396 4376 4374 4373 4376 4397 4399 4398 4400 4402 4401 4363 4404 4403 4405 4406 4397 4407 4409 4408 4410 4365 4409 4411 4413 4412 4357 4408 4359 4354 4355 4358 4414 4416 4415 4417 4419 4418 4420 4422 4421 4423 4425 4424 4426 4356 4354 4427 4429 4428 4430 4432 4431 4433 4435 4434 4436 4438 4437 4439 4441 4440 4439 4350 4353 4442 4444 4443 4445 4218 4446 4447 4449 4448 4450 4442 4451 4452 4454 4453 4449 4452 4448 4453 4454 4455 4452 4449 4454 4456 4449 4447 4447 4448 4451 4456 4457 4449 4450 4444 4442 4448 4450 4451 4330 4333 4458 4446 4443 4445 4445 4443 4444 4459 4346 4348 4218 4429 4446 4344 4460 4341 4336 4343 4335 4461 4463 4462 4337 4328 4464 4462 4465 4313 4324 4325 4332 4320 4319 4466 4318 4327 4467 4468 4215 4469 4469 4321 4468 4470 4316 4471 4315 4214 4472 4473 4475 4474 4474 4470 4476 4311 4475 4473 4477 4306 4478 4479 4234 4304 4480 4482 4481 4478 4484 4483 4485 4264 4486 4483 4484 4308 4231 4239 4240 4487 4488 4485 4489 4490 4241 4491 4482 4236 4246 4493 4492 4494 4496 4495 4497 4499 4498 4500 4225 4226 4490 4489 4501 4502 4504 4503 4505 4506 4501 4501 4489 4505 4500 4226 4506 4500 4506 4505 4210 4219 4212 4211 4225 4210 4507 4219 4508 4210 4508 4219 4509 4507 4510 4507 4508 4510 4461 4511 4463 4346 4347 4369 4511 4417 4418 4396 4375 4376 4367 4396 4366 4370 4367 4368 4347 4370 4369 4459 4345 4346 4349 4459 4348 4340 4349 4339 4460 4340 4341 4342 4460 4344 4336 4342 4343 4334 4335 4337 4464 4338 4337 4329 4464 4328 4458 4329 4330 4331 4458 4333 4325 4331 4332 4323 4324 4326 4327 4326 4467 4318 4467 4317 4319 4317 4466 4320 4466 4322 4321 4322 4468 4469 4215 4213 4214 4215 4472 4315 4472 4314 4316 4314 4471 4470 4471 4476 4474 4476 4473 4475 4311 4312 4312 4235 4233 4233 4234 4479 4479 4304 4305 4305 4306 4477 4477 4478 4483 4484 4307 4308 4307 4300 4301 4300 4303 4302 4303 4296 4297 4298 4296 4299 4299 4295 4291 4293 4294 4292 4294 4288 4289 4288 4290 4287 4290 4284 4285 4284 4286 4283 4286 4281 4282 4281 4277 4280 4276 4279 4278 4273 4274 4279 4273 4275 4272 4275 4270 4268 4270 4271 4269 4271 4266 4267 4262 4263 4265 4258 4259 4263 4258 4254 4255 4254 4252 4253 4252 4257 4251 4257 4261 4256 4261 4486 4264 4486 4487 4485 4512 4488 4513 4487 4513 4488 4514 4515 4490 4480 4516 4512 4512 4513 4480 4517 4515 4514 4480 4481 4516 4518 4224 4517 4481 4482 4491 4223 4519 4222 4237 4491 4236 4503 4222 4519 4238 4242 4237 4520 4504 4502 4520 4496 4494 4227 4238 4229 4521 4522 4246 4246 4523 4521 4243 4228 4229 4246 4250 4523 4493 4246 4522 4246 4525 4524 4492 4525 4246 4526 4527 4524 4246 4524 4527 4496 4528 4495 4529 4527 4530 4527 4526 4530 4529 4497 4498 4498 4527 4529 4531 4499 4497 4531 4495 4528 4531 4528 4499 4504 4520 4494 4502 4503 4519 4224 4518 4223 4518 4517 4514 4515 4241 4490 4489 4241 4239 4240 4230 4231 4230 4309 4232 4313 4465 4310 4462 4463 4465 4417 4511 4461 4532 4419 4417 4533 4532 4420 4532 4533 4419 4421 4422 4534 4533 4420 4421 4415 4416 4534 4534 4422 4415 4401 4416 4414 4413 4402 4400 4400 4401 4414 4412 4361 4411 4413 4411 4402 4362 4360 4399 4412 4360 4361 4397 4398 4405 4399 4360 4398 4406 4405 4403 4364 4404 4363 4404 4406 4403 4410 4364 4365 4407 4410 4409 4357 4407 4408 4359 4354 4358 4426 4352 4356 4353 4441 4439 4352 4426 4351 4441 4217 4440 4218 4216 4429 4440 4217 4218 4427 4428 4436 4429 4216 4428 4535 4537 4536 4432 4438 4436 4437 4427 4436 4431 4433 4430 4432 4430 4438 4435 4425 4434 4431 4435 4433 4423 4424 4538 4434 4425 4423 4535 4538 4537 4538 4424 4537 4536 4540 4539 4539 4535 4536 4541 4540 4542 4540 4541 4539 4541 4544 4543 4542 4544 4541 4545 4395 4543 4541 4543 4395 4546 4395 4547 4395 4545 4547 4548 4395 4549 4395 4546 4549 4550 4395 4551 4395 4548 4551 4552 4395 4553 4395 4550 4553 4394 4395 4554 4395 4552 4554 4555 4557 4556 4558 4560 4559 4561 4563 4562 4564 4566 4565 4566 4564 4567 4568 4570 4569 4566 4571 4565 4572 4574 4573 4572 4573 4575 4576 4557 4555 4577 4579 4578 4580 4556 4581 4582 4584 4583 4585 4583 4586 4583 4588 4587 4589 4591 4590 4592 4594 4593 4595 4597 4596 4598 4596 4589 4599 4594 4597 4596 4597 4594 4589 4596 4592 4596 4594 4592 4600 4589 4601 4589 4592 4601 4591 4589 4600 4591 4603 4602 4600 4603 4591 4602 4605 4604 4591 4602 4604 4606 4607 4605 4606 4605 4602 4607 4583 4605 4608 4610 4609 4611 4613 4612 4610 4614 4609 4615 4617 4616 4609 4561 4618 4611 4619 4558 4620 4622 4621 4559 4560 4623 4624 4620 4625 4621 4625 4620 4626 4624 4625 4624 4627 4620 4628 4626 4629 4626 4625 4629 4630 4627 4624 4621 4622 4623 4616 4631 4615 4623 4622 4559 4632 4607 4633 4558 4619 4560 4619 4611 4612 4612 4613 4563 4561 4562 4618 4563 4613 4562 4618 4608 4609 4616 4610 4631 4610 4616 4614 4634 4617 4635 4635 4617 4615 4636 4637 4634 4634 4635 4636 4607 4636 4638 4636 4607 4637 4607 4640 4639 4638 4640 4607 4607 4642 4641 4639 4642 4607 4607 4644 4643 4641 4644 4607 4607 4646 4645 4643 4646 4607 4607 4648 4647 4645 4648 4607 4607 4650 4649 4647 4650 4607 4607 4652 4651 4649 4652 4607 4607 4654 4653 4651 4654 4607 4607 4656 4655 4653 4656 4607 4655 4633 4607 4607 4657 4583 4657 4607 4632 4658 4660 4659 4661 4663 4662 4664 4666 4665 4664 4668 4667 4669 4671 4670 4671 4673 4672 4674 4669 4675 4669 4670 4676 4677 4674 4675 4675 4669 4676 4670 4678 4676 4670 4671 4672 4678 4679 4676 4666 4673 4665 4666 4672 4673 4668 4659 4667 4668 4664 4665 4660 4658 4680 4667 4659 4660 4662 4663 4680 4680 4658 4662 4661 4682 4681 4663 4661 4681 4583 4657 4682 4682 4657 4681 4579 4577 4576 4683 4583 4684 4583 4682 4684 4685 4580 4581 4686 4583 4687 4583 4683 4687 4688 4689 4685 4690 4583 4691 4583 4686 4691 4689 4688 4692 4693 4583 4694 4583 4690 4694 4692 4583 4689 4695 4583 4696 4583 4693 4696 4583 4698 4697 4583 4695 4586 4699 4698 4583 4583 4585 4582 4700 4583 4701 4583 4584 4701 4699 4583 4587 4583 4700 4588 4583 4697 4689 4688 4685 4581 4556 4557 4581 4579 4576 4555 4702 4577 4578 4702 4704 4703 4704 4702 4578 4573 4703 4575 4704 4575 4703 4568 4706 4705 4707 4706 4574 4574 4572 4707 4705 4706 4707 4708 4569 4570 4570 4568 4705 4567 4564 4708 4708 4564 4569 4709 4567 4710 4567 4708 4710 4711 4713 4712 4714 4716 4715 4717 4719 4718 4720 4722 4721 4723 4724 4714 4713 4726 4725 4726 4728 4727 4729 4731 4730 4729 4711 4731 4732 4729 4733 4730 4733 4729 4711 4712 4731 4732 4733 4734 4735 4732 4734 4725 4726 4736 4725 4712 4713 4728 4720 4737 4737 4738 4728 4728 4738 4727 4720 4721 4737 4720 4739 4722 4718 4719 4716 4717 4736 4726 4727 4717 4726 4717 4718 4736 4740 4714 4715 4715 4716 4719 4723 4740 4741 4740 4723 4714 4742 4743 4741 4723 4741 4743 4744 4746 4745 4747 4749 4748 4747 4748 4750 4751 4748 4749 4752 4754 4753 4755 4753 4754 4756 4758 4757 4757 4758 4759 4760 4762 4761 4762 4756 4761 4760 4764 4763 4763 4762 4760 4756 4762 4758 4765 4763 4764 4744 4745 4766 4765 4767 4763 4758 4744 4766 4768 4770 4769 4771 4746 4768 4772 4770 4773 4773 4770 4768 4773 4774 4772 4769 4771 4768 4771 4745 4746 4759 4758 4766 4775 4757 4759 4752 4775 4754 4775 4752 4757 4750 4753 4755 4776 4747 4755 4750 4755 4747 4777 4779 4778 4780 4782 4781 4783 4785 4784 4786 4788 4787 4780 4789 4782 4790 4792 4791 4780 4793 4789 4794 4796 4795 4783 4797 4785 4798 4800 4799 4799 4801 4798 4802 4804 4803 4805 4806 4802 4800 4808 4807 4809 4810 4802 4802 4812 4811 4813 4802 4814 4802 4816 4815 4802 4818 4817 4819 4821 4820 4822 4823 4820 4802 4819 4820 4824 4825 4823 4802 4820 4823 4826 4827 4825 4802 4823 4825 4802 4825 4827 4828 4829 4827 4830 4828 4827 4831 4833 4832 4829 4835 4834 4832 4829 4836 4829 4832 4833 4835 4829 4837 4829 4834 4836 4829 4802 4827 4828 4837 4829 4838 4840 4839 4841 4843 4842 4839 4844 4838 4845 4847 4846 4848 4777 4840 4786 4841 4849 4850 4852 4851 4842 4843 4853 4854 4851 4855 4851 4854 4850 4856 4854 4855 4856 4857 4854 4858 4855 4859 4855 4851 4859 4860 4857 4856 4850 4853 4852 4846 4861 4845 4852 4853 4843 4862 4863 4829 4849 4841 4842 4849 4788 4786 4788 4778 4787 4779 4777 4848 4787 4778 4779 4840 4838 4848 4844 4861 4846 4861 4844 4839 4864 4847 4865 4865 4847 4845 4866 4867 4864 4864 4865 4866 4829 4866 4868 4866 4829 4867 4829 4870 4869 4868 4870 4829 4829 4872 4871 4869 4872 4829 4829 4874 4873 4871 4874 4829 4829 4876 4875 4873 4876 4829 4829 4878 4877 4875 4878 4829 4829 4880 4879 4877 4880 4829 4829 4882 4881 4879 4882 4829 4829 4884 4883 4881 4884 4829 4829 4886 4885 4883 4886 4829 4885 4862 4829 4887 4888 4829 4887 4829 4863 4889 4891 4890 4892 4894 4893 4895 4897 4896 4895 4899 4898 4900 4902 4901 4901 4903 4897 4904 4902 4905 4905 4902 4900 4906 4904 4905 4907 4905 4900 4900 4908 4907 4907 4908 4909 4901 4902 4910 4903 4896 4897 4910 4903 4901 4899 4890 4898 4899 4895 4896 4891 4889 4911 4898 4890 4891 4912 4893 4911 4911 4889 4912 4888 4894 4892 4892 4893 4912 4829 4888 4802 4888 4887 4894 4796 4801 4795 4802 4888 4805 4808 4913 4807 4802 4806 4804 4913 4915 4914 4802 4803 4809 4916 4914 4915 4802 4810 4812 4914 4916 4802 4802 4811 4816 4802 4918 4917 4802 4815 4814 4919 4802 4920 4802 4813 4920 4802 4921 4918 4922 4802 4923 4802 4919 4923 4921 4802 4817 4802 4922 4818 4802 4917 4914 4915 4913 4808 4807 4799 4800 4801 4796 4798 4924 4794 4795 4925 4924 4797 4924 4925 4794 4926 4927 4792 4925 4797 4783 4784 4785 4928 4928 4927 4929 4929 4784 4928 4927 4926 4929 4791 4782 4790 4792 4790 4926 4780 4781 4930 4791 4781 4782 4931 4930 4932 4930 4781 4932 4933 4935 4934 4936 4938 4937 4939 4941 4940 4942 4943 4934 4944 4945 4933 4942 4946 4943 4947 4949 4948 4950 4952 4951 4953 4955 4954 4956 4958 4957 4959 4961 4960 4947 4963 4962 4964 4966 4965 4950 4968 4967 4954 4970 4969 4953 4954 4969 4971 4972 4954 4954 4972 4970 4973 4954 4974 4954 4975 4974 4954 4973 4976 4954 4976 4971 4977 4978 4936 4979 4977 4980 4981 4983 4982 4984 4985 4980 4986 4987 4983 4988 4990 4989 4991 4990 4992 4993 4995 4994 4993 4997 4996 4998 5000 4999 5001 5002 4995 5003 5005 5004 5000 5007 5006 5008 5010 5009 5003 5011 5010 5012 5014 5013 5015 5014 5016 5017 5019 5018 5020 5021 5012 5022 5024 5023 5022 5025 5019 5026 5028 5027 5027 5030 5029 5031 5033 5032 5034 5028 5035 5036 5038 5037 5039 5031 5037 5040 5042 5041 5043 5045 5044 4956 5046 4958 5047 4961 5048 5049 5051 5050 5052 5054 5053 5055 5057 5056 5058 5046 5059 5060 5062 5061 5063 5065 5064 5066 5068 5067 5069 5060 5061 5070 5072 5071 5073 5075 5074 5076 5078 5077 5072 5079 5071 5080 5082 5081 5083 5084 5080 5085 5087 5086 5081 5089 5088 5090 5092 5091 5093 5085 5086 5094 5096 5095 5092 5098 5097 5088 5100 5099 5101 5103 5102 5104 5106 5105 5107 5108 5099 5109 5111 5110 5112 5114 5113 5115 5117 5116 5118 5120 5119 5121 5123 5122 5124 5122 5125 5126 5122 5127 5128 5130 5129 5131 5128 5132 5129 5133 5127 5126 5134 5122 5135 5136 5131 5137 5138 5122 5139 5117 5122 5122 5141 5140 5142 5119 5143 5142 5115 5116 5109 5145 5144 5118 5146 5145 5147 5114 5148 5113 5111 5112 5149 5105 5108 5147 5150 5106 5151 5153 5152 5154 5156 5155 5157 5159 5158 5160 5161 5157 5162 5097 5098 5163 5164 5094 5165 5167 5166 5097 5091 5092 5090 5169 5168 5170 5172 5171 5173 5175 5174 5176 5175 5173 5176 5173 5177 5178 5180 5179 5169 5182 5181 5183 5185 5184 5186 5188 5187 5189 5191 5190 5192 5194 5193 5195 5197 5196 5198 5087 5199 5181 5182 5093 5200 5179 5180 5178 4941 5201 5202 5204 5203 5205 5200 5206 5207 5209 5208 5204 5207 5203 5208 5209 5210 5207 5204 5209 5211 5204 5202 5202 5203 5206 5211 5212 5204 5206 5203 5205 5068 5213 5074 5179 5200 5205 5201 4941 5183 5180 5178 5201 5089 5081 5214 5215 5083 5078 5216 5077 5079 5174 5218 5217 5219 5070 5075 5059 5217 5218 5069 5220 5067 5221 5055 5065 5222 5064 5062 5223 5049 5050 5224 5223 5056 5052 5226 5225 5054 5227 5051 5228 5230 5229 5231 5229 5225 5232 5234 5233 5230 5047 5048 5041 5236 5235 4960 5238 5237 5239 5240 4949 5241 5243 5242 5244 5245 5045 5246 5247 5241 5248 5239 5249 4965 4966 5250 5249 5251 5248 5252 5251 4964 4963 4947 4948 5042 5040 5238 4954 4955 5253 4951 4952 5254 5255 5257 5256 5258 4945 4944 5251 5252 5259 4967 4968 4962 5260 5261 5259 5259 5252 5260 5258 4944 5261 5258 5261 5260 4935 4942 4934 4933 4945 4935 5262 4942 5263 4935 5263 4942 5264 5262 5265 5262 5263 5265 4957 5250 5266 4954 5267 4975 5232 4954 5268 5253 5268 4954 4952 5269 5254 5232 5268 5234 5270 5256 5232 5232 5233 5270 5271 5257 5255 5255 5256 5270 5271 5254 5269 5271 5269 5257 4968 4950 4951 4967 4962 4963 4949 5240 4948 5240 5239 5248 5249 4964 5251 5252 4964 4965 4966 5266 5250 5266 4956 4957 5046 5058 4958 5059 5218 5058 5173 5174 5217 5177 5171 5172 5172 5176 5177 5272 5170 5171 5273 5272 5154 5272 5273 5170 5155 5156 5274 5273 5154 5155 5166 5167 5274 5274 5156 5166 5103 5167 5165 5151 5101 5102 5102 5103 5165 5151 5161 5153 5151 5152 5101 5160 5157 5158 5153 5161 5160 5158 5159 5096 5094 5095 5163 5096 5159 5095 5164 5163 5162 5091 5169 5090 5098 5164 5162 5182 5085 5093 5169 5181 5168 5199 4940 5198 5086 5087 5198 4939 5185 4941 5199 4939 4940 5183 5184 5275 4941 5185 5183 5192 5193 5275 5275 5184 5192 5195 5194 5192 5197 5188 5196 5195 5196 5194 5187 5191 5186 5197 5187 5188 5189 5190 5276 5186 5191 5189 5135 5276 5136 5276 5190 5136 5132 5135 5131 5129 5132 5128 5129 5130 5133 5129 5127 5122 5121 5122 5134 5122 5123 5137 5138 5141 5122 5125 5122 5140 5122 5124 5139 5117 5139 5116 5115 5142 5143 5143 5119 5120 5118 5119 5146 5145 5146 5144 5109 5144 5111 5113 5110 5111 5114 5112 5148 5147 5148 5150 5106 5150 5105 5149 5104 5105 5107 5149 5108 5100 5107 5099 5089 5100 5088 5082 5214 5081 5084 5082 5080 5215 5084 5083 5076 5215 5078 5216 5076 5077 5072 5216 5079 5070 5071 5075 5073 5219 5075 5213 5073 5074 5066 5213 5068 5220 5066 5067 5061 5220 5069 5062 5060 5222 5064 5222 5063 5065 5063 5221 5055 5221 5057 5056 5057 5224 5223 5224 5049 5050 5051 5227 5054 5051 5053 5052 5053 5226 5225 5226 5231 5229 5231 5228 5230 5228 5047 5048 4961 4959 4959 4960 5237 5237 5238 5040 5042 5236 5041 5236 5242 5235 5243 5241 5247 5235 5242 5243 5247 5246 5244 5045 5245 5044 5244 5246 5245 5043 5044 5038 5039 5037 5038 5036 5043 5038 5033 5031 5039 5034 5032 5033 5028 5026 5035 5034 5035 5032 5027 5029 5026 5030 5024 5029 5023 5025 5022 5030 5023 5024 5025 5018 5019 5018 5021 5017 5020 5012 5013 5017 5021 5020 5014 5012 5016 5015 5016 5008 5011 5009 5010 5009 5015 5008 5004 5011 5003 5006 5004 5005 5000 4998 5007 5000 5006 5005 4999 5001 4998 5002 4994 4995 4999 5002 5001 4994 4997 4993 4996 4997 4989 4990 4988 4992 4989 4997 4988 4991 4992 4987 4981 4986 4983 4986 4991 4987 4937 4982 4983 4936 4978 4938 4937 4938 4982 4977 5277 4978 4979 4980 4985 5277 4977 4979 4985 4984 5267 4975 5267 4984 5278 5280 5279 5281 5283 5282 5284 5286 5285 5281 5288 5287 5287 5283 5281 5289 5291 5290 5292 5294 5293 5295 5297 5296 5298 5300 5299 5301 5293 5294 5302 5304 5303 5304 5302 5305 5306 5307 5303 5290 5309 5308 5290 5311 5310 5312 5314 5313 5315 5316 5312 5284 5313 5317 5317 5313 5318 5285 5313 5284 5284 5317 5319 5320 5312 5285 5313 5285 5312 5321 5315 5312 5312 5320 5321 5322 5323 5315 5322 5315 5321 5324 5325 5323 5323 5325 5315 5326 5324 5327 5324 5323 5327 5328 5330 5329 5290 5324 5326 5331 5333 5332 5334 5336 5335 5337 5339 5338 5329 5280 5340 5341 5329 5330 5339 5342 5336 5343 5345 5344 5334 5335 5346 5347 5343 5348 5344 5348 5343 5349 5347 5348 5347 5350 5343 5351 5349 5352 5349 5348 5352 5353 5350 5347 5344 5345 5346 5332 5354 5331 5346 5345 5334 5355 5326 5356 5336 5342 5335 5342 5339 5337 5337 5338 5279 5280 5278 5340 5279 5338 5278 5340 5328 5329 5332 5330 5354 5330 5332 5341 5357 5333 5358 5358 5333 5331 5359 5360 5357 5357 5358 5359 5326 5359 5361 5359 5326 5360 5326 5363 5362 5361 5363 5326 5326 5365 5364 5362 5365 5326 5326 5367 5366 5364 5367 5326 5326 5369 5368 5366 5369 5326 5326 5371 5370 5368 5371 5326 5326 5373 5372 5370 5373 5326 5326 5375 5374 5372 5375 5326 5326 5377 5376 5374 5377 5326 5326 5379 5378 5376 5379 5326 5378 5356 5326 5326 5380 5290 5380 5326 5355 5381 5383 5382 5384 5386 5385 5387 5389 5388 5387 5391 5390 5392 5394 5393 5394 5396 5395 5397 5392 5398 5392 5393 5399 5400 5397 5398 5398 5392 5399 5393 5401 5399 5393 5394 5395 5401 5402 5399 5389 5396 5388 5389 5395 5396 5391 5382 5390 5391 5387 5388 5383 5381 5403 5390 5382 5383 5385 5386 5403 5403 5381 5385 5384 5405 5404 5386 5384 5404 5290 5380 5405 5405 5380 5404 5299 5300 5305 5406 5290 5407 5290 5405 5407 5408 5307 5306 5409 5290 5410 5290 5406 5410 5411 5412 5408 5413 5290 5414 5290 5409 5414 5412 5411 5415 5416 5290 5417 5290 5413 5417 5415 5290 5412 5418 5290 5419 5290 5416 5419 5290 5421 5420 5290 5418 5289 5422 5421 5290 5290 5291 5311 5423 5290 5424 5290 5310 5424 5422 5290 5308 5290 5423 5309 5290 5420 5412 5411 5408 5306 5303 5304 5306 5299 5305 5302 5425 5300 5298 5425 5427 5426 5427 5425 5298 5293 5426 5292 5427 5292 5426 5296 5429 5428 5430 5429 5301 5301 5294 5430 5428 5429 5430 5431 5297 5295 5295 5296 5428 5282 5283 5431 5431 5283 5297 5432 5282 5433 5282 5431 5433 5434 5436 5435 5437 5439 5438 5440 5438 5441 5442 5444 5443 5445 5447 5446 5448 5450 5449 5444 5451 5450 5452 5454 5453 5448 5453 5454 5455 5456 5454 5454 5452 5455 5453 5448 5449 5457 5456 5455 5449 5450 5451 5457 5458 5456 5459 5443 5460 5451 5444 5461 5447 5460 5446 5443 5446 5460 5443 5459 5442 5435 5436 5441 5446 5462 5445 5434 5461 5444 5442 5434 5444 5434 5435 5461 5463 5438 5440 5440 5441 5436 5437 5463 5464 5463 5437 5438 5465 5466 5464 5437 5464 5466 5467 5469 5468 5470 5472 5471 5472 5470 5473 5474 5476 5475 5468 5469 5477 5471 5478 5470 5479 5481 5480 5482 5484 5483 5481 5479 5483 5485 5474 5484 5484 5482 5485 5476 5474 5485 5475 5486 5474 5481 5483 5484 5487 5489 5488 5490 5487 5488 5491 5492 5489 5481 5487 5490 5493 5495 5494 5494 5496 5491 5493 5497 5495 5493 5494 5491 5496 5492 5491 5492 5488 5489 5480 5481 5490 5498 5479 5480 5467 5498 5469 5498 5467 5479 5473 5468 5477 5499 5472 5477 5473 5477 5472 5500 5502 5501 5503 5505 5504 5500 5507 5506 5507 5500 5501 5508 5509 5506 5506 5507 5508 5510 5509 5511 5508 5511 5509 5510 5513 5512 5513 5510 5511 5514 5515 5512 5512 5513 5514 5516 5515 5517 5514 5517 5515 5516 5519 5518 5519 5516 5517 5520 5521 5518 5518 5519 5520 5522 5521 5523 5520 5523 5521 5522 5525 5524 5525 5522 5523 5526 5527 5524 5524 5525 5526 5528 5527 5529 5526 5529 5527 5528 5531 5530 5531 5528 5529 5532 5533 5530 5530 5531 5532 5534 5533 5535 5532 5535 5533 5534 5537 5536 5537 5534 5535 5538 5539 5536 5536 5537 5538 5540 5539 5541 5538 5541 5539 5540 5543 5542 5543 5540 5541 5544 5545 5542 5542 5543 5544 5546 5545 5547 5544 5547 5545 5546 5549 5548 5549 5546 5547 5550 5551 5548 5548 5549 5550 5552 5551 5553 5550 5553 5551 5552 5555 5554 5555 5552 5553 5556 5557 5554 5554 5555 5556 5558 5557 5559 5556 5559 5557 5558 5561 5560 5561 5558 5559 5562 5563 5560 5560 5561 5562 5564 5563 5565 5562 5565 5563 5564 5567 5566 5567 5564 5565 5568 5569 5566 5566 5567 5568 5570 5569 5571 5568 5571 5569 5570 5573 5572 5573 5570 5571 5574 5575 5572 5572 5573 5574 5576 5575 5577 5574 5577 5575 5576 5579 5578 5579 5576 5577 5580 5581 5578 5578 5579 5580 5582 5581 5583 5580 5583 5581 5584 5582 5583 5585 5501 5502 5586 5585 5587 5502 5587 5585 5586 5589 5588 5589 5586 5587 5590 5591 5588 5588 5589 5590 5592 5591 5593 5590 5593 5591 5592 5595 5594 5595 5592 5593 5596 5597 5594 5594 5595 5596 5598 5597 5599 5596 5599 5597 5598 5601 5600 5601 5598 5599 5602 5603 5600 5600 5601 5602 5604 5603 5605 5602 5605 5603 5604 5607 5606 5607 5604 5605 5608 5609 5606 5606 5607 5608 5610 5609 5611 5608 5611 5609 5610 5613 5612 5613 5610 5611 5614 5615 5612 5612 5613 5614 5616 5615 5617 5614 5617 5615 5616 5619 5618 5619 5616 5617 5620 5621 5618 5618 5619 5620 5622 5621 5623 5620 5623 5621 5622 5625 5624 5625 5622 5623 5626 5627 5624 5624 5625 5626 5628 5627 5629 5626 5629 5627 5628 5631 5630 5631 5628 5629 5632 5633 5630 5630 5631 5632 5634 5633 5635 5632 5635 5633 5634 5637 5636 5637 5634 5635 5638 5639 5636 5636 5637 5638 5640 5639 5641 5638 5641 5639 5640 5643 5642 5643 5640 5641 5644 5645 5642 5642 5643 5644 5646 5645 5647 5644 5647 5645 5646 5649 5648 5649 5646 5647 5650 5651 5648 5648 5649 5650 5652 5651 5653 5650 5653 5651 5652 5655 5654 5655 5652 5653 5656 5657 5654 5654 5655 5656 5658 5657 5659 5656 5659 5657 5658 5661 5660 5661 5658 5659 5662 5663 5660 5660 5661 5662 5664 5663 5665 5662 5665 5663 5666 5668 5667 5669 5671 5670 5672 5674 5673 5675 5677 5676 5678 5680 5679 5681 5683 5682 5684 5686 5685 5687 5689 5688 5690 5692 5691 5693 5695 5694 5696 5698 5697 5699 5701 5700 5702 5704 5703 5705 5707 5706 5708 5710 5709 5711 5713 5712 5714 5716 5715 5717 5719 5718 5720 5722 5721 5723 5725 5724 5726 5728 5727 5729 5731 5730 5732 5734 5733 5735 5737 5736 5738 5740 5739 5741 5743 5742 5744 5746 5745 5747 5749 5748 5750 5752 5751 5753 5755 5754 5756 5758 5757 5759 5761 5760 5762 5764 5763 5765 5767 5766 5768 5770 5769 5771 5773 5772 5774 5776 5775 5777 5779 5778 5780 5782 5781 5783 5779 5784 5777 5784 5779 5783 5786 5785 5786 5783 5784 5787 5788 5785 5785 5786 5787 5789 5788 5790 5787 5790 5788 5789 5792 5791 5792 5789 5790 5793 5794 5791 5791 5792 5793 5795 5794 5796 5793 5796 5794 5795 5798 5797 5798 5795 5796 5799 5800 5797 5797 5798 5799 5801 5800 5802 5799 5802 5800 5801 5804 5803 5804 5801 5802 5805 5806 5803 5803 5804 5805 5807 5806 5808 5805 5808 5806 5807 5810 5809 5810 5807 5808 5811 5812 5809 5809 5810 5811 5813 5812 5814 5811 5814 5812 5813 5816 5815 5816 5813 5814 5817 5818 5815 5815 5816 5817 5584 5818 5819 5817 5819 5818 5582 5584 5819 5781 5782 5778 5782 5777 5778 5780 5771 5772 5780 5781 5771 5773 5776 5774 5772 5773 5774 5766 5767 5775 5776 5766 5775 5768 5769 5765 5765 5769 5767 5759 5770 5761 5761 5770 5768 5764 5760 5763 5764 5759 5760 5762 5753 5754 5762 5763 5753 5755 5758 5756 5754 5755 5756 5748 5749 5757 5758 5748 5757 5750 5751 5747 5747 5751 5749 5741 5752 5743 5743 5752 5750 5746 5742 5745 5746 5741 5742 5744 5735 5736 5744 5745 5735 5737 5740 5738 5736 5737 5738 5730 5731 5739 5740 5730 5739 5732 5733 5729 5729 5733 5731 5723 5734 5725 5725 5734 5732 5728 5724 5727 5728 5723 5724 5726 5717 5718 5726 5727 5717 5719 5722 5720 5718 5719 5720 5712 5713 5721 5722 5712 5721 5714 5715 5711 5711 5715 5713 5705 5716 5707 5707 5716 5714 5710 5706 5709 5710 5705 5706 5708 5699 5700 5708 5709 5699 5701 5704 5702 5700 5701 5702 5694 5695 5703 5704 5694 5703 5696 5697 5693 5693 5697 5695 5687 5698 5689 5689 5698 5696 5692 5688 5691 5692 5687 5688 5690 5681 5682 5690 5691 5681 5683 5686 5684 5682 5683 5684 5676 5677 5685 5686 5676 5685 5678 5679 5675 5675 5679 5677 5669 5680 5671 5671 5680 5678 5674 5670 5673 5674 5669 5670 5672 5668 5666 5672 5673 5668 5667 5503 5504 5666 5667 5504 5664 5665 5505 5503 5664 5505 5820 5822 5821 5823 5825 5824 5826 5827 5820 5820 5821 5826 5827 5829 5828 5829 5827 5826 5830 5828 5831 5829 5831 5828 5830 5831 5832 5832 5834 5833 5833 5830 5832 5835 5834 5836 5834 5835 5833 5837 5838 5836 5835 5836 5838 5837 5840 5839 5839 5838 5837 5841 5840 5842 5840 5841 5839 5843 5844 5842 5841 5842 5844 5843 5846 5845 5845 5844 5843 5846 5847 5845 5821 5822 5848 5848 5850 5849 5850 5848 5822 5851 5849 5852 5850 5852 5849 5853 5854 5851 5851 5852 5853 5854 5856 5855 5856 5854 5853 5857 5855 5858 5856 5858 5855 5859 5860 5857 5857 5858 5859 5861 5862 5860 5861 5860 5859 5863 5862 5864 5862 5863 5860 5865 5866 5864 5863 5864 5866 5865 5823 5867 5867 5866 5865 5825 5868 5824 5823 5824 5867 5869 5871 5870 5825 5872 5868 5873 5875 5874 5876 5878 5877 5879 5881 5880 5882 5884 5883 5885 5887 5886 5888 5889 5880 5890 5892 5891 5892 5890 5887 5893 5891 5894 5892 5894 5891 5895 5896 5893 5893 5894 5895 5897 5896 5895 5886 5889 5885 5887 5890 5886 5881 5888 5880 5888 5885 5889 5882 5883 5873 5884 5881 5879 5883 5884 5879 5875 5877 5874 5873 5874 5882 5876 5871 5878 5875 5876 5877 5869 5870 5872 5878 5871 5869 5868 5872 5870 5898 5900 5899 5901 5903 5902 5898 5905 5904 5905 5898 5899 5906 5907 5904 5904 5905 5906 5908 5907 5909 5906 5909 5907 5908 5911 5910 5911 5908 5909 5912 5913 5910 5910 5911 5912 5914 5913 5915 5912 5915 5913 5914 5917 5916 5917 5914 5915 5918 5919 5916 5916 5917 5918 5920 5919 5921 5918 5921 5919 5920 5923 5922 5923 5920 5921 5924 5925 5922 5922 5923 5924 5926 5925 5927 5924 5927 5925 5926 5929 5928 5929 5926 5927 5930 5931 5928 5928 5929 5930 5932 5931 5933 5930 5933 5931 5932 5935 5934 5935 5932 5933 5936 5937 5934 5934 5935 5936 5938 5937 5939 5936 5939 5937 5938 5941 5940 5941 5938 5939 5942 5943 5940 5940 5941 5942 5944 5943 5945 5942 5945 5943 5944 5947 5946 5947 5944 5945 5948 5949 5946 5946 5947 5948 5950 5949 5951 5948 5951 5949 5950 5953 5952 5953 5950 5951 5954 5955 5952 5952 5953 5954 5956 5955 5957 5954 5957 5955 5956 5959 5958 5959 5956 5957 5960 5961 5958 5958 5959 5960 5962 5961 5963 5960 5963 5961 5962 5965 5964 5965 5962 5963 5966 5967 5964 5964 5965 5966 5968 5967 5969 5966 5969 5967 5968 5971 5970 5971 5968 5969 5972 5973 5970 5970 5971 5972 5974 5973 5975 5972 5975 5973 5974 5977 5976 5977 5974 5975 5978 5979 5976 5976 5977 5978 5980 5979 5981 5978 5981 5979 5982 5980 5981 5983 5899 5900 5984 5983 5985 5900 5985 5983 5984 5987 5986 5987 5984 5985 5988 5989 5986 5986 5987 5988 5990 5989 5991 5988 5991 5989 5990 5993 5992 5993 5990 5991 5994 5995 5992 5992 5993 5994 5996 5995 5997 5994 5997 5995 5996 5999 5998 5999 5996 5997 6000 6001 5998 5998 5999 6000 6002 6001 6003 6000 6003 6001 6002 6005 6004 6005 6002 6003 6006 6007 6004 6004 6005 6006 6008 6007 6009 6006 6009 6007 6008 6011 6010 6011 6008 6009 6012 6013 6010 6010 6011 6012 6014 6013 6015 6012 6015 6013 6014 6017 6016 6017 6014 6015 6018 6019 6016 6016 6017 6018 6020 6019 6021 6018 6021 6019 6020 6023 6022 6023 6020 6021 6024 6025 6022 6022 6023 6024 6026 6025 6027 6024 6027 6025 6026 6029 6028 6029 6026 6027 6030 6031 6028 6028 6029 6030 6032 6031 6033 6030 6033 6031 6032 6035 6034 6035 6032 6033 6036 6037 6034 6034 6035 6036 6038 6037 6039 6036 6039 6037 6038 6041 6040 6041 6038 6039 6042 6043 6040 6040 6041 6042 6044 6043 6045 6042 6045 6043 6044 6047 6046 6047 6044 6045 6048 6049 6046 6046 6047 6048 6050 6049 6051 6048 6051 6049 6050 6053 6052 6053 6050 6051 6054 6055 6052 6052 6053 6054 6056 6055 6057 6054 6057 6055 6056 6059 6058 6059 6056 6057 6060 6061 6058 6058 6059 6060 6062 6061 6063 6060 6063 6061 6064 6066 6065 6067 6069 6068 6070 6072 6071 6073 6075 6074 6076 6078 6077 6079 6081 6080 6082 6084 6083 6085 6087 6086 6088 6090 6089 6091 6093 6092 6094 6096 6095 6097 6099 6098 6100 6102 6101 6103 6105 6104 6106 6108 6107 6109 6111 6110 6112 6114 6113 6115 6117 6116 6118 6120 6119 6121 6123 6122 6124 6126 6125 6127 6129 6128 6130 6132 6131 6133 6135 6134 6136 6138 6137 6139 6141 6140 6142 6144 6143 6145 6147 6146 6148 6150 6149 6151 6153 6152 6154 6156 6155 6157 6159 6158 6160 6162 6161 6163 6165 6164 6166 6168 6167 6169 6171 6170 6172 6174 6173 6175 6177 6176 6178 6180 6179 6181 6177 6182 6175 6182 6177 6181 6184 6183 6184 6181 6182 6185 6186 6183 6183 6184 6185 6187 6186 6188 6185 6188 6186 6187 6190 6189 6190 6187 6188 6191 6192 6189 6189 6190 6191 6193 6192 6194 6191 6194 6192 6193 6196 6195 6196 6193 6194 6197 6198 6195 6195 6196 6197 6199 6198 6200 6197 6200 6198 6199 6202 6201 6202 6199 6200 6203 6204 6201 6201 6202 6203 6205 6204 6206 6203 6206 6204 6205 6208 6207 6208 6205 6206 6209 6210 6207 6207 6208 6209 6211 6210 6212 6209 6212 6210 6211 6214 6213 6214 6211 6212 6215 6216 6213 6213 6214 6215 5982 6216 6217 6215 6217 6216 5980 5982 6217 6179 6180 6176 6180 6175 6176 6178 6169 6170 6178 6179 6169 6171 6174 6172 6170 6171 6172 6164 6165 6173 6174 6164 6173 6166 6167 6163 6163 6167 6165 6157 6168 6159 6159 6168 6166 6162 6158 6161 6162 6157 6158 6160 6151 6152 6160 6161 6151 6153 6156 6154 6152 6153 6154 6146 6147 6155 6156 6146 6155 6148 6149 6145 6145 6149 6147 6139 6150 6141 6141 6150 6148 6144 6140 6143 6144 6139 6140 6142 6133 6134 6142 6143 6133 6135 6138 6136 6134 6135 6136 6128 6129 6137 6138 6128 6137 6130 6131 6127 6127 6131 6129 6121 6132 6123 6123 6132 6130 6126 6122 6125 6126 6121 6122 6124 6115 6116 6124 6125 6115 6117 6120 6118 6116 6117 6118 6110 6111 6119 6120 6110 6119 6112 6113 6109 6109 6113 6111 6103 6114 6105 6105 6114 6112 6108 6104 6107 6108 6103 6104 6106 6097 6098 6106 6107 6097 6099 6102 6100 6098 6099 6100 6092 6093 6101 6102 6092 6101 6094 6095 6091 6091 6095 6093 6085 6096 6087 6087 6096 6094 6090 6086 6089 6090 6085 6086 6088 6079 6080 6088 6089 6079 6081 6084 6082 6080 6081 6082 6074 6075 6083 6084 6074 6083 6076 6077 6073 6073 6077 6075 6067 6078 6069 6069 6078 6076 6072 6068 6071 6072 6067 6068 6070 6066 6064 6070 6071 6066 6065 5901 5902 6064 6065 5902 6062 6063 5903 5901 6062 5903 6218 6220 6219 6221 6222 6219 6218 6219 6222 6221 6224 6223 6223 6222 6221 6225 6224 6226 6224 6225 6223 6227 6228 6226 6225 6226 6228 6227 6230 6229 6229 6228 6227 6231 6230 6232 6230 6231 6229 6233 6234 6232 6231 6232 6234 6233 6236 6235 6235 6234 6233 6237 6236 6238 6236 6237 6235 6239 6240 6238 6237 6238 6240 6239 6242 6241 6241 6240 6239 6243 6242 6244 6242 6243 6241 6245 6246 6244 6243 6244 6246 6245 6248 6247 6247 6246 6245 6249 6248 6250 6248 6249 6247 6251 6252 6250 6249 6250 6252 6251 6254 6253 6253 6252 6251 6255 6254 6256 6254 6255 6253 6257 6258 6256 6255 6256 6258 6257 6260 6259 6259 6258 6257 6261 6260 6262 6260 6261 6259 6263 6264 6262 6261 6262 6264 6263 6266 6265 6265 6264 6263 6266 6267 6265 6268 6220 6218 6268 6270 6269 6269 6220 6268 6271 6270 6272 6270 6271 6269 6273 6274 6272 6271 6272 6274 6273 6276 6275 6275 6274 6273 6277 6276 6278 6276 6277 6275 6279 6280 6278 6277 6278 6280 6279 6282 6281 6281 6280 6279 6283 6282 6284 6282 6283 6281 6285 6286 6284 6283 6284 6286 6285 6288 6287 6287 6286 6285 6289 6288 6290 6288 6289 6287 6291 6292 6290 6289 6290 6292 6291 6294 6293 6293 6292 6291 6295 6294 6296 6294 6295 6293 6297 6298 6296 6295 6296 6298 6297 6300 6299 6299 6298 6297 6301 6300 6302 6300 6301 6299 6303 6304 6302 6301 6302 6304 6303 6306 6305 6305 6304 6303 6307 6306 6308 6306 6307 6305 6309 6310 6308 6307 6308 6310 6309 6312 6311 6311 6310 6309 6313 6312 6314 6312 6313 6311 6313 6314 6315 6316 6318 6317 6319 6320 6317 6316 6317 6320 6319 6322 6321 6321 6320 6319 6323 6322 6324 6322 6323 6321 6325 6326 6324 6323 6324 6326 6325 6328 6327 6327 6326 6325 6329 6328 6330 6328 6329 6327 6331 6332 6330 6329 6330 6332 6331 6334 6333 6333 6332 6331 6335 6334 6336 6334 6335 6333 6337 6338 6336 6335 6336 6338 6337 6340 6339 6339 6338 6337 6341 6340 6342 6340 6341 6339 6343 6344 6342 6341 6342 6344 6343 6346 6345 6345 6344 6343 6347 6346 6348 6346 6347 6345 6349 6350 6348 6347 6348 6350 6349 6352 6351 6351 6350 6349 6353 6352 6354 6352 6353 6351 6355 6356 6354 6353 6354 6356 6355 6358 6357 6357 6356 6355 6359 6358 6360 6358 6359 6357 6361 6362 6360 6359 6360 6362 6361 6364 6363 6363 6362 6361 6364 6365 6363 6366 6318 6316 6366 6368 6367 6367 6318 6366 6369 6368 6370 6368 6369 6367 6371 6372 6370 6369 6370 6372 6371 6374 6373 6373 6372 6371 6375 6374 6376 6374 6375 6373 6377 6378 6376 6375 6376 6378 6377 6380 6379 6379 6378 6377 6381 6380 6382 6380 6381 6379 6383 6384 6382 6381 6382 6384 6383 6386 6385 6385 6384 6383 6387 6386 6388 6386 6387 6385 6389 6390 6388 6387 6388 6390 6389 6392 6391 6391 6390 6389 6393 6392 6394 6392 6393 6391 6395 6396 6394 6393 6394 6396 6395 6398 6397 6397 6396 6395 6399 6398 6400 6398 6399 6397 6401 6402 6400 6399 6400 6402 6401 6404 6403 6403 6402 6401 6405 6404 6406 6404 6405 6403 6407 6408 6406 6405 6406 6408 6407 6410 6409 6409 6408 6407 6411 6410 6412 6410 6411 6409 6411 6412 6413 6414 6416 6415 6417 6418 6415 6414 6415 6418 6417 6420 6419 6419 6418 6417 6421 6420 6422 6420 6421 6419 6423 6424 6422 6421 6422 6424 6423 6426 6425 6425 6424 6423 6427 6426 6428 6426 6427 6425 6428 6430 6429 6427 6428 6429 6430 6432 6431 6432 6430 6428 6433 6431 6434 6432 6434 6431 6435 6436 6433 6433 6434 6435 6436 6438 6437 6438 6436 6435 6439 6437 6440 6438 6440 6437 6441 6442 6439 6439 6440 6441 6442 6444 6443 6444 6442 6441 6445 6443 6446 6444 6446 6443 6447 6448 6445 6445 6446 6447 6448 6450 6449 6450 6448 6447 6451 6449 6452 6450 6452 6449 6453 6454 6451 6451 6452 6453 6455 6456 6454 6455 6454 6453 6457 6456 6458 6456 6457 6454 6459 6460 6458 6457 6458 6460 6459 6462 6461 6461 6460 6459 6462 6463 6461 6464 6416 6414 6464 6466 6465 6465 6416 6464 6467 6466 6468 6466 6467 6465 6469 6470 6468 6467 6468 6470 6469 6472 6471 6471 6470 6469 6473 6472 6474 6472 6473 6471 6475 6476 6474 6473 6474 6476 6477 6476 6475 6477 6479 6478 6479 6477 6475 6480 6478 6481 6479 6481 6478 6482 6483 6480 6480 6481 6482 6483 6485 6484 6485 6483 6482 6486 6484 6487 6485 6487 6484 6488 6489 6486 6486 6487 6488 6489 6491 6490 6491 6489 6488 6492 6490 6493 6491 6493 6490 6494 6495 6492 6492 6493 6494 6495 6497 6496 6497 6495 6494 6498 6496 6499 6497 6499 6496 6500 6501 6498 6498 6499 6500 6501 6503 6502 6503 6501 6500 6504 6502 6505 6503 6505 6502 6506 6507 6504 6504 6505 6506 6507 6509 6508 6509 6507 6506 6509 6510 6508 6508 6510 6511 6512 6514 6513 6513 6516 6515 6512 6513 6515 6516 6518 6517 6518 6516 6513 6519 6517 6520 6518 6520 6517 6521 6522 6519 6519 6520 6521 6522 6524 6523 6524 6522 6521 6525 6523 6526 6524 6526 6523 6527 6528 6525 6525 6526 6527 6528 6530 6529 6530 6528 6527 6531 6529 6532 6530 6532 6529 6533 6534 6531 6531 6532 6533 6534 6536 6535 6536 6534 6533 6537 6535 6538 6536 6538 6535 6539 6540 6537 6537 6538 6539 6540 6542 6541 6542 6540 6539 6543 6541 6544 6542 6544 6541 6545 6546 6543 6543 6544 6545 6546 6548 6547 6548 6546 6545 6549 6547 6550 6548 6550 6547 6551 6552 6549 6549 6550 6551 6552 6554 6553 6554 6552 6551 6555 6553 6556 6554 6556 6553 6557 6558 6555 6555 6556 6557 6558 6560 6559 6560 6558 6557 6560 6561 6559 6562 6514 6512 6562 6564 6563 6563 6514 6562 6565 6564 6566 6564 6565 6563 6567 6568 6566 6565 6566 6568 6567 6570 6569 6569 6568 6567 6570 6571 6569 6572 6571 6573 6570 6573 6571 6574 6575 6572 6572 6573 6574 6575 6577 6576 6577 6575 6574 6578 6576 6579 6577 6579 6576 6580 6581 6578 6578 6579 6580 6581 6583 6582 6583 6581 6580 6584 6582 6585 6583 6585 6582 6586 6587 6584 6584 6585 6586 6587 6589 6588 6589 6587 6586 6590 6588 6591 6589 6591 6588 6592 6593 6590 6590 6591 6592 6593 6595 6594 6595 6593 6592 6596 6594 6597 6595 6597 6594 6598 6599 6596 6596 6597 6598 6599 6601 6600 6601 6599 6598 6602 6600 6603 6601 6603 6600 6604 6605 6602 6602 6603 6604 6605 6607 6606 6607 6605 6604 6607 6608 6606 6606 6608 6609 6610 6612 6611 6613 6614 6610 6610 6611 6613 6614 6616 6615 6616 6614 6613 6617 6615 6618 6616 6618 6615 6619 6620 6617 6617 6618 6619 6620 6622 6621 6622 6620 6619 6623 6621 6624 6622 6624 6621 6625 6626 6623 6623 6624 6625 6626 6628 6627 6628 6626 6625 6629 6627 6630 6628 6630 6627 6631 6632 6629 6629 6630 6631 6632 6634 6633 6634 6632 6631 6635 6633 6636 6634 6636 6633 6637 6638 6635 6635 6636 6637 6638 6640 6639 6640 6638 6637 6641 6639 6642 6640 6642 6639 6643 6644 6641 6641 6642 6643 6644 6646 6645 6646 6644 6643 6647 6645 6648 6646 6648 6645 6649 6650 6647 6647 6648 6649 6650 6652 6651 6652 6650 6649 6653 6651 6654 6652 6654 6651 6655 6656 6653 6653 6654 6655 6656 6658 6657 6658 6656 6655 6658 6659 6657 6612 6660 6611 6660 6662 6661 6662 6660 6612 6663 6661 6664 6662 6664 6661 6665 6666 6663 6663 6664 6665 6666 6668 6667 6668 6666 6665 6668 6669 6667 6670 6667 6671 6669 6671 6667 6672 6673 6670 6670 6671 6672 6673 6675 6674 6675 6673 6672 6676 6674 6677 6675 6677 6674 6678 6679 6676 6676 6677 6678 6679 6681 6680 6681 6679 6678 6682 6680 6683 6681 6683 6680 6684 6685 6682 6682 6683 6684 6685 6687 6686 6687 6685 6684 6688 6686 6689 6687 6689 6686 6690 6691 6688 6688 6689 6690 6691 6693 6692 6693 6691 6690 6694 6692 6695 6693 6695 6692 6696 6697 6694 6694 6695 6696 6697 6699 6698 6699 6697 6696 6700 6698 6701 6699 6701 6698 6702 6703 6700 6700 6701 6702 6703 6705 6704 6705 6703 6702 6705 6706 6704 6704 6706 6707 6708 6710 6709 6711 6712 6709 6708 6709 6712 6711 6714 6713 6713 6712 6711 6715 6714 6716 6714 6715 6713 6717 6718 6716 6715 6716 6718 6717 6720 6719 6719 6718 6717 6721 6720 6722 6720 6721 6719 6723 6724 6722 6721 6722 6724 6723 6726 6725 6725 6724 6723 6727 6726 6728 6726 6727 6725 6729 6730 6728 6727 6728 6730 6729 6732 6731 6731 6730 6729 6733 6732 6734 6732 6733 6731 6735 6736 6734 6733 6734 6736 6735 6738 6737 6737 6736 6735 6739 6738 6740 6738 6739 6737 6741 6742 6740 6739 6740 6742 6741 6744 6743 6743 6742 6741 6745 6744 6746 6744 6745 6743 6747 6748 6746 6745 6746 6748 6747 6750 6749 6749 6748 6747 6751 6750 6752 6750 6751 6749 6753 6754 6752 6751 6752 6754 6753 6756 6755 6755 6754 6753 6756 6757 6755 6758 6710 6708 6758 6760 6759 6759 6710 6758 6761 6760 6762 6760 6761 6759 6763 6764 6762 6761 6762 6764 6763 6766 6765 6765 6764 6763 6767 6766 6768 6766 6767 6765 6769 6770 6768 6767 6768 6770 6769 6772 6771 6771 6770 6769 6773 6772 6774 6772 6773 6771 6775 6776 6774 6773 6774 6776 6775 6778 6777 6777 6776 6775 6779 6778 6780 6778 6779 6777 6781 6782 6780 6779 6780 6782 6781 6784 6783 6783 6782 6781 6785 6784 6786 6784 6785 6783 6787 6788 6786 6785 6786 6788 6787 6790 6789 6789 6788 6787 6791 6790 6792 6790 6791 6789 6793 6794 6792 6791 6792 6794 6793 6796 6795 6795 6794 6793 6797 6796 6798 6796 6797 6795 6799 6800 6798 6797 6798 6800 6799 6802 6801 6801 6800 6799 6803 6802 6804 6802 6803 6801 6803 6804 6805 6806 6808 6807 6809 6810 6807 6806 6807 6810 6809 6812 6811 6811 6810 6809 6813 6812 6814 6812 6813 6811 6815 6816 6814 6813 6814 6816 6815 6818 6817 6817 6816 6815 6819 6818 6820 6818 6819 6817 6821 6822 6820 6819 6820 6822 6821 6824 6823 6823 6822 6821 6825 6824 6826 6824 6825 6823 6827 6828 6826 6825 6826 6828 6827 6830 6829 6829 6828 6827 6831 6830 6832 6830 6831 6829 6833 6834 6832 6831 6832 6834 6833 6836 6835 6835 6834 6833 6837 6836 6838 6836 6837 6835 6839 6840 6838 6837 6838 6840 6839 6842 6841 6841 6840 6839 6843 6842 6844 6842 6843 6841 6845 6846 6844 6843 6844 6846 6845 6848 6847 6847 6846 6845 6849 6848 6850 6848 6849 6847 6851 6852 6850 6849 6850 6852 6851 6854 6853 6853 6852 6851 6854 6855 6853 6856 6808 6806 6856 6858 6857 6857 6808 6856 6859 6858 6860 6858 6859 6857 6861 6862 6860 6859 6860 6862 6861 6864 6863 6863 6862 6861 6865 6864 6866 6864 6865 6863 6867 6868 6866 6865 6866 6868 6867 6870 6869 6869 6868 6867 6871 6870 6872 6870 6871 6869 6873 6874 6872 6871 6872 6874 6873 6876 6875 6875 6874 6873 6877 6876 6878 6876 6877 6875 6879 6880 6878 6877 6878 6880 6879 6882 6881 6881 6880 6879 6883 6882 6884 6882 6883 6881 6885 6886 6884 6883 6884 6886 6885 6888 6887 6887 6886 6885 6889 6888 6890 6888 6889 6887 6891 6892 6890 6889 6890 6892 6891 6894 6893 6893 6892 6891 6895 6894 6896 6894 6895 6893 6897 6898 6896 6895 6896 6898 6897 6900 6899 6899 6898 6897 6901 6900 6902 6900 6901 6899 6901 6902 6903</p>
        </triangles>
      </mesh>
    </geometry>
  </library_geometries>

  <library_visual_scenes>
    <visual_scene id="ID1">
      <node id="ID2" name="ELP Fisheye Camera Assembly">
        <node>
          <matrix>-1 -3.33067e-16 0 -5.61925e-05 3.33067e-16 -1 0 0.020737 0 0 1 6.15523e-05 0 0 0 1</matrix>
          <instance_node url="#ID3"/>
        </node>
        <node>
          <matrix>-1 -3.33067e-16 0 -5.61925e-05 3.33067e-16 -1 0 0.020587 0 0 1 6.15523e-05 0 0 0 1</matrix>
          <instance_node url="#ID11"/>
        </node>
        <node>
          <matrix>-1 -3.88578e-16 0 -5.61925e-05 3.88578e-16 -1 0 0.019737 0 0 1 6.15523e-05 0 0 0 1</matrix>
          <instance_node url="#ID18"/>
        </node>
        <node>
          <matrix>-1 -3.33067e-16 0 -5.61925e-05 3.33067e-16 -1 0 0.020737 0 0 1 6.15523e-05 0 0 0 1</matrix>
          <instance_node url="#ID26"/>
        </node>
        <node>
          <matrix>-1 -3.33067e-16 0 -5.61925e-05 3.33067e-16 -1 0 0.019737 0 0 1 6.15523e-05 0 0 0 1</matrix>
          <instance_node url="#ID33"/>
        </node>
        <node>
          <matrix>1 0 0 0.000130932 0 1 0 0.087237 0 0 1 0.000609855 0 0 0 1</matrix>
          <instance_node url="#ID41"/>
        </node>
        <node>
          <matrix>-1 -3.33067e-16 0 -5.61925e-05 3.33067e-16 -1 0 0.020737 0 0 1 6.15523e-05 0 0 0 1</matrix>
          <instance_node url="#ID49"/>
        </node>
        <node>
          <matrix>-1 -3.33067e-16 0 -5.61925e-05 3.33067e-16 -1 0 0.020737 0 0 1 6.15523e-05 0 0 0 1</matrix>
          <instance_node url="#ID56"/>
        </node>
        <node>
          <matrix>-1 -3.33067e-16 0 -5.61925e-05 3.33067e-16 -1 0 0.020737 0 0 1 6.15523e-05 0 0 0 1</matrix>
          <instance_node url="#ID64"/>
        </node>
      </node>
    </visual_scene>
  </library_visual_scenes>

  <scene>
    <instance_visual_scene url="#ID1"/>
  </scene>

  <library_nodes>
    <node id="ID3" name="180° Camera">
      <instance_geometry url="#ID4">
        <bind_material>
          <technique_common>
            <instance_material symbol="ID10" target="#ID10"/>
          </technique_common>
        </bind_material>
      </instance_geometry>
    </node>
    <node id="ID11" name="180° Camera">
      <instance_geometry url="#ID12">
        <bind_material>
          <technique_common>
            <instance_material symbol="ID10" target="#ID10"/>
          </technique_common>
        </bind_material>
      </instance_geometry>
    </node>
    <node id="ID18" name="180° Camera">
      <instance_geometry url="#ID19">
        <bind_material>
          <technique_common>
            <instance_material symbol="ID25" target="#ID25"/>
          </technique_common>
        </bind_material>
      </instance_geometry>
    </node>
    <node id="ID26" name="180° Camera">
      <instance_geometry url="#ID27">
        <bind_material>
          <technique_common>
            <instance_material symbol="ID10" target="#ID10"/>
          </technique_common>
        </bind_material>
      </instance_geometry>
    </node>
    <node id="ID33" name="180° Camera">
      <instance_geometry url="#ID34">
        <bind_material>
          <technique_common>
            <instance_material symbol="ID40" target="#ID40"/>
          </technique_common>
        </bind_material>
      </instance_geometry>
    </node>
    <node id="ID41" name="Part 1">
      <instance_geometry url="#ID42">
        <bind_material>
          <technique_common>
            <instance_material symbol="ID48" target="#ID48"/>
          </technique_common>
        </bind_material>
      </instance_geometry>
    </node>
    <node id="ID49" name="180° Camera">
      <instance_geometry url="#ID50">
        <bind_material>
          <technique_common>
            <instance_material symbol="ID10" target="#ID10"/>
          </technique_common>
        </bind_material>
      </instance_geometry>
    </node>
    <node id="ID56" name="180° Camera">
      <instance_geometry url="#ID57">
        <bind_material>
          <technique_common>
            <instance_material symbol="ID63" target="#ID63"/>
          </technique_common>
        </bind_material>
      </instance_geometry>
    </node>
    <node id="ID64" name="180° Camera">
      <instance_geometry url="#ID65">
        <bind_material>
          <technique_common>
            <instance_material symbol="ID71" target="#ID71"/>
          </technique_common>
        </bind_material>
      </instance_geometry>
    </node>
  </library_nodes>

</COLLADA>
